{"assets/core/geoip.db":["assets/core/geoip.db"],"assets/core/geosite.db":["assets/core/geosite.db"],"assets/fonts/Shabnam.ttf":["assets/fonts/Shabnam.ttf"],"assets/images/logo.svg":["assets/images/logo.svg"],"assets/images/tray_icon.ico":["assets/images/tray_icon.ico"],"assets/images/tray_icon.png":["assets/images/tray_icon.png"],"assets/images/tray_icon_connected.ico":["assets/images/tray_icon_connected.ico"],"assets/images/tray_icon_disconnected.ico":["assets/images/tray_icon_disconnected.ico"],"packages/cupertino_icons/assets/CupertinoIcons.ttf":["packages/cupertino_icons/assets/CupertinoIcons.ttf"],"packages/flutter_localized_locales/data/af.json":["packages/flutter_localized_locales/data/af.json"],"packages/flutter_localized_locales/data/af_NA.json":["packages/flutter_localized_locales/data/af_NA.json"],"packages/flutter_localized_locales/data/af_ZA.json":["packages/flutter_localized_locales/data/af_ZA.json"],"packages/flutter_localized_locales/data/ak.json":["packages/flutter_localized_locales/data/ak.json"],"packages/flutter_localized_locales/data/ak_GH.json":["packages/flutter_localized_locales/data/ak_GH.json"],"packages/flutter_localized_locales/data/am.json":["packages/flutter_localized_locales/data/am.json"],"packages/flutter_localized_locales/data/am_ET.json":["packages/flutter_localized_locales/data/am_ET.json"],"packages/flutter_localized_locales/data/ar.json":["packages/flutter_localized_locales/data/ar.json"],"packages/flutter_localized_locales/data/ar_AE.json":["packages/flutter_localized_locales/data/ar_AE.json"],"packages/flutter_localized_locales/data/ar_BH.json":["packages/flutter_localized_locales/data/ar_BH.json"],"packages/flutter_localized_locales/data/ar_DJ.json":["packages/flutter_localized_locales/data/ar_DJ.json"],"packages/flutter_localized_locales/data/ar_DZ.json":["packages/flutter_localized_locales/data/ar_DZ.json"],"packages/flutter_localized_locales/data/ar_EG.json":["packages/flutter_localized_locales/data/ar_EG.json"],"packages/flutter_localized_locales/data/ar_EH.json":["packages/flutter_localized_locales/data/ar_EH.json"],"packages/flutter_localized_locales/data/ar_ER.json":["packages/flutter_localized_locales/data/ar_ER.json"],"packages/flutter_localized_locales/data/ar_IL.json":["packages/flutter_localized_locales/data/ar_IL.json"],"packages/flutter_localized_locales/data/ar_IQ.json":["packages/flutter_localized_locales/data/ar_IQ.json"],"packages/flutter_localized_locales/data/ar_JO.json":["packages/flutter_localized_locales/data/ar_JO.json"],"packages/flutter_localized_locales/data/ar_KM.json":["packages/flutter_localized_locales/data/ar_KM.json"],"packages/flutter_localized_locales/data/ar_KW.json":["packages/flutter_localized_locales/data/ar_KW.json"],"packages/flutter_localized_locales/data/ar_LB.json":["packages/flutter_localized_locales/data/ar_LB.json"],"packages/flutter_localized_locales/data/ar_LY.json":["packages/flutter_localized_locales/data/ar_LY.json"],"packages/flutter_localized_locales/data/ar_MA.json":["packages/flutter_localized_locales/data/ar_MA.json"],"packages/flutter_localized_locales/data/ar_MR.json":["packages/flutter_localized_locales/data/ar_MR.json"],"packages/flutter_localized_locales/data/ar_OM.json":["packages/flutter_localized_locales/data/ar_OM.json"],"packages/flutter_localized_locales/data/ar_PS.json":["packages/flutter_localized_locales/data/ar_PS.json"],"packages/flutter_localized_locales/data/ar_QA.json":["packages/flutter_localized_locales/data/ar_QA.json"],"packages/flutter_localized_locales/data/ar_SA.json":["packages/flutter_localized_locales/data/ar_SA.json"],"packages/flutter_localized_locales/data/ar_SD.json":["packages/flutter_localized_locales/data/ar_SD.json"],"packages/flutter_localized_locales/data/ar_SO.json":["packages/flutter_localized_locales/data/ar_SO.json"],"packages/flutter_localized_locales/data/ar_SS.json":["packages/flutter_localized_locales/data/ar_SS.json"],"packages/flutter_localized_locales/data/ar_SY.json":["packages/flutter_localized_locales/data/ar_SY.json"],"packages/flutter_localized_locales/data/ar_TD.json":["packages/flutter_localized_locales/data/ar_TD.json"],"packages/flutter_localized_locales/data/ar_TN.json":["packages/flutter_localized_locales/data/ar_TN.json"],"packages/flutter_localized_locales/data/ar_YE.json":["packages/flutter_localized_locales/data/ar_YE.json"],"packages/flutter_localized_locales/data/as.json":["packages/flutter_localized_locales/data/as.json"],"packages/flutter_localized_locales/data/as_IN.json":["packages/flutter_localized_locales/data/as_IN.json"],"packages/flutter_localized_locales/data/az.json":["packages/flutter_localized_locales/data/az.json"],"packages/flutter_localized_locales/data/az_AZ.json":["packages/flutter_localized_locales/data/az_AZ.json"],"packages/flutter_localized_locales/data/az_Cyrl.json":["packages/flutter_localized_locales/data/az_Cyrl.json"],"packages/flutter_localized_locales/data/az_Cyrl_AZ.json":["packages/flutter_localized_locales/data/az_Cyrl_AZ.json"],"packages/flutter_localized_locales/data/az_Latn.json":["packages/flutter_localized_locales/data/az_Latn.json"],"packages/flutter_localized_locales/data/az_Latn_AZ.json":["packages/flutter_localized_locales/data/az_Latn_AZ.json"],"packages/flutter_localized_locales/data/be.json":["packages/flutter_localized_locales/data/be.json"],"packages/flutter_localized_locales/data/be_BY.json":["packages/flutter_localized_locales/data/be_BY.json"],"packages/flutter_localized_locales/data/bg.json":["packages/flutter_localized_locales/data/bg.json"],"packages/flutter_localized_locales/data/bg_BG.json":["packages/flutter_localized_locales/data/bg_BG.json"],"packages/flutter_localized_locales/data/bm.json":["packages/flutter_localized_locales/data/bm.json"],"packages/flutter_localized_locales/data/bm_Latn.json":["packages/flutter_localized_locales/data/bm_Latn.json"],"packages/flutter_localized_locales/data/bm_Latn_ML.json":["packages/flutter_localized_locales/data/bm_Latn_ML.json"],"packages/flutter_localized_locales/data/bn.json":["packages/flutter_localized_locales/data/bn.json"],"packages/flutter_localized_locales/data/bn_BD.json":["packages/flutter_localized_locales/data/bn_BD.json"],"packages/flutter_localized_locales/data/bn_IN.json":["packages/flutter_localized_locales/data/bn_IN.json"],"packages/flutter_localized_locales/data/bo.json":["packages/flutter_localized_locales/data/bo.json"],"packages/flutter_localized_locales/data/bo_CN.json":["packages/flutter_localized_locales/data/bo_CN.json"],"packages/flutter_localized_locales/data/bo_IN.json":["packages/flutter_localized_locales/data/bo_IN.json"],"packages/flutter_localized_locales/data/br.json":["packages/flutter_localized_locales/data/br.json"],"packages/flutter_localized_locales/data/br_FR.json":["packages/flutter_localized_locales/data/br_FR.json"],"packages/flutter_localized_locales/data/bs.json":["packages/flutter_localized_locales/data/bs.json"],"packages/flutter_localized_locales/data/bs_BA.json":["packages/flutter_localized_locales/data/bs_BA.json"],"packages/flutter_localized_locales/data/bs_Cyrl.json":["packages/flutter_localized_locales/data/bs_Cyrl.json"],"packages/flutter_localized_locales/data/bs_Cyrl_BA.json":["packages/flutter_localized_locales/data/bs_Cyrl_BA.json"],"packages/flutter_localized_locales/data/bs_Latn.json":["packages/flutter_localized_locales/data/bs_Latn.json"],"packages/flutter_localized_locales/data/bs_Latn_BA.json":["packages/flutter_localized_locales/data/bs_Latn_BA.json"],"packages/flutter_localized_locales/data/ca.json":["packages/flutter_localized_locales/data/ca.json"],"packages/flutter_localized_locales/data/ca_AD.json":["packages/flutter_localized_locales/data/ca_AD.json"],"packages/flutter_localized_locales/data/ca_ES.json":["packages/flutter_localized_locales/data/ca_ES.json"],"packages/flutter_localized_locales/data/ca_FR.json":["packages/flutter_localized_locales/data/ca_FR.json"],"packages/flutter_localized_locales/data/ca_IT.json":["packages/flutter_localized_locales/data/ca_IT.json"],"packages/flutter_localized_locales/data/cs.json":["packages/flutter_localized_locales/data/cs.json"],"packages/flutter_localized_locales/data/cs_CZ.json":["packages/flutter_localized_locales/data/cs_CZ.json"],"packages/flutter_localized_locales/data/cy.json":["packages/flutter_localized_locales/data/cy.json"],"packages/flutter_localized_locales/data/cy_GB.json":["packages/flutter_localized_locales/data/cy_GB.json"],"packages/flutter_localized_locales/data/da.json":["packages/flutter_localized_locales/data/da.json"],"packages/flutter_localized_locales/data/da_DK.json":["packages/flutter_localized_locales/data/da_DK.json"],"packages/flutter_localized_locales/data/da_GL.json":["packages/flutter_localized_locales/data/da_GL.json"],"packages/flutter_localized_locales/data/de.json":["packages/flutter_localized_locales/data/de.json"],"packages/flutter_localized_locales/data/de_AT.json":["packages/flutter_localized_locales/data/de_AT.json"],"packages/flutter_localized_locales/data/de_BE.json":["packages/flutter_localized_locales/data/de_BE.json"],"packages/flutter_localized_locales/data/de_CH.json":["packages/flutter_localized_locales/data/de_CH.json"],"packages/flutter_localized_locales/data/de_DE.json":["packages/flutter_localized_locales/data/de_DE.json"],"packages/flutter_localized_locales/data/de_LI.json":["packages/flutter_localized_locales/data/de_LI.json"],"packages/flutter_localized_locales/data/de_LU.json":["packages/flutter_localized_locales/data/de_LU.json"],"packages/flutter_localized_locales/data/dz.json":["packages/flutter_localized_locales/data/dz.json"],"packages/flutter_localized_locales/data/dz_BT.json":["packages/flutter_localized_locales/data/dz_BT.json"],"packages/flutter_localized_locales/data/ee.json":["packages/flutter_localized_locales/data/ee.json"],"packages/flutter_localized_locales/data/ee_GH.json":["packages/flutter_localized_locales/data/ee_GH.json"],"packages/flutter_localized_locales/data/ee_TG.json":["packages/flutter_localized_locales/data/ee_TG.json"],"packages/flutter_localized_locales/data/el.json":["packages/flutter_localized_locales/data/el.json"],"packages/flutter_localized_locales/data/el_CY.json":["packages/flutter_localized_locales/data/el_CY.json"],"packages/flutter_localized_locales/data/el_GR.json":["packages/flutter_localized_locales/data/el_GR.json"],"packages/flutter_localized_locales/data/en.json":["packages/flutter_localized_locales/data/en.json"],"packages/flutter_localized_locales/data/en_AG.json":["packages/flutter_localized_locales/data/en_AG.json"],"packages/flutter_localized_locales/data/en_AI.json":["packages/flutter_localized_locales/data/en_AI.json"],"packages/flutter_localized_locales/data/en_AS.json":["packages/flutter_localized_locales/data/en_AS.json"],"packages/flutter_localized_locales/data/en_AU.json":["packages/flutter_localized_locales/data/en_AU.json"],"packages/flutter_localized_locales/data/en_BB.json":["packages/flutter_localized_locales/data/en_BB.json"],"packages/flutter_localized_locales/data/en_BE.json":["packages/flutter_localized_locales/data/en_BE.json"],"packages/flutter_localized_locales/data/en_BM.json":["packages/flutter_localized_locales/data/en_BM.json"],"packages/flutter_localized_locales/data/en_BS.json":["packages/flutter_localized_locales/data/en_BS.json"],"packages/flutter_localized_locales/data/en_BW.json":["packages/flutter_localized_locales/data/en_BW.json"],"packages/flutter_localized_locales/data/en_BZ.json":["packages/flutter_localized_locales/data/en_BZ.json"],"packages/flutter_localized_locales/data/en_CA.json":["packages/flutter_localized_locales/data/en_CA.json"],"packages/flutter_localized_locales/data/en_CC.json":["packages/flutter_localized_locales/data/en_CC.json"],"packages/flutter_localized_locales/data/en_CK.json":["packages/flutter_localized_locales/data/en_CK.json"],"packages/flutter_localized_locales/data/en_CM.json":["packages/flutter_localized_locales/data/en_CM.json"],"packages/flutter_localized_locales/data/en_CX.json":["packages/flutter_localized_locales/data/en_CX.json"],"packages/flutter_localized_locales/data/en_DG.json":["packages/flutter_localized_locales/data/en_DG.json"],"packages/flutter_localized_locales/data/en_DM.json":["packages/flutter_localized_locales/data/en_DM.json"],"packages/flutter_localized_locales/data/en_ER.json":["packages/flutter_localized_locales/data/en_ER.json"],"packages/flutter_localized_locales/data/en_FJ.json":["packages/flutter_localized_locales/data/en_FJ.json"],"packages/flutter_localized_locales/data/en_FK.json":["packages/flutter_localized_locales/data/en_FK.json"],"packages/flutter_localized_locales/data/en_FM.json":["packages/flutter_localized_locales/data/en_FM.json"],"packages/flutter_localized_locales/data/en_GB.json":["packages/flutter_localized_locales/data/en_GB.json"],"packages/flutter_localized_locales/data/en_GD.json":["packages/flutter_localized_locales/data/en_GD.json"],"packages/flutter_localized_locales/data/en_GG.json":["packages/flutter_localized_locales/data/en_GG.json"],"packages/flutter_localized_locales/data/en_GH.json":["packages/flutter_localized_locales/data/en_GH.json"],"packages/flutter_localized_locales/data/en_GI.json":["packages/flutter_localized_locales/data/en_GI.json"],"packages/flutter_localized_locales/data/en_GM.json":["packages/flutter_localized_locales/data/en_GM.json"],"packages/flutter_localized_locales/data/en_GU.json":["packages/flutter_localized_locales/data/en_GU.json"],"packages/flutter_localized_locales/data/en_GY.json":["packages/flutter_localized_locales/data/en_GY.json"],"packages/flutter_localized_locales/data/en_HK.json":["packages/flutter_localized_locales/data/en_HK.json"],"packages/flutter_localized_locales/data/en_IE.json":["packages/flutter_localized_locales/data/en_IE.json"],"packages/flutter_localized_locales/data/en_IM.json":["packages/flutter_localized_locales/data/en_IM.json"],"packages/flutter_localized_locales/data/en_IN.json":["packages/flutter_localized_locales/data/en_IN.json"],"packages/flutter_localized_locales/data/en_IO.json":["packages/flutter_localized_locales/data/en_IO.json"],"packages/flutter_localized_locales/data/en_JE.json":["packages/flutter_localized_locales/data/en_JE.json"],"packages/flutter_localized_locales/data/en_JM.json":["packages/flutter_localized_locales/data/en_JM.json"],"packages/flutter_localized_locales/data/en_KE.json":["packages/flutter_localized_locales/data/en_KE.json"],"packages/flutter_localized_locales/data/en_KI.json":["packages/flutter_localized_locales/data/en_KI.json"],"packages/flutter_localized_locales/data/en_KN.json":["packages/flutter_localized_locales/data/en_KN.json"],"packages/flutter_localized_locales/data/en_KY.json":["packages/flutter_localized_locales/data/en_KY.json"],"packages/flutter_localized_locales/data/en_LC.json":["packages/flutter_localized_locales/data/en_LC.json"],"packages/flutter_localized_locales/data/en_LR.json":["packages/flutter_localized_locales/data/en_LR.json"],"packages/flutter_localized_locales/data/en_LS.json":["packages/flutter_localized_locales/data/en_LS.json"],"packages/flutter_localized_locales/data/en_MG.json":["packages/flutter_localized_locales/data/en_MG.json"],"packages/flutter_localized_locales/data/en_MH.json":["packages/flutter_localized_locales/data/en_MH.json"],"packages/flutter_localized_locales/data/en_MO.json":["packages/flutter_localized_locales/data/en_MO.json"],"packages/flutter_localized_locales/data/en_MP.json":["packages/flutter_localized_locales/data/en_MP.json"],"packages/flutter_localized_locales/data/en_MS.json":["packages/flutter_localized_locales/data/en_MS.json"],"packages/flutter_localized_locales/data/en_MT.json":["packages/flutter_localized_locales/data/en_MT.json"],"packages/flutter_localized_locales/data/en_MU.json":["packages/flutter_localized_locales/data/en_MU.json"],"packages/flutter_localized_locales/data/en_MW.json":["packages/flutter_localized_locales/data/en_MW.json"],"packages/flutter_localized_locales/data/en_MY.json":["packages/flutter_localized_locales/data/en_MY.json"],"packages/flutter_localized_locales/data/en_NA.json":["packages/flutter_localized_locales/data/en_NA.json"],"packages/flutter_localized_locales/data/en_NF.json":["packages/flutter_localized_locales/data/en_NF.json"],"packages/flutter_localized_locales/data/en_NG.json":["packages/flutter_localized_locales/data/en_NG.json"],"packages/flutter_localized_locales/data/en_NR.json":["packages/flutter_localized_locales/data/en_NR.json"],"packages/flutter_localized_locales/data/en_NU.json":["packages/flutter_localized_locales/data/en_NU.json"],"packages/flutter_localized_locales/data/en_NZ.json":["packages/flutter_localized_locales/data/en_NZ.json"],"packages/flutter_localized_locales/data/en_PG.json":["packages/flutter_localized_locales/data/en_PG.json"],"packages/flutter_localized_locales/data/en_PH.json":["packages/flutter_localized_locales/data/en_PH.json"],"packages/flutter_localized_locales/data/en_PK.json":["packages/flutter_localized_locales/data/en_PK.json"],"packages/flutter_localized_locales/data/en_PN.json":["packages/flutter_localized_locales/data/en_PN.json"],"packages/flutter_localized_locales/data/en_PR.json":["packages/flutter_localized_locales/data/en_PR.json"],"packages/flutter_localized_locales/data/en_PW.json":["packages/flutter_localized_locales/data/en_PW.json"],"packages/flutter_localized_locales/data/en_RW.json":["packages/flutter_localized_locales/data/en_RW.json"],"packages/flutter_localized_locales/data/en_SB.json":["packages/flutter_localized_locales/data/en_SB.json"],"packages/flutter_localized_locales/data/en_SC.json":["packages/flutter_localized_locales/data/en_SC.json"],"packages/flutter_localized_locales/data/en_SD.json":["packages/flutter_localized_locales/data/en_SD.json"],"packages/flutter_localized_locales/data/en_SG.json":["packages/flutter_localized_locales/data/en_SG.json"],"packages/flutter_localized_locales/data/en_SH.json":["packages/flutter_localized_locales/data/en_SH.json"],"packages/flutter_localized_locales/data/en_SL.json":["packages/flutter_localized_locales/data/en_SL.json"],"packages/flutter_localized_locales/data/en_SS.json":["packages/flutter_localized_locales/data/en_SS.json"],"packages/flutter_localized_locales/data/en_SX.json":["packages/flutter_localized_locales/data/en_SX.json"],"packages/flutter_localized_locales/data/en_SZ.json":["packages/flutter_localized_locales/data/en_SZ.json"],"packages/flutter_localized_locales/data/en_TC.json":["packages/flutter_localized_locales/data/en_TC.json"],"packages/flutter_localized_locales/data/en_TK.json":["packages/flutter_localized_locales/data/en_TK.json"],"packages/flutter_localized_locales/data/en_TO.json":["packages/flutter_localized_locales/data/en_TO.json"],"packages/flutter_localized_locales/data/en_TT.json":["packages/flutter_localized_locales/data/en_TT.json"],"packages/flutter_localized_locales/data/en_TV.json":["packages/flutter_localized_locales/data/en_TV.json"],"packages/flutter_localized_locales/data/en_TZ.json":["packages/flutter_localized_locales/data/en_TZ.json"],"packages/flutter_localized_locales/data/en_UG.json":["packages/flutter_localized_locales/data/en_UG.json"],"packages/flutter_localized_locales/data/en_UM.json":["packages/flutter_localized_locales/data/en_UM.json"],"packages/flutter_localized_locales/data/en_US.json":["packages/flutter_localized_locales/data/en_US.json"],"packages/flutter_localized_locales/data/en_VC.json":["packages/flutter_localized_locales/data/en_VC.json"],"packages/flutter_localized_locales/data/en_VG.json":["packages/flutter_localized_locales/data/en_VG.json"],"packages/flutter_localized_locales/data/en_VI.json":["packages/flutter_localized_locales/data/en_VI.json"],"packages/flutter_localized_locales/data/en_VU.json":["packages/flutter_localized_locales/data/en_VU.json"],"packages/flutter_localized_locales/data/en_WS.json":["packages/flutter_localized_locales/data/en_WS.json"],"packages/flutter_localized_locales/data/en_ZA.json":["packages/flutter_localized_locales/data/en_ZA.json"],"packages/flutter_localized_locales/data/en_ZM.json":["packages/flutter_localized_locales/data/en_ZM.json"],"packages/flutter_localized_locales/data/en_ZW.json":["packages/flutter_localized_locales/data/en_ZW.json"],"packages/flutter_localized_locales/data/eo.json":["packages/flutter_localized_locales/data/eo.json"],"packages/flutter_localized_locales/data/es.json":["packages/flutter_localized_locales/data/es.json"],"packages/flutter_localized_locales/data/es_AR.json":["packages/flutter_localized_locales/data/es_AR.json"],"packages/flutter_localized_locales/data/es_BO.json":["packages/flutter_localized_locales/data/es_BO.json"],"packages/flutter_localized_locales/data/es_CL.json":["packages/flutter_localized_locales/data/es_CL.json"],"packages/flutter_localized_locales/data/es_CO.json":["packages/flutter_localized_locales/data/es_CO.json"],"packages/flutter_localized_locales/data/es_CR.json":["packages/flutter_localized_locales/data/es_CR.json"],"packages/flutter_localized_locales/data/es_CU.json":["packages/flutter_localized_locales/data/es_CU.json"],"packages/flutter_localized_locales/data/es_DO.json":["packages/flutter_localized_locales/data/es_DO.json"],"packages/flutter_localized_locales/data/es_EA.json":["packages/flutter_localized_locales/data/es_EA.json"],"packages/flutter_localized_locales/data/es_EC.json":["packages/flutter_localized_locales/data/es_EC.json"],"packages/flutter_localized_locales/data/es_ES.json":["packages/flutter_localized_locales/data/es_ES.json"],"packages/flutter_localized_locales/data/es_GQ.json":["packages/flutter_localized_locales/data/es_GQ.json"],"packages/flutter_localized_locales/data/es_GT.json":["packages/flutter_localized_locales/data/es_GT.json"],"packages/flutter_localized_locales/data/es_HN.json":["packages/flutter_localized_locales/data/es_HN.json"],"packages/flutter_localized_locales/data/es_IC.json":["packages/flutter_localized_locales/data/es_IC.json"],"packages/flutter_localized_locales/data/es_MX.json":["packages/flutter_localized_locales/data/es_MX.json"],"packages/flutter_localized_locales/data/es_NI.json":["packages/flutter_localized_locales/data/es_NI.json"],"packages/flutter_localized_locales/data/es_PA.json":["packages/flutter_localized_locales/data/es_PA.json"],"packages/flutter_localized_locales/data/es_PE.json":["packages/flutter_localized_locales/data/es_PE.json"],"packages/flutter_localized_locales/data/es_PH.json":["packages/flutter_localized_locales/data/es_PH.json"],"packages/flutter_localized_locales/data/es_PR.json":["packages/flutter_localized_locales/data/es_PR.json"],"packages/flutter_localized_locales/data/es_PY.json":["packages/flutter_localized_locales/data/es_PY.json"],"packages/flutter_localized_locales/data/es_SV.json":["packages/flutter_localized_locales/data/es_SV.json"],"packages/flutter_localized_locales/data/es_US.json":["packages/flutter_localized_locales/data/es_US.json"],"packages/flutter_localized_locales/data/es_UY.json":["packages/flutter_localized_locales/data/es_UY.json"],"packages/flutter_localized_locales/data/es_VE.json":["packages/flutter_localized_locales/data/es_VE.json"],"packages/flutter_localized_locales/data/et.json":["packages/flutter_localized_locales/data/et.json"],"packages/flutter_localized_locales/data/et_EE.json":["packages/flutter_localized_locales/data/et_EE.json"],"packages/flutter_localized_locales/data/eu.json":["packages/flutter_localized_locales/data/eu.json"],"packages/flutter_localized_locales/data/eu_ES.json":["packages/flutter_localized_locales/data/eu_ES.json"],"packages/flutter_localized_locales/data/fa.json":["packages/flutter_localized_locales/data/fa.json"],"packages/flutter_localized_locales/data/fa_AF.json":["packages/flutter_localized_locales/data/fa_AF.json"],"packages/flutter_localized_locales/data/fa_IR.json":["packages/flutter_localized_locales/data/fa_IR.json"],"packages/flutter_localized_locales/data/ff.json":["packages/flutter_localized_locales/data/ff.json"],"packages/flutter_localized_locales/data/ff_CM.json":["packages/flutter_localized_locales/data/ff_CM.json"],"packages/flutter_localized_locales/data/ff_GN.json":["packages/flutter_localized_locales/data/ff_GN.json"],"packages/flutter_localized_locales/data/ff_MR.json":["packages/flutter_localized_locales/data/ff_MR.json"],"packages/flutter_localized_locales/data/ff_SN.json":["packages/flutter_localized_locales/data/ff_SN.json"],"packages/flutter_localized_locales/data/fi.json":["packages/flutter_localized_locales/data/fi.json"],"packages/flutter_localized_locales/data/fi_FI.json":["packages/flutter_localized_locales/data/fi_FI.json"],"packages/flutter_localized_locales/data/fo.json":["packages/flutter_localized_locales/data/fo.json"],"packages/flutter_localized_locales/data/fo_FO.json":["packages/flutter_localized_locales/data/fo_FO.json"],"packages/flutter_localized_locales/data/fr.json":["packages/flutter_localized_locales/data/fr.json"],"packages/flutter_localized_locales/data/fr_BE.json":["packages/flutter_localized_locales/data/fr_BE.json"],"packages/flutter_localized_locales/data/fr_BF.json":["packages/flutter_localized_locales/data/fr_BF.json"],"packages/flutter_localized_locales/data/fr_BI.json":["packages/flutter_localized_locales/data/fr_BI.json"],"packages/flutter_localized_locales/data/fr_BJ.json":["packages/flutter_localized_locales/data/fr_BJ.json"],"packages/flutter_localized_locales/data/fr_BL.json":["packages/flutter_localized_locales/data/fr_BL.json"],"packages/flutter_localized_locales/data/fr_CA.json":["packages/flutter_localized_locales/data/fr_CA.json"],"packages/flutter_localized_locales/data/fr_CD.json":["packages/flutter_localized_locales/data/fr_CD.json"],"packages/flutter_localized_locales/data/fr_CF.json":["packages/flutter_localized_locales/data/fr_CF.json"],"packages/flutter_localized_locales/data/fr_CG.json":["packages/flutter_localized_locales/data/fr_CG.json"],"packages/flutter_localized_locales/data/fr_CH.json":["packages/flutter_localized_locales/data/fr_CH.json"],"packages/flutter_localized_locales/data/fr_CI.json":["packages/flutter_localized_locales/data/fr_CI.json"],"packages/flutter_localized_locales/data/fr_CM.json":["packages/flutter_localized_locales/data/fr_CM.json"],"packages/flutter_localized_locales/data/fr_DJ.json":["packages/flutter_localized_locales/data/fr_DJ.json"],"packages/flutter_localized_locales/data/fr_DZ.json":["packages/flutter_localized_locales/data/fr_DZ.json"],"packages/flutter_localized_locales/data/fr_FR.json":["packages/flutter_localized_locales/data/fr_FR.json"],"packages/flutter_localized_locales/data/fr_GA.json":["packages/flutter_localized_locales/data/fr_GA.json"],"packages/flutter_localized_locales/data/fr_GF.json":["packages/flutter_localized_locales/data/fr_GF.json"],"packages/flutter_localized_locales/data/fr_GN.json":["packages/flutter_localized_locales/data/fr_GN.json"],"packages/flutter_localized_locales/data/fr_GP.json":["packages/flutter_localized_locales/data/fr_GP.json"],"packages/flutter_localized_locales/data/fr_GQ.json":["packages/flutter_localized_locales/data/fr_GQ.json"],"packages/flutter_localized_locales/data/fr_HT.json":["packages/flutter_localized_locales/data/fr_HT.json"],"packages/flutter_localized_locales/data/fr_KM.json":["packages/flutter_localized_locales/data/fr_KM.json"],"packages/flutter_localized_locales/data/fr_LU.json":["packages/flutter_localized_locales/data/fr_LU.json"],"packages/flutter_localized_locales/data/fr_MA.json":["packages/flutter_localized_locales/data/fr_MA.json"],"packages/flutter_localized_locales/data/fr_MC.json":["packages/flutter_localized_locales/data/fr_MC.json"],"packages/flutter_localized_locales/data/fr_MF.json":["packages/flutter_localized_locales/data/fr_MF.json"],"packages/flutter_localized_locales/data/fr_MG.json":["packages/flutter_localized_locales/data/fr_MG.json"],"packages/flutter_localized_locales/data/fr_ML.json":["packages/flutter_localized_locales/data/fr_ML.json"],"packages/flutter_localized_locales/data/fr_MQ.json":["packages/flutter_localized_locales/data/fr_MQ.json"],"packages/flutter_localized_locales/data/fr_MR.json":["packages/flutter_localized_locales/data/fr_MR.json"],"packages/flutter_localized_locales/data/fr_MU.json":["packages/flutter_localized_locales/data/fr_MU.json"],"packages/flutter_localized_locales/data/fr_NC.json":["packages/flutter_localized_locales/data/fr_NC.json"],"packages/flutter_localized_locales/data/fr_NE.json":["packages/flutter_localized_locales/data/fr_NE.json"],"packages/flutter_localized_locales/data/fr_PF.json":["packages/flutter_localized_locales/data/fr_PF.json"],"packages/flutter_localized_locales/data/fr_PM.json":["packages/flutter_localized_locales/data/fr_PM.json"],"packages/flutter_localized_locales/data/fr_RE.json":["packages/flutter_localized_locales/data/fr_RE.json"],"packages/flutter_localized_locales/data/fr_RW.json":["packages/flutter_localized_locales/data/fr_RW.json"],"packages/flutter_localized_locales/data/fr_SC.json":["packages/flutter_localized_locales/data/fr_SC.json"],"packages/flutter_localized_locales/data/fr_SN.json":["packages/flutter_localized_locales/data/fr_SN.json"],"packages/flutter_localized_locales/data/fr_SY.json":["packages/flutter_localized_locales/data/fr_SY.json"],"packages/flutter_localized_locales/data/fr_TD.json":["packages/flutter_localized_locales/data/fr_TD.json"],"packages/flutter_localized_locales/data/fr_TG.json":["packages/flutter_localized_locales/data/fr_TG.json"],"packages/flutter_localized_locales/data/fr_TN.json":["packages/flutter_localized_locales/data/fr_TN.json"],"packages/flutter_localized_locales/data/fr_VU.json":["packages/flutter_localized_locales/data/fr_VU.json"],"packages/flutter_localized_locales/data/fr_WF.json":["packages/flutter_localized_locales/data/fr_WF.json"],"packages/flutter_localized_locales/data/fr_YT.json":["packages/flutter_localized_locales/data/fr_YT.json"],"packages/flutter_localized_locales/data/fy.json":["packages/flutter_localized_locales/data/fy.json"],"packages/flutter_localized_locales/data/fy_NL.json":["packages/flutter_localized_locales/data/fy_NL.json"],"packages/flutter_localized_locales/data/ga.json":["packages/flutter_localized_locales/data/ga.json"],"packages/flutter_localized_locales/data/ga_IE.json":["packages/flutter_localized_locales/data/ga_IE.json"],"packages/flutter_localized_locales/data/gd.json":["packages/flutter_localized_locales/data/gd.json"],"packages/flutter_localized_locales/data/gd_GB.json":["packages/flutter_localized_locales/data/gd_GB.json"],"packages/flutter_localized_locales/data/gl.json":["packages/flutter_localized_locales/data/gl.json"],"packages/flutter_localized_locales/data/gl_ES.json":["packages/flutter_localized_locales/data/gl_ES.json"],"packages/flutter_localized_locales/data/gu.json":["packages/flutter_localized_locales/data/gu.json"],"packages/flutter_localized_locales/data/gu_IN.json":["packages/flutter_localized_locales/data/gu_IN.json"],"packages/flutter_localized_locales/data/gv.json":["packages/flutter_localized_locales/data/gv.json"],"packages/flutter_localized_locales/data/gv_IM.json":["packages/flutter_localized_locales/data/gv_IM.json"],"packages/flutter_localized_locales/data/ha.json":["packages/flutter_localized_locales/data/ha.json"],"packages/flutter_localized_locales/data/ha_GH.json":["packages/flutter_localized_locales/data/ha_GH.json"],"packages/flutter_localized_locales/data/ha_Latn.json":["packages/flutter_localized_locales/data/ha_Latn.json"],"packages/flutter_localized_locales/data/ha_Latn_GH.json":["packages/flutter_localized_locales/data/ha_Latn_GH.json"],"packages/flutter_localized_locales/data/ha_Latn_NE.json":["packages/flutter_localized_locales/data/ha_Latn_NE.json"],"packages/flutter_localized_locales/data/ha_Latn_NG.json":["packages/flutter_localized_locales/data/ha_Latn_NG.json"],"packages/flutter_localized_locales/data/ha_NE.json":["packages/flutter_localized_locales/data/ha_NE.json"],"packages/flutter_localized_locales/data/ha_NG.json":["packages/flutter_localized_locales/data/ha_NG.json"],"packages/flutter_localized_locales/data/he.json":["packages/flutter_localized_locales/data/he.json"],"packages/flutter_localized_locales/data/he_IL.json":["packages/flutter_localized_locales/data/he_IL.json"],"packages/flutter_localized_locales/data/hi.json":["packages/flutter_localized_locales/data/hi.json"],"packages/flutter_localized_locales/data/hi_IN.json":["packages/flutter_localized_locales/data/hi_IN.json"],"packages/flutter_localized_locales/data/hr.json":["packages/flutter_localized_locales/data/hr.json"],"packages/flutter_localized_locales/data/hr_BA.json":["packages/flutter_localized_locales/data/hr_BA.json"],"packages/flutter_localized_locales/data/hr_HR.json":["packages/flutter_localized_locales/data/hr_HR.json"],"packages/flutter_localized_locales/data/hu.json":["packages/flutter_localized_locales/data/hu.json"],"packages/flutter_localized_locales/data/hu_HU.json":["packages/flutter_localized_locales/data/hu_HU.json"],"packages/flutter_localized_locales/data/hy.json":["packages/flutter_localized_locales/data/hy.json"],"packages/flutter_localized_locales/data/hy_AM.json":["packages/flutter_localized_locales/data/hy_AM.json"],"packages/flutter_localized_locales/data/id.json":["packages/flutter_localized_locales/data/id.json"],"packages/flutter_localized_locales/data/id_ID.json":["packages/flutter_localized_locales/data/id_ID.json"],"packages/flutter_localized_locales/data/ig.json":["packages/flutter_localized_locales/data/ig.json"],"packages/flutter_localized_locales/data/ig_NG.json":["packages/flutter_localized_locales/data/ig_NG.json"],"packages/flutter_localized_locales/data/ii.json":["packages/flutter_localized_locales/data/ii.json"],"packages/flutter_localized_locales/data/ii_CN.json":["packages/flutter_localized_locales/data/ii_CN.json"],"packages/flutter_localized_locales/data/is.json":["packages/flutter_localized_locales/data/is.json"],"packages/flutter_localized_locales/data/is_IS.json":["packages/flutter_localized_locales/data/is_IS.json"],"packages/flutter_localized_locales/data/it.json":["packages/flutter_localized_locales/data/it.json"],"packages/flutter_localized_locales/data/it_CH.json":["packages/flutter_localized_locales/data/it_CH.json"],"packages/flutter_localized_locales/data/it_IT.json":["packages/flutter_localized_locales/data/it_IT.json"],"packages/flutter_localized_locales/data/it_SM.json":["packages/flutter_localized_locales/data/it_SM.json"],"packages/flutter_localized_locales/data/ja.json":["packages/flutter_localized_locales/data/ja.json"],"packages/flutter_localized_locales/data/ja_JP.json":["packages/flutter_localized_locales/data/ja_JP.json"],"packages/flutter_localized_locales/data/ka.json":["packages/flutter_localized_locales/data/ka.json"],"packages/flutter_localized_locales/data/ka_GE.json":["packages/flutter_localized_locales/data/ka_GE.json"],"packages/flutter_localized_locales/data/ki.json":["packages/flutter_localized_locales/data/ki.json"],"packages/flutter_localized_locales/data/ki_KE.json":["packages/flutter_localized_locales/data/ki_KE.json"],"packages/flutter_localized_locales/data/kk.json":["packages/flutter_localized_locales/data/kk.json"],"packages/flutter_localized_locales/data/kk_Cyrl.json":["packages/flutter_localized_locales/data/kk_Cyrl.json"],"packages/flutter_localized_locales/data/kk_Cyrl_KZ.json":["packages/flutter_localized_locales/data/kk_Cyrl_KZ.json"],"packages/flutter_localized_locales/data/kk_KZ.json":["packages/flutter_localized_locales/data/kk_KZ.json"],"packages/flutter_localized_locales/data/kl.json":["packages/flutter_localized_locales/data/kl.json"],"packages/flutter_localized_locales/data/kl_GL.json":["packages/flutter_localized_locales/data/kl_GL.json"],"packages/flutter_localized_locales/data/km.json":["packages/flutter_localized_locales/data/km.json"],"packages/flutter_localized_locales/data/km_KH.json":["packages/flutter_localized_locales/data/km_KH.json"],"packages/flutter_localized_locales/data/kn.json":["packages/flutter_localized_locales/data/kn.json"],"packages/flutter_localized_locales/data/kn_IN.json":["packages/flutter_localized_locales/data/kn_IN.json"],"packages/flutter_localized_locales/data/ko.json":["packages/flutter_localized_locales/data/ko.json"],"packages/flutter_localized_locales/data/ko_KP.json":["packages/flutter_localized_locales/data/ko_KP.json"],"packages/flutter_localized_locales/data/ko_KR.json":["packages/flutter_localized_locales/data/ko_KR.json"],"packages/flutter_localized_locales/data/ks.json":["packages/flutter_localized_locales/data/ks.json"],"packages/flutter_localized_locales/data/ks_Arab.json":["packages/flutter_localized_locales/data/ks_Arab.json"],"packages/flutter_localized_locales/data/ks_Arab_IN.json":["packages/flutter_localized_locales/data/ks_Arab_IN.json"],"packages/flutter_localized_locales/data/ks_IN.json":["packages/flutter_localized_locales/data/ks_IN.json"],"packages/flutter_localized_locales/data/kw.json":["packages/flutter_localized_locales/data/kw.json"],"packages/flutter_localized_locales/data/kw_GB.json":["packages/flutter_localized_locales/data/kw_GB.json"],"packages/flutter_localized_locales/data/ky.json":["packages/flutter_localized_locales/data/ky.json"],"packages/flutter_localized_locales/data/ky_Cyrl.json":["packages/flutter_localized_locales/data/ky_Cyrl.json"],"packages/flutter_localized_locales/data/ky_Cyrl_KG.json":["packages/flutter_localized_locales/data/ky_Cyrl_KG.json"],"packages/flutter_localized_locales/data/ky_KG.json":["packages/flutter_localized_locales/data/ky_KG.json"],"packages/flutter_localized_locales/data/lb.json":["packages/flutter_localized_locales/data/lb.json"],"packages/flutter_localized_locales/data/lb_LU.json":["packages/flutter_localized_locales/data/lb_LU.json"],"packages/flutter_localized_locales/data/lg.json":["packages/flutter_localized_locales/data/lg.json"],"packages/flutter_localized_locales/data/lg_UG.json":["packages/flutter_localized_locales/data/lg_UG.json"],"packages/flutter_localized_locales/data/ln.json":["packages/flutter_localized_locales/data/ln.json"],"packages/flutter_localized_locales/data/ln_AO.json":["packages/flutter_localized_locales/data/ln_AO.json"],"packages/flutter_localized_locales/data/ln_CD.json":["packages/flutter_localized_locales/data/ln_CD.json"],"packages/flutter_localized_locales/data/ln_CF.json":["packages/flutter_localized_locales/data/ln_CF.json"],"packages/flutter_localized_locales/data/ln_CG.json":["packages/flutter_localized_locales/data/ln_CG.json"],"packages/flutter_localized_locales/data/lo.json":["packages/flutter_localized_locales/data/lo.json"],"packages/flutter_localized_locales/data/lo_LA.json":["packages/flutter_localized_locales/data/lo_LA.json"],"packages/flutter_localized_locales/data/lt.json":["packages/flutter_localized_locales/data/lt.json"],"packages/flutter_localized_locales/data/lt_LT.json":["packages/flutter_localized_locales/data/lt_LT.json"],"packages/flutter_localized_locales/data/lu.json":["packages/flutter_localized_locales/data/lu.json"],"packages/flutter_localized_locales/data/lu_CD.json":["packages/flutter_localized_locales/data/lu_CD.json"],"packages/flutter_localized_locales/data/lv.json":["packages/flutter_localized_locales/data/lv.json"],"packages/flutter_localized_locales/data/lv_LV.json":["packages/flutter_localized_locales/data/lv_LV.json"],"packages/flutter_localized_locales/data/mg.json":["packages/flutter_localized_locales/data/mg.json"],"packages/flutter_localized_locales/data/mg_MG.json":["packages/flutter_localized_locales/data/mg_MG.json"],"packages/flutter_localized_locales/data/mk.json":["packages/flutter_localized_locales/data/mk.json"],"packages/flutter_localized_locales/data/mk_MK.json":["packages/flutter_localized_locales/data/mk_MK.json"],"packages/flutter_localized_locales/data/ml.json":["packages/flutter_localized_locales/data/ml.json"],"packages/flutter_localized_locales/data/ml_IN.json":["packages/flutter_localized_locales/data/ml_IN.json"],"packages/flutter_localized_locales/data/mn.json":["packages/flutter_localized_locales/data/mn.json"],"packages/flutter_localized_locales/data/mn_Cyrl.json":["packages/flutter_localized_locales/data/mn_Cyrl.json"],"packages/flutter_localized_locales/data/mn_Cyrl_MN.json":["packages/flutter_localized_locales/data/mn_Cyrl_MN.json"],"packages/flutter_localized_locales/data/mn_MN.json":["packages/flutter_localized_locales/data/mn_MN.json"],"packages/flutter_localized_locales/data/mr.json":["packages/flutter_localized_locales/data/mr.json"],"packages/flutter_localized_locales/data/mr_IN.json":["packages/flutter_localized_locales/data/mr_IN.json"],"packages/flutter_localized_locales/data/ms.json":["packages/flutter_localized_locales/data/ms.json"],"packages/flutter_localized_locales/data/ms_BN.json":["packages/flutter_localized_locales/data/ms_BN.json"],"packages/flutter_localized_locales/data/ms_Latn.json":["packages/flutter_localized_locales/data/ms_Latn.json"],"packages/flutter_localized_locales/data/ms_Latn_BN.json":["packages/flutter_localized_locales/data/ms_Latn_BN.json"],"packages/flutter_localized_locales/data/ms_Latn_MY.json":["packages/flutter_localized_locales/data/ms_Latn_MY.json"],"packages/flutter_localized_locales/data/ms_Latn_SG.json":["packages/flutter_localized_locales/data/ms_Latn_SG.json"],"packages/flutter_localized_locales/data/ms_MY.json":["packages/flutter_localized_locales/data/ms_MY.json"],"packages/flutter_localized_locales/data/ms_SG.json":["packages/flutter_localized_locales/data/ms_SG.json"],"packages/flutter_localized_locales/data/mt.json":["packages/flutter_localized_locales/data/mt.json"],"packages/flutter_localized_locales/data/mt_MT.json":["packages/flutter_localized_locales/data/mt_MT.json"],"packages/flutter_localized_locales/data/my.json":["packages/flutter_localized_locales/data/my.json"],"packages/flutter_localized_locales/data/my_MM.json":["packages/flutter_localized_locales/data/my_MM.json"],"packages/flutter_localized_locales/data/nb.json":["packages/flutter_localized_locales/data/nb.json"],"packages/flutter_localized_locales/data/nb_NO.json":["packages/flutter_localized_locales/data/nb_NO.json"],"packages/flutter_localized_locales/data/nb_SJ.json":["packages/flutter_localized_locales/data/nb_SJ.json"],"packages/flutter_localized_locales/data/nd.json":["packages/flutter_localized_locales/data/nd.json"],"packages/flutter_localized_locales/data/nd_ZW.json":["packages/flutter_localized_locales/data/nd_ZW.json"],"packages/flutter_localized_locales/data/ne.json":["packages/flutter_localized_locales/data/ne.json"],"packages/flutter_localized_locales/data/ne_IN.json":["packages/flutter_localized_locales/data/ne_IN.json"],"packages/flutter_localized_locales/data/ne_NP.json":["packages/flutter_localized_locales/data/ne_NP.json"],"packages/flutter_localized_locales/data/nl.json":["packages/flutter_localized_locales/data/nl.json"],"packages/flutter_localized_locales/data/nl_AW.json":["packages/flutter_localized_locales/data/nl_AW.json"],"packages/flutter_localized_locales/data/nl_BE.json":["packages/flutter_localized_locales/data/nl_BE.json"],"packages/flutter_localized_locales/data/nl_BQ.json":["packages/flutter_localized_locales/data/nl_BQ.json"],"packages/flutter_localized_locales/data/nl_CW.json":["packages/flutter_localized_locales/data/nl_CW.json"],"packages/flutter_localized_locales/data/nl_NL.json":["packages/flutter_localized_locales/data/nl_NL.json"],"packages/flutter_localized_locales/data/nl_SR.json":["packages/flutter_localized_locales/data/nl_SR.json"],"packages/flutter_localized_locales/data/nl_SX.json":["packages/flutter_localized_locales/data/nl_SX.json"],"packages/flutter_localized_locales/data/nn.json":["packages/flutter_localized_locales/data/nn.json"],"packages/flutter_localized_locales/data/nn_NO.json":["packages/flutter_localized_locales/data/nn_NO.json"],"packages/flutter_localized_locales/data/no.json":["packages/flutter_localized_locales/data/no.json"],"packages/flutter_localized_locales/data/no_NO.json":["packages/flutter_localized_locales/data/no_NO.json"],"packages/flutter_localized_locales/data/om.json":["packages/flutter_localized_locales/data/om.json"],"packages/flutter_localized_locales/data/om_ET.json":["packages/flutter_localized_locales/data/om_ET.json"],"packages/flutter_localized_locales/data/om_KE.json":["packages/flutter_localized_locales/data/om_KE.json"],"packages/flutter_localized_locales/data/or.json":["packages/flutter_localized_locales/data/or.json"],"packages/flutter_localized_locales/data/or_IN.json":["packages/flutter_localized_locales/data/or_IN.json"],"packages/flutter_localized_locales/data/os.json":["packages/flutter_localized_locales/data/os.json"],"packages/flutter_localized_locales/data/os_GE.json":["packages/flutter_localized_locales/data/os_GE.json"],"packages/flutter_localized_locales/data/os_RU.json":["packages/flutter_localized_locales/data/os_RU.json"],"packages/flutter_localized_locales/data/pa.json":["packages/flutter_localized_locales/data/pa.json"],"packages/flutter_localized_locales/data/pa_Arab.json":["packages/flutter_localized_locales/data/pa_Arab.json"],"packages/flutter_localized_locales/data/pa_Arab_PK.json":["packages/flutter_localized_locales/data/pa_Arab_PK.json"],"packages/flutter_localized_locales/data/pa_Guru.json":["packages/flutter_localized_locales/data/pa_Guru.json"],"packages/flutter_localized_locales/data/pa_Guru_IN.json":["packages/flutter_localized_locales/data/pa_Guru_IN.json"],"packages/flutter_localized_locales/data/pa_IN.json":["packages/flutter_localized_locales/data/pa_IN.json"],"packages/flutter_localized_locales/data/pa_PK.json":["packages/flutter_localized_locales/data/pa_PK.json"],"packages/flutter_localized_locales/data/pl.json":["packages/flutter_localized_locales/data/pl.json"],"packages/flutter_localized_locales/data/pl_PL.json":["packages/flutter_localized_locales/data/pl_PL.json"],"packages/flutter_localized_locales/data/ps.json":["packages/flutter_localized_locales/data/ps.json"],"packages/flutter_localized_locales/data/ps_AF.json":["packages/flutter_localized_locales/data/ps_AF.json"],"packages/flutter_localized_locales/data/pt.json":["packages/flutter_localized_locales/data/pt.json"],"packages/flutter_localized_locales/data/pt_AO.json":["packages/flutter_localized_locales/data/pt_AO.json"],"packages/flutter_localized_locales/data/pt_BR.json":["packages/flutter_localized_locales/data/pt_BR.json"],"packages/flutter_localized_locales/data/pt_CV.json":["packages/flutter_localized_locales/data/pt_CV.json"],"packages/flutter_localized_locales/data/pt_GW.json":["packages/flutter_localized_locales/data/pt_GW.json"],"packages/flutter_localized_locales/data/pt_MO.json":["packages/flutter_localized_locales/data/pt_MO.json"],"packages/flutter_localized_locales/data/pt_MZ.json":["packages/flutter_localized_locales/data/pt_MZ.json"],"packages/flutter_localized_locales/data/pt_PT.json":["packages/flutter_localized_locales/data/pt_PT.json"],"packages/flutter_localized_locales/data/pt_ST.json":["packages/flutter_localized_locales/data/pt_ST.json"],"packages/flutter_localized_locales/data/pt_TL.json":["packages/flutter_localized_locales/data/pt_TL.json"],"packages/flutter_localized_locales/data/qu.json":["packages/flutter_localized_locales/data/qu.json"],"packages/flutter_localized_locales/data/qu_BO.json":["packages/flutter_localized_locales/data/qu_BO.json"],"packages/flutter_localized_locales/data/qu_EC.json":["packages/flutter_localized_locales/data/qu_EC.json"],"packages/flutter_localized_locales/data/qu_PE.json":["packages/flutter_localized_locales/data/qu_PE.json"],"packages/flutter_localized_locales/data/rm.json":["packages/flutter_localized_locales/data/rm.json"],"packages/flutter_localized_locales/data/rm_CH.json":["packages/flutter_localized_locales/data/rm_CH.json"],"packages/flutter_localized_locales/data/rn.json":["packages/flutter_localized_locales/data/rn.json"],"packages/flutter_localized_locales/data/rn_BI.json":["packages/flutter_localized_locales/data/rn_BI.json"],"packages/flutter_localized_locales/data/ro.json":["packages/flutter_localized_locales/data/ro.json"],"packages/flutter_localized_locales/data/ro_MD.json":["packages/flutter_localized_locales/data/ro_MD.json"],"packages/flutter_localized_locales/data/ro_RO.json":["packages/flutter_localized_locales/data/ro_RO.json"],"packages/flutter_localized_locales/data/ru.json":["packages/flutter_localized_locales/data/ru.json"],"packages/flutter_localized_locales/data/ru_BY.json":["packages/flutter_localized_locales/data/ru_BY.json"],"packages/flutter_localized_locales/data/ru_KG.json":["packages/flutter_localized_locales/data/ru_KG.json"],"packages/flutter_localized_locales/data/ru_KZ.json":["packages/flutter_localized_locales/data/ru_KZ.json"],"packages/flutter_localized_locales/data/ru_MD.json":["packages/flutter_localized_locales/data/ru_MD.json"],"packages/flutter_localized_locales/data/ru_RU.json":["packages/flutter_localized_locales/data/ru_RU.json"],"packages/flutter_localized_locales/data/ru_UA.json":["packages/flutter_localized_locales/data/ru_UA.json"],"packages/flutter_localized_locales/data/rw.json":["packages/flutter_localized_locales/data/rw.json"],"packages/flutter_localized_locales/data/rw_RW.json":["packages/flutter_localized_locales/data/rw_RW.json"],"packages/flutter_localized_locales/data/se.json":["packages/flutter_localized_locales/data/se.json"],"packages/flutter_localized_locales/data/se_FI.json":["packages/flutter_localized_locales/data/se_FI.json"],"packages/flutter_localized_locales/data/se_NO.json":["packages/flutter_localized_locales/data/se_NO.json"],"packages/flutter_localized_locales/data/se_SE.json":["packages/flutter_localized_locales/data/se_SE.json"],"packages/flutter_localized_locales/data/sg.json":["packages/flutter_localized_locales/data/sg.json"],"packages/flutter_localized_locales/data/sg_CF.json":["packages/flutter_localized_locales/data/sg_CF.json"],"packages/flutter_localized_locales/data/sh.json":["packages/flutter_localized_locales/data/sh.json"],"packages/flutter_localized_locales/data/sh_BA.json":["packages/flutter_localized_locales/data/sh_BA.json"],"packages/flutter_localized_locales/data/si.json":["packages/flutter_localized_locales/data/si.json"],"packages/flutter_localized_locales/data/si_LK.json":["packages/flutter_localized_locales/data/si_LK.json"],"packages/flutter_localized_locales/data/sk.json":["packages/flutter_localized_locales/data/sk.json"],"packages/flutter_localized_locales/data/sk_SK.json":["packages/flutter_localized_locales/data/sk_SK.json"],"packages/flutter_localized_locales/data/sl.json":["packages/flutter_localized_locales/data/sl.json"],"packages/flutter_localized_locales/data/sl_SI.json":["packages/flutter_localized_locales/data/sl_SI.json"],"packages/flutter_localized_locales/data/sn.json":["packages/flutter_localized_locales/data/sn.json"],"packages/flutter_localized_locales/data/sn_ZW.json":["packages/flutter_localized_locales/data/sn_ZW.json"],"packages/flutter_localized_locales/data/so.json":["packages/flutter_localized_locales/data/so.json"],"packages/flutter_localized_locales/data/so_DJ.json":["packages/flutter_localized_locales/data/so_DJ.json"],"packages/flutter_localized_locales/data/so_ET.json":["packages/flutter_localized_locales/data/so_ET.json"],"packages/flutter_localized_locales/data/so_KE.json":["packages/flutter_localized_locales/data/so_KE.json"],"packages/flutter_localized_locales/data/so_SO.json":["packages/flutter_localized_locales/data/so_SO.json"],"packages/flutter_localized_locales/data/sq.json":["packages/flutter_localized_locales/data/sq.json"],"packages/flutter_localized_locales/data/sq_AL.json":["packages/flutter_localized_locales/data/sq_AL.json"],"packages/flutter_localized_locales/data/sq_MK.json":["packages/flutter_localized_locales/data/sq_MK.json"],"packages/flutter_localized_locales/data/sq_XK.json":["packages/flutter_localized_locales/data/sq_XK.json"],"packages/flutter_localized_locales/data/sr.json":["packages/flutter_localized_locales/data/sr.json"],"packages/flutter_localized_locales/data/sr_BA.json":["packages/flutter_localized_locales/data/sr_BA.json"],"packages/flutter_localized_locales/data/sr_Cyrl.json":["packages/flutter_localized_locales/data/sr_Cyrl.json"],"packages/flutter_localized_locales/data/sr_Cyrl_BA.json":["packages/flutter_localized_locales/data/sr_Cyrl_BA.json"],"packages/flutter_localized_locales/data/sr_Cyrl_ME.json":["packages/flutter_localized_locales/data/sr_Cyrl_ME.json"],"packages/flutter_localized_locales/data/sr_Cyrl_RS.json":["packages/flutter_localized_locales/data/sr_Cyrl_RS.json"],"packages/flutter_localized_locales/data/sr_Cyrl_XK.json":["packages/flutter_localized_locales/data/sr_Cyrl_XK.json"],"packages/flutter_localized_locales/data/sr_Latn.json":["packages/flutter_localized_locales/data/sr_Latn.json"],"packages/flutter_localized_locales/data/sr_Latn_BA.json":["packages/flutter_localized_locales/data/sr_Latn_BA.json"],"packages/flutter_localized_locales/data/sr_Latn_ME.json":["packages/flutter_localized_locales/data/sr_Latn_ME.json"],"packages/flutter_localized_locales/data/sr_Latn_RS.json":["packages/flutter_localized_locales/data/sr_Latn_RS.json"],"packages/flutter_localized_locales/data/sr_Latn_XK.json":["packages/flutter_localized_locales/data/sr_Latn_XK.json"],"packages/flutter_localized_locales/data/sr_ME.json":["packages/flutter_localized_locales/data/sr_ME.json"],"packages/flutter_localized_locales/data/sr_RS.json":["packages/flutter_localized_locales/data/sr_RS.json"],"packages/flutter_localized_locales/data/sr_XK.json":["packages/flutter_localized_locales/data/sr_XK.json"],"packages/flutter_localized_locales/data/sv.json":["packages/flutter_localized_locales/data/sv.json"],"packages/flutter_localized_locales/data/sv_AX.json":["packages/flutter_localized_locales/data/sv_AX.json"],"packages/flutter_localized_locales/data/sv_FI.json":["packages/flutter_localized_locales/data/sv_FI.json"],"packages/flutter_localized_locales/data/sv_SE.json":["packages/flutter_localized_locales/data/sv_SE.json"],"packages/flutter_localized_locales/data/sw.json":["packages/flutter_localized_locales/data/sw.json"],"packages/flutter_localized_locales/data/sw_KE.json":["packages/flutter_localized_locales/data/sw_KE.json"],"packages/flutter_localized_locales/data/sw_TZ.json":["packages/flutter_localized_locales/data/sw_TZ.json"],"packages/flutter_localized_locales/data/sw_UG.json":["packages/flutter_localized_locales/data/sw_UG.json"],"packages/flutter_localized_locales/data/ta.json":["packages/flutter_localized_locales/data/ta.json"],"packages/flutter_localized_locales/data/ta_IN.json":["packages/flutter_localized_locales/data/ta_IN.json"],"packages/flutter_localized_locales/data/ta_LK.json":["packages/flutter_localized_locales/data/ta_LK.json"],"packages/flutter_localized_locales/data/ta_MY.json":["packages/flutter_localized_locales/data/ta_MY.json"],"packages/flutter_localized_locales/data/ta_SG.json":["packages/flutter_localized_locales/data/ta_SG.json"],"packages/flutter_localized_locales/data/te.json":["packages/flutter_localized_locales/data/te.json"],"packages/flutter_localized_locales/data/te_IN.json":["packages/flutter_localized_locales/data/te_IN.json"],"packages/flutter_localized_locales/data/th.json":["packages/flutter_localized_locales/data/th.json"],"packages/flutter_localized_locales/data/th_TH.json":["packages/flutter_localized_locales/data/th_TH.json"],"packages/flutter_localized_locales/data/ti.json":["packages/flutter_localized_locales/data/ti.json"],"packages/flutter_localized_locales/data/ti_ER.json":["packages/flutter_localized_locales/data/ti_ER.json"],"packages/flutter_localized_locales/data/ti_ET.json":["packages/flutter_localized_locales/data/ti_ET.json"],"packages/flutter_localized_locales/data/tl.json":["packages/flutter_localized_locales/data/tl.json"],"packages/flutter_localized_locales/data/tl_PH.json":["packages/flutter_localized_locales/data/tl_PH.json"],"packages/flutter_localized_locales/data/to.json":["packages/flutter_localized_locales/data/to.json"],"packages/flutter_localized_locales/data/to_TO.json":["packages/flutter_localized_locales/data/to_TO.json"],"packages/flutter_localized_locales/data/tr.json":["packages/flutter_localized_locales/data/tr.json"],"packages/flutter_localized_locales/data/tr_CY.json":["packages/flutter_localized_locales/data/tr_CY.json"],"packages/flutter_localized_locales/data/tr_TR.json":["packages/flutter_localized_locales/data/tr_TR.json"],"packages/flutter_localized_locales/data/ug.json":["packages/flutter_localized_locales/data/ug.json"],"packages/flutter_localized_locales/data/ug_Arab.json":["packages/flutter_localized_locales/data/ug_Arab.json"],"packages/flutter_localized_locales/data/ug_Arab_CN.json":["packages/flutter_localized_locales/data/ug_Arab_CN.json"],"packages/flutter_localized_locales/data/ug_CN.json":["packages/flutter_localized_locales/data/ug_CN.json"],"packages/flutter_localized_locales/data/uk.json":["packages/flutter_localized_locales/data/uk.json"],"packages/flutter_localized_locales/data/uk_UA.json":["packages/flutter_localized_locales/data/uk_UA.json"],"packages/flutter_localized_locales/data/ur.json":["packages/flutter_localized_locales/data/ur.json"],"packages/flutter_localized_locales/data/ur_IN.json":["packages/flutter_localized_locales/data/ur_IN.json"],"packages/flutter_localized_locales/data/ur_PK.json":["packages/flutter_localized_locales/data/ur_PK.json"],"packages/flutter_localized_locales/data/uz.json":["packages/flutter_localized_locales/data/uz.json"],"packages/flutter_localized_locales/data/uz_AF.json":["packages/flutter_localized_locales/data/uz_AF.json"],"packages/flutter_localized_locales/data/uz_Arab.json":["packages/flutter_localized_locales/data/uz_Arab.json"],"packages/flutter_localized_locales/data/uz_Arab_AF.json":["packages/flutter_localized_locales/data/uz_Arab_AF.json"],"packages/flutter_localized_locales/data/uz_Cyrl.json":["packages/flutter_localized_locales/data/uz_Cyrl.json"],"packages/flutter_localized_locales/data/uz_Cyrl_UZ.json":["packages/flutter_localized_locales/data/uz_Cyrl_UZ.json"],"packages/flutter_localized_locales/data/uz_Latn.json":["packages/flutter_localized_locales/data/uz_Latn.json"],"packages/flutter_localized_locales/data/uz_Latn_UZ.json":["packages/flutter_localized_locales/data/uz_Latn_UZ.json"],"packages/flutter_localized_locales/data/uz_UZ.json":["packages/flutter_localized_locales/data/uz_UZ.json"],"packages/flutter_localized_locales/data/vi.json":["packages/flutter_localized_locales/data/vi.json"],"packages/flutter_localized_locales/data/vi_VN.json":["packages/flutter_localized_locales/data/vi_VN.json"],"packages/flutter_localized_locales/data/yi.json":["packages/flutter_localized_locales/data/yi.json"],"packages/flutter_localized_locales/data/yo.json":["packages/flutter_localized_locales/data/yo.json"],"packages/flutter_localized_locales/data/yo_BJ.json":["packages/flutter_localized_locales/data/yo_BJ.json"],"packages/flutter_localized_locales/data/yo_NG.json":["packages/flutter_localized_locales/data/yo_NG.json"],"packages/flutter_localized_locales/data/zh.json":["packages/flutter_localized_locales/data/zh.json"],"packages/flutter_localized_locales/data/zh_CN.json":["packages/flutter_localized_locales/data/zh_CN.json"],"packages/flutter_localized_locales/data/zh_HK.json":["packages/flutter_localized_locales/data/zh_HK.json"],"packages/flutter_localized_locales/data/zh_Hans.json":["packages/flutter_localized_locales/data/zh_Hans.json"],"packages/flutter_localized_locales/data/zh_Hans_CN.json":["packages/flutter_localized_locales/data/zh_Hans_CN.json"],"packages/flutter_localized_locales/data/zh_Hans_HK.json":["packages/flutter_localized_locales/data/zh_Hans_HK.json"],"packages/flutter_localized_locales/data/zh_Hans_MO.json":["packages/flutter_localized_locales/data/zh_Hans_MO.json"],"packages/flutter_localized_locales/data/zh_Hans_SG.json":["packages/flutter_localized_locales/data/zh_Hans_SG.json"],"packages/flutter_localized_locales/data/zh_Hant.json":["packages/flutter_localized_locales/data/zh_Hant.json"],"packages/flutter_localized_locales/data/zh_Hant_HK.json":["packages/flutter_localized_locales/data/zh_Hant_HK.json"],"packages/flutter_localized_locales/data/zh_Hant_MO.json":["packages/flutter_localized_locales/data/zh_Hant_MO.json"],"packages/flutter_localized_locales/data/zh_Hant_TW.json":["packages/flutter_localized_locales/data/zh_Hant_TW.json"],"packages/flutter_localized_locales/data/zh_MO.json":["packages/flutter_localized_locales/data/zh_MO.json"],"packages/flutter_localized_locales/data/zh_SG.json":["packages/flutter_localized_locales/data/zh_SG.json"],"packages/flutter_localized_locales/data/zh_TW.json":["packages/flutter_localized_locales/data/zh_TW.json"],"packages/flutter_localized_locales/data/zu.json":["packages/flutter_localized_locales/data/zu.json"],"packages/flutter_localized_locales/data/zu_ZA.json":["packages/flutter_localized_locales/data/zu_ZA.json"],"packages/fluttertoast/assets/toastify.css":["packages/fluttertoast/assets/toastify.css"],"packages/fluttertoast/assets/toastify.js":["packages/fluttertoast/assets/toastify.js"],"packages/window_manager/images/ic_chrome_close.png":["packages/window_manager/images/ic_chrome_close.png"],"packages/window_manager/images/ic_chrome_maximize.png":["packages/window_manager/images/ic_chrome_maximize.png"],"packages/window_manager/images/ic_chrome_minimize.png":["packages/window_manager/images/ic_chrome_minimize.png"],"packages/window_manager/images/ic_chrome_unmaximize.png":["packages/window_manager/images/ic_chrome_unmaximize.png"]}