{"af":"Afrikaans","af_NA":"Afrikaans (Namibi\u00eb)","af_ZA":"Afrikaans (Suid-Afrika)","ak":"Akan","ak_GH":"Akan (Ghana)","sq":"Albanees","sq_AL":"Albanees (Albani\u00eb)","sq_XK":"Albanees (Kosovo)","sq_MK":"Albanees (Macedoni\u00eb)","am":"Amharies","am_ET":"Amharies (Ethiopi\u00eb)","ar":"Arabies","ar_DZ":"Arabies (Algeri\u00eb)","ar_BH":"Arabies (Bahrein)","ar_KM":"Arabies (Comore)","ar_DJ":"Arabies (Djiboeti)","ar_EG":"Arabies (Egipte)","ar_ER":"Arabies (Eritrea)","ar_IQ":"Arabies (Irak)","ar_IL":"Arabies (Israel)","ar_YE":"Arabies (Jemen)","ar_JO":"Arabies (Jordani\u00eb)","ar_QA":"Arabies (Katar)","ar_KW":"Arabies (Koeweit)","ar_LB":"Arabies (Libanon)","ar_LY":"Arabies (Libi\u00eb)","ar_MA":"Arabies (Marokko)","ar_MR":"Arabies (Mauritani\u00eb)","ar_OM":"Arabies (Oman)","ar_PS":"Arabies (Palestynse gebiede)","ar_SA":"Arabies (Saoedi-Arabi\u00eb)","ar_SY":"Arabies (Siri\u00eb)","ar_SD":"Arabies (Soedan)","ar_SO":"Arabies (Somali\u00eb)","ar_SS":"Arabies (Suid-Soedan)","ar_TD":"Arabies (Tsjad)","ar_TN":"Arabies (Tunisi\u00eb)","ar_AE":"Arabies (Verenigde Arabiese Emirate)","ar_EH":"Arabies (Wes-Sahara)","hy":"Armeens","hy_AM":"Armeens (Armeni\u00eb)","as":"Assamees","as_IN":"Assamees (Indi\u00eb)","az":"Azerbeidjans","az_AZ":"Azerbeidjans (Azerbeidjan)","az_Latn_AZ":"Azerbeidjans (Latyn, Azerbeidjan)","az_Latn":"Azerbeidjans (Latyn)","az_Cyrl_AZ":"Azerbeidjans (Sirillies, Azerbeidjan)","az_Cyrl":"Azerbeidjans (Sirillies)","bm":"Bambara","bm_Latn_ML":"Bambara (Latyn, Mali)","bm_Latn":"Bambara (Latyn)","eu":"Baskies","eu_ES":"Baskies (Spanje)","bn":"Bengaals","bn_BD":"Bengaals (Bangladesj)","bn_IN":"Bengaals (Indi\u00eb)","my":"Birmaans","my_MM":"Birmaans (Mianmar (Birma))","bs":"Bosnies","bs_BA":"Bosnies (Bosni\u00eb en Herzegowina)","bs_Latn_BA":"Bosnies (Latyn, Bosni\u00eb en Herzegowina)","bs_Latn":"Bosnies (Latyn)","bs_Cyrl_BA":"Bosnies (Sirillies, Bosni\u00eb en Herzegowina)","bs_Cyrl":"Bosnies (Sirillies)","br":"Bretons","br_FR":"Bretons (Frankryk)","bg":"Bulgaars","bg_BG":"Bulgaars (Bulgarye)","da":"Deens","da_DK":"Deens (Denemarke)","da_GL":"Deens (Groenland)","de":"Duits","de_BE":"Duits (Belgi\u00eb)","de_DE":"Duits (Duitsland)","de_LI":"Duits (Liechtenstein)","de_LU":"Duits (Luxemburg)","de_AT":"Duits (Oostenryk)","de_CH":"Duits (Switserland)","dz":"Dzongkha","dz_BT":"Dzongkha (Bhoetan)","en":"Engels","en_AS":"Engels (Amerikaans-Samoa)","en_VI":"Engels (Amerikaanse Maagde-eilande)","en_AI":"Engels (Anguilla)","en_AG":"Engels (Antigua en Barbuda)","en_AU":"Engels (Australi\u00eb)","en_BS":"Engels (Bahamas)","en_BB":"Engels (Barbados)","en_BE":"Engels (Belgi\u00eb)","en_BZ":"Engels (Belize)","en_BM":"Engels (Bermuda)","en_BW":"Engels (Botswana)","en_IO":"Engels (Britse Indiese Oseaangebied)","en_VG":"Engels (Britse Maagde-eilande)","en_CC":"Engels (Cocos- (Keeling) eilande)","en_CK":"Engels (Cookeilande)","en_DG":"Engels (Diego Garcia)","en_DM":"Engels (Dominica)","en_IM":"Engels (Eiland Man)","en_ER":"Engels (Eritrea)","en_FK":"Engels (Falklandeilande)","en_FJ":"Engels (Fidji)","en_PH":"Engels (Filippyne)","en_GM":"Engels (Gambi\u00eb)","en_GH":"Engels (Ghana)","en_GI":"Engels (Gibraltar)","en_GD":"Engels (Grenada)","en_GU":"Engels (Guam)","en_GG":"Engels (Guernsey)","en_GY":"Engels (Guyana)","en_HK":"Engels (Hongkong SAS Sjina)","en_IE":"Engels (Ierland)","en_IN":"Engels (Indi\u00eb)","en_JM":"Engels (Jamaika)","en_JE":"Engels (Jersey)","en_KY":"Engels (Kaaimanseilande)","en_CM":"Engels (Kameroen)","en_CA":"Engels (Kanada)","en_KE":"Engels (Kenia)","en_CX":"Engels (Kerseiland)","en_KI":"Engels (Kiribati)","en_LS":"Engels (Lesotho)","en_LR":"Engels (Liberi\u00eb)","en_MO":"Engels (Macau SAS Sjina)","en_MG":"Engels (Madagaskar)","en_MW":"Engels (Malawi)","en_MY":"Engels (Maleisi\u00eb)","en_MT":"Engels (Malta)","en_MH":"Engels (Marshalleilande)","en_MU":"Engels (Mauritius)","en_FM":"Engels (Mikronesi\u00eb)","en_MS":"Engels (Montserrat)","en_NA":"Engels (Namibi\u00eb)","en_NR":"Engels (Nauru)","en_NZ":"Engels (Nieu-Seeland)","en_NG":"Engels (Nigeri\u00eb)","en_NU":"Engels (Niue)","en_MP":"Engels (Noordelike Mariana-eilande)","en_NF":"Engels (Norfolkeiland)","en_PK":"Engels (Pakistan)","en_PW":"Engels (Palau)","en_PG":"Engels (Papoea-Nieu-Guinee)","en_PN":"Engels (Pitcairneilande)","en_PR":"Engels (Puerto Rico)","en_RW":"Engels (Rwanda)","en_WS":"Engels (Samoa)","en_SC":"Engels (Seychelle)","en_SL":"Engels (Sierra Leone)","en_SG":"Engels (Singapoer)","en_SH":"Engels (Sint Helena)","en_KN":"Engels (Sint Kitts en Nevis)","en_LC":"Engels (Sint Lucia)","en_SX":"Engels (Sint Maarten)","en_VC":"Engels (Sint Vincent en die Grenadine)","en_SD":"Engels (Soedan)","en_SB":"Engels (Solomoneilande)","en_ZA":"Engels (Suid-Afrika)","en_SS":"Engels (Suid-Soedan)","en_SZ":"Engels (Swaziland)","en_TZ":"Engels (Tanzani\u00eb)","en_TK":"Engels (Tokelau)","en_TO":"Engels (Tonga)","en_TT":"Engels (Trinidad en Tobago)","en_TC":"Engels (Turks- en Caicoseilande)","en_TV":"Engels (Tuvalu)","en_UG":"Engels (Uganda)","en_VU":"Engels (Vanuatu)","en_GB":"Engels (Verenigde Koninkryk)","en_US":"Engels (Verenigde State van Amerika)","en_UM":"Engels (VS klein omliggende eilande)","en_ZM":"Engels (Zambi\u00eb)","en_ZW":"Engels (Zimbabwe)","eo":"Esperanto","et":"Estnies","et_EE":"Estnies (Estland)","ee":"Ewe","ee_GH":"Ewe (Ghana)","ee_TG":"Ewe (Togo)","fo":"Faroees","fo_FO":"Faroees (Faro\u00ebreilande)","fi":"Fins","fi_FI":"Fins (Finland)","fr":"Frans","fr_DZ":"Frans (Algeri\u00eb)","fr_BE":"Frans (Belgi\u00eb)","fr_BJ":"Frans (Benin)","fr_BF":"Frans (Burkina Faso)","fr_BI":"Frans (Burundi)","fr_KM":"Frans (Comore)","fr_CD":"Frans (Demokratiese Republiek van die Kongo)","fr_DJ":"Frans (Djiboeti)","fr_GQ":"Frans (Ekwatoriaal-Guinee)","fr_FR":"Frans (Frankryk)","fr_GF":"Frans (Frans-Guyana)","fr_PF":"Frans (Frans-Polinesi\u00eb)","fr_GA":"Frans (Gaboen)","fr_GP":"Frans (Guadeloupe)","fr_GN":"Frans (Guinee)","fr_HT":"Frans (Ha\u00efti)","fr_CI":"Frans (Ivoorkus)","fr_CM":"Frans (Kameroen)","fr_CA":"Frans (Kanada)","fr_LU":"Frans (Luxemburg)","fr_MG":"Frans (Madagaskar)","fr_ML":"Frans (Mali)","fr_MA":"Frans (Marokko)","fr_MQ":"Frans (Martinique)","fr_MR":"Frans (Mauritani\u00eb)","fr_MU":"Frans (Mauritius)","fr_YT":"Frans (Mayotte)","fr_MC":"Frans (Monaco)","fr_NC":"Frans (Nieu-Kaledoni\u00eb)","fr_NE":"Frans (Niger)","fr_CG":"Frans (Republiek van die Kongo)","fr_RE":"Frans (R\u00e9union)","fr_RW":"Frans (Rwanda)","fr_SN":"Frans (Senegal)","fr_CF":"Frans (Sentraal-Afrikaanse Republiek)","fr_SC":"Frans (Seychelle)","fr_BL":"Frans (Sint Barth\u00e9lemy)","fr_MF":"Frans (Sint Martin)","fr_PM":"Frans (Sint Pierre en Miquelon)","fr_SY":"Frans (Siri\u00eb)","fr_CH":"Frans (Switserland)","fr_TG":"Frans (Togo)","fr_TD":"Frans (Tsjad)","fr_TN":"Frans (Tunisi\u00eb)","fr_VU":"Frans (Vanuatu)","fr_WF":"Frans (Wallis en Futuna)","ff":"Fulah","ff_CM":"Fulah (Cameroon)","ff_GN":"Fulah (Guinea)","ff_MR":"Fulah (Mauritania)","ff_SN":"Fulah (Senegal)","gl":"Galisies","gl_ES":"Galisies (Spanje)","lg":"Ganda","lg_UG":"Ganda (Uganda)","ka":"Georgies","ka_GE":"Georgies (Georgi\u00eb)","gu":"Goedjarati","gu_IN":"Goedjarati (Indi\u00eb)","el":"Grieks","el_GR":"Grieks (Griekeland)","el_CY":"Grieks (Siprus)","ha":"Hausa","ha_GH":"Hausa (Ghana)","ha_Latn_GH":"Hausa (Latyn, Ghana)","ha_Latn_NE":"Hausa (Latyn, Niger)","ha_Latn_NG":"Hausa (Latyn, Nigeri\u00eb)","ha_Latn":"Hausa (Latyn)","ha_NE":"Hausa (Niger)","ha_NG":"Hausa (Nigeri\u00eb)","he":"Hebreeus","he_IL":"Hebreeus (Israel)","hi":"Hindi","hi_IN":"Hindi (Indi\u00eb)","hu":"Hongaars","hu_HU":"Hongaars (Hongarye)","ga":"Iers","ga_IE":"Iers (Ierland)","ig":"Igbo","ig_NG":"Igbo (Nigeri\u00eb)","id":"Indonesies","id_ID":"Indonesies (Indonesi\u00eb)","it":"Italiaans","it_IT":"Italiaans (Itali\u00eb)","it_SM":"Italiaans (San Marino)","it_CH":"Italiaans (Switserland)","ja":"Japannees","ja_JP":"Japannees (Japan)","yi":"Jiddisj","kl":"Kalaallisut","kl_GL":"Kalaallisut (Groenland)","kn":"Kannada","kn_IN":"Kannada (Indi\u00eb)","ks":"Kasjmirs","ks_Arab_IN":"Kasjmirs (Arabies, Indi\u00eb)","ks_Arab":"Kasjmirs (Arabies)","ks_IN":"Kasjmirs (Indi\u00eb)","ca":"Katalaans","ca_AD":"Katalaans (Andorra)","ca_FR":"Katalaans (Frankryk)","ca_IT":"Katalaans (Itali\u00eb)","ca_ES":"Katalaans (Spanje)","kk":"Kazaks","kk_KZ":"Kazaks (Kazakstan)","kk_Cyrl_KZ":"Kazaks (Sirillies, Kazakstan)","kk_Cyrl":"Kazaks (Sirillies)","km":"Khmer","km_KH":"Khmer (Kambodja)","ki":"Kikuyu","ki_KE":"Kikuyu (Kenia)","ky":"Kirgisies","ky_KG":"Kirgisies (Kirgisi\u00eb)","ky_Cyrl_KG":"Kirgisies (Sirillies, Kirgisi\u00eb)","ky_Cyrl":"Kirgisies (Sirillies)","ko":"Koreaans","ko_KP":"Koreaans (Noord-Korea)","ko_KR":"Koreaans (Suid-Korea)","kw":"Kornies","kw_GB":"Kornies (Verenigde Koninkryk)","hr":"Kroaties","hr_BA":"Kroaties (Bosni\u00eb en Herzegowina)","hr_HR":"Kroaties (Kroasi\u00eb)","lo":"Lao","lo_LA":"Lao (Laos)","lv":"Letties","lv_LV":"Letties (Letland)","ln":"Lingaals","ln_AO":"Lingaals (Angola)","ln_CD":"Lingaals (Demokratiese Republiek van die Kongo)","ln_CG":"Lingaals (Republiek van die Kongo)","ln_CF":"Lingaals (Sentraal-Afrikaanse Republiek)","lt":"Litaus","lt_LT":"Litaus (Litaue)","lu":"Luba-Katanga","lu_CD":"Luba-Katanga (Demokratiese Republiek van die Kongo)","lb":"Luxemburgs","lb_LU":"Luxemburgs (Luxemburg)","ml":"Malabaars","ml_IN":"Malabaars (Indi\u00eb)","ms":"Maleis","ms_BN":"Maleis (Broenei)","ms_Latn_BN":"Maleis (Latyn, Broenei)","ms_Latn_MY":"Maleis (Latyn, Maleisi\u00eb)","ms_Latn_SG":"Maleis (Latyn, Singapoer)","ms_Latn":"Maleis (Latyn)","ms_MY":"Maleis (Maleisi\u00eb)","ms_SG":"Maleis (Singapoer)","mg":"Malgassies","mg_MG":"Malgassies (Madagaskar)","mt":"Maltees","mt_MT":"Maltees (Malta)","gv":"Manx","gv_IM":"Manx (Eiland Man)","mr":"Marathi","mr_IN":"Marathi (Indi\u00eb)","mk":"Masedonies","mk_MK":"Masedonies (Macedoni\u00eb)","mn":"Mongools","mn_MN":"Mongools (Mongoli\u00eb)","mn_Cyrl_MN":"Mongools (Sirillies, Mongoli\u00eb)","mn_Cyrl":"Mongools (Sirillies)","nl":"Nederlands","nl_AW":"Nederlands (Aruba)","nl_BE":"Nederlands (Belgi\u00eb)","nl_CW":"Nederlands (Cura\u00e7ao)","nl_BQ":"Nederlands (Karibiese Nederland)","nl_NL":"Nederlands (Nederland)","nl_SX":"Nederlands (Sint Maarten)","nl_SR":"Nederlands (Suriname)","ne":"Nepalees","ne_IN":"Nepalees (Indi\u00eb)","ne_NP":"Nepalees (Nepal)","nd":"Noord-Ndebele","nd_ZW":"Noord-Ndebele (Zimbabwe)","se":"Noordelike Sami","se_FI":"Noordelike Sami (Finland)","se_NO":"Noordelike Sami (Noorwe\u00eb)","se_SE":"Noordelike Sami (Swede)","nb":"Noorse Bokm\u00e5l","nb_NO":"Noorse Bokm\u00e5l (Noorwe\u00eb)","nb_SJ":"Noorse Bokm\u00e5l (Svalbard en Jan Mayen)","nn":"Noorweegse Nynorsk","nn_NO":"Noorweegse Nynorsk (Noorwe\u00eb)","no":"Norwegian","no_NO":"Norwegian (Norway)","uk":"Oekra\u00efens","uk_UA":"Oekra\u00efens (Oekra\u00efne)","ur":"Oerdoe","ur_IN":"Oerdoe (Indi\u00eb)","ur_PK":"Oerdoe (Pakistan)","uz":"Oezbeeks","uz_AF":"Oezbeeks (Afganistan)","uz_Arab_AF":"Oezbeeks (Arabies, Afganistan)","uz_Arab":"Oezbeeks (Arabies)","uz_Latn_UZ":"Oezbeeks (Latyn, Oesbekistan)","uz_Latn":"Oezbeeks (Latyn)","uz_UZ":"Oezbeeks (Oesbekistan)","uz_Cyrl_UZ":"Oezbeeks (Sirillies, Oesbekistan)","uz_Cyrl":"Oezbeeks (Sirillies)","or":"Oriya","or_IN":"Oriya (Indi\u00eb)","om":"Oromo","om_ET":"Oromo (Ethiopi\u00eb)","om_KE":"Oromo (Kenia)","os":"Osseties","os_GE":"Osseties (Georgi\u00eb)","os_RU":"Osseties (Rusland)","pa":"Pandjabi","pa_Arab_PK":"Pandjabi (Arabies, Pakistan)","pa_Arab":"Pandjabi (Arabies)","pa_Guru_IN":"Pandjabi (Gurmukhi, Indi\u00eb)","pa_Guru":"Pandjabi (Gurmukhi)","pa_IN":"Pandjabi (Indi\u00eb)","pa_PK":"Pandjabi (Pakistan)","ps":"Pasjto","ps_AF":"Pasjto (Afganistan)","fa":"Persies","fa_AF":"Persies (Afganistan)","fa_IR":"Persies (Iran)","pl":"Pools","pl_PL":"Pools (Pole)","pt":"Portugees","pt_AO":"Portugees (Angola)","pt_BR":"Portugees (Brasili\u00eb)","pt_GW":"Portugees (Guinee-Bissau)","pt_CV":"Portugees (Kaap Verde)","pt_MO":"Portugees (Macau SAS Sjina)","pt_MZ":"Portugees (Mosambiek)","pt_TL":"Portugees (Oos-Timor)","pt_PT":"Portugees (Portugal)","pt_ST":"Portugees (Sao Tome en Principe)","qu":"Quechua","qu_BO":"Quechua (Bolivi\u00eb)","qu_EC":"Quechua (Ecuador)","qu_PE":"Quechua (Peru)","rm":"Reto-Romaans","rm_CH":"Reto-Romaans (Switserland)","ro":"Roemeens","ro_MD":"Roemeens (Moldowa)","ro_RO":"Roemeens (Roemeni\u00eb)","rn":"Rundi","rn_BI":"Rundi (Burundi)","ru":"Russies","ru_BY":"Russies (Belarus)","ru_KZ":"Russies (Kazakstan)","ru_KG":"Russies (Kirgisi\u00eb)","ru_MD":"Russies (Moldowa)","ru_UA":"Russies (Oekra\u00efne)","ru_RU":"Russies (Rusland)","rw":"Rwandees","rw_RW":"Rwandees (Rwanda)","sg":"Sango","sg_CF":"Sango (Sentraal-Afrikaanse Republiek)","sh":"Serbo-Croatian","sh_BA":"Serbo-Croatian (Bosnia & Herzegovina)","sr":"Serwies","sr_BA":"Serwies (Bosni\u00eb en Herzegowina)","sr_XK":"Serwies (Kosovo)","sr_Latn_BA":"Serwies (Latyn, Bosni\u00eb en Herzegowina)","sr_Latn_XK":"Serwies (Latyn, Kosovo)","sr_Latn_ME":"Serwies (Latyn, Montenegro)","sr_Latn_RS":"Serwies (Latyn, Serwi\u00eb)","sr_Latn":"Serwies (Latyn)","sr_ME":"Serwies (Montenegro)","sr_RS":"Serwies (Serwi\u00eb)","sr_Cyrl_BA":"Serwies (Sirillies, Bosni\u00eb en Herzegowina)","sr_Cyrl_XK":"Serwies (Sirillies, Kosovo)","sr_Cyrl_ME":"Serwies (Sirillies, Montenegro)","sr_Cyrl_RS":"Serwies (Sirillies, Serwi\u00eb)","sr_Cyrl":"Serwies (Sirillies)","sn":"Shona","sn_ZW":"Shona (Zimbabwe)","ii":"Sichuan Yi","ii_CN":"Sichuan Yi (Sjina)","si":"Sinhala","si_LK":"Sinhala (Sri Lanka)","zh":"Sjinees","zh_HK":"Sjinees (Hongkong SAS Sjina)","zh_MO":"Sjinees (Macau SAS Sjina)","zh_SG":"Sjinees (Singapoer)","zh_CN":"Sjinees (Sjina)","zh_TW":"Sjinees (Taiwan)","zh_Hant_HK":"Sjinees (Tradisioneel, Hongkong SAS Sjina)","zh_Hant_MO":"Sjinees (Tradisioneel, Macau SAS Sjina)","zh_Hant_TW":"Sjinees (Tradisioneel, Taiwan)","zh_Hant":"Sjinees (Tradisioneel)","zh_Hans_HK":"Sjinees (Vereenvoudig, Hongkong SAS Sjina)","zh_Hans_MO":"Sjinees (Vereenvoudig, Macau SAS Sjina)","zh_Hans_SG":"Sjinees (Vereenvoudig, Singapoer)","zh_Hans_CN":"Sjinees (Vereenvoudig, Sjina)","zh_Hans":"Sjinees (Vereenvoudig)","gd":"Skotse Gallies","gd_GB":"Skotse Gallies (Verenigde Koninkryk)","sk":"Slowaaks","sk_SK":"Slowaaks (Slowakye)","sl":"Sloweens","sl_SI":"Sloweens (Sloweni\u00eb)","so":"Somalies","so_DJ":"Somalies (Djiboeti)","so_ET":"Somalies (Ethiopi\u00eb)","so_KE":"Somalies (Kenia)","so_SO":"Somalies (Somali\u00eb)","es":"Spaans","es_AR":"Spaans (Argentini\u00eb)","es_BO":"Spaans (Bolivi\u00eb)","es_EA":"Spaans (Ceuta en Melilla)","es_CL":"Spaans (Chili)","es_CO":"Spaans (Colombi\u00eb)","es_CR":"Spaans (Costa Rica)","es_DO":"Spaans (Dominikaanse Republiek)","es_EC":"Spaans (Ecuador)","es_GQ":"Spaans (Ekwatoriaal-Guinee)","es_SV":"Spaans (El Salvador)","es_PH":"Spaans (Filippyne)","es_GT":"Spaans (Guatemala)","es_HN":"Spaans (Honduras)","es_IC":"Spaans (Kanariese Eilande)","es_CU":"Spaans (Kuba)","es_MX":"Spaans (Meksiko)","es_NI":"Spaans (Nicaragua)","es_PA":"Spaans (Panama)","es_PY":"Spaans (Paraguay)","es_PE":"Spaans (Peru)","es_PR":"Spaans (Puerto Rico)","es_ES":"Spaans (Spanje)","es_UY":"Spaans (Uruguay)","es_VE":"Spaans (Venezuela)","es_US":"Spaans (Verenigde State van Amerika)","sw":"Swahili","sw_KE":"Swahili (Kenia)","sw_TZ":"Swahili (Tanzani\u00eb)","sw_UG":"Swahili (Uganda)","sv":"Sweeds","sv_AX":"Sweeds (\u00c5landeilande)","sv_FI":"Sweeds (Finland)","sv_SE":"Sweeds (Swede)","tl":"Tagalog","tl_PH":"Tagalog (Philippines)","ta":"Tamil","ta_IN":"Tamil (Indi\u00eb)","ta_MY":"Tamil (Maleisi\u00eb)","ta_SG":"Tamil (Singapoer)","ta_LK":"Tamil (Sri Lanka)","te":"Telugu","te_IN":"Telugu (Indi\u00eb)","th":"Thai","th_TH":"Thai (Thailand)","bo":"Tibettaans","bo_IN":"Tibettaans (Indi\u00eb)","bo_CN":"Tibettaans (Sjina)","ti":"Tigrinya","ti_ER":"Tigrinya (Eritrea)","ti_ET":"Tigrinya (Ethiopi\u00eb)","to":"Tongaans","to_TO":"Tongaans (Tonga)","cs":"Tsjeggies","cs_CZ":"Tsjeggies (Tjeggiese Republiek)","tr":"Turks","tr_CY":"Turks (Siprus)","tr_TR":"Turks (Turkye)","ug":"Uighur","ug_Arab_CN":"Uighur (Arabies, Sjina)","ug_Arab":"Uighur (Arabies)","ug_CN":"Uighur (Sjina)","vi":"Vi\u00ebtnamees","vi_VN":"Vi\u00ebtnamees (Vi\u00ebtnam)","cy":"Wallies","cy_GB":"Wallies (Verenigde Koninkryk)","fy":"Wes-Fries","fy_NL":"Wes-Fries (Nederland)","be":"Wit-Russies","be_BY":"Wit-Russies (Belarus)","yo":"Yoruba","yo_BJ":"Yoruba (Benin)","yo_NG":"Yoruba (Nigeri\u00eb)","is":"Yslands","is_IS":"Yslands (Ysland)","zu":"Zoeloe","zu_ZA":"Zoeloe (Suid-Afrika)"}