{"af":"Afrikaans","af_NA":"Afrikaans (Namibia)","af_ZA":"Afrikaans (South Africa)","ak":"Akan","ak_GH":"Akan (Gaana)","sq":"Albanian","sq_AL":"Albanian (Albania)","sq_XK":"Albanian (Kosovo)","sq_MK":"Albanian (Macedonia)","am":"Amarik","am_ET":"Amarik (Ithiopia)","ar_SS":"Arabic (South Sudan)","ar_EH":"Arabic (Western Sahara)","ar":"Arabik","ar_BH":"Arabik (Baren)","ar_ER":"Arabik (\u0190ritrea)","ar_DJ":"Arabik (Gyibuti)","ar_JO":"Arabik (Gy\u0254dan)","ar_IQ":"Arabik (Irak)","ar_IL":"Arabik (Israel)","ar_QA":"Arabik (Kata)","ar_KM":"Arabik (K\u0254m\u0254r\u0254s)","ar_KW":"Arabik (Kuwete)","ar_TD":"Arabik (Kyad)","ar_LB":"Arabik (L\u025bban\u0254n)","ar_LY":"Arabik (Libya)","ar_MA":"Arabik (Moroko)","ar_MR":"Arabik (M\u0254retenia)","ar_EG":"Arabik (Nisrim)","ar_OM":"Arabik (Oman)","ar_DZ":"Arabik (\u0186lgyeria)","ar_PS":"Arabik (Palestaen West Bank ne Gaza)","ar_SA":"Arabik (Saudi Arabia)","ar_SY":"Arabik (Siria)","ar_SO":"Arabik (Somalia)","ar_SD":"Arabik (Sudan)","ar_TN":"Arabik (Tunihyia)","ar_AE":"Arabik (United Arab Emirates)","ar_YE":"Arabik (Y\u025bmen)","hy":"Armenian","hy_AM":"Armenian (Armenia)","as":"Assamese","as_IN":"Assamese (India)","az":"Azerbaijani","az_AZ":"Azerbaijani (Azerbaijan)","az_Cyrl_AZ":"Azerbaijani (Cyrillic, Azerbaijan)","az_Cyrl":"Azerbaijani (Cyrillic)","az_Latn_AZ":"Azerbaijani (Latin, Azerbaijan)","az_Latn":"Azerbaijani (Latin)","bm":"Bambara","bm_Latn_ML":"Bambara (Latin, Mali)","bm_Latn":"Bambara (Latin)","eu":"Basque","eu_ES":"Basque (Spain)","be":"Belarus kasa","be_BY":"Belarus kasa (B\u025blarus)","bn":"Bengali kasa","bn_BD":"Bengali kasa (Banglad\u025bhye)","bn_IN":"Bengali kasa (India)","my":"B\u025b\u025bmis kasa","my_MM":"B\u025b\u025bmis kasa (Miyanma)","en":"Bor\u0254fo","en_IE":"Bor\u0254fo (Aereland)","en_ZA":"Bor\u0254fo (Afrika Anaafo)","en_GB":"Bor\u0254fo (Ahendiman Nkabom)","en_AS":"Bor\u0254fo (Am\u025brika Samoa)","en_VI":"Bor\u0254fo (Am\u025brika Virgin Islands)","en_US":"Bor\u0254fo (Am\u025brika)","en_AI":"Bor\u0254fo (Anguila)","en_AG":"Bor\u0254fo (Antigua ne Baabuda)","en_BB":"Bor\u0254fo (Baabados)","en_BS":"Bor\u0254fo (Bahama)","en_BZ":"Bor\u0254fo (Beliz)","en_BE":"Bor\u0254fo (B\u025blgyium)","en_BM":"Bor\u0254fo (B\u025bmuda)","en_BW":"Bor\u0254fo (B\u0254tswana)","en_VG":"Bor\u0254fo (Britainfo Virgin Islands)","en_IO":"Bor\u0254fo (Britenfo H\u0254n Man W\u0254 India Po No Mu)","en_DM":"Bor\u0254fo (D\u0254meneka)","en_ER":"Bor\u0254fo (\u0190ritrea)","en_FJ":"Bor\u0254fo (Figyi)","en_FK":"Bor\u0254fo (F\u0254lkman Aeland)","en_GH":"Bor\u0254fo (Gaana)","en_GM":"Bor\u0254fo (Gambia)","en_GY":"Bor\u0254fo (Gayana)","en_GD":"Bor\u0254fo (Grenada)","en_GU":"Bor\u0254fo (Guam)","en_JM":"Bor\u0254fo (Gyameka)","en_GI":"Bor\u0254fo (Gyebralta)","en_IN":"Bor\u0254fo (India)","en_CM":"Bor\u0254fo (Kam\u025brun)","en_CA":"Bor\u0254fo (Kanada)","en_KY":"Bor\u0254fo (Kemanfo Islands)","en_KE":"Bor\u0254fo (K\u025bnya)","en_KI":"Bor\u0254fo (Kiribati)","en_CK":"Bor\u0254fo (Kook Nsup\u0254w)","en_LR":"Bor\u0254fo (Laeberia)","en_LS":"Bor\u0254fo (L\u025bsutu)","en_MG":"Bor\u0254fo (Madagaska)","en_FM":"Bor\u0254fo (Maekronehyia)","en_MW":"Bor\u0254fo (Malawi)","en_MY":"Bor\u0254fo (Malehyia)","en_MS":"Bor\u0254fo (Mantserat)","en_MH":"Bor\u0254fo (Marshall Islands)","en_MT":"Bor\u0254fo (M\u0254lta)","en_MU":"Bor\u0254fo (M\u0254rehye\u0254s)","en_NG":"Bor\u0254fo (Naegyeria)","en_NA":"Bor\u0254fo (Namibia)","en_NR":"Bor\u0254fo (Naworu)","en_NU":"Bor\u0254fo (Niyu)","en_MP":"Bor\u0254fo (Northern Mariana Islands)","en_NF":"Bor\u0254fo (N\u0254folk Aeland)","en_AU":"Bor\u0254fo (\u0186strelia)","en_PK":"Bor\u0254fo (Pakistan)","en_PW":"Bor\u0254fo (Palau)","en_PG":"Bor\u0254fo (Papua Guinea Foforo)","en_PH":"Bor\u0254fo (Philippines)","en_PN":"Bor\u0254fo (Pitcairn)","en_PR":"Bor\u0254fo (Pu\u025bto Riko)","en_RW":"Bor\u0254fo (Rwanda)","en_SH":"Bor\u0254fo (Saint Helena)","en_KN":"Bor\u0254fo (Saint Kitts ne N\u025bves)","en_LC":"Bor\u0254fo (Saint Lucia)","en_VC":"Bor\u0254fo (Saint Vincent ne Grenadines)","en_WS":"Bor\u0254fo (Samoa)","en_SC":"Bor\u0254fo (Seyhy\u025bl)","en_SL":"Bor\u0254fo (Sierra Leone)","en_SG":"Bor\u0254fo (Singap\u0254)","en_SB":"Bor\u0254fo (Solomon Islands)","en_SD":"Bor\u0254fo (Sudan)","en_SZ":"Bor\u0254fo (Swaziland)","en_TZ":"Bor\u0254fo (Tanzania)","en_TK":"Bor\u0254fo (Tokelau)","en_TO":"Bor\u0254fo (Tonga)","en_TT":"Bor\u0254fo (Trinidad ne Tobago)","en_TC":"Bor\u0254fo (Turks ne Caicos Islands)","en_TV":"Bor\u0254fo (Tuvalu)","en_UG":"Bor\u0254fo (Uganda)","en_VU":"Bor\u0254fo (Vanuatu)","en_ZM":"Bor\u0254fo (Zambia)","en_ZW":"Bor\u0254fo (Zembabwe)","en_NZ":"Bor\u0254fo (Ziland Foforo)","bs":"Bosnian","bs_BA":"Bosnian (Bosnia & Herzegovina)","bs_Cyrl_BA":"Bosnian (Cyrillic, Bosnia & Herzegovina)","bs_Cyrl":"Bosnian (Cyrillic)","bs_Latn_BA":"Bosnian (Latin, Bosnia & Herzegovina)","bs_Latn":"Bosnian (Latin)","bg":"B\u0254lgeria kasa","bg_BG":"B\u0254lgeria kasa (B\u0254lgeria)","br":"Breton","br_FR":"Breton (France)","ca":"Catalan","ca_AD":"Catalan (Andorra)","ca_FR":"Catalan (France)","ca_IT":"Catalan (Italy)","ca_ES":"Catalan (Spain)","zh_HK":"Chinese (Hong Kong SAR China)","zh_MO":"Chinese (Macau SAR China)","zh_Hans_CN":"Chinese (Simplified, China)","zh_Hans_HK":"Chinese (Simplified, Hong Kong SAR China)","zh_Hans_MO":"Chinese (Simplified, Macau SAR China)","zh_Hans_SG":"Chinese (Simplified, Singapore)","zh_Hans":"Chinese (Simplified)","zh_Hant_HK":"Chinese (Traditional, Hong Kong SAR China)","zh_Hant_MO":"Chinese (Traditional, Macau SAR China)","zh_Hant_TW":"Chinese (Traditional, Taiwan)","zh_Hant":"Chinese (Traditional)","kw":"Cornish","kw_GB":"Cornish (United Kingdom)","hr":"Croatian","hr_BA":"Croatian (Bosnia & Herzegovina)","hr_HR":"Croatian (Croatia)","da":"Danish","da_DK":"Danish (Denmark)","da_GL":"Danish (Greenland)","nl":"D\u025b\u025bkye","nl_AW":"D\u025b\u025bkye (Aruba)","nl_BE":"D\u025b\u025bkye (B\u025blgyium)","nl_NL":"D\u025b\u025bkye (N\u025bd\u025bland)","nl_SR":"D\u025b\u025bkye (Suriname)","nl_BQ":"Dutch (Caribbean Netherlands)","nl_CW":"Dutch (Cura\u00e7ao)","nl_SX":"Dutch (Sint Maarten)","dz":"Dzongkha","dz_BT":"Dzongkha (Bhutan)","en_CX":"English (Christmas Island)","en_CC":"English (Cocos (Keeling) Islands)","en_DG":"English (Diego Garcia)","en_GG":"English (Guernsey)","en_HK":"English (Hong Kong SAR China)","en_IM":"English (Isle of Man)","en_JE":"English (Jersey)","en_MO":"English (Macau SAR China)","en_SX":"English (Sint Maarten)","en_SS":"English (South Sudan)","en_UM":"English (U.S. Outlying Islands)","eo":"Esperanto","et":"Estonian","et_EE":"Estonian (Estonia)","ee":"Ewe","ee_GH":"Ewe (Ghana)","ee_TG":"Ewe (Togo)","fo":"Faroese","fo_FO":"Faroese (Faroe Islands)","fi":"Finnish","fi_FI":"Finnish (Finland)","fr_BL":"French (St. Barth\u00e9lemy)","fr_MF":"French (St. Martin)","fr":"Fr\u025bnkye","fr_CF":"Fr\u025bnkye (Afrika Finimfin Man)","fr_BE":"Fr\u025bnkye (B\u025blgyium)","fr_BJ":"Fr\u025bnkye (B\u025bnin)","fr_BF":"Fr\u025bnkye (B\u0254kina Faso)","fr_BI":"Fr\u025bnkye (Burundi)","fr_GF":"Fr\u025bnkye (Fr\u025bnkye Gayana)","fr_PF":"Fr\u025bnkye (Fr\u025bnkye P\u0254lenehyia)","fr_FR":"Fr\u025bnkye (Fr\u025bnkyeman)","fr_GA":"Fr\u025bnkye (Gab\u0254n)","fr_GQ":"Fr\u025bnkye (Gini Ikuweta)","fr_GN":"Fr\u025bnkye (Gini)","fr_GP":"Fr\u025bnkye (Guwadelup)","fr_DJ":"Fr\u025bnkye (Gyibuti)","fr_HT":"Fr\u025bnkye (Heiti)","fr_NC":"Fr\u025bnkye (Kaledonia Foforo)","fr_CM":"Fr\u025bnkye (Kam\u025brun)","fr_CA":"Fr\u025bnkye (Kanada)","fr_CD":"Fr\u025bnkye (Kongo (Zair))","fr_CG":"Fr\u025bnkye (Kongo)","fr_KM":"Fr\u025bnkye (K\u0254m\u0254r\u0254s)","fr_TD":"Fr\u025bnkye (Kyad)","fr_CI":"Fr\u025bnkye (La C\u00f4te d\u2019Ivoire)","fr_LU":"Fr\u025bnkye (Laksemb\u025bg)","fr_MG":"Fr\u025bnkye (Madagaska)","fr_ML":"Fr\u025bnkye (Mali)","fr_MQ":"Fr\u025bnkye (Matinik)","fr_YT":"Fr\u025bnkye (May\u0254te)","fr_MA":"Fr\u025bnkye (Moroko)","fr_MC":"Fr\u025bnkye (M\u0254nako)","fr_MU":"Fr\u025bnkye (M\u0254rehye\u0254s)","fr_MR":"Fr\u025bnkye (M\u0254retenia)","fr_NE":"Fr\u025bnkye (Nigy\u025b)","fr_DZ":"Fr\u025bnkye (\u0186lgyeria)","fr_RE":"Fr\u025bnkye (Reyuni\u0254n)","fr_RW":"Fr\u025bnkye (Rwanda)","fr_PM":"Fr\u025bnkye (Saint Pierre ne Miquelon)","fr_SN":"Fr\u025bnkye (Senegal)","fr_SC":"Fr\u025bnkye (Seyhy\u025bl)","fr_SY":"Fr\u025bnkye (Siria)","fr_CH":"Fr\u025bnkye (Swetzaland)","fr_TG":"Fr\u025bnkye (Togo)","fr_TN":"Fr\u025bnkye (Tunihyia)","fr_VU":"Fr\u025bnkye (Vanuatu)","fr_WF":"Fr\u025bnkye (Wallis ne Futuna)","ff":"Fulah","ff_CM":"Fulah (Cameroon)","ff_GN":"Fulah (Guinea)","ff_MR":"Fulah (Mauritania)","ff_SN":"Fulah (Senegal)","gl":"Galician","gl_ES":"Galician (Spain)","lg":"Ganda","lg_UG":"Ganda (Uganda)","ka":"Georgian","ka_GE":"Georgian (Georgia)","el":"Greek kasa","el_GR":"Greek kasa (Greekman)","el_CY":"Greek kasa (Saepr\u0254s)","gu":"Gujarati","gu_IN":"Gujarati (India)","de":"Gyaaman","de_BE":"Gyaaman (B\u025blgyium)","de_DE":"Gyaaman (Gyaaman)","de_LU":"Gyaaman (Laksemb\u025bg)","de_LI":"Gyaaman (Lektenstaen)","de_AT":"Gyaaman (\u0186stria)","de_CH":"Gyaaman (Swetzaland)","ja":"Gyapan kasa","ja_JP":"Gyapan kasa (Gyapan)","hu":"Hangri kasa","hu_HU":"Hangri kasa (Hangari)","ha":"Hausa","ha_GH":"Hausa (Gaana)","ha_Latn_GH":"Hausa (Latin, Ghana)","ha_Latn_NE":"Hausa (Latin, Niger)","ha_Latn_NG":"Hausa (Latin, Nigeria)","ha_Latn":"Hausa (Latin)","ha_NG":"Hausa (Naegyeria)","ha_NE":"Hausa (Nigy\u025b)","he":"Hebrew","he_IL":"Hebrew (Israel)","hi":"Hindi","hi_IN":"Hindi (India)","is":"Icelandic","is_IS":"Icelandic (Iceland)","ig":"Igbo","ig_NG":"Igbo (Naegyeria)","id":"Indonihyia kasa","id_ID":"Indonihyia kasa (Ind\u0254nehyia)","ga":"Irish","ga_IE":"Irish (Ireland)","it":"Italy kasa","it_IT":"Italy kasa (Itali)","it_SM":"Italy kasa (San Marino)","it_CH":"Italy kasa (Swetzaland)","kl":"Kalaallisut","kl_GL":"Kalaallisut (Greenland)","km":"Kambodia kasa","km_KH":"Kambodia kasa (Kambodia)","kn":"Kannada","kn_IN":"Kannada (India)","ks":"Kashmiri","ks_Arab_IN":"Kashmiri (Arabic, India)","ks_Arab":"Kashmiri (Arabic)","ks_IN":"Kashmiri (India)","kk":"Kazakh","kk_Cyrl_KZ":"Kazakh (Cyrillic, Kazakhstan)","kk_Cyrl":"Kazakh (Cyrillic)","kk_KZ":"Kazakh (Kazakhstan)","ki":"Kikuyu","ki_KE":"Kikuyu (Kenya)","ko":"Korea kasa","ko_KR":"Korea kasa (Anaafo Koria)","ko_KP":"Korea kasa (Etifi Koria)","zh":"Kyaena kasa","zh_CN":"Kyaena kasa (Kyaena)","zh_SG":"Kyaena kasa (Singap\u0254)","zh_TW":"Kyaena kasa (Taiwan)","cs":"Ky\u025bk kasa","cs_CZ":"Ky\u025bk kasa (Ky\u025bk Kurok\u025bse)","ky":"Kyrgyz","ky_Cyrl_KG":"Kyrgyz (Cyrillic, Kyrgyzstan)","ky_Cyrl":"Kyrgyz (Cyrillic)","ky_KG":"Kyrgyz (Kyrgyzstan)","lo":"Lao","lo_LA":"Lao (Laos)","lv":"Latvian","lv_LV":"Latvian (Latvia)","ln":"Lingala","ln_AO":"Lingala (Angola)","ln_CF":"Lingala (Central African Republic)","ln_CG":"Lingala (Congo - Brazzaville)","ln_CD":"Lingala (Congo - Kinshasa)","lt":"Lithuanian","lt_LT":"Lithuanian (Lithuania)","lu":"Luba-Katanga","lu_CD":"Luba-Katanga (Congo - Kinshasa)","lb":"Luxembourgish","lb_LU":"Luxembourgish (Luxembourg)","mk":"Macedonian","mk_MK":"Macedonian (Macedonia)","mg":"Malagasy","mg_MG":"Malagasy (Madagascar)","ms_Latn_BN":"Malay (Latin, Brunei)","ms_Latn_MY":"Malay (Latin, Malaysia)","ms_Latn_SG":"Malay (Latin, Singapore)","ms_Latn":"Malay (Latin)","ms":"Malay kasa","ms_BN":"Malay kasa (Brunae)","ms_MY":"Malay kasa (Malehyia)","ms_SG":"Malay kasa (Singap\u0254)","ml":"Malayalam","ml_IN":"Malayalam (India)","mt":"Maltese","mt_MT":"Maltese (Malta)","gv":"Manx","gv_IM":"Manx (Isle of Man)","mr":"Marathi","mr_IN":"Marathi (India)","mn":"Mongolian","mn_Cyrl_MN":"Mongolian (Cyrillic, Mongolia)","mn_Cyrl":"Mongolian (Cyrillic)","mn_MN":"Mongolian (Mongolia)","ne":"N\u025bpal kasa","ne_IN":"N\u025bpal kasa (India)","ne_NP":"N\u025bpal kasa (N\u025bp\u0254l)","nd":"North Ndebele","nd_ZW":"North Ndebele (Zimbabwe)","se":"Northern Sami","se_FI":"Northern Sami (Finland)","se_NO":"Northern Sami (Norway)","se_SE":"Northern Sami (Sweden)","no":"Norwegian","no_NO":"Norwegian (Norway)","nb":"Norwegian Bokm\u00e5l","nb_NO":"Norwegian Bokm\u00e5l (Norway)","nb_SJ":"Norwegian Bokm\u00e5l (Svalbard & Jan Mayen)","nn":"Norwegian Nynorsk","nn_NO":"Norwegian Nynorsk (Norway)","or":"Oriya","or_IN":"Oriya (India)","om":"Oromo","om_ET":"Oromo (Ethiopia)","om_KE":"Oromo (Kenya)","os":"Ossetic","os_GE":"Ossetic (Georgia)","os_RU":"Ossetic (Russia)","ps":"Pashto","ps_AF":"Pashto (Afghanistan)","fa":"P\u025b\u025bhyia kasa","fa_AF":"P\u025b\u025bhyia kasa (Afganistan)","fa_IR":"P\u025b\u025bhyia kasa (Iran)","pt_MO":"Portuguese (Macau SAR China)","pl":"P\u0254land kasa","pl_PL":"P\u0254land kasa (Poland)","pt":"P\u0254\u0254tugal kasa","pt_AO":"P\u0254\u0254tugal kasa (Angola)","pt_BR":"P\u0254\u0254tugal kasa (Brazil)","pt_GW":"P\u0254\u0254tugal kasa (Gini Bisaw)","pt_CV":"P\u0254\u0254tugal kasa (Kepv\u025bdfo Islands)","pt_MZ":"P\u0254\u0254tugal kasa (Mozambik)","pt_PT":"P\u0254\u0254tugal kasa (P\u0254tugal)","pt_ST":"P\u0254\u0254tugal kasa (S\u00e3o Tom\u00e9 and Pr\u00edncipe)","pt_TL":"P\u0254\u0254tugal kasa (Tim\u0254 Boka)","pa":"Pungyabi kasa","pa_IN":"Pungyabi kasa (India)","pa_PK":"Pungyabi kasa (Pakistan)","pa_Arab_PK":"Punjabi (Arabic, Pakistan)","pa_Arab":"Punjabi (Arabic)","pa_Guru_IN":"Punjabi (Gurmukhi, India)","pa_Guru":"Punjabi (Gurmukhi)","qu":"Quechua","qu_BO":"Quechua (Bolivia)","qu_EC":"Quechua (Ecuador)","qu_PE":"Quechua (Peru)","ru":"Rahyia kasa","ru_BY":"Rahyia kasa (B\u025blarus)","ru_KZ":"Rahyia kasa (Kazakstan)","ru_KG":"Rahyia kasa (K\u025b\u025bgestan)","ru_MD":"Rahyia kasa (M\u0254ldova)","ru_RU":"Rahyia kasa (R\u0254hyea)","ru_UA":"Rahyia kasa (Ukren)","rw":"Rewanda kasa","rw_RW":"Rewanda kasa (Rwanda)","rm":"Romansh","rm_CH":"Romansh (Switzerland)","ro":"Romenia kasa","ro_MD":"Romenia kasa (M\u0254ldova)","ro_RO":"Romenia kasa (Romenia)","rn":"Rundi","rn_BI":"Rundi (Burundi)","sg":"Sango","sg_CF":"Sango (Central African Republic)","gd":"Scottish Gaelic","gd_GB":"Scottish Gaelic (United Kingdom)","sr":"Serbian","sr_BA":"Serbian (Bosnia & Herzegovina)","sr_Cyrl_BA":"Serbian (Cyrillic, Bosnia & Herzegovina)","sr_Cyrl_XK":"Serbian (Cyrillic, Kosovo)","sr_Cyrl_ME":"Serbian (Cyrillic, Montenegro)","sr_Cyrl_RS":"Serbian (Cyrillic, Serbia)","sr_Cyrl":"Serbian (Cyrillic)","sr_XK":"Serbian (Kosovo)","sr_Latn_BA":"Serbian (Latin, Bosnia & Herzegovina)","sr_Latn_XK":"Serbian (Latin, Kosovo)","sr_Latn_ME":"Serbian (Latin, Montenegro)","sr_Latn_RS":"Serbian (Latin, Serbia)","sr_Latn":"Serbian (Latin)","sr_ME":"Serbian (Montenegro)","sr_RS":"Serbian (Serbia)","sh":"Serbo-Croatian","sh_BA":"Serbo-Croatian (Bosnia & Herzegovina)","sn":"Shona","sn_ZW":"Shona (Zimbabwe)","ii":"Sichuan Yi","ii_CN":"Sichuan Yi (China)","si":"Sinhala","si_LK":"Sinhala (Sri Lanka)","sk":"Slovak","sk_SK":"Slovak (Slovakia)","sl":"Slovenian","sl_SI":"Slovenian (Slovenia)","so":"Somalia kasa","so_DJ":"Somalia kasa (Gyibuti)","so_ET":"Somalia kasa (Ithiopia)","so_KE":"Somalia kasa (K\u025bnya)","so_SO":"Somalia kasa (Somalia)","es":"Spain kasa","es_AR":"Spain kasa (Agy\u025bntina)","es_US":"Spain kasa (Am\u025brika)","es_BO":"Spain kasa (Bolivia)","es_DO":"Spain kasa (D\u0254meneka Kurok\u025bse)","es_SV":"Spain kasa (\u0190l Salvad\u0254)","es_GQ":"Spain kasa (Gini Ikuweta)","es_GT":"Spain kasa (Guwatemala)","es_HN":"Spain kasa (H\u0254nduras)","es_EC":"Spain kasa (Ikuwad\u0254)","es_CO":"Spain kasa (Kolombia)","es_CR":"Spain kasa (K\u0254sta Rika)","es_CU":"Spain kasa (Kuba)","es_CL":"Spain kasa (Kyili)","es_MX":"Spain kasa (M\u025bksiko)","es_NI":"Spain kasa (Nekaraguwa)","es_PA":"Spain kasa (Panama)","es_PY":"Spain kasa (Paraguay)","es_PE":"Spain kasa (Peru)","es_PH":"Spain kasa (Philippines)","es_PR":"Spain kasa (Pu\u025bto Riko)","es_ES":"Spain kasa (Spain)","es_VE":"Spain kasa (Venezuela)","es_UY":"Spain kasa (Yurugwae)","es_IC":"Spanish (Canary Islands)","es_EA":"Spanish (Ceuta & Melilla)","sw":"Swahili","sw_KE":"Swahili (Kenya)","sw_TZ":"Swahili (Tanzania)","sw_UG":"Swahili (Uganda)","sv":"Sweden kasa","sv_FI":"Sweden kasa (Finland)","sv_SE":"Sweden kasa (Sweden)","sv_AX":"Swedish (\u00c5land Islands)","th":"Taeland kasa","th_TH":"Taeland kasa (Taeland)","tl":"Tagalog","tl_PH":"Tagalog (Philippines)","ta":"Tamil kasa","ta_IN":"Tamil kasa (India)","ta_MY":"Tamil kasa (Malehyia)","ta_SG":"Tamil kasa (Singap\u0254)","ta_LK":"Tamil kasa (Sri Lanka)","te":"Telugu","te_IN":"Telugu (India)","tr":"T\u025b\u025bki kasa","tr_CY":"T\u025b\u025bki kasa (Saepr\u0254s)","tr_TR":"T\u025b\u025bki kasa (T\u025b\u025bki)","bo":"Tibetan","bo_CN":"Tibetan (China)","bo_IN":"Tibetan (India)","ti":"Tigrinya","ti_ER":"Tigrinya (Eritrea)","ti_ET":"Tigrinya (Ethiopia)","to":"Tongan","to_TO":"Tongan (Tonga)","uk":"Ukren kasa","uk_UA":"Ukren kasa (Ukren)","ur":"Urdu kasa","ur_IN":"Urdu kasa (India)","ur_PK":"Urdu kasa (Pakistan)","ug":"Uyghur","ug_Arab_CN":"Uyghur (Arabic, China)","ug_Arab":"Uyghur (Arabic)","ug_CN":"Uyghur (China)","uz":"Uzbek","uz_AF":"Uzbek (Afghanistan)","uz_Arab_AF":"Uzbek (Arabic, Afghanistan)","uz_Arab":"Uzbek (Arabic)","uz_Cyrl_UZ":"Uzbek (Cyrillic, Uzbekistan)","uz_Cyrl":"Uzbek (Cyrillic)","uz_Latn_UZ":"Uzbek (Latin, Uzbekistan)","uz_Latn":"Uzbek (Latin)","uz_UZ":"Uzbek (Uzbekistan)","vi":"Vi\u025btnam kasa","vi_VN":"Vi\u025btnam kasa (Vi\u025btnam)","cy":"Welsh","cy_GB":"Welsh (United Kingdom)","fy":"Western Frisian","fy_NL":"Western Frisian (Netherlands)","yi":"Yiddish","yo":"Yoruba","yo_BJ":"Yoruba (B\u025bnin)","yo_NG":"Yoruba (Naegyeria)","zu":"Zulu","zu_ZA":"Zulu (Afrika Anaafo)"}