{"af":"afrikaans","af_ZA":"afrikaans (C\u0259nub Afrika)","af_NA":"afrikaans (Namibiya)","ak":"akanca","ak_GH":"akanca (Qana)","sq":"alban","sq_AL":"alban (Albaniya)","sq_XK":"alban (Kosovo)","sq_MK":"alban (Makedoniya)","de":"alman","de_DE":"alman (Almaniya)","de_AT":"alman (Avstriya)","de_BE":"alman (Bel\u00e7ika)","de_CH":"alman (\u0130sve\u00e7r\u0259)","de_LI":"alman (Lixten\u015fteyn)","de_LU":"alman (L\u00fcksemburq)","am":"amhar","am_ET":"amhar (Efiopiya)","as":"assam","as_IN":"assam (Hindistan)","az":"az\u0259rbaycan","az_AZ":"az\u0259rbaycan (Az\u0259rbaycan)","az_Cyrl_AZ":"az\u0259rbaycan (kiril, Az\u0259rbaycan)","az_Cyrl":"az\u0259rbaycan (kiril)","az_Latn_AZ":"az\u0259rbaycan (lat\u0131n, Az\u0259rbaycan)","az_Latn":"az\u0259rbaycan (lat\u0131n)","bm":"bambara","bm_Latn_ML":"bambara (lat\u0131n, Mali)","bm_Latn":"bambara (lat\u0131n)","eu":"bask","eu_ES":"bask (\u0130spaniya)","be":"belarus","be_BY":"belarus (Belarus)","bn":"benqal","bn_BD":"benqal (Banqlade\u015f)","bn_IN":"benqal (Hindistan)","my":"birma","my_MM":"birma (Myanma)","nb":"bokmal norve\u00e7","nb_NO":"bokmal norve\u00e7 (Norve\u00e7)","nb_SJ":"bokmal norve\u00e7 (Svalbard v\u0259 Yan Mayen)","bg":"bolqar","bg_BG":"bolqar (Bolqariya)","bs":"bosniak","bs_BA":"bosniak (Bosniya v\u0259 Hersoqovina)","bs_Cyrl_BA":"bosniak (kiril, Bosniya v\u0259 Hersoqovina)","bs_Cyrl":"bosniak (kiril)","bs_Latn_BA":"bosniak (lat\u0131n, Bosniya v\u0259 Hersoqovina)","bs_Latn":"bosniak (lat\u0131n)","br":"Bretonca","br_FR":"Bretonca (Fransa)","cs":"\u00e7ex","cs_CZ":"\u00e7ex (\u00c7exiya)","zh":"\u00e7in","zh_CN":"\u00e7in (\u00c7in)","zh_Hant_HK":"\u00e7in (\u0259n\u0259n\u0259vi han, Honq Konq X\u00fcsusi \u0130nzibati \u018frazi \u00c7in)","zh_Hant_MO":"\u00e7in (\u0259n\u0259n\u0259vi han, Makao X\u00fcsusi \u0130nzibati \u018frazi \u00c7in)","zh_Hant_TW":"\u00e7in (\u0259n\u0259n\u0259vi han, Tayvan)","zh_Hant":"\u00e7in (\u0259n\u0259n\u0259vi han)","zh_HK":"\u00e7in (Honq Konq X\u00fcsusi \u0130nzibati \u018frazi \u00c7in)","zh_MO":"\u00e7in (Makao X\u00fcsusi \u0130nzibati \u018frazi \u00c7in)","zh_Hans_CN":"\u00e7in (sad\u0259l\u0259\u015fmi\u015f han, \u00c7in)","zh_Hans_HK":"\u00e7in (sad\u0259l\u0259\u015fmi\u015f han, Honq Konq X\u00fcsusi \u0130nzibati \u018frazi \u00c7in)","zh_Hans_MO":"\u00e7in (sad\u0259l\u0259\u015fmi\u015f han, Makao X\u00fcsusi \u0130nzibati \u018frazi \u00c7in)","zh_Hans_SG":"\u00e7in (sad\u0259l\u0259\u015fmi\u015f han, Sinqapur)","zh_Hans":"\u00e7in (sad\u0259l\u0259\u015fmi\u015f han)","zh_SG":"\u00e7in (Sinqapur)","zh_TW":"\u00e7in (Tayvan)","da":"danimarka","da_DK":"danimarka (Danimarka)","da_GL":"danimarka (Qrenlandiya)","dz":"dzonqa","dz_BT":"dzonqa (Butan)","hy":"erm\u0259ni","hy_AM":"erm\u0259ni (Erm\u0259nistan)","eo":"esperanto","et":"eston","et_EE":"eston (Estoniya)","ee":"eve","ee_GH":"eve (Qana)","ee_TG":"eve (Toqo)","ar":"\u0259r\u0259b","ar_BH":"\u0259r\u0259b (B\u0259hreyn)","ar_AE":"\u0259r\u0259b (Birl\u0259\u015fmi\u015f \u018fr\u0259b \u018fmirlikl\u0259ri)","ar_SS":"\u0259r\u0259b (C\u0259nubi Sudan)","ar_DJ":"\u0259r\u0259b (Cibuti)","ar_TD":"\u0259r\u0259b (\u00c7ad)","ar_ER":"\u0259r\u0259b (Eritreya)","ar_DZ":"\u0259r\u0259b (\u018flc\u0259zair)","ar_PS":"\u0259r\u0259b (F\u0259l\u0259stin \u018frazil\u0259ri)","ar_JO":"\u0259r\u0259b (\u0130ordaniya)","ar_IQ":"\u0259r\u0259b (\u0130raq)","ar_IL":"\u0259r\u0259b (\u0130srail)","ar_KM":"\u0259r\u0259b (Komor Adalar\u0131)","ar_KW":"\u0259r\u0259b (K\u00fcveyt)","ar_QA":"\u0259r\u0259b (Qatar)","ar_EH":"\u0259r\u0259b (Q\u0259rbi Sahara)","ar_LB":"\u0259r\u0259b (Livan)","ar_LY":"\u0259r\u0259b (Liviya)","ar_MR":"\u0259r\u0259b (Mavritaniya)","ar_MA":"\u0259r\u0259b (M\u0259rake\u015f)","ar_EG":"\u0259r\u0259b (Misir)","ar_OM":"\u0259r\u0259b (Oman)","ar_SA":"\u0259r\u0259b (S\u0259udiyy\u0259 \u018fr\u0259bistan\u0131)","ar_SO":"\u0259r\u0259b (Somali)","ar_SD":"\u0259r\u0259b (Sudan)","ar_SY":"\u0259r\u0259b (Suriya)","ar_TN":"\u0259r\u0259b (Tunis)","ar_YE":"\u0259r\u0259b (Y\u0259m\u0259n)","fo":"farer","fo_FO":"farer (Farer Adalar\u0131)","fa":"fars","fa_AF":"fars (\u018ffqan\u0131stan)","fa_IR":"fars (\u0130ran)","fi":"fin","fi_FI":"fin (Finlandiya)","fr":"frans\u0131z","fr_BE":"frans\u0131z (Bel\u00e7ika)","fr_BJ":"frans\u0131z (Benin)","fr_BF":"frans\u0131z (Burkina Faso)","fr_BI":"frans\u0131z (Burundi)","fr_DJ":"frans\u0131z (Cibuti)","fr_TD":"frans\u0131z (\u00c7ad)","fr_GQ":"frans\u0131z (Ekvatorial Qvineya)","fr_DZ":"frans\u0131z (\u018flc\u0259zair)","fr_CI":"frans\u0131z (Fil Di\u015fi Sahili)","fr_FR":"frans\u0131z (Fransa)","fr_GF":"frans\u0131z (Frans\u0131z Qviyanas\u0131)","fr_PF":"frans\u0131z (Frans\u0131z Polineziyas\u0131)","fr_HT":"frans\u0131z (Haiti)","fr_CH":"frans\u0131z (\u0130sve\u00e7r\u0259)","fr_CM":"frans\u0131z (Kamerun)","fr_CA":"frans\u0131z (Kanada)","fr_KM":"frans\u0131z (Komor Adalar\u0131)","fr_CG":"frans\u0131z (Konqo - Brazzavil)","fr_CD":"frans\u0131z (Konqo - Kin\u015fasa)","fr_GA":"frans\u0131z (Qabon)","fr_GP":"frans\u0131z (Qvadelupa)","fr_GN":"frans\u0131z (Qvineya)","fr_LU":"frans\u0131z (L\u00fcksemburq)","fr_MG":"frans\u0131z (Madaqaskar)","fr_ML":"frans\u0131z (Mali)","fr_MQ":"frans\u0131z (Martinik)","fr_MU":"frans\u0131z (Mavriki)","fr_MR":"frans\u0131z (Mavritaniya)","fr_YT":"frans\u0131z (Mayot)","fr_MA":"frans\u0131z (M\u0259rake\u015f)","fr_CF":"frans\u0131z (M\u0259rk\u0259zi Afrika Respublikas\u0131)","fr_MC":"frans\u0131z (Monako)","fr_NE":"frans\u0131z (Niger)","fr_RE":"frans\u0131z (Reunion)","fr_RW":"frans\u0131z (Ruanda)","fr_BL":"frans\u0131z (San Bartolomey)","fr_MF":"frans\u0131z (San Martin)","fr_PM":"frans\u0131z (San Pier v\u0259 Mikelon)","fr_SN":"frans\u0131z (Seneqal)","fr_SC":"frans\u0131z (Sey\u015fel Adalar\u0131)","fr_SY":"frans\u0131z (Suriya)","fr_TG":"frans\u0131z (Toqo)","fr_TN":"frans\u0131z (Tunis)","fr_WF":"frans\u0131z (Uolis v\u0259 Futuna)","fr_VU":"frans\u0131z (Vanuatu)","fr_NC":"frans\u0131z (Yeni Kaledoniya)","ff":"fula dili","ff_CM":"fula dili (Kamerun)","ff_GN":"fula dili (Qvineya)","ff_MR":"fula dili (Mavritaniya)","ff_SN":"fula dili (Seneqal)","ka":"g\u00fcrc\u00fc","ka_GE":"g\u00fcrc\u00fc (G\u00fcrc\u00fcstan)","ha":"hausa","ha_GH":"hausa (Qana)","ha_Latn_GH":"hausa (lat\u0131n, Qana)","ha_Latn_NE":"hausa (lat\u0131n, Niger)","ha_Latn_NG":"hausa (lat\u0131n, Nigeriya)","ha_Latn":"hausa (lat\u0131n)","ha_NE":"hausa (Niger)","ha_NG":"hausa (Nigeriya)","hi":"hindi","hi_IN":"hindi (Hindistan)","nl":"holland","nl_AW":"holland (Aruba)","nl_BE":"holland (Bel\u00e7ika)","nl_BQ":"holland (Karib Niderland\u0131)","nl_CW":"holland (Kurasao)","nl_NL":"holland (Niderland)","nl_SX":"holland (Sint Maarten)","nl_SR":"holland (Surinam)","hr":"xorvat","hr_BA":"xorvat (Bosniya v\u0259 Hersoqovina)","hr_HR":"xorvat (Xorvatiya)","ig":"iqbo","ig_NG":"iqbo (Nigeriya)","id":"indonez","id_ID":"indonez (\u0130ndoneziya)","en":"ingilis","en_VI":"ingilis (AB\u015e Vircin Adalar\u0131)","en_US":"ingilis (Amerika Birl\u0259\u015fmi\u015f \u015etatlar\u0131)","en_AS":"ingilis (Amerika Samoas\u0131)","en_AI":"ingilis (Angila)","en_AG":"ingilis (Antiqua v\u0259 Barbuda)","en_AU":"ingilis (Avstraliya)","en_BS":"ingilis (Baham Adalar\u0131)","en_BB":"ingilis (Barbados)","en_BE":"ingilis (Bel\u00e7ika)","en_BZ":"ingilis (Beliz)","en_BM":"ingilis (Bermuda)","en_GB":"ingilis (Birl\u0259\u015fmi\u015f Krall\u0131q)","en_UM":"ingilis (Birl\u0259\u015fmi\u015f \u015etatlar Uzaq Adalar)","en_BW":"ingilis (Botsvana)","en_IO":"ingilis (Britaniya Hind Okean\u0131 \u018frazisi)","en_VG":"ingilis (Britaniya Vircin Adalar\u0131)","en_JE":"ingilis (Cersi)","en_ZA":"ingilis (C\u0259nub Afrika)","en_SS":"ingilis (C\u0259nubi Sudan)","en_DG":"ingilis (Dieqo Qarsiya)","en_DM":"ingilis (Dominika)","en_ER":"ingilis (Eritreya)","en_FJ":"ingilis (Fici)","en_PH":"ingilis (Filippin)","en_FK":"ingilis (Folklend Adalar\u0131)","en_GG":"ingilis (Gernsey)","en_GI":"ingilis (Gibraltar)","en_IN":"ingilis (Hindistan)","en_HK":"ingilis (Honq Konq X\u00fcsusi \u0130nzibati \u018frazi \u00c7in)","en_IE":"ingilis (\u0130rlandiya)","en_CM":"ingilis (Kamerun)","en_CA":"ingilis (Kanada)","en_KY":"ingilis (Kayman Adalar\u0131)","en_KE":"ingilis (Keniya)","en_KI":"ingilis (Kiribati)","en_CC":"ingilis (Kokos Adalar\u0131)","en_CK":"ingilis (Kuk Adalar\u0131)","en_GM":"ingilis (Qambiya)","en_GH":"ingilis (Qana)","en_GD":"ingilis (Qrenada)","en_GU":"ingilis (Quam)","en_GY":"ingilis (Qviyana)","en_LS":"ingilis (Lesoto)","en_LR":"ingilis (Liberiya)","en_MG":"ingilis (Madaqaskar)","en_MO":"ingilis (Makao X\u00fcsusi \u0130nzibati \u018frazi \u00c7in)","en_MW":"ingilis (Malavi)","en_MY":"ingilis (Malayziya)","en_MT":"ingilis (Malta)","en_MH":"ingilis (Mar\u015fal Adalar\u0131)","en_MU":"ingilis (Mavriki)","en_IM":"ingilis (Men Adas\u0131)","en_FM":"ingilis (Mikroneziya)","en_CX":"ingilis (Milad Adas\u0131)","en_MS":"ingilis (Monserat)","en_SH":"ingilis (M\u00fcq\u0259dd\u0259s Yelena)","en_NA":"ingilis (Namibiya)","en_NR":"ingilis (Nauru)","en_NG":"ingilis (Nigeriya)","en_NU":"ingilis (Niue)","en_NF":"ingilis (Norfolk Adas\u0131)","en_PK":"ingilis (Pakistan)","en_PW":"ingilis (Palau)","en_PG":"ingilis (Papua Yeni Qvineya)","en_PN":"ingilis (Pitkern Adalar\u0131)","en_PR":"ingilis (Puerto Riko)","en_RW":"ingilis (Ruanda)","en_WS":"ingilis (Samoa)","en_KN":"ingilis (San Kits v\u0259 Nevis)","en_LC":"ingilis (San L\u00fcsiya)","en_VC":"ingilis (San Vinsent v\u0259 Qrenada)","en_SC":"ingilis (Sey\u015fel Adalar\u0131)","en_SL":"ingilis (Siera Leon)","en_SG":"ingilis (Sinqapur)","en_SX":"ingilis (Sint Maarten)","en_SB":"ingilis (Solomon Adalar\u0131)","en_SD":"ingilis (Sudan)","en_SZ":"ingilis (Svazilend)","en_MP":"ingilis (\u015eimali Mariana Adalar\u0131)","en_TZ":"ingilis (Tanzaniya)","en_TK":"ingilis (Tokelau)","en_TO":"ingilis (Tonqa)","en_TT":"ingilis (Trinidad v\u0259 Tobaqo)","en_TC":"ingilis (Turks v\u0259 Kaikos Adalar\u0131)","en_TV":"ingilis (Tuvalu)","en_UG":"ingilis (Uqanda)","en_VU":"ingilis (Vanuatu)","en_JM":"ingilis (Yamayka)","en_NZ":"ingilis (Yeni Zelandiya)","en_ZM":"ingilis (Zambiya)","en_ZW":"ingilis (Zimbabve)","ga":"irland","ga_IE":"irland (\u0130rlandiya)","is":"island","is_IS":"island (\u0130slandiya)","es":"ispan","es_US":"ispan (Amerika Birl\u0259\u015fmi\u015f \u015etatlar\u0131)","es_AR":"ispan (Argentina)","es_BO":"ispan (Boliviya)","es_CL":"ispan (\u00c7ili)","es_DO":"ispan (Dominikan Respublikas\u0131)","es_EC":"ispan (Ekvador)","es_GQ":"ispan (Ekvatorial Qvineya)","es_PH":"ispan (Filippin)","es_HN":"ispan (Honduras)","es_ES":"ispan (\u0130spaniya)","es_IC":"ispan (Kanar Adalar\u0131)","es_CO":"ispan (Kolumbiya)","es_CR":"ispan (Kosta Rika)","es_CU":"ispan (Kuba)","es_GT":"ispan (Qvatemala)","es_MX":"ispan (Meksika)","es_NI":"ispan (Nikaraqua)","es_PA":"ispan (Panama)","es_PY":"ispan (Paraqvay)","es_PE":"ispan (Peru)","es_PR":"ispan (Puerto Riko)","es_SV":"ispan (Salvador)","es_EA":"ispan (Seuta v\u0259 Melilya)","es_UY":"ispan (Uruqvay)","es_VE":"ispan (Venesuela)","sv":"isve\u00e7","sv_AX":"isve\u00e7 (Aland Adalar\u0131)","sv_FI":"isve\u00e7 (Finlandiya)","sv_SE":"isve\u00e7 (\u0130sve\u00e7)","it":"italyan","it_CH":"italyan (\u0130sve\u00e7r\u0259)","it_IT":"italyan (\u0130taliya)","it_SM":"italyan (San Marino)","he":"ivrit","he_IL":"ivrit (\u0130srail)","kl":"kalaallisut","kl_GL":"kalaallisut (Qrenlandiya)","kn":"kannada","kn_IN":"kannada (Hindistan)","ks":"ka\u015fmir","ks_Arab_IN":"ka\u015fmir (\u0259r\u0259b, Hindistan)","ks_Arab":"ka\u015fmir (\u0259r\u0259b)","ks_IN":"ka\u015fmir (Hindistan)","ca":"katalan","ca_AD":"katalan (Andorra)","ca_FR":"katalan (Fransa)","ca_ES":"katalan (\u0130spaniya)","ca_IT":"katalan (\u0130taliya)","qu":"ke\u00e7ua","qu_BO":"ke\u00e7ua (Boliviya)","qu_EC":"ke\u00e7ua (Ekvador)","qu_PE":"ke\u00e7ua (Peru)","km":"kxmer","km_KH":"kxmer (Kamboca)","ki":"kikuyu","ki_KE":"kikuyu (Keniya)","rw":"kinyarvanda","rw_RW":"kinyarvanda (Ruanda)","ko":"koreya","ko_KR":"koreya (C\u0259nubi Koreya)","ko_KP":"koreya (\u015eimali Koreya)","kw":"korn","kw_GB":"korn (Birl\u0259\u015fmi\u015f Krall\u0131q)","gl":"qalisian","gl_ES":"qalisian (\u0130spaniya)","lg":"qanda","lg_UG":"qanda (Uqanda)","kk":"qazax","kk_Cyrl_KZ":"qazax (kiril, Qazax\u0131stan)","kk_Cyrl":"qazax (kiril)","kk_KZ":"qazax (Qazax\u0131stan)","fy":"q\u0259rbi friz","fy_NL":"q\u0259rbi friz (Niderland)","ky":"q\u0131r\u011f\u0131z","ky_Cyrl_KG":"q\u0131r\u011f\u0131z (kiril, Q\u0131r\u011f\u0131z\u0131stan)","ky_Cyrl":"q\u0131r\u011f\u0131z (kiril)","ky_KG":"q\u0131r\u011f\u0131z (Q\u0131r\u011f\u0131z\u0131stan)","gu":"qucarat","gu_IN":"qucarat (Hindistan)","lo":"laos","lo_LA":"laos (Laos)","lv":"lat\u0131\u015f","lv_LV":"lat\u0131\u015f (Latviya)","ln":"linqala","ln_AO":"linqala (Anqola)","ln_CG":"linqala (Konqo - Brazzavil)","ln_CD":"linqala (Konqo - Kin\u015fasa)","ln_CF":"linqala (M\u0259rk\u0259zi Afrika Respublikas\u0131)","lt":"litva","lt_LT":"litva (Litva)","lu":"luba-katanqa","lu_CD":"luba-katanqa (Konqo - Kin\u015fasa)","lb":"l\u00fcksemburq","lb_LU":"l\u00fcksemburq (L\u00fcksemburq)","hu":"macar","hu_HU":"macar (Macar\u0131stan)","mk":"makedon","mk_MK":"makedon (Makedoniya)","mg":"malaqas","mg_MG":"malaqas (Madaqaskar)","ms":"malay","ms_BN":"malay (Bruney)","ms_Latn_BN":"malay (lat\u0131n, Bruney)","ms_Latn_MY":"malay (lat\u0131n, Malayziya)","ms_Latn_SG":"malay (lat\u0131n, Sinqapur)","ms_Latn":"malay (lat\u0131n)","ms_MY":"malay (Malayziya)","ms_SG":"malay (Sinqapur)","ml":"malayalam","ml_IN":"malayalam (Hindistan)","mt":"malta","mt_MT":"malta (Malta)","gv":"manks","gv_IM":"manks (Men Adas\u0131)","mr":"marati","mr_IN":"marati (Hindistan)","mn":"monqol","mn_Cyrl_MN":"monqol (kiril, Monqoliya)","mn_Cyrl":"monqol (kiril)","mn_MN":"monqol (Monqoliya)","ne":"nepal","ne_IN":"nepal (Hindistan)","ne_NP":"nepal (Nepal)","no":"norve\u00e7 dili","no_NO":"norve\u00e7 dili (Norve\u00e7)","nn":"n\u00fcnorsk norve\u00e7","nn_NO":"n\u00fcnorsk norve\u00e7 (Norve\u00e7)","or":"oriya","or_IN":"oriya (Hindistan)","om":"oromo","om_ET":"oromo (Efiopiya)","om_KE":"oromo (Keniya)","os":"osetik dili","os_GE":"osetik dili (G\u00fcrc\u00fcstan)","os_RU":"osetik dili (Rusiya)","uz":"\u00f6zb\u0259k","uz_AF":"\u00f6zb\u0259k (\u018ffqan\u0131stan)","uz_Arab_AF":"\u00f6zb\u0259k (\u0259r\u0259b, \u018ffqan\u0131stan)","uz_Arab":"\u00f6zb\u0259k (\u0259r\u0259b)","uz_Cyrl_UZ":"\u00f6zb\u0259k (kiril, \u00d6zb\u0259kistan)","uz_Cyrl":"\u00f6zb\u0259k (kiril)","uz_Latn_UZ":"\u00f6zb\u0259k (lat\u0131n, \u00d6zb\u0259kistan)","uz_Latn":"\u00f6zb\u0259k (lat\u0131n)","uz_UZ":"\u00f6zb\u0259k (\u00d6zb\u0259kistan)","pa":"p\u0259ncab","pa_Arab_PK":"p\u0259ncab (\u0259r\u0259b, Pakistan)","pa_Arab":"p\u0259ncab (\u0259r\u0259b)","pa_IN":"p\u0259ncab (Hindistan)","pa_Guru_IN":"p\u0259ncab (qurmuxi, Hindistan)","pa_Guru":"p\u0259ncab (qurmuxi)","pa_PK":"p\u0259ncab (Pakistan)","pl":"polyak","pl_PL":"polyak (Pol\u015fa)","pt":"portuqal","pt_AO":"portuqal (Anqola)","pt_BR":"portuqal (Braziliya)","pt_CV":"portuqal (Kape Verde)","pt_GW":"portuqal (Qvineya-Bisau)","pt_MO":"portuqal (Makao X\u00fcsusi \u0130nzibati \u018frazi \u00c7in)","pt_MZ":"portuqal (Mozambik)","pt_PT":"portuqal (Portuqal)","pt_ST":"portuqal (Sao Tome v\u0259 Prinsip)","pt_TL":"portuqal (\u015e\u0259rqi Timor)","ps":"pu\u015ftu","ps_AF":"pu\u015ftu (\u018ffqan\u0131stan)","rm":"retoroman","rm_CH":"retoroman (\u0130sve\u00e7r\u0259)","ro":"rum\u0131n","ro_MD":"rum\u0131n (Moldova)","ro_RO":"rum\u0131n (Rum\u0131niya)","rn":"rundi","rn_BI":"rundi (Burundi)","ru":"rus","ru_BY":"rus (Belarus)","ru_KZ":"rus (Qazax\u0131stan)","ru_KG":"rus (Q\u0131r\u011f\u0131z\u0131stan)","ru_MD":"rus (Moldova)","ru_RU":"rus (Rusiya)","ru_UA":"rus (Ukrayna)","sg":"sanqo","sg_CF":"sanqo (M\u0259rk\u0259zi Afrika Respublikas\u0131)","sr":"serb","sr_BA":"serb (Bosniya v\u0259 Hersoqovina)","sr_Cyrl_BA":"serb (kiril, Bosniya v\u0259 Hersoqovina)","sr_Cyrl_XK":"serb (kiril, Kosovo)","sr_Cyrl_ME":"serb (kiril, Monteneqro)","sr_Cyrl_RS":"serb (kiril, Serbiya)","sr_Cyrl":"serb (kiril)","sr_XK":"serb (Kosovo)","sr_Latn_BA":"serb (lat\u0131n, Bosniya v\u0259 Hersoqovina)","sr_Latn_XK":"serb (lat\u0131n, Kosovo)","sr_Latn_ME":"serb (lat\u0131n, Monteneqro)","sr_Latn_RS":"serb (lat\u0131n, Serbiya)","sr_Latn":"serb (lat\u0131n)","sr_ME":"serb (Monteneqro)","sr_RS":"serb (Serbiya)","sh":"serb-xorvatca","sh_BA":"serb-xorvatca (Bosniya v\u0259 Hersoqovina)","ii":"si\u00e7uan yi","ii_CN":"si\u00e7uan yi (\u00c7in)","si":"sinhal","si_LK":"sinhal (\u015eri Lanka)","gd":"skot gaelik dili","gd_GB":"skot gaelik dili (Birl\u0259\u015fmi\u015f Krall\u0131q)","sk":"slovak","sk_SK":"slovak (Slovakiya)","sl":"sloven","sl_SI":"sloven (Sloveniya)","so":"somali","so_DJ":"somali (Cibuti)","so_ET":"somali (Efiopiya)","so_KE":"somali (Keniya)","so_SO":"somali (Somali)","sw":"suahili","sw_KE":"suahili (Keniya)","sw_TZ":"suahili (Tanzaniya)","sw_UG":"suahili (Uqanda)","nd":"\u015fimali ndebele","nd_ZW":"\u015fimali ndebele (Zimbabve)","se":"\u015fimali sami","se_FI":"\u015fimali sami (Finlandiya)","se_SE":"\u015fimali sami (\u0130sve\u00e7)","se_NO":"\u015fimali sami (Norve\u00e7)","sn":"\u015fona","sn_ZW":"\u015fona (Zimbabve)","tl":"taqaloq dili","tl_PH":"taqaloq dili (Filippin)","ta":"tamil","ta_IN":"tamil (Hindistan)","ta_MY":"tamil (Malayziya)","ta_SG":"tamil (Sinqapur)","ta_LK":"tamil (\u015eri Lanka)","th":"tay","th_TH":"tay (Tayland)","te":"teluqu","te_IN":"teluqu (Hindistan)","bo":"tibet","bo_CN":"tibet (\u00c7in)","bo_IN":"tibet (Hindistan)","ti":"tiqrin","ti_ET":"tiqrin (Efiopiya)","ti_ER":"tiqrin (Eritreya)","to":"tonqa","to_TO":"tonqa (Tonqa)","tr":"t\u00fcrk","tr_CY":"t\u00fcrk (Kipr)","tr_TR":"t\u00fcrk (T\u00fcrkiya)","cy":"uels","cy_GB":"uels (Birl\u0259\u015fmi\u015f Krall\u0131q)","uk":"ukrayna","uk_UA":"ukrayna (Ukrayna)","ur":"urdu","ur_IN":"urdu (Hindistan)","ur_PK":"urdu (Pakistan)","ug":"uy\u011fur","ug_CN":"uy\u011fur (\u00c7in)","ug_Arab_CN":"uy\u011fur (\u0259r\u0259b, \u00c7in)","ug_Arab":"uy\u011fur (\u0259r\u0259b)","vi":"vyetnam","vi_VN":"vyetnam (Vyetnam)","yi":"Yahudi dili","ja":"yapon","ja_JP":"yapon (Yaponiya)","yo":"yoruba","yo_BJ":"yoruba (Benin)","yo_NG":"yoruba (Nigeriya)","el":"yunan","el_CY":"yunan (Kipr)","el_GR":"yunan (Yunan\u0131stan)","zu":"zulu","zu_ZA":"zulu (C\u0259nub Afrika)"}