{"af":"afrikaans","af_ZA":"afrikaans (C\u0259nub Afrika)","af_NA":"afrikaans (Namibiya)","ak":"akanca","ak_GH":"akanca (Qana)","sq":"alban","sq_AL":"alban (Albaniya)","sq_XK":"alban (Kosovo)","sq_MK":"alban (Makedoniya)","am":"amhar","am_ET":"amhar (Efiopiya)","as":"assam","as_IN":"assam (\u04ba\u0438\u043d\u0434\u0438\u0441\u0442\u0430\u043d)","bm":"bambara","bm_Latn_ML":"bambara (lat\u0131n, Mali)","bm_Latn":"bambara (lat\u0131n)","eu":"bask","eu_ES":"bask (\u0130spaniya)","be":"belarus","be_BY":"belarus (Belarus)","bn":"benqal","bn_BD":"benqal (Banqlade\u015f)","bn_IN":"benqal (\u04ba\u0438\u043d\u0434\u0438\u0441\u0442\u0430\u043d)","my":"birma","my_MM":"birma (Myanma)","nb":"bokmal norve\u00e7","nb_NO":"bokmal norve\u00e7 (Norve\u00e7)","nb_SJ":"bokmal norve\u00e7 (Svalbard v\u0259 Yan Mayen)","bg":"bolqar","bg_BG":"bolqar (Bolqariya)","bs":"bosniak","bs_BA":"bosniak (Bosniya v\u0259 Hersoqovina)","bs_Cyrl_BA":"bosniak (kiril, Bosniya v\u0259 Hersoqovina)","bs_Cyrl":"bosniak (kiril)","bs_Latn_BA":"bosniak (lat\u0131n, Bosniya v\u0259 Hersoqovina)","bs_Latn":"bosniak (lat\u0131n)","br":"Bretonca","br_FR":"Bretonca (\u0424\u0440\u0430\u043d\u0441\u0430)","cs":"\u00e7ex","cs_CZ":"\u00e7ex (\u00c7exiya)","da":"danimarka","da_DK":"danimarka (Danimarka)","da_GL":"danimarka (Qrenlandiya)","dz":"dzonqa","dz_BT":"dzonqa (Butan)","hy":"erm\u0259ni","hy_AM":"erm\u0259ni (Erm\u0259nistan)","eo":"esperanto","et":"eston","et_EE":"eston (Estoniya)","ee":"eve","ee_GH":"eve (Qana)","ee_TG":"eve (Toqo)","ar":"\u0259r\u0259b","ar_BH":"\u0259r\u0259b (B\u0259hreyn)","ar_AE":"\u0259r\u0259b (Birl\u0259\u015fmi\u015f \u018fr\u0259b \u018fmirlikl\u0259ri)","ar_SS":"\u0259r\u0259b (C\u0259nubi Sudan)","ar_DJ":"\u0259r\u0259b (Cibuti)","ar_TD":"\u0259r\u0259b (\u00c7ad)","ar_ER":"\u0259r\u0259b (Eritreya)","ar_DZ":"\u0259r\u0259b (\u018flc\u0259zair)","ar_PS":"\u0259r\u0259b (F\u0259l\u0259stin \u018frazil\u0259ri)","ar_JO":"\u0259r\u0259b (\u0130ordaniya)","ar_IQ":"\u0259r\u0259b (\u0130raq)","ar_IL":"\u0259r\u0259b (\u0130srail)","ar_KM":"\u0259r\u0259b (Komor Adalar\u0131)","ar_KW":"\u0259r\u0259b (K\u00fcveyt)","ar_QA":"\u0259r\u0259b (Qatar)","ar_EH":"\u0259r\u0259b (Q\u0259rbi Sahara)","ar_LB":"\u0259r\u0259b (Livan)","ar_LY":"\u0259r\u0259b (Liviya)","ar_MR":"\u0259r\u0259b (Mavritaniya)","ar_MA":"\u0259r\u0259b (M\u0259rake\u015f)","ar_EG":"\u0259r\u0259b (Misir)","ar_OM":"\u0259r\u0259b (Oman)","ar_SA":"\u0259r\u0259b (S\u0259udiyy\u0259 \u018fr\u0259bistan\u0131)","ar_SO":"\u0259r\u0259b (Somali)","ar_SD":"\u0259r\u0259b (Sudan)","ar_SY":"\u0259r\u0259b (Suriya)","ar_TN":"\u0259r\u0259b (Tunis)","ar_YE":"\u0259r\u0259b (Y\u0259m\u0259n)","fo":"farer","fo_FO":"farer (Farer Adalar\u0131)","fa":"fars","fa_AF":"fars (\u018ffqan\u0131stan)","fa_IR":"fars (\u0130ran)","fi":"fin","fi_FI":"fin (Finlandiya)","ff":"fula dili","ff_CM":"fula dili (Kamerun)","ff_GN":"fula dili (Qvineya)","ff_MR":"fula dili (Mavritaniya)","ff_SN":"fula dili (Seneqal)","ka":"g\u00fcrc\u00fc","ka_GE":"g\u00fcrc\u00fc (G\u00fcrc\u00fcstan)","ha":"hausa","ha_GH":"hausa (Qana)","ha_Latn_GH":"hausa (lat\u0131n, Qana)","ha_Latn_NE":"hausa (lat\u0131n, Niger)","ha_Latn_NG":"hausa (lat\u0131n, Nigeriya)","ha_Latn":"hausa (lat\u0131n)","ha_NE":"hausa (Niger)","ha_NG":"hausa (Nigeriya)","hi":"hindi","hi_IN":"hindi (\u04ba\u0438\u043d\u0434\u0438\u0441\u0442\u0430\u043d)","nl":"holland","nl_AW":"holland (Aruba)","nl_BE":"holland (Bel\u00e7ika)","nl_BQ":"holland (Karib Niderland\u0131)","nl_CW":"holland (Kurasao)","nl_NL":"holland (Niderland)","nl_SX":"holland (Sint Maarten)","nl_SR":"holland (Surinam)","hr":"xorvat","hr_BA":"xorvat (Bosniya v\u0259 Hersoqovina)","hr_HR":"xorvat (Xorvatiya)","ig":"iqbo","ig_NG":"iqbo (Nigeriya)","id":"indonez","id_ID":"indonez (\u0130ndoneziya)","ga":"irland","ga_IE":"irland (\u0130rlandiya)","is":"island","is_IS":"island (\u0130slandiya)","sv":"isve\u00e7","sv_AX":"isve\u00e7 (Aland Adalar\u0131)","sv_FI":"isve\u00e7 (Finlandiya)","sv_SE":"isve\u00e7 (\u0130sve\u00e7)","he":"ivrit","he_IL":"ivrit (\u0130srail)","kl":"kalaallisut","kl_GL":"kalaallisut (Qrenlandiya)","kn":"kannada","kn_IN":"kannada (\u04ba\u0438\u043d\u0434\u0438\u0441\u0442\u0430\u043d)","ks":"ka\u015fmir","ks_Arab_IN":"ka\u015fmir (\u0259r\u0259b, \u04ba\u0438\u043d\u0434\u0438\u0441\u0442\u0430\u043d)","ks_Arab":"ka\u015fmir (\u0259r\u0259b)","ks_IN":"ka\u015fmir (\u04ba\u0438\u043d\u0434\u0438\u0441\u0442\u0430\u043d)","ca":"katalan","ca_AD":"katalan (Andorra)","ca_ES":"katalan (\u0130spaniya)","ca_IT":"katalan (\u0418\u0442\u0430\u043b\u0438\u0458\u0430)","ca_FR":"katalan (\u0424\u0440\u0430\u043d\u0441\u0430)","qu":"ke\u00e7ua","qu_BO":"ke\u00e7ua (Boliviya)","qu_EC":"ke\u00e7ua (Ekvador)","qu_PE":"ke\u00e7ua (Peru)","km":"kxmer","km_KH":"kxmer (Kamboca)","ki":"kikuyu","ki_KE":"kikuyu (Keniya)","rw":"kinyarvanda","rw_RW":"kinyarvanda (Ruanda)","ko":"koreya","ko_KR":"koreya (C\u0259nubi Koreya)","ko_KP":"koreya (\u015eimali Koreya)","kw":"korn","kw_GB":"korn (Birl\u0259\u015fmi\u015f Krall\u0131q)","gl":"qalisian","gl_ES":"qalisian (\u0130spaniya)","lg":"qanda","lg_UG":"qanda (Uqanda)","kk":"qazax","kk_Cyrl_KZ":"qazax (kiril, Qazax\u0131stan)","kk_Cyrl":"qazax (kiril)","kk_KZ":"qazax (Qazax\u0131stan)","fy":"q\u0259rbi friz","fy_NL":"q\u0259rbi friz (Niderland)","ky":"q\u0131r\u011f\u0131z","ky_Cyrl_KG":"q\u0131r\u011f\u0131z (kiril, Q\u0131r\u011f\u0131z\u0131stan)","ky_Cyrl":"q\u0131r\u011f\u0131z (kiril)","ky_KG":"q\u0131r\u011f\u0131z (Q\u0131r\u011f\u0131z\u0131stan)","gu":"qucarat","gu_IN":"qucarat (\u04ba\u0438\u043d\u0434\u0438\u0441\u0442\u0430\u043d)","lo":"laos","lo_LA":"laos (Laos)","lv":"lat\u0131\u015f","lv_LV":"lat\u0131\u015f (Latviya)","ln":"linqala","ln_AO":"linqala (Anqola)","ln_CG":"linqala (Konqo - Brazzavil)","ln_CD":"linqala (Konqo - Kin\u015fasa)","ln_CF":"linqala (M\u0259rk\u0259zi Afrika Respublikas\u0131)","lt":"litva","lt_LT":"litva (Litva)","lu":"luba-katanqa","lu_CD":"luba-katanqa (Konqo - Kin\u015fasa)","lb":"l\u00fcksemburq","lb_LU":"l\u00fcksemburq (L\u00fcksemburq)","hu":"macar","hu_HU":"macar (Macar\u0131stan)","mk":"makedon","mk_MK":"makedon (Makedoniya)","mg":"malaqas","mg_MG":"malaqas (Madaqaskar)","ms":"malay","ms_BN":"malay (Bruney)","ms_Latn_BN":"malay (lat\u0131n, Bruney)","ms_Latn_MY":"malay (lat\u0131n, Malayziya)","ms_Latn_SG":"malay (lat\u0131n, Sinqapur)","ms_Latn":"malay (lat\u0131n)","ms_MY":"malay (Malayziya)","ms_SG":"malay (Sinqapur)","ml":"malayalam","ml_IN":"malayalam (\u04ba\u0438\u043d\u0434\u0438\u0441\u0442\u0430\u043d)","mt":"malta","mt_MT":"malta (Malta)","gv":"manks","gv_IM":"manks (Men Adas\u0131)","mr":"marati","mr_IN":"marati (\u04ba\u0438\u043d\u0434\u0438\u0441\u0442\u0430\u043d)","mn":"monqol","mn_Cyrl_MN":"monqol (kiril, Monqoliya)","mn_Cyrl":"monqol (kiril)","mn_MN":"monqol (Monqoliya)","ne":"nepal","ne_NP":"nepal (Nepal)","ne_IN":"nepal (\u04ba\u0438\u043d\u0434\u0438\u0441\u0442\u0430\u043d)","no":"norve\u00e7 dili","no_NO":"norve\u00e7 dili (Norve\u00e7)","nn":"n\u00fcnorsk norve\u00e7","nn_NO":"n\u00fcnorsk norve\u00e7 (Norve\u00e7)","or":"oriya","or_IN":"oriya (\u04ba\u0438\u043d\u0434\u0438\u0441\u0442\u0430\u043d)","om":"oromo","om_ET":"oromo (Efiopiya)","om_KE":"oromo (Keniya)","os":"osetik dili","os_GE":"osetik dili (G\u00fcrc\u00fcstan)","os_RU":"osetik dili (\u0420\u0443\u0441\u0438\u0458\u0430)","uz":"\u00f6zb\u0259k","uz_AF":"\u00f6zb\u0259k (\u018ffqan\u0131stan)","uz_Arab_AF":"\u00f6zb\u0259k (\u0259r\u0259b, \u018ffqan\u0131stan)","uz_Arab":"\u00f6zb\u0259k (\u0259r\u0259b)","uz_Cyrl_UZ":"\u00f6zb\u0259k (kiril, \u00d6zb\u0259kistan)","uz_Cyrl":"\u00f6zb\u0259k (kiril)","uz_Latn_UZ":"\u00f6zb\u0259k (lat\u0131n, \u00d6zb\u0259kistan)","uz_Latn":"\u00f6zb\u0259k (lat\u0131n)","uz_UZ":"\u00f6zb\u0259k (\u00d6zb\u0259kistan)","pa":"p\u0259ncab","pa_Arab_PK":"p\u0259ncab (\u0259r\u0259b, Pakistan)","pa_Arab":"p\u0259ncab (\u0259r\u0259b)","pa_Guru_IN":"p\u0259ncab (qurmuxi, \u04ba\u0438\u043d\u0434\u0438\u0441\u0442\u0430\u043d)","pa_Guru":"p\u0259ncab (qurmuxi)","pa_PK":"p\u0259ncab (Pakistan)","pa_IN":"p\u0259ncab (\u04ba\u0438\u043d\u0434\u0438\u0441\u0442\u0430\u043d)","pl":"polyak","pl_PL":"polyak (Pol\u015fa)","ps":"pu\u015ftu","ps_AF":"pu\u015ftu (\u018ffqan\u0131stan)","rm":"retoroman","rm_CH":"retoroman (\u0130sve\u00e7r\u0259)","ro":"rum\u0131n","ro_MD":"rum\u0131n (Moldova)","ro_RO":"rum\u0131n (Rum\u0131niya)","rn":"rundi","rn_BI":"rundi (Burundi)","sg":"sanqo","sg_CF":"sanqo (M\u0259rk\u0259zi Afrika Respublikas\u0131)","sr":"serb","sr_BA":"serb (Bosniya v\u0259 Hersoqovina)","sr_Cyrl_BA":"serb (kiril, Bosniya v\u0259 Hersoqovina)","sr_Cyrl_XK":"serb (kiril, Kosovo)","sr_Cyrl_ME":"serb (kiril, Monteneqro)","sr_Cyrl_RS":"serb (kiril, Serbiya)","sr_Cyrl":"serb (kiril)","sr_XK":"serb (Kosovo)","sr_Latn_BA":"serb (lat\u0131n, Bosniya v\u0259 Hersoqovina)","sr_Latn_XK":"serb (lat\u0131n, Kosovo)","sr_Latn_ME":"serb (lat\u0131n, Monteneqro)","sr_Latn_RS":"serb (lat\u0131n, Serbiya)","sr_Latn":"serb (lat\u0131n)","sr_ME":"serb (Monteneqro)","sr_RS":"serb (Serbiya)","sh":"serb-xorvatca","sh_BA":"serb-xorvatca (Bosniya v\u0259 Hersoqovina)","ii":"si\u00e7uan yi","ii_CN":"si\u00e7uan yi (\u0427\u0438\u043d)","si":"sinhal","si_LK":"sinhal (\u015eri Lanka)","gd":"skot gaelik dili","gd_GB":"skot gaelik dili (Birl\u0259\u015fmi\u015f Krall\u0131q)","sk":"slovak","sk_SK":"slovak (Slovakiya)","sl":"sloven","sl_SI":"sloven (Sloveniya)","so":"somali","so_DJ":"somali (Cibuti)","so_ET":"somali (Efiopiya)","so_KE":"somali (Keniya)","so_SO":"somali (Somali)","sw":"suahili","sw_KE":"suahili (Keniya)","sw_TZ":"suahili (Tanzaniya)","sw_UG":"suahili (Uqanda)","nd":"\u015fimali ndebele","nd_ZW":"\u015fimali ndebele (Zimbabve)","se":"\u015fimali sami","se_FI":"\u015fimali sami (Finlandiya)","se_SE":"\u015fimali sami (\u0130sve\u00e7)","se_NO":"\u015fimali sami (Norve\u00e7)","sn":"\u015fona","sn_ZW":"\u015fona (Zimbabve)","tl":"taqaloq dili","tl_PH":"taqaloq dili (Filippin)","ta":"tamil","ta_MY":"tamil (Malayziya)","ta_SG":"tamil (Sinqapur)","ta_LK":"tamil (\u015eri Lanka)","ta_IN":"tamil (\u04ba\u0438\u043d\u0434\u0438\u0441\u0442\u0430\u043d)","th":"tay","th_TH":"tay (Tayland)","te":"teluqu","te_IN":"teluqu (\u04ba\u0438\u043d\u0434\u0438\u0441\u0442\u0430\u043d)","bo":"tibet","bo_IN":"tibet (\u04ba\u0438\u043d\u0434\u0438\u0441\u0442\u0430\u043d)","bo_CN":"tibet (\u0427\u0438\u043d)","ti":"tiqrin","ti_ET":"tiqrin (Efiopiya)","ti_ER":"tiqrin (Eritreya)","to":"tonqa","to_TO":"tonqa (Tonqa)","tr":"t\u00fcrk","tr_CY":"t\u00fcrk (Kipr)","tr_TR":"t\u00fcrk (T\u00fcrkiya)","cy":"uels","cy_GB":"uels (Birl\u0259\u015fmi\u015f Krall\u0131q)","uk":"ukrayna","uk_UA":"ukrayna (Ukrayna)","ur":"urdu","ur_PK":"urdu (Pakistan)","ur_IN":"urdu (\u04ba\u0438\u043d\u0434\u0438\u0441\u0442\u0430\u043d)","ug":"uy\u011fur","ug_Arab_CN":"uy\u011fur (\u0259r\u0259b, \u0427\u0438\u043d)","ug_Arab":"uy\u011fur (\u0259r\u0259b)","ug_CN":"uy\u011fur (\u0427\u0438\u043d)","vi":"vyetnam","vi_VN":"vyetnam (Vyetnam)","yi":"Yahudi dili","yo":"yoruba","yo_BJ":"yoruba (Benin)","yo_NG":"yoruba (Nigeriya)","el":"yunan","el_CY":"yunan (Kipr)","el_GR":"yunan (Yunan\u0131stan)","zu":"zulu","zu_ZA":"zulu (C\u0259nub Afrika)","az":"\u0410\u0437\u04d9\u0440\u0431\u0430\u0458\u04b9\u0430\u043d","az_Cyrl_AZ":"\u0410\u0437\u04d9\u0440\u0431\u0430\u0458\u04b9\u0430\u043d (kiril, \u0410\u0437\u04d9\u0440\u0431\u0430\u0458\u04b9\u0430\u043d)","az_Cyrl":"\u0410\u0437\u04d9\u0440\u0431\u0430\u0458\u04b9\u0430\u043d (kiril)","az_Latn_AZ":"\u0410\u0437\u04d9\u0440\u0431\u0430\u0458\u04b9\u0430\u043d (lat\u0131n, \u0410\u0437\u04d9\u0440\u0431\u0430\u0458\u04b9\u0430\u043d)","az_Latn":"\u0410\u0437\u04d9\u0440\u0431\u0430\u0458\u04b9\u0430\u043d (lat\u0131n)","az_AZ":"\u0410\u0437\u04d9\u0440\u0431\u0430\u0458\u04b9\u0430\u043d (\u0410\u0437\u04d9\u0440\u0431\u0430\u0458\u04b9\u0430\u043d)","de":"\u0430\u043b\u043c\u0430\u043d\u04b9\u0430","de_AT":"\u0430\u043b\u043c\u0430\u043d\u04b9\u0430 (Avstriya)","de_BE":"\u0430\u043b\u043c\u0430\u043d\u04b9\u0430 (Bel\u00e7ika)","de_CH":"\u0430\u043b\u043c\u0430\u043d\u04b9\u0430 (\u0130sve\u00e7r\u0259)","de_LI":"\u0430\u043b\u043c\u0430\u043d\u04b9\u0430 (Lixten\u015fteyn)","de_LU":"\u0430\u043b\u043c\u0430\u043d\u04b9\u0430 (L\u00fcksemburq)","de_DE":"\u0430\u043b\u043c\u0430\u043d\u04b9\u0430 (\u0410\u043b\u043c\u0430\u043d\u0438\u0458\u0430)","en":"\u0438\u043d\u049d\u0438\u043b\u0438\u0441\u04b9\u04d9","en_VI":"\u0438\u043d\u049d\u0438\u043b\u0438\u0441\u04b9\u04d9 (AB\u015e Vircin Adalar\u0131)","en_AS":"\u0438\u043d\u049d\u0438\u043b\u0438\u0441\u04b9\u04d9 (Amerika Samoas\u0131)","en_AI":"\u0438\u043d\u049d\u0438\u043b\u0438\u0441\u04b9\u04d9 (Angila)","en_AG":"\u0438\u043d\u049d\u0438\u043b\u0438\u0441\u04b9\u04d9 (Antiqua v\u0259 Barbuda)","en_AU":"\u0438\u043d\u049d\u0438\u043b\u0438\u0441\u04b9\u04d9 (Avstraliya)","en_BS":"\u0438\u043d\u049d\u0438\u043b\u0438\u0441\u04b9\u04d9 (Baham Adalar\u0131)","en_BB":"\u0438\u043d\u049d\u0438\u043b\u0438\u0441\u04b9\u04d9 (Barbados)","en_BE":"\u0438\u043d\u049d\u0438\u043b\u0438\u0441\u04b9\u04d9 (Bel\u00e7ika)","en_BZ":"\u0438\u043d\u049d\u0438\u043b\u0438\u0441\u04b9\u04d9 (Beliz)","en_BM":"\u0438\u043d\u049d\u0438\u043b\u0438\u0441\u04b9\u04d9 (Bermuda)","en_GB":"\u0438\u043d\u049d\u0438\u043b\u0438\u0441\u04b9\u04d9 (Birl\u0259\u015fmi\u015f Krall\u0131q)","en_UM":"\u0438\u043d\u049d\u0438\u043b\u0438\u0441\u04b9\u04d9 (Birl\u0259\u015fmi\u015f \u015etatlar Uzaq Adalar)","en_BW":"\u0438\u043d\u049d\u0438\u043b\u0438\u0441\u04b9\u04d9 (Botsvana)","en_IO":"\u0438\u043d\u049d\u0438\u043b\u0438\u0441\u04b9\u04d9 (Britaniya Hind Okean\u0131 \u018frazisi)","en_VG":"\u0438\u043d\u049d\u0438\u043b\u0438\u0441\u04b9\u04d9 (Britaniya Vircin Adalar\u0131)","en_JE":"\u0438\u043d\u049d\u0438\u043b\u0438\u0441\u04b9\u04d9 (Cersi)","en_ZA":"\u0438\u043d\u049d\u0438\u043b\u0438\u0441\u04b9\u04d9 (C\u0259nub Afrika)","en_SS":"\u0438\u043d\u049d\u0438\u043b\u0438\u0441\u04b9\u04d9 (C\u0259nubi Sudan)","en_DG":"\u0438\u043d\u049d\u0438\u043b\u0438\u0441\u04b9\u04d9 (Dieqo Qarsiya)","en_DM":"\u0438\u043d\u049d\u0438\u043b\u0438\u0441\u04b9\u04d9 (Dominika)","en_ER":"\u0438\u043d\u049d\u0438\u043b\u0438\u0441\u04b9\u04d9 (Eritreya)","en_FJ":"\u0438\u043d\u049d\u0438\u043b\u0438\u0441\u04b9\u04d9 (Fici)","en_PH":"\u0438\u043d\u049d\u0438\u043b\u0438\u0441\u04b9\u04d9 (Filippin)","en_FK":"\u0438\u043d\u049d\u0438\u043b\u0438\u0441\u04b9\u04d9 (Folklend Adalar\u0131)","en_GG":"\u0438\u043d\u049d\u0438\u043b\u0438\u0441\u04b9\u04d9 (Gernsey)","en_GI":"\u0438\u043d\u049d\u0438\u043b\u0438\u0441\u04b9\u04d9 (Gibraltar)","en_HK":"\u0438\u043d\u049d\u0438\u043b\u0438\u0441\u04b9\u04d9 (Honq Konq X\u00fcsusi \u0130nzibati \u018frazi \u00c7in)","en_IE":"\u0438\u043d\u049d\u0438\u043b\u0438\u0441\u04b9\u04d9 (\u0130rlandiya)","en_CM":"\u0438\u043d\u049d\u0438\u043b\u0438\u0441\u04b9\u04d9 (Kamerun)","en_CA":"\u0438\u043d\u049d\u0438\u043b\u0438\u0441\u04b9\u04d9 (Kanada)","en_KY":"\u0438\u043d\u049d\u0438\u043b\u0438\u0441\u04b9\u04d9 (Kayman Adalar\u0131)","en_KE":"\u0438\u043d\u049d\u0438\u043b\u0438\u0441\u04b9\u04d9 (Keniya)","en_KI":"\u0438\u043d\u049d\u0438\u043b\u0438\u0441\u04b9\u04d9 (Kiribati)","en_CC":"\u0438\u043d\u049d\u0438\u043b\u0438\u0441\u04b9\u04d9 (Kokos Adalar\u0131)","en_CK":"\u0438\u043d\u049d\u0438\u043b\u0438\u0441\u04b9\u04d9 (Kuk Adalar\u0131)","en_GM":"\u0438\u043d\u049d\u0438\u043b\u0438\u0441\u04b9\u04d9 (Qambiya)","en_GH":"\u0438\u043d\u049d\u0438\u043b\u0438\u0441\u04b9\u04d9 (Qana)","en_GD":"\u0438\u043d\u049d\u0438\u043b\u0438\u0441\u04b9\u04d9 (Qrenada)","en_GU":"\u0438\u043d\u049d\u0438\u043b\u0438\u0441\u04b9\u04d9 (Quam)","en_GY":"\u0438\u043d\u049d\u0438\u043b\u0438\u0441\u04b9\u04d9 (Qviyana)","en_LS":"\u0438\u043d\u049d\u0438\u043b\u0438\u0441\u04b9\u04d9 (Lesoto)","en_LR":"\u0438\u043d\u049d\u0438\u043b\u0438\u0441\u04b9\u04d9 (Liberiya)","en_MG":"\u0438\u043d\u049d\u0438\u043b\u0438\u0441\u04b9\u04d9 (Madaqaskar)","en_MO":"\u0438\u043d\u049d\u0438\u043b\u0438\u0441\u04b9\u04d9 (Makao X\u00fcsusi \u0130nzibati \u018frazi \u00c7in)","en_MW":"\u0438\u043d\u049d\u0438\u043b\u0438\u0441\u04b9\u04d9 (Malavi)","en_MY":"\u0438\u043d\u049d\u0438\u043b\u0438\u0441\u04b9\u04d9 (Malayziya)","en_MT":"\u0438\u043d\u049d\u0438\u043b\u0438\u0441\u04b9\u04d9 (Malta)","en_MH":"\u0438\u043d\u049d\u0438\u043b\u0438\u0441\u04b9\u04d9 (Mar\u015fal Adalar\u0131)","en_MU":"\u0438\u043d\u049d\u0438\u043b\u0438\u0441\u04b9\u04d9 (Mavriki)","en_IM":"\u0438\u043d\u049d\u0438\u043b\u0438\u0441\u04b9\u04d9 (Men Adas\u0131)","en_FM":"\u0438\u043d\u049d\u0438\u043b\u0438\u0441\u04b9\u04d9 (Mikroneziya)","en_CX":"\u0438\u043d\u049d\u0438\u043b\u0438\u0441\u04b9\u04d9 (Milad Adas\u0131)","en_MS":"\u0438\u043d\u049d\u0438\u043b\u0438\u0441\u04b9\u04d9 (Monserat)","en_SH":"\u0438\u043d\u049d\u0438\u043b\u0438\u0441\u04b9\u04d9 (M\u00fcq\u0259dd\u0259s Yelena)","en_NA":"\u0438\u043d\u049d\u0438\u043b\u0438\u0441\u04b9\u04d9 (Namibiya)","en_NR":"\u0438\u043d\u049d\u0438\u043b\u0438\u0441\u04b9\u04d9 (Nauru)","en_NG":"\u0438\u043d\u049d\u0438\u043b\u0438\u0441\u04b9\u04d9 (Nigeriya)","en_NU":"\u0438\u043d\u049d\u0438\u043b\u0438\u0441\u04b9\u04d9 (Niue)","en_NF":"\u0438\u043d\u049d\u0438\u043b\u0438\u0441\u04b9\u04d9 (Norfolk Adas\u0131)","en_PK":"\u0438\u043d\u049d\u0438\u043b\u0438\u0441\u04b9\u04d9 (Pakistan)","en_PW":"\u0438\u043d\u049d\u0438\u043b\u0438\u0441\u04b9\u04d9 (Palau)","en_PG":"\u0438\u043d\u049d\u0438\u043b\u0438\u0441\u04b9\u04d9 (Papua Yeni Qvineya)","en_PN":"\u0438\u043d\u049d\u0438\u043b\u0438\u0441\u04b9\u04d9 (Pitkern Adalar\u0131)","en_PR":"\u0438\u043d\u049d\u0438\u043b\u0438\u0441\u04b9\u04d9 (Puerto Riko)","en_RW":"\u0438\u043d\u049d\u0438\u043b\u0438\u0441\u04b9\u04d9 (Ruanda)","en_WS":"\u0438\u043d\u049d\u0438\u043b\u0438\u0441\u04b9\u04d9 (Samoa)","en_KN":"\u0438\u043d\u049d\u0438\u043b\u0438\u0441\u04b9\u04d9 (San Kits v\u0259 Nevis)","en_LC":"\u0438\u043d\u049d\u0438\u043b\u0438\u0441\u04b9\u04d9 (San L\u00fcsiya)","en_VC":"\u0438\u043d\u049d\u0438\u043b\u0438\u0441\u04b9\u04d9 (San Vinsent v\u0259 Qrenada)","en_SC":"\u0438\u043d\u049d\u0438\u043b\u0438\u0441\u04b9\u04d9 (Sey\u015fel Adalar\u0131)","en_SL":"\u0438\u043d\u049d\u0438\u043b\u0438\u0441\u04b9\u04d9 (Siera Leon)","en_SG":"\u0438\u043d\u049d\u0438\u043b\u0438\u0441\u04b9\u04d9 (Sinqapur)","en_SX":"\u0438\u043d\u049d\u0438\u043b\u0438\u0441\u04b9\u04d9 (Sint Maarten)","en_SB":"\u0438\u043d\u049d\u0438\u043b\u0438\u0441\u04b9\u04d9 (Solomon Adalar\u0131)","en_SD":"\u0438\u043d\u049d\u0438\u043b\u0438\u0441\u04b9\u04d9 (Sudan)","en_SZ":"\u0438\u043d\u049d\u0438\u043b\u0438\u0441\u04b9\u04d9 (Svazilend)","en_MP":"\u0438\u043d\u049d\u0438\u043b\u0438\u0441\u04b9\u04d9 (\u015eimali Mariana Adalar\u0131)","en_TZ":"\u0438\u043d\u049d\u0438\u043b\u0438\u0441\u04b9\u04d9 (Tanzaniya)","en_TK":"\u0438\u043d\u049d\u0438\u043b\u0438\u0441\u04b9\u04d9 (Tokelau)","en_TO":"\u0438\u043d\u049d\u0438\u043b\u0438\u0441\u04b9\u04d9 (Tonqa)","en_TT":"\u0438\u043d\u049d\u0438\u043b\u0438\u0441\u04b9\u04d9 (Trinidad v\u0259 Tobaqo)","en_TC":"\u0438\u043d\u049d\u0438\u043b\u0438\u0441\u04b9\u04d9 (Turks v\u0259 Kaikos Adalar\u0131)","en_TV":"\u0438\u043d\u049d\u0438\u043b\u0438\u0441\u04b9\u04d9 (Tuvalu)","en_UG":"\u0438\u043d\u049d\u0438\u043b\u0438\u0441\u04b9\u04d9 (Uqanda)","en_VU":"\u0438\u043d\u049d\u0438\u043b\u0438\u0441\u04b9\u04d9 (Vanuatu)","en_JM":"\u0438\u043d\u049d\u0438\u043b\u0438\u0441\u04b9\u04d9 (Yamayka)","en_NZ":"\u0438\u043d\u049d\u0438\u043b\u0438\u0441\u04b9\u04d9 (Yeni Zelandiya)","en_ZM":"\u0438\u043d\u049d\u0438\u043b\u0438\u0441\u04b9\u04d9 (Zambiya)","en_ZW":"\u0438\u043d\u049d\u0438\u043b\u0438\u0441\u04b9\u04d9 (Zimbabve)","en_US":"\u0438\u043d\u049d\u0438\u043b\u0438\u0441\u04b9\u04d9 (\u0410\u043c\u0435\u0440\u0438\u043a\u0430 \u0411\u0438\u0440\u043b\u04d9\u0448\u043c\u0438\u0448 \u0428\u0442\u0430\u0442\u043b\u0430\u0440\u044b)","en_IN":"\u0438\u043d\u049d\u0438\u043b\u0438\u0441\u04b9\u04d9 (\u04ba\u0438\u043d\u0434\u0438\u0441\u0442\u0430\u043d)","es":"\u0438\u0441\u043f\u0430\u043d\u04b9\u0430","es_AR":"\u0438\u0441\u043f\u0430\u043d\u04b9\u0430 (Argentina)","es_BO":"\u0438\u0441\u043f\u0430\u043d\u04b9\u0430 (Boliviya)","es_CL":"\u0438\u0441\u043f\u0430\u043d\u04b9\u0430 (\u00c7ili)","es_DO":"\u0438\u0441\u043f\u0430\u043d\u04b9\u0430 (Dominikan Respublikas\u0131)","es_EC":"\u0438\u0441\u043f\u0430\u043d\u04b9\u0430 (Ekvador)","es_GQ":"\u0438\u0441\u043f\u0430\u043d\u04b9\u0430 (Ekvatorial Qvineya)","es_PH":"\u0438\u0441\u043f\u0430\u043d\u04b9\u0430 (Filippin)","es_HN":"\u0438\u0441\u043f\u0430\u043d\u04b9\u0430 (Honduras)","es_ES":"\u0438\u0441\u043f\u0430\u043d\u04b9\u0430 (\u0130spaniya)","es_IC":"\u0438\u0441\u043f\u0430\u043d\u04b9\u0430 (Kanar Adalar\u0131)","es_CO":"\u0438\u0441\u043f\u0430\u043d\u04b9\u0430 (Kolumbiya)","es_CR":"\u0438\u0441\u043f\u0430\u043d\u04b9\u0430 (Kosta Rika)","es_CU":"\u0438\u0441\u043f\u0430\u043d\u04b9\u0430 (Kuba)","es_GT":"\u0438\u0441\u043f\u0430\u043d\u04b9\u0430 (Qvatemala)","es_MX":"\u0438\u0441\u043f\u0430\u043d\u04b9\u0430 (Meksika)","es_NI":"\u0438\u0441\u043f\u0430\u043d\u04b9\u0430 (Nikaraqua)","es_PA":"\u0438\u0441\u043f\u0430\u043d\u04b9\u0430 (Panama)","es_PY":"\u0438\u0441\u043f\u0430\u043d\u04b9\u0430 (Paraqvay)","es_PE":"\u0438\u0441\u043f\u0430\u043d\u04b9\u0430 (Peru)","es_PR":"\u0438\u0441\u043f\u0430\u043d\u04b9\u0430 (Puerto Riko)","es_SV":"\u0438\u0441\u043f\u0430\u043d\u04b9\u0430 (Salvador)","es_EA":"\u0438\u0441\u043f\u0430\u043d\u04b9\u0430 (Seuta v\u0259 Melilya)","es_UY":"\u0438\u0441\u043f\u0430\u043d\u04b9\u0430 (Uruqvay)","es_VE":"\u0438\u0441\u043f\u0430\u043d\u04b9\u0430 (Venesuela)","es_US":"\u0438\u0441\u043f\u0430\u043d\u04b9\u0430 (\u0410\u043c\u0435\u0440\u0438\u043a\u0430 \u0411\u0438\u0440\u043b\u04d9\u0448\u043c\u0438\u0448 \u0428\u0442\u0430\u0442\u043b\u0430\u0440\u044b)","it":"\u0438\u0442\u0430\u043b\u0458\u0430\u043d\u04b9\u0430","it_CH":"\u0438\u0442\u0430\u043b\u0458\u0430\u043d\u04b9\u0430 (\u0130sve\u00e7r\u0259)","it_SM":"\u0438\u0442\u0430\u043b\u0458\u0430\u043d\u04b9\u0430 (San Marino)","it_IT":"\u0438\u0442\u0430\u043b\u0458\u0430\u043d\u04b9\u0430 (\u0418\u0442\u0430\u043b\u0438\u0458\u0430)","ja":"\u0458\u0430\u043f\u043e\u043d\u04b9\u0430","ja_JP":"\u0458\u0430\u043f\u043e\u043d\u04b9\u0430 (\u0408\u0430\u043f\u043e\u043d\u0438\u0458\u0430)","pt":"\u043f\u043e\u0440\u0442\u0443\u0433\u0430\u043b\u04b9\u0430","pt_AO":"\u043f\u043e\u0440\u0442\u0443\u0433\u0430\u043b\u04b9\u0430 (Anqola)","pt_CV":"\u043f\u043e\u0440\u0442\u0443\u0433\u0430\u043b\u04b9\u0430 (Kape Verde)","pt_GW":"\u043f\u043e\u0440\u0442\u0443\u0433\u0430\u043b\u04b9\u0430 (Qvineya-Bisau)","pt_MO":"\u043f\u043e\u0440\u0442\u0443\u0433\u0430\u043b\u04b9\u0430 (Makao X\u00fcsusi \u0130nzibati \u018frazi \u00c7in)","pt_MZ":"\u043f\u043e\u0440\u0442\u0443\u0433\u0430\u043b\u04b9\u0430 (Mozambik)","pt_PT":"\u043f\u043e\u0440\u0442\u0443\u0433\u0430\u043b\u04b9\u0430 (Portuqal)","pt_ST":"\u043f\u043e\u0440\u0442\u0443\u0433\u0430\u043b\u04b9\u0430 (Sao Tome v\u0259 Prinsip)","pt_TL":"\u043f\u043e\u0440\u0442\u0443\u0433\u0430\u043b\u04b9\u0430 (\u015e\u0259rqi Timor)","pt_BR":"\u043f\u043e\u0440\u0442\u0443\u0433\u0430\u043b\u04b9\u0430 (\u0411\u0440\u0430\u0437\u0438\u043b\u0438\u0458\u0430)","ru":"\u0440\u0443\u0441\u04b9\u0430","ru_BY":"\u0440\u0443\u0441\u04b9\u0430 (Belarus)","ru_KZ":"\u0440\u0443\u0441\u04b9\u0430 (Qazax\u0131stan)","ru_KG":"\u0440\u0443\u0441\u04b9\u0430 (Q\u0131r\u011f\u0131z\u0131stan)","ru_MD":"\u0440\u0443\u0441\u04b9\u0430 (Moldova)","ru_UA":"\u0440\u0443\u0441\u04b9\u0430 (Ukrayna)","ru_RU":"\u0440\u0443\u0441\u04b9\u0430 (\u0420\u0443\u0441\u0438\u0458\u0430)","fr":"\u0444\u0440\u0430\u043d\u0441\u044b\u0437\u04b9\u0430","fr_BE":"\u0444\u0440\u0430\u043d\u0441\u044b\u0437\u04b9\u0430 (Bel\u00e7ika)","fr_BJ":"\u0444\u0440\u0430\u043d\u0441\u044b\u0437\u04b9\u0430 (Benin)","fr_BF":"\u0444\u0440\u0430\u043d\u0441\u044b\u0437\u04b9\u0430 (Burkina Faso)","fr_BI":"\u0444\u0440\u0430\u043d\u0441\u044b\u0437\u04b9\u0430 (Burundi)","fr_DJ":"\u0444\u0440\u0430\u043d\u0441\u044b\u0437\u04b9\u0430 (Cibuti)","fr_TD":"\u0444\u0440\u0430\u043d\u0441\u044b\u0437\u04b9\u0430 (\u00c7ad)","fr_GQ":"\u0444\u0440\u0430\u043d\u0441\u044b\u0437\u04b9\u0430 (Ekvatorial Qvineya)","fr_DZ":"\u0444\u0440\u0430\u043d\u0441\u044b\u0437\u04b9\u0430 (\u018flc\u0259zair)","fr_CI":"\u0444\u0440\u0430\u043d\u0441\u044b\u0437\u04b9\u0430 (Fil Di\u015fi Sahili)","fr_GF":"\u0444\u0440\u0430\u043d\u0441\u044b\u0437\u04b9\u0430 (Frans\u0131z Qviyanas\u0131)","fr_PF":"\u0444\u0440\u0430\u043d\u0441\u044b\u0437\u04b9\u0430 (Frans\u0131z Polineziyas\u0131)","fr_HT":"\u0444\u0440\u0430\u043d\u0441\u044b\u0437\u04b9\u0430 (Haiti)","fr_CH":"\u0444\u0440\u0430\u043d\u0441\u044b\u0437\u04b9\u0430 (\u0130sve\u00e7r\u0259)","fr_CM":"\u0444\u0440\u0430\u043d\u0441\u044b\u0437\u04b9\u0430 (Kamerun)","fr_CA":"\u0444\u0440\u0430\u043d\u0441\u044b\u0437\u04b9\u0430 (Kanada)","fr_KM":"\u0444\u0440\u0430\u043d\u0441\u044b\u0437\u04b9\u0430 (Komor Adalar\u0131)","fr_CG":"\u0444\u0440\u0430\u043d\u0441\u044b\u0437\u04b9\u0430 (Konqo - Brazzavil)","fr_CD":"\u0444\u0440\u0430\u043d\u0441\u044b\u0437\u04b9\u0430 (Konqo - Kin\u015fasa)","fr_GA":"\u0444\u0440\u0430\u043d\u0441\u044b\u0437\u04b9\u0430 (Qabon)","fr_GP":"\u0444\u0440\u0430\u043d\u0441\u044b\u0437\u04b9\u0430 (Qvadelupa)","fr_GN":"\u0444\u0440\u0430\u043d\u0441\u044b\u0437\u04b9\u0430 (Qvineya)","fr_LU":"\u0444\u0440\u0430\u043d\u0441\u044b\u0437\u04b9\u0430 (L\u00fcksemburq)","fr_MG":"\u0444\u0440\u0430\u043d\u0441\u044b\u0437\u04b9\u0430 (Madaqaskar)","fr_ML":"\u0444\u0440\u0430\u043d\u0441\u044b\u0437\u04b9\u0430 (Mali)","fr_MQ":"\u0444\u0440\u0430\u043d\u0441\u044b\u0437\u04b9\u0430 (Martinik)","fr_MU":"\u0444\u0440\u0430\u043d\u0441\u044b\u0437\u04b9\u0430 (Mavriki)","fr_MR":"\u0444\u0440\u0430\u043d\u0441\u044b\u0437\u04b9\u0430 (Mavritaniya)","fr_YT":"\u0444\u0440\u0430\u043d\u0441\u044b\u0437\u04b9\u0430 (Mayot)","fr_MA":"\u0444\u0440\u0430\u043d\u0441\u044b\u0437\u04b9\u0430 (M\u0259rake\u015f)","fr_CF":"\u0444\u0440\u0430\u043d\u0441\u044b\u0437\u04b9\u0430 (M\u0259rk\u0259zi Afrika Respublikas\u0131)","fr_MC":"\u0444\u0440\u0430\u043d\u0441\u044b\u0437\u04b9\u0430 (Monako)","fr_NE":"\u0444\u0440\u0430\u043d\u0441\u044b\u0437\u04b9\u0430 (Niger)","fr_RE":"\u0444\u0440\u0430\u043d\u0441\u044b\u0437\u04b9\u0430 (Reunion)","fr_RW":"\u0444\u0440\u0430\u043d\u0441\u044b\u0437\u04b9\u0430 (Ruanda)","fr_BL":"\u0444\u0440\u0430\u043d\u0441\u044b\u0437\u04b9\u0430 (San Bartolomey)","fr_MF":"\u0444\u0440\u0430\u043d\u0441\u044b\u0437\u04b9\u0430 (San Martin)","fr_PM":"\u0444\u0440\u0430\u043d\u0441\u044b\u0437\u04b9\u0430 (San Pier v\u0259 Mikelon)","fr_SN":"\u0444\u0440\u0430\u043d\u0441\u044b\u0437\u04b9\u0430 (Seneqal)","fr_SC":"\u0444\u0440\u0430\u043d\u0441\u044b\u0437\u04b9\u0430 (Sey\u015fel Adalar\u0131)","fr_SY":"\u0444\u0440\u0430\u043d\u0441\u044b\u0437\u04b9\u0430 (Suriya)","fr_TG":"\u0444\u0440\u0430\u043d\u0441\u044b\u0437\u04b9\u0430 (Toqo)","fr_TN":"\u0444\u0440\u0430\u043d\u0441\u044b\u0437\u04b9\u0430 (Tunis)","fr_WF":"\u0444\u0440\u0430\u043d\u0441\u044b\u0437\u04b9\u0430 (Uolis v\u0259 Futuna)","fr_VU":"\u0444\u0440\u0430\u043d\u0441\u044b\u0437\u04b9\u0430 (Vanuatu)","fr_NC":"\u0444\u0440\u0430\u043d\u0441\u044b\u0437\u04b9\u0430 (Yeni Kaledoniya)","fr_FR":"\u0444\u0440\u0430\u043d\u0441\u044b\u0437\u04b9\u0430 (\u0424\u0440\u0430\u043d\u0441\u0430)","zh":"\u0447\u0438\u043d\u04b9\u04d9","zh_Hant_HK":"\u0447\u0438\u043d\u04b9\u04d9 (\u0259n\u0259n\u0259vi han, Honq Konq X\u00fcsusi \u0130nzibati \u018frazi \u00c7in)","zh_Hant_MO":"\u0447\u0438\u043d\u04b9\u04d9 (\u0259n\u0259n\u0259vi han, Makao X\u00fcsusi \u0130nzibati \u018frazi \u00c7in)","zh_Hant_TW":"\u0447\u0438\u043d\u04b9\u04d9 (\u0259n\u0259n\u0259vi han, Tayvan)","zh_Hant":"\u0447\u0438\u043d\u04b9\u04d9 (\u0259n\u0259n\u0259vi han)","zh_HK":"\u0447\u0438\u043d\u04b9\u04d9 (Honq Konq X\u00fcsusi \u0130nzibati \u018frazi \u00c7in)","zh_MO":"\u0447\u0438\u043d\u04b9\u04d9 (Makao X\u00fcsusi \u0130nzibati \u018frazi \u00c7in)","zh_Hans_HK":"\u0447\u0438\u043d\u04b9\u04d9 (sad\u0259l\u0259\u015fmi\u015f han, Honq Konq X\u00fcsusi \u0130nzibati \u018frazi \u00c7in)","zh_Hans_MO":"\u0447\u0438\u043d\u04b9\u04d9 (sad\u0259l\u0259\u015fmi\u015f han, Makao X\u00fcsusi \u0130nzibati \u018frazi \u00c7in)","zh_Hans_SG":"\u0447\u0438\u043d\u04b9\u04d9 (sad\u0259l\u0259\u015fmi\u015f han, Sinqapur)","zh_Hans_CN":"\u0447\u0438\u043d\u04b9\u04d9 (sad\u0259l\u0259\u015fmi\u015f han, \u0427\u0438\u043d)","zh_Hans":"\u0447\u0438\u043d\u04b9\u04d9 (sad\u0259l\u0259\u015fmi\u015f han)","zh_SG":"\u0447\u0438\u043d\u04b9\u04d9 (Sinqapur)","zh_TW":"\u0447\u0438\u043d\u04b9\u04d9 (Tayvan)","zh_CN":"\u0447\u0438\u043d\u04b9\u04d9 (\u0427\u0438\u043d)"}