{"af":"Afrikaans","af_NA":"Afrikaans (Namibia)","af_ZA":"Afrikaans (South Africa)","ak":"akankan","ak_GH":"akankan (Gana)","sq":"Albanian","sq_AL":"Albanian (Albania)","sq_XK":"Albanian (Kosovo)","sq_MK":"Albanian (Macedonia)","de":"alima\u0272ikan","de_DE":"alima\u0272ikan (Alima\u0272i)","de_BE":"alima\u0272ikan (B\u025bliziki)","de_LU":"alima\u0272ikan (Likisanburu)","de_LI":"alima\u0272ikan (Lis\u025bnsitayini)","de_AT":"alima\u0272ikan (Otirisi)","de_CH":"alima\u0272ikan (Suwisi)","am":"amarikikan","am_ET":"amarikikan (Etiopi)","en":"angil\u025bkan","en_VI":"angil\u025bkan (Ameriki ka Sungurunnin Gun)","en_US":"angil\u025bkan (Ameriki)","en_IO":"angil\u025bkan (Angil\u025b ka \u025bndu dugukolo)","en_VG":"angil\u025bkan (Angil\u025b ka Sungurunnin Gun)","en_GB":"angil\u025bkan (Angil\u025bt\u025bri)","en_AI":"angil\u025bkan (Angiya)","en_AG":"angil\u025bkan (Antiga-ni-Barbuda)","en_BS":"angil\u025bkan (Bahamasi)","en_KY":"angil\u025bkan (Bama Gun)","en_BB":"angil\u025bkan (Barbadi)","en_BZ":"angil\u025bkan (Belizi)","en_BM":"angil\u025bkan (Bermudi)","en_BE":"angil\u025bkan (B\u025bliziki)","en_BW":"angil\u025bkan (B\u0254tisiwana)","en_DM":"angil\u025bkan (D\u0254miniki)","en_ER":"angil\u025bkan (Eritere)","en_SH":"angil\u025bkan (\u0190l\u025bni Senu)","en_IN":"angil\u025bkan (\u0190ndujamana)","en_FJ":"angil\u025bkan (Fiji)","en_PH":"angil\u025bkan (Filipini)","en_GH":"angil\u025bkan (Gana)","en_GM":"angil\u025bkan (Ganbi)","en_GD":"angil\u025bkan (Granadi)","en_GU":"angil\u025bkan (Gwam)","en_GY":"angil\u025bkan (Gwiyana)","en_IE":"angil\u025bkan (Irilandi)","en_CM":"angil\u025bkan (Kameruni)","en_CA":"angil\u025bkan (Kanada)","en_KE":"angil\u025bkan (Keniya)","en_MP":"angil\u025bkan (K\u025b\u0272\u025bka Mariyani Gun)","en_KI":"angil\u025bkan (Kiribati)","en_KN":"angil\u025bkan (Krist\u0254fo-Senu-ni-\u019dev\u025bs)","en_CK":"angil\u025bkan (Kuki Gun)","en_LS":"angil\u025bkan (Lesoto)","en_LR":"angil\u025bkan (Liberiya)","en_LC":"angil\u025bkan (Lusi-Senu)","en_MG":"angil\u025bkan (Madagasikari)","en_MW":"angil\u025bkan (Malawi)","en_MY":"angil\u025bkan (Mal\u025bzi)","en_MT":"angil\u025bkan (Malti)","en_FK":"angil\u025bkan (Maluwini Gun)","en_MH":"angil\u025bkan (Marisali Gun)","en_FM":"angil\u025bkan (Mikironesi)","en_MS":"angil\u025bkan (Mo\u014bsera)","en_MU":"angil\u025bkan (Morisi)","en_NA":"angil\u025bkan (Namibi)","en_NR":"angil\u025bkan (Nawuru)","en_NG":"angil\u025bkan (Nizeriya)","en_NF":"angil\u025bkan (N\u0254rofoliki Gun)","en_NU":"angil\u025bkan (Nyuwe)","en_AU":"angil\u025bkan (Ositirali)","en_PK":"angil\u025bkan (Pakisita\u014b)","en_PW":"angil\u025bkan (Palawu)","en_PG":"angil\u025bkan (Papuwasi-Gine-Koura)","en_PN":"angil\u025bkan (Pitikarini)","en_PR":"angil\u025bkan (P\u0254rotoriko)","en_RW":"angil\u025bkan (Ruwanda)","en_SB":"angil\u025bkan (Salomo Gun)","en_AS":"angil\u025bkan (Samowa amerikani)","en_WS":"angil\u025bkan (Samowa)","en_SC":"angil\u025bkan (Ses\u025bli)","en_SG":"angil\u025bkan (S\u025bngapuri)","en_SL":"angil\u025bkan (Siyera Lew\u0254ni)","en_SD":"angil\u025bkan (Suda\u014b)","en_SZ":"angil\u025bkan (Swazilandi)","en_TZ":"angil\u025bkan (Tanzani)","en_TK":"angil\u025bkan (Tokelo)","en_TO":"angil\u025bkan (Tonga)","en_TT":"angil\u025bkan (Trinite-ni-Tobago)","en_TC":"angil\u025bkan (Turiki Gun ni Kayiki)","en_TV":"angil\u025bkan (Tuvalu)","en_UG":"angil\u025bkan (Uganda)","en_VU":"angil\u025bkan (Vanuwatu)","en_VC":"angil\u025bkan (Vinis\u025bn-Senu-ni-Grenadini)","en_ZA":"angil\u025bkan (Worodugu Afriki)","en_JM":"angil\u025bkan (Zamayiki)","en_ZM":"angil\u025bkan (Zanbi)","en_NZ":"angil\u025bkan (Zelandi Koura)","en_GI":"angil\u025bkan (Zibralitari)","en_ZW":"angil\u025bkan (Zimbabuwe)","ar_SS":"Arabic (South Sudan)","ar_EH":"Arabic (Western Sahara)","hy":"Armenian","hy_AM":"Armenian (Armenia)","as":"Assamese","as_IN":"Assamese (India)","ha":"awusakan","ha_GH":"awusakan (Gana)","ha_NG":"awusakan (Nizeriya)","ha_NE":"awusakan (Niz\u025bri)","az":"Azerbaijani","az_AZ":"Azerbaijani (Azerbaijan)","az_Cyrl_AZ":"Azerbaijani (Cyrillic, Azerbaijan)","az_Cyrl":"Azerbaijani (Cyrillic)","az_Latn_AZ":"Azerbaijani (Latin, Azerbaijan)","az_Latn":"Azerbaijani (Latin)","bm":"bamanakan","bm_Latn_ML":"Bambara (Latin, Mali)","bm_Latn":"Bambara (Latin)","eu":"Basque","eu_ES":"Basque (Spain)","bn":"b\u025bngalikan","bn_BD":"b\u025bngalikan (B\u025bngilad\u025bsi)","bn_IN":"b\u025bngalikan (\u0190ndujamana)","my":"birimanikan","my_MM":"birimanikan (Myanimari)","be":"biyelorisikan","be_BY":"biyelorisikan (Belarusi)","bs":"Bosnian","bs_BA":"Bosnian (Bosnia & Herzegovina)","bs_Cyrl_BA":"Bosnian (Cyrillic, Bosnia & Herzegovina)","bs_Cyrl":"Bosnian (Cyrillic)","bs_Latn_BA":"Bosnian (Latin, Bosnia & Herzegovina)","bs_Latn":"Bosnian (Latin)","br":"Breton","br_FR":"Breton (France)","bg":"buligarikan","bg_BG":"buligarikan (Buligari)","ca":"Catalan","ca_AD":"Catalan (Andorra)","ca_FR":"Catalan (France)","ca_IT":"Catalan (Italy)","ca_ES":"Catalan (Spain)","cs":"c\u025bkikan","cs_CZ":"c\u025bkikan (Ceki republiki)","zh_HK":"Chinese (Hong Kong SAR China)","zh_MO":"Chinese (Macau SAR China)","zh_Hans_CN":"Chinese (Simplified, China)","zh_Hans_HK":"Chinese (Simplified, Hong Kong SAR China)","zh_Hans_MO":"Chinese (Simplified, Macau SAR China)","zh_Hans_SG":"Chinese (Simplified, Singapore)","zh_Hans":"Chinese (Simplified)","zh_Hant_HK":"Chinese (Traditional, Hong Kong SAR China)","zh_Hant_MO":"Chinese (Traditional, Macau SAR China)","zh_Hant_TW":"Chinese (Traditional, Taiwan)","zh_Hant":"Chinese (Traditional)","kw":"Cornish","kw_GB":"Cornish (United Kingdom)","hr":"Croatian","hr_BA":"Croatian (Bosnia & Herzegovina)","hr_HR":"Croatian (Croatia)","da":"Danish","da_DK":"Danish (Denmark)","da_GL":"Danish (Greenland)","nl_BQ":"Dutch (Caribbean Netherlands)","nl_CW":"Dutch (Cura\u00e7ao)","nl_SX":"Dutch (Sint Maarten)","dz":"Dzongkha","dz_BT":"Dzongkha (Bhutan)","en_CX":"English (Christmas Island)","en_CC":"English (Cocos (Keeling) Islands)","en_DG":"English (Diego Garcia)","en_GG":"English (Guernsey)","en_HK":"English (Hong Kong SAR China)","en_IM":"English (Isle of Man)","en_JE":"English (Jersey)","en_MO":"English (Macau SAR China)","en_SX":"English (Sint Maarten)","en_SS":"English (South Sudan)","en_UM":"English (U.S. Outlying Islands)","es":"esipa\u0272olkan","es_US":"esipa\u0272olkan (Ameriki)","es_AR":"esipa\u0272olkan (Arizantin)","es_BO":"esipa\u0272olkan (Bolivi)","es_DO":"esipa\u0272olkan (D\u0254mimiki republiki)","es_EC":"esipa\u0272olkan (Ekwat\u0254r)","es_ES":"esipa\u0272olkan (Esipa\u0272i)","es_PH":"esipa\u0272olkan (Filipini)","es_GQ":"esipa\u0272olkan (Gine ekwat\u0254ri)","es_GT":"esipa\u0272olkan (Gwatemala)","es_HN":"esipa\u0272olkan (H\u0254ndirasi)","es_CO":"esipa\u0272olkan (Kolombi)","es_CR":"esipa\u0272olkan (K\u0254sitarika)","es_CU":"esipa\u0272olkan (Kuba)","es_MX":"esipa\u0272olkan (Meksiki)","es_NI":"esipa\u0272olkan (Nikaragwa)","es_PA":"esipa\u0272olkan (Panama)","es_PY":"esipa\u0272olkan (Paraguwayi)","es_PE":"esipa\u0272olkan (Peru)","es_PR":"esipa\u0272olkan (P\u0254rotoriko)","es_SV":"esipa\u0272olkan (Salivad\u0254r)","es_CL":"esipa\u0272olkan (Sili)","es_UY":"esipa\u0272olkan (Urugwayi)","es_VE":"esipa\u0272olkan (Venezuwela)","eo":"Esperanto","et":"Estonian","et_EE":"Estonian (Estonia)","ee":"Ewe","ee_GH":"Ewe (Ghana)","ee_TG":"Ewe (Togo)","id":"\u0190ndonezikan","id_ID":"\u0190ndonezikan (\u0190ndonezi)","fo":"Faroese","fo_FO":"Faroese (Faroe Islands)","fi":"Finnish","fi_FI":"Finnish (Finland)","fr_BL":"French (St. Barth\u00e9lemy)","fr_MF":"French (St. Martin)","ff":"Fulah","ff_CM":"Fulah (Cameroon)","ff_GN":"Fulah (Guinea)","ff_MR":"Fulah (Mauritania)","ff_SN":"Fulah (Senegal)","gl":"Galician","gl_ES":"Galician (Spain)","lg":"Ganda","lg_UG":"Ganda (Uganda)","ka":"Georgian","ka_GE":"Georgian (Georgia)","el":"g\u025br\u025bsikan","el_CY":"g\u025br\u025bsikan (Cipri)","el_GR":"g\u025br\u025bsikan (G\u025br\u025bsi)","gu":"Gujarati","gu_IN":"Gujarati (India)","ha_Latn_GH":"Hausa (Latin, Ghana)","ha_Latn_NE":"Hausa (Latin, Niger)","ha_Latn_NG":"Hausa (Latin, Nigeria)","ha_Latn":"Hausa (Latin)","he":"Hebrew","he_IL":"Hebrew (Israel)","is":"Icelandic","is_IS":"Icelandic (Iceland)","ig":"igibokan","ig_NG":"igibokan (Nizeriya)","hi":"inidikan","hi_IN":"inidikan (\u0190ndujamana)","ga":"Irish","ga_IE":"Irish (Ireland)","ru":"irisikan","ru_BY":"irisikan (Belarusi)","ru_RU":"irisikan (Irisi)","ru_KZ":"irisikan (Kazakista\u014b)","ru_KG":"irisikan (Kirigizisita\u014b)","ru_MD":"irisikan (Molidavi)","ru_UA":"irisikan (Uk\u025br\u025bni)","it":"italikan","it_IT":"italikan (Itali)","it_SM":"italikan (Marini-Senu)","it_CH":"italikan (Suwisi)","kl":"Kalaallisut","kl_GL":"Kalaallisut (Greenland)","km":"kambojikan","km_KH":"kambojikan (Kamboji)","kn":"Kannada","kn_IN":"Kannada (India)","ks":"Kashmiri","ks_Arab_IN":"Kashmiri (Arabic, India)","ks_Arab":"Kashmiri (Arabic)","ks_IN":"Kashmiri (India)","kk":"Kazakh","kk_Cyrl_KZ":"Kazakh (Cyrillic, Kazakhstan)","kk_Cyrl":"Kazakh (Cyrillic)","kk_KZ":"Kazakh (Kazakhstan)","ki":"Kikuyu","ki_KE":"Kikuyu (Kenya)","ko":"korekan","ko_KP":"korekan (K\u025b\u0272\u025bka Kore)","ko_KR":"korekan (Worodugu Kore)","ky":"Kyrgyz","ky_Cyrl_KG":"Kyrgyz (Cyrillic, Kyrgyzstan)","ky_Cyrl":"Kyrgyz (Cyrillic)","ky_KG":"Kyrgyz (Kyrgyzstan)","lo":"Lao","lo_LA":"Lao (Laos)","ar":"larabukan","ar_DZ":"larabukan (Alizeri)","ar_SA":"larabukan (Arabiya Sawudiya)","ar_AE":"larabukan (Arabu mara kafoli)","ar_BH":"larabukan (Bareyini)","ar_TD":"larabukan (Cadi)","ar_ER":"larabukan (Eritere)","ar_EG":"larabukan (Eziputi)","ar_IQ":"larabukan (Iraki)","ar_IL":"larabukan (Isirayeli)","ar_DJ":"larabukan (Jibuti)","ar_QA":"larabukan (Katari)","ar_KM":"larabukan (Kom\u0254ri)","ar_KW":"larabukan (Kow\u025bti)","ar_LB":"larabukan (Liba\u014b)","ar_LY":"larabukan (Libi)","ar_MA":"larabukan (Mar\u0254ku)","ar_MR":"larabukan (M\u0254ritani)","ar_OM":"larabukan (Oma\u014b)","ar_PS":"larabukan (Palesitini)","ar_SY":"larabukan (Siri)","ar_SO":"larabukan (Somali)","ar_SD":"larabukan (Suda\u014b)","ar_TN":"larabukan (Tunizi)","ar_YE":"larabukan (Yem\u025bni)","ar_JO":"larabukan (Z\u0254rdani)","lv":"Latvian","lv_LV":"Latvian (Latvia)","ln":"Lingala","ln_AO":"Lingala (Angola)","ln_CF":"Lingala (Central African Republic)","ln_CG":"Lingala (Congo - Brazzaville)","ln_CD":"Lingala (Congo - Kinshasa)","lt":"Lithuanian","lt_LT":"Lithuanian (Lithuania)","lu":"Luba-Katanga","lu_CD":"Luba-Katanga (Congo - Kinshasa)","lb":"Luxembourgish","lb_LU":"Luxembourgish (Luxembourg)","mk":"Macedonian","mk_MK":"Macedonian (Macedonia)","mg":"Malagasy","mg_MG":"Malagasy (Madagascar)","ms_Latn_BN":"Malay (Latin, Brunei)","ms_Latn_MY":"Malay (Latin, Malaysia)","ms_Latn_SG":"Malay (Latin, Singapore)","ms_Latn":"Malay (Latin)","ml":"Malayalam","ml_IN":"Malayalam (India)","ms":"mal\u025bzikan","ms_BN":"mal\u025bzikan (Burin\u025byi)","ms_MY":"mal\u025bzikan (Mal\u025bzi)","ms_SG":"mal\u025bzikan (S\u025bngapuri)","mt":"Maltese","mt_MT":"Maltese (Malta)","gv":"Manx","gv_IM":"Manx (Isle of Man)","mr":"Marathi","mr_IN":"Marathi (India)","mn":"Mongolian","mn_Cyrl_MN":"Mongolian (Cyrillic, Mongolia)","mn_Cyrl":"Mongolian (Cyrillic)","mn_MN":"Mongolian (Mongolia)","ne":"nepalekan","ne_IN":"nepalekan (\u0190ndujamana)","ne_NP":"nepalekan (Nepali)","nd":"North Ndebele","nd_ZW":"North Ndebele (Zimbabwe)","se":"Northern Sami","se_FI":"Northern Sami (Finland)","se_NO":"Northern Sami (Norway)","se_SE":"Northern Sami (Sweden)","no":"Norwegian","no_NO":"Norwegian (Norway)","nb":"Norwegian Bokm\u00e5l","nb_NO":"Norwegian Bokm\u00e5l (Norway)","nb_SJ":"Norwegian Bokm\u00e5l (Svalbard & Jan Mayen)","nn":"Norwegian Nynorsk","nn_NO":"Norwegian Nynorsk (Norway)","nl":"olandekan","nl_AW":"olandekan (Aruba)","nl_BE":"olandekan (B\u025bliziki)","nl_NL":"olandekan (Peyiba)","nl_SR":"olandekan (Surinami)","hu":"o\u014birikan","hu_HU":"o\u014birikan (H\u0254ngri)","or":"Oriya","or_IN":"Oriya (India)","om":"Oromo","om_ET":"Oromo (Ethiopia)","om_KE":"Oromo (Kenya)","os":"Ossetic","os_GE":"Ossetic (Georgia)","os_RU":"Ossetic (Russia)","ps":"Pashto","ps_AF":"Pashto (Afghanistan)","fa":"perisanikan","fa_AF":"perisanikan (Afiganista\u014b)","fa_IR":"perisanikan (Ira\u014b)","pa":"p\u025bnijabikan","pa_IN":"p\u025bnijabikan (\u0190ndujamana)","pa_PK":"p\u025bnijabikan (Pakisita\u014b)","pl":"polonekan","pl_PL":"polonekan (Polo\u0272i)","pt_MO":"Portuguese (Macau SAR China)","pt":"p\u0254ritigalikan","pt_AO":"p\u0254ritigalikan (Angola)","pt_BR":"p\u0254ritigalikan (Berezili)","pt_CV":"p\u0254ritigalikan (Capiv\u025brdi)","pt_GW":"p\u0254ritigalikan (Gine Bisawo)","pt_TL":"p\u0254ritigalikan (K\u0254r\u0254n Tim\u0254r)","pt_MZ":"p\u0254ritigalikan (Mozanbiki)","pt_PT":"p\u0254ritigalikan (P\u0254ritigali)","pt_ST":"p\u0254ritigalikan (Sawo Tome-ni-Prinicipe)","pa_Arab_PK":"Punjabi (Arabic, Pakistan)","pa_Arab":"Punjabi (Arabic)","pa_Guru_IN":"Punjabi (Gurmukhi, India)","pa_Guru":"Punjabi (Gurmukhi)","qu":"Quechua","qu_BO":"Quechua (Bolivia)","qu_EC":"Quechua (Ecuador)","qu_PE":"Quechua (Peru)","rm":"Romansh","rm_CH":"Romansh (Switzerland)","ro":"rumanikan","ro_MD":"rumanikan (Molidavi)","ro_RO":"rumanikan (Rumani)","rn":"Rundi","rn_BI":"Rundi (Burundi)","rw":"ruwandakan","rw_RW":"ruwandakan (Ruwanda)","sg":"Sango","sg_CF":"Sango (Central African Republic)","gd":"Scottish Gaelic","gd_GB":"Scottish Gaelic (United Kingdom)","sr":"Serbian","sr_BA":"Serbian (Bosnia & Herzegovina)","sr_Cyrl_BA":"Serbian (Cyrillic, Bosnia & Herzegovina)","sr_Cyrl_XK":"Serbian (Cyrillic, Kosovo)","sr_Cyrl_ME":"Serbian (Cyrillic, Montenegro)","sr_Cyrl_RS":"Serbian (Cyrillic, Serbia)","sr_Cyrl":"Serbian (Cyrillic)","sr_XK":"Serbian (Kosovo)","sr_Latn_BA":"Serbian (Latin, Bosnia & Herzegovina)","sr_Latn_XK":"Serbian (Latin, Kosovo)","sr_Latn_ME":"Serbian (Latin, Montenegro)","sr_Latn_RS":"Serbian (Latin, Serbia)","sr_Latn":"Serbian (Latin)","sr_ME":"Serbian (Montenegro)","sr_RS":"Serbian (Serbia)","sh":"Serbo-Croatian","sh_BA":"Serbo-Croatian (Bosnia & Herzegovina)","sn":"Shona","sn_ZW":"Shona (Zimbabwe)","ii":"Sichuan Yi","ii_CN":"Sichuan Yi (China)","si":"Sinhala","si_LK":"Sinhala (Sri Lanka)","zh":"siniwakan","zh_SG":"siniwakan (S\u025bngapuri)","zh_CN":"siniwakan (Siniwajamana)","zh_TW":"siniwakan (Tayiwani)","sk":"Slovak","sk_SK":"Slovak (Slovakia)","sl":"Slovenian","sl_SI":"Slovenian (Slovenia)","so":"somalikan","so_ET":"somalikan (Etiopi)","so_DJ":"somalikan (Jibuti)","so_KE":"somalikan (Keniya)","so_SO":"somalikan (Somali)","es_IC":"Spanish (Canary Islands)","es_EA":"Spanish (Ceuta & Melilla)","sv":"suw\u025bdikan","sv_FI":"suw\u025bdikan (Finilandi)","sv_SE":"suw\u025bdikan (Suw\u025bdi)","sw":"Swahili","sw_KE":"Swahili (Kenya)","sw_TZ":"Swahili (Tanzania)","sw_UG":"Swahili (Uganda)","sv_AX":"Swedish (\u00c5land Islands)","tl":"Tagalog","tl_PH":"Tagalog (Philippines)","ta":"tamulikan","ta_IN":"tamulikan (\u0190ndujamana)","ta_MY":"tamulikan (Mal\u025bzi)","ta_SG":"tamulikan (S\u025bngapuri)","ta_LK":"tamulikan (Sirilanka)","th":"tayikan","th_TH":"tayikan (Tayilandi)","te":"Telugu","te_IN":"Telugu (India)","bo":"Tibetan","bo_CN":"Tibetan (China)","bo_IN":"Tibetan (India)","ti":"Tigrinya","ti_ER":"Tigrinya (Eritrea)","ti_ET":"Tigrinya (Ethiopia)","to":"Tongan","to_TO":"Tongan (Tonga)","fr":"tubabukan","fr_DZ":"tubabukan (Alizeri)","fr_HT":"tubabukan (Ayiti)","fr_BJ":"tubabukan (Ben\u025bn)","fr_BE":"tubabukan (B\u025bliziki)","fr_BF":"tubabukan (Burukina Faso)","fr_BI":"tubabukan (Burundi)","fr_TD":"tubabukan (Cadi)","fr_GF":"tubabukan (Faransi ka gwiyani)","fr_PF":"tubabukan (Faransi ka polinezi)","fr_FR":"tubabukan (Faransi)","fr_GA":"tubabukan (Gab\u0254\u014b)","fr_GQ":"tubabukan (Gine ekwat\u0254ri)","fr_GN":"tubabukan (Gine)","fr_GP":"tubabukan (Gwadelup)","fr_DJ":"tubabukan (Jibuti)","fr_NC":"tubabukan (Kaledoni Koura)","fr_CM":"tubabukan (Kameruni)","fr_CA":"tubabukan (Kanada)","fr_CI":"tubabukan (Kodiwari)","fr_KM":"tubabukan (Kom\u0254ri)","fr_CD":"tubabukan (Kongo ka republiki dem\u0254kratiki)","fr_CG":"tubabukan (Kongo)","fr_LU":"tubabukan (Likisanburu)","fr_MG":"tubabukan (Madagasikari)","fr_ML":"tubabukan (Mali)","fr_MQ":"tubabukan (Maritiniki)","fr_MA":"tubabukan (Mar\u0254ku)","fr_YT":"tubabukan (Mayoti)","fr_MC":"tubabukan (Monako)","fr_MU":"tubabukan (Morisi)","fr_MR":"tubabukan (M\u0254ritani)","fr_NE":"tubabukan (Niz\u025bri)","fr_PM":"tubabukan (Piy\u025bri-Senu-ni-Mikel\u0254\u014b)","fr_RE":"tubabukan (Reyu\u0272\u0254\u014b)","fr_RW":"tubabukan (Ruwanda)","fr_CF":"tubabukan (Santarafiriki)","fr_SN":"tubabukan (Senegali)","fr_SC":"tubabukan (Ses\u025bli)","fr_SY":"tubabukan (Siri)","fr_CH":"tubabukan (Suwisi)","fr_TG":"tubabukan (Togo)","fr_TN":"tubabukan (Tunizi)","fr_VU":"tubabukan (Vanuwatu)","fr_WF":"tubabukan (Walisi-ni-Futuna)","tr":"turikikan","tr_CY":"turikikan (Cipri)","tr_TR":"turikikan (Turiki)","uk":"uk\u025br\u025bnikan","uk_UA":"uk\u025br\u025bnikan (Uk\u025br\u025bni)","ur":"urudukan","ur_IN":"urudukan (\u0190ndujamana)","ur_PK":"urudukan (Pakisita\u014b)","ug":"Uyghur","ug_Arab_CN":"Uyghur (Arabic, China)","ug_Arab":"Uyghur (Arabic)","ug_CN":"Uyghur (China)","uz":"Uzbek","uz_AF":"Uzbek (Afghanistan)","uz_Arab_AF":"Uzbek (Arabic, Afghanistan)","uz_Arab":"Uzbek (Arabic)","uz_Cyrl_UZ":"Uzbek (Cyrillic, Uzbekistan)","uz_Cyrl":"Uzbek (Cyrillic)","uz_Latn_UZ":"Uzbek (Latin, Uzbekistan)","uz_Latn":"Uzbek (Latin)","uz_UZ":"Uzbek (Uzbekistan)","cy":"Welsh","cy_GB":"Welsh (United Kingdom)","fy":"Western Frisian","fy_NL":"Western Frisian (Netherlands)","vi":"wiy\u025btinamukan","vi_VN":"wiy\u025btinamukan (Wiy\u025btinamu)","yi":"Yiddish","yo":"yorubakan","yo_BJ":"yorubakan (Ben\u025bn)","yo_NG":"yorubakan (Nizeriya)","ja":"zap\u0254nekan","ja_JP":"zap\u0254nekan (Zap\u0254n)","zu":"zulukan","zu_ZA":"zulukan (Worodugu Afriki)"}