{"af":"afrikaans","af_NA":"afrikaans (Namibia)","af_ZA":"afrikaans (Suafrika)","ak":"akan","ak_GH":"akan (Ghana)","de":"alamaneg","de_DE":"alamaneg (Alamagn)","de_AT":"alamaneg (Aostria)","de_BE":"alamaneg (Belgia)","de_LI":"alamaneg (Liechtenstein)","de_LU":"alamaneg (Luksembourg)","de_CH":"alamaneg (Suis)","sq":"albaneg","sq_AL":"albaneg (Albania)","sq_XK":"albaneg (Kosovo)","sq_MK":"albaneg (Makedonia)","am":"amhareg","am_ET":"amhareg (Etiopia)","ar":"arabeg","ar_DZ":"arabeg (Aljeria)","ar_SA":"arabeg (Arabia Saoudat)","ar_BH":"arabeg (Bahrein)","ar_DJ":"arabeg (Djibouti)","ar_EG":"arabeg (Egipt)","ar_AE":"arabeg (Emirelezhio\u00f9 Arab Unanet)","ar_ER":"arabeg (Eritrea)","ar_IQ":"arabeg (Iraq)","ar_IL":"arabeg (Israel)","ar_JO":"arabeg (Jordania)","ar_KM":"arabeg (Komorez)","ar_KW":"arabeg (Koweit)","ar_LB":"arabeg (Liban)","ar_LY":"arabeg (Libia)","ar_MR":"arabeg (Maouritania)","ar_MA":"arabeg (Maroko)","ar_OM":"arabeg (Oman)","ar_QA":"arabeg (Qatar)","ar_EH":"arabeg (Sahara ar C\u02bchorn\u00f4g)","ar_SY":"arabeg (Siria)","ar_SO":"arabeg (Somalia)","ar_SD":"arabeg (Soudan)","ar_SS":"arabeg (Susoudan)","ar_TD":"arabeg (Tchad)","ar_PS":"arabeg (Tiriado\u00f9 Palestina)","ar_TN":"arabeg (Tunizia)","ar_YE":"arabeg (Yemen)","hy":"armenianeg","hy_AM":"armenianeg (Armenia)","as":"asameg","as_IN":"asameg (India)","az":"azeri","az_AZ":"azeri (Azerbaidjan)","az_Cyrl_AZ":"azeri (kirillek, Azerbaidjan)","az_Cyrl":"azeri (kirillek)","az_Latn_AZ":"azeri (latin, Azerbaidjan)","az_Latn":"azeri (latin)","bm":"bambara","bm_Latn_ML":"bambara (latin, Mali)","bm_Latn":"bambara (latin)","be":"belaruseg","be_BY":"belaruseg (Belarus)","bn":"bengali","bn_BD":"bengali (Bangladesh)","bn_IN":"bengali (India)","my":"birmaneg","my_MM":"birmaneg (Myanmar (Birmania))","bs":"bosneg","bs_BA":"bosneg (Bosnia ha Herzegovina)","bs_Cyrl_BA":"bosneg (kirillek, Bosnia ha Herzegovina)","bs_Cyrl":"bosneg (kirillek)","bs_Latn_BA":"bosneg (latin, Bosnia ha Herzegovina)","bs_Latn":"bosneg (latin)","br":"brezhoneg","br_FR":"brezhoneg (Fra\u00f1s)","bg":"bulgareg","bg_BG":"bulgareg (Bulgaria)","da":"daneg","da_DK":"daneg (Danmark)","da_GL":"daneg (Greunland)","dz":"dzongkha","dz_BT":"dzongkha (Bhoutan)","eo":"esperanteg","et":"estoneg","et_EE":"estoneg (Estonia)","eu":"euskareg","eu_ES":"euskareg (Spagn)","ee":"ewe","ee_GH":"ewe (Ghana)","ee_TG":"ewe (Togo)","fo":"faeroeg","fo_FO":"faeroeg (Inizi Faero)","fi":"finneg","fi_FI":"finneg (Finland)","fy":"frizeg ar C\u02bchorn\u00f4g","fy_NL":"frizeg ar C\u02bchorn\u00f4g (Izelvroio\u00f9)","ff":"Fulah","ff_CM":"Fulah (Cameroon)","ff_GN":"Fulah (Guinea)","ff_MR":"Fulah (Mauritania)","ff_SN":"Fulah (Senegal)","gl":"galizeg","gl_ES":"galizeg (Spagn)","fr":"galleg","fr_DZ":"galleg (Aljeria)","fr_CI":"galleg (Aod an Olifant)","fr_BE":"galleg (Belgia)","fr_BJ":"galleg (Benin)","fr_BF":"galleg (Burkina Faso)","fr_BI":"galleg (Burundi)","fr_DJ":"galleg (Djibouti)","fr_FR":"galleg (Fra\u00f1s)","fr_GA":"galleg (Gabon)","fr_GQ":"galleg (Ginea ar C\u02bcheheder)","fr_GN":"galleg (Ginea)","fr_GP":"galleg (Gwadeloup)","fr_GF":"galleg (Gwiana c\u02bchall)","fr_HT":"galleg (Haiti)","fr_NC":"galleg (Kaledonia Nevez)","fr_CM":"galleg (Kameroun)","fr_CA":"galleg (Kanada)","fr_KM":"galleg (Komorez)","fr_CG":"galleg (Kongo - Brazzaville)","fr_CD":"galleg (Kongo - Kinshasa)","fr_LU":"galleg (Luksembourg)","fr_MG":"galleg (Madagaskar)","fr_ML":"galleg (Mali)","fr_MR":"galleg (Maouritania)","fr_MA":"galleg (Maroko)","fr_MQ":"galleg (Martinik)","fr_YT":"galleg (Mayotte)","fr_MC":"galleg (Monaco)","fr_MU":"galleg (Moris)","fr_NE":"galleg (Niger)","fr_PF":"galleg (Polinezia C\u02bchall)","fr_CF":"galleg (Republik Kreizafrikan)","fr_RE":"galleg (Re\u00fcnion)","fr_RW":"galleg (Rwanda)","fr_BL":"galleg (Saint Barth\u00e9lemy)","fr_MF":"galleg (Saint Martin)","fr_PM":"galleg (Sant-P\u00ear-ha-Mikelon)","fr_SC":"galleg (Sechelez)","fr_SN":"galleg (Senegal)","fr_SY":"galleg (Siria)","fr_CH":"galleg (Suis)","fr_TD":"galleg (Tchad)","fr_TG":"galleg (Togo)","fr_TN":"galleg (Tunizia)","fr_VU":"galleg (Vanuatu)","fr_WF":"galleg (Wallis ha Futuna)","lg":"ganda","lg_UG":"ganda (Ouganda)","el":"gresianeg","el_GR":"gresianeg (Gres)","el_CY":"gresianeg (Kiprenez)","gu":"gujarati","gu_IN":"gujarati (India)","ha":"haousa","ha_GH":"haousa (Ghana)","ha_Latn_GH":"haousa (latin, Ghana)","ha_Latn_NE":"haousa (latin, Niger)","ha_Latn_NG":"haousa (latin, Nigeria)","ha_Latn":"haousa (latin)","ha_NE":"haousa (Niger)","ha_NG":"haousa (Nigeria)","he":"hebraeg","he_IL":"hebraeg (Israel)","hi":"hindi","hi_IN":"hindi (India)","hu":"hungareg","hu_HU":"hungareg (Hungaria)","ig":"igbo","ig_NG":"igbo (Nigeria)","id":"indonezeg","id_ID":"indonezeg (Indonezia)","is":"islandeg","is_IS":"islandeg (Island)","it":"italianeg","it_IT":"italianeg (Italia)","it_SM":"italianeg (San Marino)","it_CH":"italianeg (Suis)","ga":"iwerzhoneg","ga_IE":"iwerzhoneg (Iwerzhon)","ja":"japaneg","ja_JP":"japaneg (Japan)","ka":"jorjianeg","ka_GE":"jorjianeg (Jorjia)","kl":"Kalaallisut","kl_GL":"Kalaallisut (Greenland)","kn":"kanareg","kn_IN":"kanareg (India)","ks":"kashmiri","ks_Arab_IN":"kashmiri (arabek, India)","ks_Arab":"kashmiri (arabek)","ks_IN":"kashmiri (India)","ca":"katalaneg","ca_AD":"katalaneg (Andorra)","ca_FR":"katalaneg (Fra\u00f1s)","ca_IT":"katalaneg (Italia)","ca_ES":"katalaneg (Spagn)","kk":"kazak","kk_KZ":"kazak (Kazakstan)","kk_Cyrl_KZ":"kazak (kirillek, Kazakstan)","kk_Cyrl":"kazak (kirillek)","qu":"kechuaeg","qu_BO":"kechuaeg (Bolivia)","qu_EC":"kechuaeg (Ecuador)","qu_PE":"kechuaeg (Perou)","cy":"kembraeg","cy_GB":"kembraeg (Rouantelezh-Unanet)","kw":"kerneveureg","kw_GB":"kerneveureg (Rouantelezh-Unanet)","km":"khmer","km_KH":"khmer (Kambodja)","ki":"kikuyu","ki_KE":"kikuyu (Kenya)","rw":"kinyarwanda","rw_RW":"kinyarwanda (Rwanda)","ky":"kirgiz","ky_Cyrl_KG":"kirgiz (kirillek, Kyrgyzstan)","ky_Cyrl":"kirgiz (kirillek)","ky_KG":"kirgiz (Kyrgyzstan)","ko":"koreaneg","ko_KP":"koreaneg (Korea an Norzh)","ko_KR":"koreaneg (Korea ar Su)","hr":"kroateg","hr_BA":"kroateg (Bosnia ha Herzegovina)","hr_HR":"kroateg (Kroatia)","lo":"laoseg","lo_LA":"laoseg (Laos)","lv":"latvieg","lv_LV":"latvieg (Latvia)","ln":"lingala","ln_AO":"lingala (Angola)","ln_CG":"lingala (Kongo - Brazzaville)","ln_CD":"lingala (Kongo - Kinshasa)","ln_CF":"lingala (Republik Kreizafrikan)","lt":"lituaneg","lt_LT":"lituaneg (Lituania)","lu":"luba-katanga","lu_CD":"luba-katanga (Kongo - Kinshasa)","lb":"luksembourgeg","lb_LU":"luksembourgeg (Luksembourg)","mk":"makedoneg","mk_MK":"makedoneg (Makedonia)","ml":"malayalam","ml_IN":"malayalam (India)","ms":"malayseg","ms_BN":"malayseg (Brunei)","ms_Latn_BN":"malayseg (latin, Brunei)","ms_Latn_MY":"malayseg (latin, Malaysia)","ms_Latn_SG":"malayseg (latin, Singapour)","ms_Latn":"malayseg (latin)","ms_MY":"malayseg (Malaysia)","ms_SG":"malayseg (Singapour)","mg":"malgacheg","mg_MG":"malgacheg (Madagaskar)","mt":"malteg","mt_MT":"malteg (Malta)","gv":"manaveg","gv_IM":"manaveg (Enez Vanav)","mr":"marathi","mr_IN":"marathi (India)","mn":"mongoleg","mn_Cyrl_MN":"mongoleg (kirillek, Mongolia)","mn_Cyrl":"mongoleg (kirillek)","mn_MN":"mongoleg (Mongolia)","nd":"ndebele an Norzh","nd_ZW":"ndebele an Norzh (Zimbabwe)","nl":"nederlandeg","nl_AW":"nederlandeg (Aruba)","nl_BE":"nederlandeg (Belgia)","nl_CW":"nederlandeg (Cura\u00e7ao)","nl_NL":"nederlandeg (Izelvroio\u00f9)","nl_BQ":"nederlandeg (Nederlandat Karib)","nl_SX":"nederlandeg (Sint Maarten)","nl_SR":"nederlandeg (Surinam)","ne":"nepaleg","ne_IN":"nepaleg (India)","ne_NP":"nepaleg (Nepal)","no":"norvegeg","no_NO":"norvegeg (Norvegia)","nb":"norvegeg bokm\u00e5l","nb_NO":"norvegeg bokm\u00e5l (Norvegia)","nb_SJ":"norvegeg bokm\u00e5l (Svalbard)","nn":"norvegeg nynorsk","nn_NO":"norvegeg nynorsk (Norvegia)","or":"oriya","or_IN":"oriya (India)","om":"Oromo","om_ET":"Oromo (Ethiopia)","om_KE":"Oromo (Kenya)","os":"oseteg","os_GE":"oseteg (Jorjia)","os_RU":"oseteg (Rusia)","ug":"ouigoureg","ug_Arab_CN":"ouigoureg (arabek, Sina)","ug_Arab":"ouigoureg (arabek)","ug_CN":"ouigoureg (Sina)","ur":"ourdou","ur_IN":"ourdou (India)","ur_PK":"ourdou (Pakistan)","uz":"ouzbekeg","uz_AF":"ouzbekeg (Afghanistan)","uz_Arab_AF":"ouzbekeg (arabek, Afghanistan)","uz_Arab":"ouzbekeg (arabek)","uz_Cyrl_UZ":"ouzbekeg (kirillek, Ouzbekistan)","uz_Cyrl":"ouzbekeg (kirillek)","uz_Latn_UZ":"ouzbekeg (latin, Ouzbekistan)","uz_Latn":"ouzbekeg (latin)","uz_UZ":"ouzbekeg (Ouzbekistan)","ps":"pachto","ps_AF":"pachto (Afghanistan)","fa":"perseg","fa_AF":"perseg (Afghanistan)","fa_IR":"perseg (Iran)","pl":"poloneg","pl_PL":"poloneg (Polonia)","pt":"portugaleg","pt_AO":"portugaleg (Angola)","pt_BR":"portugaleg (Brazil)","pt_GW":"portugaleg (Ginea-Bissau)","pt_CV":"portugaleg (Kab Glas)","pt_MO":"portugaleg (Macau RMD Sina)","pt_MZ":"portugaleg (Mozambik)","pt_PT":"portugaleg (Portugal)","pt_ST":"portugaleg (S\u00e3o Tom\u00e9 ha Pr\u00edncipe)","pt_TL":"portugaleg (Timor-Leste)","pa":"punjabi","pa_Arab_PK":"punjabi (arabek, Pakistan)","pa_Arab":"punjabi (arabek)","pa_Guru_IN":"punjabi (gurmukhi, India)","pa_Guru":"punjabi (gurmukhi)","pa_IN":"punjabi (India)","pa_PK":"punjabi (Pakistan)","rm":"roma\u00f1cheg","rm_CH":"roma\u00f1cheg (Suis)","ro":"roumaneg","ro_MD":"roumaneg (Moldova)","ro_RO":"roumaneg (Roumania)","rn":"rundi","rn_BI":"rundi (Burundi)","ru":"rusianeg","ru_BY":"rusianeg (Belarus)","ru_KZ":"rusianeg (Kazakstan)","ru_KG":"rusianeg (Kyrgyzstan)","ru_MD":"rusianeg (Moldova)","ru_RU":"rusianeg (Rusia)","ru_UA":"rusianeg (Ukraina)","se":"s\u00e1mi an Norzh","se_FI":"s\u00e1mi an Norzh (Finland)","se_NO":"s\u00e1mi an Norzh (Norvegia)","se_SE":"s\u00e1mi an Norzh (Sveden)","sg":"sango","sg_CF":"sango (Republik Kreizafrikan)","en":"saozneg","en_AI":"saozneg (Anguilla)","en_AG":"saozneg (Antigua ha Barbuda)","en_AU":"saozneg (Aostralia)","en_BS":"saozneg (Bahamas)","en_BB":"saozneg (Barbados)","en_BE":"saozneg (Belgia)","en_BZ":"saozneg (Belize)","en_BM":"saozneg (Bermuda)","en_BW":"saozneg (Botswana)","en_DG":"saozneg (Diego Garcia)","en_DM":"saozneg (Dominica)","en_CX":"saozneg (Enez Christmas)","en_NF":"saozneg (Enez Norfolk)","en_PN":"saozneg (Enez Pitcairn)","en_IM":"saozneg (Enez Vanav)","en_ER":"saozneg (Eritrea)","en_FJ":"saozneg (Fidji)","en_PH":"saozneg (Filipinez)","en_GM":"saozneg (Gambia)","en_GH":"saozneg (Ghana)","en_GD":"saozneg (Grenada)","en_GU":"saozneg (Guam)","en_GY":"saozneg (Guyana)","en_GG":"saozneg (Gwernenez)","en_HK":"saozneg (Hong Kong RMD Sina)","en_IN":"saozneg (India)","en_KY":"saozneg (Inizi Cayman)","en_CK":"saozneg (Inizi Cook)","en_UM":"saozneg (Inizi diabell ar Stado\u00f9-Unanet)","en_FK":"saozneg (Inizi Falkland)","en_VI":"saozneg (Inizi Gwerc\u02bch ar Stado\u00f9-Unanet)","en_VG":"saozneg (Inizi Gwerc\u02bch Breizh-Veur)","en_CC":"saozneg (Inizi Kokoz)","en_MP":"saozneg (Inizi Mariana an Norzh)","en_MH":"saozneg (Inizi Marshall)","en_TC":"saozneg (Inizi Turks ha Caicos)","en_IE":"saozneg (Iwerzhon)","en_JM":"saozneg (Jamaika)","en_JE":"saozneg (Jerzenez)","en_GI":"saozneg (Jibraltar)","en_CM":"saozneg (Kameroun)","en_CA":"saozneg (Kanada)","en_KE":"saozneg (Kenya)","en_KI":"saozneg (Kiribati)","en_LS":"saozneg (Lesotho)","en_LR":"saozneg (Liberia)","en_MO":"saozneg (Macau RMD Sina)","en_MG":"saozneg (Madagaskar)","en_MW":"saozneg (Malawi)","en_MY":"saozneg (Malaysia)","en_MT":"saozneg (Malta)","en_FM":"saozneg (Mikronezia)","en_MS":"saozneg (Montserrat)","en_MU":"saozneg (Moris)","en_NA":"saozneg (Namibia)","en_NR":"saozneg (Nauru)","en_NG":"saozneg (Nigeria)","en_NU":"saozneg (Niue)","en_UG":"saozneg (Ouganda)","en_PK":"saozneg (Pakistan)","en_PW":"saozneg (Palau)","en_PG":"saozneg (Papoua Ginea-Nevez)","en_PR":"saozneg (Puerto Rico)","en_GB":"saozneg (Rouantelezh-Unanet)","en_RW":"saozneg (Rwanda)","en_KN":"saozneg (Saint Kitts ha Nevis)","en_LC":"saozneg (Saint Lucia)","en_SH":"saozneg (Saint-Helena)","en_SB":"saozneg (Salomon)","en_AS":"saozneg (Samoa Amerikan)","en_WS":"saozneg (Samoa)","en_VC":"saozneg (Sant Visant hag ar Grenadinez)","en_SC":"saozneg (Sechelez)","en_SL":"saozneg (Sierra Leone)","en_SG":"saozneg (Singapour)","en_SX":"saozneg (Sint Maarten)","en_SD":"saozneg (Soudan)","en_US":"saozneg (Stado\u00f9-Unanet)","en_ZA":"saozneg (Suafrika)","en_SS":"saozneg (Susoudan)","en_SZ":"saozneg (Swaziland)","en_TZ":"saozneg (Tanzania)","en_IO":"saozneg (Tiriad breizhveurat Meurvor Indez)","en_TK":"saozneg (Tokelau)","en_TO":"saozneg (Tonga)","en_TT":"saozneg (Trinidad ha Tobago)","en_TV":"saozneg (Tuvalu)","en_VU":"saozneg (Vanuatu)","en_ZM":"saozneg (Zambia)","en_NZ":"saozneg (Zeland-Nevez)","en_ZW":"saozneg (Zimbabwe)","sh":"serb-kroateg","sh_BA":"serb-kroateg (Bosnia ha Herzegovina)","sr":"serbeg","sr_BA":"serbeg (Bosnia ha Herzegovina)","sr_Cyrl_BA":"serbeg (kirillek, Bosnia ha Herzegovina)","sr_Cyrl_XK":"serbeg (kirillek, Kosovo)","sr_Cyrl_ME":"serbeg (kirillek, Montenegro)","sr_Cyrl_RS":"serbeg (kirillek, Serbia)","sr_Cyrl":"serbeg (kirillek)","sr_XK":"serbeg (Kosovo)","sr_Latn_BA":"serbeg (latin, Bosnia ha Herzegovina)","sr_Latn_XK":"serbeg (latin, Kosovo)","sr_Latn_ME":"serbeg (latin, Montenegro)","sr_Latn_RS":"serbeg (latin, Serbia)","sr_Latn":"serbeg (latin)","sr_ME":"serbeg (Montenegro)","sr_RS":"serbeg (Serbia)","sn":"shona","sn_ZW":"shona (Zimbabwe)","zh":"sinaeg","zh_Hans_HK":"sinaeg (eeunaet, Hong Kong RMD Sina)","zh_Hans_MO":"sinaeg (eeunaet, Macau RMD Sina)","zh_Hans_CN":"sinaeg (eeunaet, Sina)","zh_Hans_SG":"sinaeg (eeunaet, Singapour)","zh_Hans":"sinaeg (eeunaet)","zh_Hant_HK":"sinaeg (hengounel, Hong Kong RMD Sina)","zh_Hant_MO":"sinaeg (hengounel, Macau RMD Sina)","zh_Hant_TW":"sinaeg (hengounel, Taiwan)","zh_Hant":"sinaeg (hengounel)","zh_HK":"sinaeg (Hong Kong RMD Sina)","zh_MO":"sinaeg (Macau RMD Sina)","zh_CN":"sinaeg (Sina)","zh_SG":"sinaeg (Singapour)","zh_TW":"sinaeg (Taiwan)","si":"singhaleg","si_LK":"singhaleg (Sri Lanka)","gd":"skoseg","gd_GB":"skoseg (Rouantelezh-Unanet)","sk":"slovakeg","sk_SK":"slovakeg (Slovakia)","sl":"sloveneg","sl_SI":"sloveneg (Slovenia)","so":"somali","so_DJ":"somali (Djibouti)","so_ET":"somali (Etiopia)","so_KE":"somali (Kenya)","so_SO":"somali (Somalia)","es":"spagnoleg","es_AR":"spagnoleg (Arc\u02bchantina)","es_BO":"spagnoleg (Bolivia)","es_EA":"spagnoleg (Ceuta ha Melilla)","es_CL":"spagnoleg (Chile)","es_CR":"spagnoleg (Costa Rica)","es_EC":"spagnoleg (Ecuador)","es_PH":"spagnoleg (Filipinez)","es_GQ":"spagnoleg (Ginea ar C\u02bcheheder)","es_GT":"spagnoleg (Guatemala)","es_HN":"spagnoleg (Honduras)","es_IC":"spagnoleg (Inizi Kanariez)","es_CO":"spagnoleg (Kolombia)","es_CU":"spagnoleg (Kuba)","es_MX":"spagnoleg (Mec\u02bchiko)","es_NI":"spagnoleg (Nicaragua)","es_PA":"spagnoleg (Panam\u00e1)","es_PY":"spagnoleg (Paraguay)","es_PE":"spagnoleg (Perou)","es_PR":"spagnoleg (Puerto Rico)","es_DO":"spagnoleg (Republik Dominikan)","es_SV":"spagnoleg (Salvador)","es_ES":"spagnoleg (Spagn)","es_US":"spagnoleg (Stado\u00f9-Unanet)","es_UY":"spagnoleg (Uruguay)","es_VE":"spagnoleg (Venezuela)","sv":"svedeg","sv_FI":"svedeg (Finland)","sv_AX":"svedeg (Inizi \u00c5land)","sv_SE":"svedeg (Sveden)","sw":"swahili","sw_KE":"swahili (Kenya)","sw_UG":"swahili (Ouganda)","sw_TZ":"swahili (Tanzania)","tl":"tagalog","tl_PH":"tagalog (Filipinez)","ta":"tamileg","ta_IN":"tamileg (India)","ta_MY":"tamileg (Malaysia)","ta_SG":"tamileg (Singapour)","ta_LK":"tamileg (Sri Lanka)","cs":"tchekeg","cs_CZ":"tchekeg (Republik Tchek)","te":"telougou","te_IN":"telougou (India)","th":"thai","th_TH":"thai (Thailand)","bo":"tibetaneg","bo_IN":"tibetaneg (India)","bo_CN":"tibetaneg (Sina)","ti":"tigrigna","ti_ER":"tigrigna (Eritrea)","ti_ET":"tigrigna (Etiopia)","to":"tonga","to_TO":"tonga (Tonga)","tr":"turkeg","tr_CY":"turkeg (Kiprenez)","tr_TR":"turkeg (Turkia)","uk":"ukraineg","uk_UA":"ukraineg (Ukraina)","vi":"vietnameg","vi_VN":"vietnameg (Vi\u00eat Nam)","yi":"yiddish","ii":"yieg Sichuan","ii_CN":"yieg Sichuan (Sina)","yo":"yorouba","yo_BJ":"yorouba (Benin)","yo_NG":"yorouba (Nigeria)","zu":"zouloueg","zu_ZA":"zouloueg (Suafrika)"}