{"af":"afrikaans","af_NA":"afrikaans (Nam\u00edbia)","af_ZA":"afrikaans (Rep\u00fablica de Sud-\u00e0frica)","ak":"\u00e0kan","ak_GH":"\u00e0kan (Ghana)","sq":"alban\u00e8s","sq_AL":"alban\u00e8s (Alb\u00e0nia)","sq_XK":"alban\u00e8s (Kosovo)","sq_MK":"alban\u00e8s (Maced\u00f2nia)","de":"alemany","de_DE":"alemany (Alemanya)","de_AT":"alemany (\u00c0ustria)","de_BE":"alemany (B\u00e8lgica)","de_LI":"alemany (Liechtenstein)","de_LU":"alemany (Luxemburg)","de_CH":"alemany (Su\u00efssa)","am":"amh\u00e0ric","am_ET":"amh\u00e0ric (Eti\u00f2pia)","en":"angl\u00e8s","en_AI":"angl\u00e8s (Anguilla)","en_AG":"angl\u00e8s (Antigua i Barbuda)","en_AU":"angl\u00e8s (Austr\u00e0lia)","en_BS":"angl\u00e8s (Bahames)","en_BB":"angl\u00e8s (Barbados)","en_BE":"angl\u00e8s (B\u00e8lgica)","en_BZ":"angl\u00e8s (Belize)","en_BM":"angl\u00e8s (Bermudes)","en_BW":"angl\u00e8s (Botswana)","en_CM":"angl\u00e8s (Camerun)","en_CA":"angl\u00e8s (Canad\u00e0)","en_DG":"angl\u00e8s (Diego Garcia)","en_DM":"angl\u00e8s (Dominica)","en_ER":"angl\u00e8s (Eritrea)","en_US":"angl\u00e8s (Estats Units)","en_FJ":"angl\u00e8s (Fiji)","en_PH":"angl\u00e8s (Filipines)","en_GM":"angl\u00e8s (G\u00e0mbia)","en_GH":"angl\u00e8s (Ghana)","en_GI":"angl\u00e8s (Gibraltar)","en_GD":"angl\u00e8s (Grenada)","en_GU":"angl\u00e8s (Guam)","en_GG":"angl\u00e8s (Guernsey)","en_GY":"angl\u00e8s (Guyana)","en_HK":"angl\u00e8s (Hong Kong (RAE Xina))","en_CX":"angl\u00e8s (illa Christmas)","en_IM":"angl\u00e8s (illa de Man)","en_KY":"angl\u00e8s (Illes Caiman)","en_CC":"angl\u00e8s (illes Cocos)","en_CK":"angl\u00e8s (illes Cook)","en_FK":"angl\u00e8s (Illes Malvines)","en_MP":"angl\u00e8s (illes Mariannes del Nord)","en_MH":"angl\u00e8s (illes Marshall)","en_UM":"angl\u00e8s (illes Perif\u00e8riques Menors dels EUA)","en_PN":"angl\u00e8s (illes Pitcairn)","en_SB":"angl\u00e8s (illes Salom\u00f3)","en_TC":"angl\u00e8s (Illes Turks i Caicos)","en_VG":"angl\u00e8s (Illes Verges Brit\u00e0niques)","en_VI":"angl\u00e8s (Illes Verges Nord-americanes)","en_IN":"angl\u00e8s (\u00cdndia)","en_IE":"angl\u00e8s (Irlanda)","en_JM":"angl\u00e8s (Jamaica)","en_JE":"angl\u00e8s (Jersey)","en_KE":"angl\u00e8s (Kenya)","en_KI":"angl\u00e8s (Kiribati)","en_LS":"angl\u00e8s (Lesotho)","en_LR":"angl\u00e8s (Lib\u00e8ria)","en_MO":"angl\u00e8s (Macau (RAE Xina))","en_MG":"angl\u00e8s (Madagascar)","en_MY":"angl\u00e8s (Mal\u00e0isia)","en_MW":"angl\u00e8s (Malawi)","en_MT":"angl\u00e8s (Malta)","en_MU":"angl\u00e8s (Maurici)","en_FM":"angl\u00e8s (Micron\u00e8sia)","en_MS":"angl\u00e8s (Montserrat)","en_NA":"angl\u00e8s (Nam\u00edbia)","en_NR":"angl\u00e8s (Nauru)","en_NG":"angl\u00e8s (Nig\u00e8ria)","en_NU":"angl\u00e8s (Niue)","en_NF":"angl\u00e8s (Norfolk)","en_NZ":"angl\u00e8s (Nova Zelanda)","en_PK":"angl\u00e8s (Pakistan)","en_PW":"angl\u00e8s (Palau)","en_PG":"angl\u00e8s (Papua Nova Guinea)","en_PR":"angl\u00e8s (Puerto Rico)","en_GB":"angl\u00e8s (Regne Unit)","en_ZA":"angl\u00e8s (Rep\u00fablica de Sud-\u00e0frica)","en_RW":"angl\u00e8s (Ruanda)","en_KN":"angl\u00e8s (Saint Christopher i Nevis)","en_SH":"angl\u00e8s (Saint Helena)","en_LC":"angl\u00e8s (Saint Lucia)","en_VC":"angl\u00e8s (Saint Vincent i les Grenadines)","en_AS":"angl\u00e8s (Samoa Nord-americana)","en_WS":"angl\u00e8s (Samoa)","en_SC":"angl\u00e8s (Seychelles)","en_SL":"angl\u00e8s (Sierra Leone)","en_SG":"angl\u00e8s (Singapur)","en_SX":"angl\u00e8s (Sint Maarten)","en_SS":"angl\u00e8s (Sudan del Sud)","en_SD":"angl\u00e8s (Sudan)","en_SZ":"angl\u00e8s (Swazil\u00e0ndia)","en_TZ":"angl\u00e8s (Tanz\u00e0nia)","en_IO":"angl\u00e8s (Territori Brit\u00e0nic de l\u2019Oce\u00e0 \u00cdndic)","en_TK":"angl\u00e8s (Tokelau)","en_TO":"angl\u00e8s (Tonga)","en_TT":"angl\u00e8s (Trinitat i Tobago)","en_TV":"angl\u00e8s (Tuvalu)","en_UG":"angl\u00e8s (Uganda)","en_VU":"angl\u00e8s (Vanuatu)","en_ZM":"angl\u00e8s (Z\u00e0mbia)","en_ZW":"angl\u00e8s (Zimb\u00e0bue)","ar":"\u00e0rab","ar_DZ":"\u00e0rab (Alg\u00e8ria)","ar_SA":"\u00e0rab (Ar\u00e0bia Saudita)","ar_BH":"\u00e0rab (Bahrain)","ar_KM":"\u00e0rab (Comores)","ar_DJ":"\u00e0rab (Djibouti)","ar_EG":"\u00e0rab (Egipte)","ar_AE":"\u00e0rab (Emirats \u00c0rabs Units)","ar_ER":"\u00e0rab (Eritrea)","ar_YE":"\u00e0rab (Iemen)","ar_IQ":"\u00e0rab (Iraq)","ar_IL":"\u00e0rab (Israel)","ar_JO":"\u00e0rab (Jord\u00e0nia)","ar_KW":"\u00e0rab (Kuwait)","ar_LB":"\u00e0rab (L\u00edban)","ar_LY":"\u00e0rab (L\u00edbia)","ar_MA":"\u00e0rab (Marroc)","ar_MR":"\u00e0rab (Maurit\u00e0nia)","ar_OM":"\u00e0rab (Oman)","ar_PS":"\u00e0rab (Palestina)","ar_QA":"\u00e0rab (Qatar)","ar_EH":"\u00e0rab (S\u00e0hara Occidental)","ar_SY":"\u00e0rab (S\u00edria)","ar_SO":"\u00e0rab (Som\u00e0lia)","ar_SS":"\u00e0rab (Sudan del Sud)","ar_SD":"\u00e0rab (Sudan)","ar_TN":"\u00e0rab (Tun\u00edsia)","ar_TD":"\u00e0rab (Txad)","hy":"armeni","hy_AM":"armeni (Arm\u00e8nia)","as":"assam\u00e8s","as_IN":"assam\u00e8s (\u00cdndia)","az":"azerbaidjan\u00e8s","az_AZ":"azerbaidjan\u00e8s (Azerbaidjan)","az_Cyrl_AZ":"azerbaidjan\u00e8s (cir\u00edl\u00b7lic, Azerbaidjan)","az_Cyrl":"azerbaidjan\u00e8s (cir\u00edl\u00b7lic)","az_Latn_AZ":"azerbaidjan\u00e8s (llat\u00ed, Azerbaidjan)","az_Latn":"azerbaidjan\u00e8s (llat\u00ed)","bm":"bambara","bm_Latn_ML":"bambara (llat\u00ed, Mali)","bm_Latn":"bambara (llat\u00ed)","eu":"basc","eu_ES":"basc (Espanya)","bn":"bengal\u00ed","bn_BD":"bengal\u00ed (Bangla Desh)","bn_IN":"bengal\u00ed (\u00cdndia)","be":"bielor\u00fas","be_BY":"bielor\u00fas (Bielor\u00fassia)","my":"birm\u00e0","my_MM":"birm\u00e0 (Myanmar (Birm\u00e0nia))","bs":"bosni\u00e0","bs_BA":"bosni\u00e0 (B\u00f2snia i Hercegovina)","bs_Cyrl_BA":"bosni\u00e0 (cir\u00edl\u00b7lic, B\u00f2snia i Hercegovina)","bs_Cyrl":"bosni\u00e0 (cir\u00edl\u00b7lic)","bs_Latn_BA":"bosni\u00e0 (llat\u00ed, B\u00f2snia i Hercegovina)","bs_Latn":"bosni\u00e0 (llat\u00ed)","br":"bret\u00f3","br_FR":"bret\u00f3 (Fran\u00e7a)","bg":"b\u00falgar","bg_BG":"b\u00falgar (Bulg\u00e0ria)","ks":"caixmiri","ks_Arab_IN":"caixmiri (\u00e0rab, \u00cdndia)","ks_Arab":"caixmiri (\u00e0rab)","ks_IN":"caixmiri (\u00cdndia)","ca":"catal\u00e0","ca_AD":"catal\u00e0 (Andorra)","ca_ES":"catal\u00e0 (Espanya)","ca_FR":"catal\u00e0 (Fran\u00e7a)","ca_IT":"catal\u00e0 (It\u00e0lia)","ko":"core\u00e0","ko_KP":"core\u00e0 (Corea del Nord)","ko_KR":"core\u00e0 (Corea del Sud)","kw":"c\u00f2rnic","kw_GB":"c\u00f2rnic (Regne Unit)","hr":"croat","hr_BA":"croat (B\u00f2snia i Hercegovina)","hr_HR":"croat (Cro\u00e0cia)","da":"dan\u00e8s","da_DK":"dan\u00e8s (Dinamarca)","da_GL":"dan\u00e8s (Grenl\u00e0ndia)","dz":"dzongka","dz_BT":"dzongka (Bhutan)","sk":"eslovac","sk_SK":"eslovac (Eslov\u00e0quia)","sl":"eslov\u00e8","sl_SI":"eslov\u00e8 (Eslov\u00e8nia)","es":"espanyol","es_AR":"espanyol (Argentina)","es_BO":"espanyol (Bol\u00edvia)","es_EA":"espanyol (Ceuta i Melilla)","es_CO":"espanyol (Col\u00f2mbia)","es_CR":"espanyol (Costa Rica)","es_CU":"espanyol (Cuba)","es_SV":"espanyol (El Salvador)","es_EC":"espanyol (Equador)","es_ES":"espanyol (Espanya)","es_US":"espanyol (Estats Units)","es_PH":"espanyol (Filipines)","es_GT":"espanyol (Guatemala)","es_GQ":"espanyol (Guinea Equatorial)","es_HN":"espanyol (Hondures)","es_IC":"espanyol (illes Can\u00e0ries)","es_MX":"espanyol (M\u00e8xic)","es_NI":"espanyol (Nicaragua)","es_PA":"espanyol (Panam\u00e0)","es_PY":"espanyol (Paraguai)","es_PE":"espanyol (Per\u00fa)","es_PR":"espanyol (Puerto Rico)","es_DO":"espanyol (Rep\u00fablica Dominicana)","es_UY":"espanyol (Uruguai)","es_VE":"espanyol (Vene\u00e7uela)","es_CL":"espanyol (Xile)","eo":"esperanto","et":"estoni\u00e0","et_EE":"estoni\u00e0 (Est\u00f2nia)","ee":"ewe","ee_GH":"ewe (Ghana)","ee_TG":"ewe (Togo)","fo":"fero\u00e8s","fo_FO":"fero\u00e8s (illes F\u00e8roe)","fi":"fin\u00e8s","fi_FI":"fin\u00e8s (Finl\u00e0ndia)","fr":"franc\u00e8s","fr_DZ":"franc\u00e8s (Alg\u00e8ria)","fr_BE":"franc\u00e8s (B\u00e8lgica)","fr_BJ":"franc\u00e8s (Ben\u00edn)","fr_BF":"franc\u00e8s (Burkina Faso)","fr_BI":"franc\u00e8s (Burundi)","fr_CM":"franc\u00e8s (Camerun)","fr_CA":"franc\u00e8s (Canad\u00e0)","fr_KM":"franc\u00e8s (Comores)","fr_CG":"franc\u00e8s (Congo - Brazzaville)","fr_CD":"franc\u00e8s (Congo - Kinshasa)","fr_CI":"franc\u00e8s (Costa d\u2019Ivori)","fr_DJ":"franc\u00e8s (Djibouti)","fr_FR":"franc\u00e8s (Fran\u00e7a)","fr_GA":"franc\u00e8s (Gabon)","fr_GP":"franc\u00e8s (Guadeloupe)","fr_GF":"franc\u00e8s (Guaiana Francesa)","fr_GQ":"franc\u00e8s (Guinea Equatorial)","fr_GN":"franc\u00e8s (Guinea)","fr_HT":"franc\u00e8s (Hait\u00ed)","fr_RE":"franc\u00e8s (Illa de la Reuni\u00f3)","fr_LU":"franc\u00e8s (Luxemburg)","fr_MG":"franc\u00e8s (Madagascar)","fr_ML":"franc\u00e8s (Mali)","fr_MA":"franc\u00e8s (Marroc)","fr_MQ":"franc\u00e8s (Martinica)","fr_MU":"franc\u00e8s (Maurici)","fr_MR":"franc\u00e8s (Maurit\u00e0nia)","fr_YT":"franc\u00e8s (Mayotte)","fr_MC":"franc\u00e8s (M\u00f2naco)","fr_NE":"franc\u00e8s (N\u00edger)","fr_NC":"franc\u00e8s (Nova Caled\u00f2nia)","fr_PF":"franc\u00e8s (Polin\u00e8sia Francesa)","fr_CF":"franc\u00e8s (Rep\u00fablica Centreafricana)","fr_RW":"franc\u00e8s (Ruanda)","fr_BL":"franc\u00e8s (Saint Barth\u00e9lemy)","fr_MF":"franc\u00e8s (Saint Martin)","fr_PM":"franc\u00e8s (Saint-Pierre-et-Miquelon)","fr_SN":"franc\u00e8s (Senegal)","fr_SC":"franc\u00e8s (Seychelles)","fr_SY":"franc\u00e8s (S\u00edria)","fr_CH":"franc\u00e8s (Su\u00efssa)","fr_TG":"franc\u00e8s (Togo)","fr_TN":"franc\u00e8s (Tun\u00edsia)","fr_TD":"franc\u00e8s (Txad)","fr_VU":"franc\u00e8s (Vanuatu)","fr_WF":"franc\u00e8s (Wallis i Futuna)","fy":"fris\u00f3 oriental","fy_NL":"fris\u00f3 oriental (Pa\u00efsos Baixos)","ff":"ful","ff_CM":"ful (Camerun)","ff_GN":"ful (Guinea)","ff_MR":"ful (Maurit\u00e0nia)","ff_SN":"ful (Senegal)","gd":"ga\u00e8lic escoc\u00e8s","gd_GB":"ga\u00e8lic escoc\u00e8s (Regne Unit)","gl":"gallec","gl_ES":"gallec (Espanya)","cy":"gal\u00b7l\u00e8s","cy_GB":"gal\u00b7l\u00e8s (Regne Unit)","lg":"ganda","lg_UG":"ganda (Uganda)","ka":"georgi\u00e0","ka_GE":"georgi\u00e0 (Ge\u00f2rgia)","el":"grec","el_GR":"grec (Gr\u00e8cia)","el_CY":"grec (Xipre)","kl":"grenland\u00e8s","kl_GL":"grenland\u00e8s (Grenl\u00e0ndia)","gu":"gujarati","gu_IN":"gujarati (\u00cdndia)","ha":"haussa","ha_GH":"haussa (Ghana)","ha_Latn_GH":"haussa (llat\u00ed, Ghana)","ha_Latn_NE":"haussa (llat\u00ed, N\u00edger)","ha_Latn_NG":"haussa (llat\u00ed, Nig\u00e8ria)","ha_Latn":"haussa (llat\u00ed)","ha_NE":"haussa (N\u00edger)","ha_NG":"haussa (Nig\u00e8ria)","he":"hebreu","he_IL":"hebreu (Israel)","hi":"hindi","hi_IN":"hindi (\u00cdndia)","hu":"hongar\u00e8s","hu_HU":"hongar\u00e8s (Hongria)","ig":"igbo","ig_NG":"igbo (Nig\u00e8ria)","id":"indonesi","id_ID":"indonesi (Indon\u00e8sia)","yo":"ioruba","yo_BJ":"ioruba (Ben\u00edn)","yo_NG":"ioruba (Nig\u00e8ria)","ga":"irland\u00e8s","ga_IE":"irland\u00e8s (Irlanda)","is":"island\u00e8s","is_IS":"island\u00e8s (Isl\u00e0ndia)","it":"itali\u00e0","it_IT":"itali\u00e0 (It\u00e0lia)","it_SM":"itali\u00e0 (San Marino)","it_CH":"itali\u00e0 (Su\u00efssa)","ja":"japon\u00e8s","ja_JP":"japon\u00e8s (Jap\u00f3)","yi":"jiddisch","kn":"kannada","kn_IN":"kannada (\u00cdndia)","kk":"kazakh","kk_Cyrl_KZ":"kazakh (cir\u00edl\u00b7lic, Kazakhstan)","kk_Cyrl":"kazakh (cir\u00edl\u00b7lic)","kk_KZ":"kazakh (Kazakhstan)","km":"khmer","km_KH":"khmer (Cambodja)","ki":"kikuiu","ki_KE":"kikuiu (Kenya)","ky":"kirgu\u00eds","ky_Cyrl_KG":"kirgu\u00eds (cir\u00edl\u00b7lic, Kirguizistan)","ky_Cyrl":"kirgu\u00eds (cir\u00edl\u00b7lic)","ky_KG":"kirgu\u00eds (Kirguizistan)","lo":"laosi\u00e0","lo_LA":"laosi\u00e0 (Laos)","lv":"let\u00f3","lv_LV":"let\u00f3 (Let\u00f2nia)","ln":"lingala","ln_AO":"lingala (Angola)","ln_CG":"lingala (Congo - Brazzaville)","ln_CD":"lingala (Congo - Kinshasa)","ln_CF":"lingala (Rep\u00fablica Centreafricana)","lt":"litu\u00e0","lt_LT":"litu\u00e0 (Litu\u00e0nia)","lu":"luba katanga","lu_CD":"luba katanga (Congo - Kinshasa)","lb":"luxemburgu\u00e8s","lb_LU":"luxemburgu\u00e8s (Luxemburg)","mk":"macedoni","mk_MK":"macedoni (Maced\u00f2nia)","ms":"malai","ms_BN":"malai (Brunei)","ms_Latn_BN":"malai (llat\u00ed, Brunei)","ms_Latn_MY":"malai (llat\u00ed, Mal\u00e0isia)","ms_Latn_SG":"malai (llat\u00ed, Singapur)","ms_Latn":"malai (llat\u00ed)","ms_MY":"malai (Mal\u00e0isia)","ms_SG":"malai (Singapur)","ml":"malai\u00e0lam","ml_IN":"malai\u00e0lam (\u00cdndia)","mg":"malgaix","mg_MG":"malgaix (Madagascar)","mt":"malt\u00e8s","mt_MT":"malt\u00e8s (Malta)","gv":"manx","gv_IM":"manx (illa de Man)","mr":"marathi","mr_IN":"marathi (\u00cdndia)","mn":"mongol","mn_Cyrl_MN":"mongol (cir\u00edl\u00b7lic, Mong\u00f2lia)","mn_Cyrl":"mongol (cir\u00edl\u00b7lic)","mn_MN":"mongol (Mong\u00f2lia)","nd":"ndebele septentrional","nd_ZW":"ndebele septentrional (Zimb\u00e0bue)","nl":"neerland\u00e8s","nl_AW":"neerland\u00e8s (Aruba)","nl_BE":"neerland\u00e8s (B\u00e8lgica)","nl_BQ":"neerland\u00e8s (Carib Neerland\u00e8s)","nl_CW":"neerland\u00e8s (Cura\u00e7ao)","nl_NL":"neerland\u00e8s (Pa\u00efsos Baixos)","nl_SX":"neerland\u00e8s (Sint Maarten)","nl_SR":"neerland\u00e8s (Surinam)","ne":"nepal\u00e8s","ne_IN":"nepal\u00e8s (\u00cdndia)","ne_NP":"nepal\u00e8s (Nepal)","no":"noruec","no_NO":"noruec (Noruega)","nb":"noruec bokm\u00e5l","nb_NO":"noruec bokm\u00e5l (Noruega)","nb_SJ":"noruec bokm\u00e5l (Svalbard i Jan Mayen)","nn":"noruec nynorsk","nn_NO":"noruec nynorsk (Noruega)","or":"oriya","or_IN":"oriya (\u00cdndia)","om":"oromo","om_ET":"oromo (Eti\u00f2pia)","om_KE":"oromo (Kenya)","os":"osset","os_GE":"osset (Ge\u00f2rgia)","os_RU":"osset (R\u00fassia)","ps":"paixtu","ps_AF":"paixtu (Afganistan)","pa":"panjabi","pa_Arab_PK":"panjabi (\u00e0rab, Pakistan)","pa_Arab":"panjabi (\u00e0rab)","pa_Guru_IN":"panjabi (gurmukhi, \u00cdndia)","pa_Guru":"panjabi (gurmukhi)","pa_IN":"panjabi (\u00cdndia)","pa_PK":"panjabi (Pakistan)","fa":"persa","fa_AF":"persa (Afganistan)","fa_IR":"persa (Iran)","pl":"polon\u00e8s","pl_PL":"polon\u00e8s (Pol\u00f2nia)","pt":"portugu\u00e8s","pt_AO":"portugu\u00e8s (Angola)","pt_BR":"portugu\u00e8s (Brasil)","pt_CV":"portugu\u00e8s (Cap Verd)","pt_GW":"portugu\u00e8s (Guinea Bissau)","pt_MO":"portugu\u00e8s (Macau (RAE Xina))","pt_MZ":"portugu\u00e8s (Mo\u00e7ambic)","pt_PT":"portugu\u00e8s (Portugal)","pt_ST":"portugu\u00e8s (S\u00e3o Tom\u00e9 i Pr\u00edncipe)","pt_TL":"portugu\u00e8s (Timor Oriental)","qu":"qu\u00edtxua","qu_BO":"qu\u00edtxua (Bol\u00edvia)","qu_EC":"qu\u00edtxua (Equador)","qu_PE":"qu\u00edtxua (Per\u00fa)","rm":"retorom\u00e0nic","rm_CH":"retorom\u00e0nic (Su\u00efssa)","ro":"roman\u00e8s","ro_MD":"roman\u00e8s (Mold\u00e0via)","ro_RO":"roman\u00e8s (Romania)","rw":"ruand\u00e8s","rw_RW":"ruand\u00e8s (Ruanda)","rn":"rundi","rn_BI":"rundi (Burundi)","ru":"rus","ru_BY":"rus (Bielor\u00fassia)","ru_KZ":"rus (Kazakhstan)","ru_KG":"rus (Kirguizistan)","ru_MD":"rus (Mold\u00e0via)","ru_RU":"rus (R\u00fassia)","ru_UA":"rus (Ucra\u00efna)","se":"sami septentrional","se_FI":"sami septentrional (Finl\u00e0ndia)","se_NO":"sami septentrional (Noruega)","se_SE":"sami septentrional (Su\u00e8cia)","sg":"sango","sg_CF":"sango (Rep\u00fablica Centreafricana)","sr":"serbi","sr_BA":"serbi (B\u00f2snia i Hercegovina)","sr_Cyrl_BA":"serbi (cir\u00edl\u00b7lic, B\u00f2snia i Hercegovina)","sr_Cyrl_XK":"serbi (cir\u00edl\u00b7lic, Kosovo)","sr_Cyrl_ME":"serbi (cir\u00edl\u00b7lic, Montenegro)","sr_Cyrl_RS":"serbi (cir\u00edl\u00b7lic, S\u00e8rbia)","sr_Cyrl":"serbi (cir\u00edl\u00b7lic)","sr_XK":"serbi (Kosovo)","sr_Latn_BA":"serbi (llat\u00ed, B\u00f2snia i Hercegovina)","sr_Latn_XK":"serbi (llat\u00ed, Kosovo)","sr_Latn_ME":"serbi (llat\u00ed, Montenegro)","sr_Latn_RS":"serbi (llat\u00ed, S\u00e8rbia)","sr_Latn":"serbi (llat\u00ed)","sr_ME":"serbi (Montenegro)","sr_RS":"serbi (S\u00e8rbia)","sh":"serbocroat","sh_BA":"serbocroat (B\u00f2snia i Hercegovina)","sn":"shona","sn_ZW":"shona (Zimb\u00e0bue)","si":"singal\u00e8s","si_LK":"singal\u00e8s (Sri Lanka)","so":"somali","so_DJ":"somali (Djibouti)","so_ET":"somali (Eti\u00f2pia)","so_KE":"somali (Kenya)","so_SO":"somali (Som\u00e0lia)","sw":"suahili","sw_KE":"suahili (Kenya)","sw_TZ":"suahili (Tanz\u00e0nia)","sw_UG":"suahili (Uganda)","sv":"suec","sv_FI":"suec (Finl\u00e0ndia)","sv_AX":"suec (illes \u00c5land)","sv_SE":"suec (Su\u00e8cia)","tl":"tag\u00e0log","tl_PH":"tag\u00e0log (Filipines)","th":"tailand\u00e8s","th_TH":"tailand\u00e8s (Tail\u00e0ndia)","ta":"t\u00e0mil","ta_IN":"t\u00e0mil (\u00cdndia)","ta_MY":"t\u00e0mil (Mal\u00e0isia)","ta_SG":"t\u00e0mil (Singapur)","ta_LK":"t\u00e0mil (Sri Lanka)","te":"telugu","te_IN":"telugu (\u00cdndia)","bo":"tibet\u00e0","bo_IN":"tibet\u00e0 (\u00cdndia)","bo_CN":"tibet\u00e0 (Xina)","ti":"tigrinya","ti_ER":"tigrinya (Eritrea)","ti_ET":"tigrinya (Eti\u00f2pia)","to":"tongal\u00e8s","to_TO":"tongal\u00e8s (Tonga)","tr":"turc","tr_TR":"turc (Turquia)","tr_CY":"turc (Xipre)","cs":"txec","cs_CZ":"txec (Rep\u00fablica Txeca)","uk":"ucra\u00efn\u00e8s","uk_UA":"ucra\u00efn\u00e8s (Ucra\u00efna)","ug":"uigur","ug_Arab_CN":"uigur (\u00e0rab, Xina)","ug_Arab":"uigur (\u00e0rab)","ug_CN":"uigur (Xina)","ur":"urd\u00fa","ur_IN":"urd\u00fa (\u00cdndia)","ur_PK":"urd\u00fa (Pakistan)","uz":"uzbek","uz_AF":"uzbek (Afganistan)","uz_Arab_AF":"uzbek (\u00e0rab, Afganistan)","uz_Arab":"uzbek (\u00e0rab)","uz_Cyrl_UZ":"uzbek (cir\u00edl\u00b7lic, Uzbekistan)","uz_Cyrl":"uzbek (cir\u00edl\u00b7lic)","uz_Latn_UZ":"uzbek (llat\u00ed, Uzbekistan)","uz_Latn":"uzbek (llat\u00ed)","uz_UZ":"uzbek (Uzbekistan)","vi":"vietnamita","vi_VN":"vietnamita (Vietnam)","zh":"xin\u00e8s","zh_HK":"xin\u00e8s (Hong Kong (RAE Xina))","zh_MO":"xin\u00e8s (Macau (RAE Xina))","zh_Hans_HK":"xin\u00e8s (simplificat, Hong Kong (RAE Xina))","zh_Hans_MO":"xin\u00e8s (simplificat, Macau (RAE Xina))","zh_Hans_SG":"xin\u00e8s (simplificat, Singapur)","zh_Hans_CN":"xin\u00e8s (simplificat, Xina)","zh_Hans":"xin\u00e8s (simplificat)","zh_SG":"xin\u00e8s (Singapur)","zh_TW":"xin\u00e8s (Taiwan)","zh_Hant_HK":"xin\u00e8s (tradicional, Hong Kong (RAE Xina))","zh_Hant_MO":"xin\u00e8s (tradicional, Macau (RAE Xina))","zh_Hant_TW":"xin\u00e8s (tradicional, Taiwan)","zh_Hant":"xin\u00e8s (tradicional)","zh_CN":"xin\u00e8s (Xina)","ii":"yi sichuan","ii_CN":"yi sichuan (Xina)","zu":"zulu","zu_ZA":"zulu (Rep\u00fablica de Sud-\u00e0frica)"}