{"af":"afrik\u00e1n\u0161tina","af_ZA":"afrik\u00e1n\u0161tina (Jihoafrick\u00e1 republika)","af_NA":"afrik\u00e1n\u0161tina (Namibie)","ak":"akan\u0161tina","ak_GH":"akan\u0161tina (Ghana)","sq":"alb\u00e1n\u0161tina","sq_AL":"alb\u00e1n\u0161tina (Alb\u00e1nie)","sq_XK":"alb\u00e1n\u0161tina (Kosovo)","sq_MK":"alb\u00e1n\u0161tina (Makedonie)","am":"amhar\u0161tina","am_ET":"amhar\u0161tina (Etiopie)","en":"angli\u010dtina","en_AS":"angli\u010dtina (Americk\u00e1 Samoa)","en_VI":"angli\u010dtina (Americk\u00e9 Panensk\u00e9 ostrovy)","en_AI":"angli\u010dtina (Anguilla)","en_AG":"angli\u010dtina (Antigua a Barbuda)","en_AU":"angli\u010dtina (Austr\u00e1lie)","en_BS":"angli\u010dtina (Bahamy)","en_BB":"angli\u010dtina (Barbados)","en_BE":"angli\u010dtina (Belgie)","en_BZ":"angli\u010dtina (Belize)","en_BM":"angli\u010dtina (Bermudy)","en_BW":"angli\u010dtina (Botswana)","en_IO":"angli\u010dtina (Britsk\u00e9 indickooce\u00e1nsk\u00e9 \u00fazem\u00ed)","en_VG":"angli\u010dtina (Britsk\u00e9 Panensk\u00e9 ostrovy)","en_CK":"angli\u010dtina (Cookovy ostrovy)","en_DG":"angli\u010dtina (Diego Garc\u00eda)","en_DM":"angli\u010dtina (Dominika)","en_ER":"angli\u010dtina (Eritrea)","en_FK":"angli\u010dtina (Falklandsk\u00e9 ostrovy)","en_FJ":"angli\u010dtina (Fid\u017ei)","en_PH":"angli\u010dtina (Filip\u00edny)","en_GM":"angli\u010dtina (Gambie)","en_GH":"angli\u010dtina (Ghana)","en_GI":"angli\u010dtina (Gibraltar)","en_GD":"angli\u010dtina (Grenada)","en_GU":"angli\u010dtina (Guam)","en_GG":"angli\u010dtina (Guernsey)","en_GY":"angli\u010dtina (Guyana)","en_HK":"angli\u010dtina (Hongkong \u2013 ZAO \u010c\u00edny)","en_IN":"angli\u010dtina (Indie)","en_IE":"angli\u010dtina (Irsko)","en_JM":"angli\u010dtina (Jamajka)","en_JE":"angli\u010dtina (Jersey)","en_ZA":"angli\u010dtina (Jihoafrick\u00e1 republika)","en_SS":"angli\u010dtina (Ji\u017en\u00ed S\u00fad\u00e1n)","en_KY":"angli\u010dtina (Kajmansk\u00e9 ostrovy)","en_CM":"angli\u010dtina (Kamerun)","en_CA":"angli\u010dtina (Kanada)","en_KE":"angli\u010dtina (Ke\u0148a)","en_KI":"angli\u010dtina (Kiribati)","en_CC":"angli\u010dtina (Kokosov\u00e9 ostrovy)","en_LS":"angli\u010dtina (Lesotho)","en_LR":"angli\u010dtina (Lib\u00e9rie)","en_MO":"angli\u010dtina (Macao \u2013 ZAO \u010c\u00edny)","en_MG":"angli\u010dtina (Madagaskar)","en_MY":"angli\u010dtina (Malajsie)","en_MW":"angli\u010dtina (Malawi)","en_MT":"angli\u010dtina (Malta)","en_MH":"angli\u010dtina (Marshallovy ostrovy)","en_MU":"angli\u010dtina (Mauricius)","en_UM":"angli\u010dtina (Men\u0161\u00ed odlehl\u00e9 ostrovy USA)","en_FM":"angli\u010dtina (Mikron\u00e9sie)","en_MS":"angli\u010dtina (Montserrat)","en_NA":"angli\u010dtina (Namibie)","en_NR":"angli\u010dtina (Nauru)","en_NG":"angli\u010dtina (Nig\u00e9rie)","en_NU":"angli\u010dtina (Niue)","en_NF":"angli\u010dtina (Norfolk)","en_NZ":"angli\u010dtina (Nov\u00fd Z\u00e9land)","en_IM":"angli\u010dtina (Ostrov Man)","en_PK":"angli\u010dtina (P\u00e1kist\u00e1n)","en_PW":"angli\u010dtina (Palau)","en_PG":"angli\u010dtina (Papua-Nov\u00e1 Guinea)","en_PN":"angli\u010dtina (Pitcairnovy ostrovy)","en_PR":"angli\u010dtina (Portoriko)","en_RW":"angli\u010dtina (Rwanda)","en_WS":"angli\u010dtina (Samoa)","en_MP":"angli\u010dtina (Severn\u00ed Mariany)","en_SC":"angli\u010dtina (Seychely)","en_SL":"angli\u010dtina (Sierra Leone)","en_SG":"angli\u010dtina (Singapur)","en_US":"angli\u010dtina (Spojen\u00e9 st\u00e1ty)","en_SD":"angli\u010dtina (S\u00fad\u00e1n)","en_SH":"angli\u010dtina (Svat\u00e1 Helena)","en_LC":"angli\u010dtina (Svat\u00e1 Lucie)","en_KN":"angli\u010dtina (Svat\u00fd Kry\u0161tof a Nevis)","en_SX":"angli\u010dtina (Svat\u00fd Martin (Nizozemsko))","en_VC":"angli\u010dtina (Svat\u00fd Vincenc a Grenadiny)","en_SZ":"angli\u010dtina (Svazijsko)","en_SB":"angli\u010dtina (\u0160alamounovy ostrovy)","en_TZ":"angli\u010dtina (Tanzanie)","en_TK":"angli\u010dtina (Tokelau)","en_TO":"angli\u010dtina (Tonga)","en_TT":"angli\u010dtina (Trinidad a Tobago)","en_TC":"angli\u010dtina (Turks a Caicos)","en_TV":"angli\u010dtina (Tuvalu)","en_UG":"angli\u010dtina (Uganda)","en_CX":"angli\u010dtina (V\u00e1no\u010dn\u00ed ostrov)","en_VU":"angli\u010dtina (Vanuatu)","en_GB":"angli\u010dtina (Velk\u00e1 Brit\u00e1nie)","en_ZM":"angli\u010dtina (Zambie)","en_ZW":"angli\u010dtina (Zimbabwe)","ar":"arab\u0161tina","ar_DZ":"arab\u0161tina (Al\u017e\u00edrsko)","ar_BH":"arab\u0161tina (Bahrajn)","ar_TD":"arab\u0161tina (\u010cad)","ar_DJ":"arab\u0161tina (D\u017eibutsko)","ar_EG":"arab\u0161tina (Egypt)","ar_ER":"arab\u0161tina (Eritrea)","ar_IQ":"arab\u0161tina (Ir\u00e1k)","ar_IL":"arab\u0161tina (Izrael)","ar_YE":"arab\u0161tina (Jemen)","ar_SS":"arab\u0161tina (Ji\u017en\u00ed S\u00fad\u00e1n)","ar_JO":"arab\u0161tina (Jord\u00e1nsko)","ar_QA":"arab\u0161tina (Katar)","ar_KM":"arab\u0161tina (Komory)","ar_KW":"arab\u0161tina (Kuvajt)","ar_LB":"arab\u0161tina (Libanon)","ar_LY":"arab\u0161tina (Libye)","ar_MA":"arab\u0161tina (Maroko)","ar_MR":"arab\u0161tina (Maurit\u00e1nie)","ar_OM":"arab\u0161tina (Om\u00e1n)","ar_PS":"arab\u0161tina (Palestinsk\u00e1 \u00fazem\u00ed)","ar_SA":"arab\u0161tina (Sa\u00fadsk\u00e1 Ar\u00e1bie)","ar_SO":"arab\u0161tina (Som\u00e1lsko)","ar_AE":"arab\u0161tina (Spojen\u00e9 arabsk\u00e9 emir\u00e1ty)","ar_SD":"arab\u0161tina (S\u00fad\u00e1n)","ar_SY":"arab\u0161tina (S\u00fdrie)","ar_TN":"arab\u0161tina (Tunisko)","ar_EH":"arab\u0161tina (Z\u00e1padn\u00ed Sahara)","hy":"arm\u00e9n\u0161tina","hy_AM":"arm\u00e9n\u0161tina (Arm\u00e9nie)","as":"\u00e1s\u00e1m\u0161tina","as_IN":"\u00e1s\u00e1m\u0161tina (Indie)","az":"\u00e1zerb\u00e1jd\u017e\u00e1n\u0161tina","az_AZ":"\u00e1zerb\u00e1jd\u017e\u00e1n\u0161tina (\u00c1zerb\u00e1jd\u017e\u00e1n)","az_Cyrl_AZ":"\u00e1zerb\u00e1jd\u017e\u00e1n\u0161tina (cyrilice, \u00c1zerb\u00e1jd\u017e\u00e1n)","az_Cyrl":"\u00e1zerb\u00e1jd\u017e\u00e1n\u0161tina (cyrilice)","az_Latn_AZ":"\u00e1zerb\u00e1jd\u017e\u00e1n\u0161tina (latinka, \u00c1zerb\u00e1jd\u017e\u00e1n)","az_Latn":"\u00e1zerb\u00e1jd\u017e\u00e1n\u0161tina (latinka)","bm":"bambar\u0161tina","bm_Latn_ML":"bambar\u0161tina (latinka, Mali)","bm_Latn":"bambar\u0161tina (latinka)","my":"barm\u0161tina","my_MM":"barm\u0161tina (Myanmar (Barma))","eu":"baski\u010dtina","eu_ES":"baski\u010dtina (\u0160pan\u011blsko)","be":"b\u011bloru\u0161tina","be_BY":"b\u011bloru\u0161tina (B\u011blorusko)","bn":"beng\u00e1l\u0161tina","bn_BD":"beng\u00e1l\u0161tina (Banglad\u00e9\u0161)","bn_IN":"beng\u00e1l\u0161tina (Indie)","bs":"bosen\u0161tina","bs_BA":"bosen\u0161tina (Bosna a Hercegovina)","bs_Cyrl_BA":"bosen\u0161tina (cyrilice, Bosna a Hercegovina)","bs_Cyrl":"bosen\u0161tina (cyrilice)","bs_Latn_BA":"bosen\u0161tina (latinka, Bosna a Hercegovina)","bs_Latn":"bosen\u0161tina (latinka)","br":"breton\u0161tina","br_FR":"breton\u0161tina (Francie)","bg":"bulhar\u0161tina","bg_BG":"bulhar\u0161tina (Bulharsko)","cs":"\u010de\u0161tina","cs_CZ":"\u010de\u0161tina (\u010cesk\u00e1 republika)","zh":"\u010d\u00edn\u0161tina","zh_CN":"\u010d\u00edn\u0161tina (\u010c\u00edna)","zh_HK":"\u010d\u00edn\u0161tina (Hongkong \u2013 ZAO \u010c\u00edny)","zh_MO":"\u010d\u00edn\u0161tina (Macao \u2013 ZAO \u010c\u00edny)","zh_SG":"\u010d\u00edn\u0161tina (Singapur)","zh_TW":"\u010d\u00edn\u0161tina (Tchaj-wan)","zh_Hant_HK":"\u010d\u00edn\u0161tina (tradi\u010dn\u00ed, Hongkong \u2013 ZAO \u010c\u00edny)","zh_Hant_MO":"\u010d\u00edn\u0161tina (tradi\u010dn\u00ed, Macao \u2013 ZAO \u010c\u00edny)","zh_Hant_TW":"\u010d\u00edn\u0161tina (tradi\u010dn\u00ed, Tchaj-wan)","zh_Hant":"\u010d\u00edn\u0161tina (tradi\u010dn\u00ed)","zh_Hans_CN":"\u010d\u00edn\u0161tina (zjednodu\u0161en\u00e9, \u010c\u00edna)","zh_Hans_HK":"\u010d\u00edn\u0161tina (zjednodu\u0161en\u00e9, Hongkong \u2013 ZAO \u010c\u00edny)","zh_Hans_MO":"\u010d\u00edn\u0161tina (zjednodu\u0161en\u00e9, Macao \u2013 ZAO \u010c\u00edny)","zh_Hans_SG":"\u010d\u00edn\u0161tina (zjednodu\u0161en\u00e9, Singapur)","zh_Hans":"\u010d\u00edn\u0161tina (zjednodu\u0161en\u00e9)","da":"d\u00e1n\u0161tina","da_DK":"d\u00e1n\u0161tina (D\u00e1nsko)","da_GL":"d\u00e1n\u0161tina (Gr\u00f3nsko)","dz":"dzongk\u00e4","dz_BT":"dzongk\u00e4 (Bh\u00fat\u00e1n)","eo":"esperanto","et":"eston\u0161tina","et_EE":"eston\u0161tina (Estonsko)","ee":"ewe\u0161tina","ee_GH":"ewe\u0161tina (Ghana)","ee_TG":"ewe\u0161tina (Togo)","fo":"faer\u0161tina","fo_FO":"faer\u0161tina (Faersk\u00e9 ostrovy)","fi":"fin\u0161tina","fi_FI":"fin\u0161tina (Finsko)","fr":"francouz\u0161tina","fr_DZ":"francouz\u0161tina (Al\u017e\u00edrsko)","fr_BE":"francouz\u0161tina (Belgie)","fr_BJ":"francouz\u0161tina (Benin)","fr_BF":"francouz\u0161tina (Burkina Faso)","fr_BI":"francouz\u0161tina (Burundi)","fr_TD":"francouz\u0161tina (\u010cad)","fr_DJ":"francouz\u0161tina (D\u017eibutsko)","fr_FR":"francouz\u0161tina (Francie)","fr_GF":"francouz\u0161tina (Francouzsk\u00e1 Guyana)","fr_PF":"francouz\u0161tina (Francouzsk\u00e1 Polyn\u00e9sie)","fr_GA":"francouz\u0161tina (Gabon)","fr_GP":"francouz\u0161tina (Guadeloupe)","fr_GN":"francouz\u0161tina (Guinea)","fr_HT":"francouz\u0161tina (Haiti)","fr_CM":"francouz\u0161tina (Kamerun)","fr_CA":"francouz\u0161tina (Kanada)","fr_KM":"francouz\u0161tina (Komory)","fr_CG":"francouz\u0161tina (Kongo \u2013 Brazzaville)","fr_CD":"francouz\u0161tina (Kongo \u2013 Kinshasa)","fr_LU":"francouz\u0161tina (Lucembursko)","fr_MG":"francouz\u0161tina (Madagaskar)","fr_ML":"francouz\u0161tina (Mali)","fr_MA":"francouz\u0161tina (Maroko)","fr_MQ":"francouz\u0161tina (Martinik)","fr_MU":"francouz\u0161tina (Mauricius)","fr_MR":"francouz\u0161tina (Maurit\u00e1nie)","fr_YT":"francouz\u0161tina (Mayotte)","fr_MC":"francouz\u0161tina (Monako)","fr_NE":"francouz\u0161tina (Niger)","fr_NC":"francouz\u0161tina (Nov\u00e1 Kaledonie)","fr_CI":"francouz\u0161tina (Pob\u0159e\u017e\u00ed slonoviny)","fr_RE":"francouz\u0161tina (R\u00e9union)","fr_GQ":"francouz\u0161tina (Rovn\u00edkov\u00e1 Guinea)","fr_RW":"francouz\u0161tina (Rwanda)","fr_PM":"francouz\u0161tina (Saint-Pierre a Miquelon)","fr_SN":"francouz\u0161tina (Senegal)","fr_SC":"francouz\u0161tina (Seychely)","fr_CF":"francouz\u0161tina (St\u0159edoafrick\u00e1 republika)","fr_BL":"francouz\u0161tina (Svat\u00fd Bartolom\u011bj)","fr_MF":"francouz\u0161tina (Svat\u00fd Martin (Francie))","fr_SY":"francouz\u0161tina (S\u00fdrie)","fr_CH":"francouz\u0161tina (\u0160v\u00fdcarsko)","fr_TG":"francouz\u0161tina (Togo)","fr_TN":"francouz\u0161tina (Tunisko)","fr_VU":"francouz\u0161tina (Vanuatu)","fr_WF":"francouz\u0161tina (Wallis a Futuna)","fy":"fr\u00ed\u0161tina","fy_NL":"fr\u00ed\u0161tina (Nizozemsko)","ff":"fulb\u0161tina","ff_GN":"fulb\u0161tina (Guinea)","ff_CM":"fulb\u0161tina (Kamerun)","ff_MR":"fulb\u0161tina (Maurit\u00e1nie)","ff_SN":"fulb\u0161tina (Senegal)","gl":"galicij\u0161tina","gl_ES":"galicij\u0161tina (\u0160pan\u011blsko)","lg":"gand\u0161tina","lg_UG":"gand\u0161tina (Uganda)","kl":"gr\u00f3n\u0161tina","kl_GL":"gr\u00f3n\u0161tina (Gr\u00f3nsko)","ka":"gruz\u00edn\u0161tina","ka_GE":"gruz\u00edn\u0161tina (Gruzie)","gu":"gud\u017ear\u00e1t\u0161tina","gu_IN":"gud\u017ear\u00e1t\u0161tina (Indie)","ha":"hau\u0161tina","ha_GH":"hau\u0161tina (Ghana)","ha_Latn_GH":"hau\u0161tina (latinka, Ghana)","ha_Latn_NE":"hau\u0161tina (latinka, Niger)","ha_Latn_NG":"hau\u0161tina (latinka, Nig\u00e9rie)","ha_Latn":"hau\u0161tina (latinka)","ha_NE":"hau\u0161tina (Niger)","ha_NG":"hau\u0161tina (Nig\u00e9rie)","he":"hebrej\u0161tina","he_IL":"hebrej\u0161tina (Izrael)","hi":"hind\u0161tina","hi_IN":"hind\u0161tina (Indie)","hr":"chorvat\u0161tina","hr_BA":"chorvat\u0161tina (Bosna a Hercegovina)","hr_HR":"chorvat\u0161tina (Chorvatsko)","ig":"igbo\u0161tina","ig_NG":"igbo\u0161tina (Nig\u00e9rie)","id":"indon\u00e9\u0161tina","id_ID":"indon\u00e9\u0161tina (Indon\u00e9sie)","ga":"ir\u0161tina","ga_IE":"ir\u0161tina (Irsko)","is":"island\u0161tina","is_IS":"island\u0161tina (Island)","it":"ital\u0161tina","it_IT":"ital\u0161tina (It\u00e1lie)","it_SM":"ital\u0161tina (San Marino)","it_CH":"ital\u0161tina (\u0160v\u00fdcarsko)","ja":"japon\u0161tina","ja_JP":"japon\u0161tina (Japonsko)","yi":"jidi\u0161","yo":"jorub\u0161tina","yo_BJ":"jorub\u0161tina (Benin)","yo_NG":"jorub\u0161tina (Nig\u00e9rie)","kn":"kannad\u0161tina","kn_IN":"kannad\u0161tina (Indie)","ks":"ka\u0161m\u00edr\u0161tina","ks_Arab_IN":"ka\u0161m\u00edr\u0161tina (arabsk\u00e9, Indie)","ks_Arab":"ka\u0161m\u00edr\u0161tina (arabsk\u00e9)","ks_IN":"ka\u0161m\u00edr\u0161tina (Indie)","ca":"katal\u00e1n\u0161tina","ca_AD":"katal\u00e1n\u0161tina (Andorra)","ca_FR":"katal\u00e1n\u0161tina (Francie)","ca_IT":"katal\u00e1n\u0161tina (It\u00e1lie)","ca_ES":"katal\u00e1n\u0161tina (\u0160pan\u011blsko)","kk":"kaza\u0161tina","kk_Cyrl_KZ":"kaza\u0161tina (cyrilice, Kazachst\u00e1n)","kk_Cyrl":"kaza\u0161tina (cyrilice)","kk_KZ":"kaza\u0161tina (Kazachst\u00e1n)","qu":"ke\u010du\u00e1n\u0161tina","qu_BO":"ke\u010du\u00e1n\u0161tina (Bol\u00edvie)","qu_EC":"ke\u010du\u00e1n\u0161tina (Ekv\u00e1dor)","qu_PE":"ke\u010du\u00e1n\u0161tina (Peru)","km":"khm\u00e9r\u0161tina","km_KH":"khm\u00e9r\u0161tina (Kambod\u017ea)","ki":"kikuj\u0161tina","ki_KE":"kikuj\u0161tina (Ke\u0148a)","rw":"ki\u0148arwand\u0161tina","rw_RW":"ki\u0148arwand\u0161tina (Rwanda)","rn":"kirund\u0161tina","rn_BI":"kirund\u0161tina (Burundi)","ko":"korej\u0161tina","ko_KR":"korej\u0161tina (Ji\u017en\u00ed Korea)","ko_KP":"korej\u0161tina (Severn\u00ed Korea)","kw":"korn\u0161tina","kw_GB":"korn\u0161tina (Velk\u00e1 Brit\u00e1nie)","ky":"kyrgyz\u0161tina","ky_Cyrl_KG":"kyrgyz\u0161tina (cyrilice, Kyrgyzst\u00e1n)","ky_Cyrl":"kyrgyz\u0161tina (cyrilice)","ky_KG":"kyrgyz\u0161tina (Kyrgyzst\u00e1n)","lo":"lao\u0161tina","lo_LA":"lao\u0161tina (Laos)","ln":"lingal\u0161tina","ln_AO":"lingal\u0161tina (Angola)","ln_CG":"lingal\u0161tina (Kongo \u2013 Brazzaville)","ln_CD":"lingal\u0161tina (Kongo \u2013 Kinshasa)","ln_CF":"lingal\u0161tina (St\u0159edoafrick\u00e1 republika)","lt":"litev\u0161tina","lt_LT":"litev\u0161tina (Litva)","lv":"loty\u0161tina","lv_LV":"loty\u0161tina (Loty\u0161sko)","lu":"lubu-katan\u017e\u0161tina","lu_CD":"lubu-katan\u017e\u0161tina (Kongo \u2013 Kinshasa)","lb":"lucembur\u0161tina","lb_LU":"lucembur\u0161tina (Lucembursko)","hu":"ma\u010far\u0161tina","hu_HU":"ma\u010far\u0161tina (Ma\u010farsko)","mk":"makedon\u0161tina","mk_MK":"makedon\u0161tina (Makedonie)","ml":"malaj\u00e1lam\u0161tina","ml_IN":"malaj\u00e1lam\u0161tina (Indie)","ms":"malaj\u0161tina","ms_BN":"malaj\u0161tina (Brunej)","ms_Latn_BN":"malaj\u0161tina (latinka, Brunej)","ms_Latn_MY":"malaj\u0161tina (latinka, Malajsie)","ms_Latn_SG":"malaj\u0161tina (latinka, Singapur)","ms_Latn":"malaj\u0161tina (latinka)","ms_MY":"malaj\u0161tina (Malajsie)","ms_SG":"malaj\u0161tina (Singapur)","mg":"malga\u0161tina","mg_MG":"malga\u0161tina (Madagaskar)","mt":"malt\u0161tina","mt_MT":"malt\u0161tina (Malta)","gv":"man\u0161tina","gv_IM":"man\u0161tina (Ostrov Man)","mr":"mar\u00e1th\u0161tina","mr_IN":"mar\u00e1th\u0161tina (Indie)","mn":"mongol\u0161tina","mn_Cyrl_MN":"mongol\u0161tina (cyrilice, Mongolsko)","mn_Cyrl":"mongol\u0161tina (cyrilice)","mn_MN":"mongol\u0161tina (Mongolsko)","nd":"ndebele (Zimbabwe)","nd_ZW":"ndebele (Zimbabwe)","de":"n\u011bm\u010dina","de_BE":"n\u011bm\u010dina (Belgie)","de_LI":"n\u011bm\u010dina (Lichten\u0161tejnsko)","de_LU":"n\u011bm\u010dina (Lucembursko)","de_DE":"n\u011bm\u010dina (N\u011bmecko)","de_AT":"n\u011bm\u010dina (Rakousko)","de_CH":"n\u011bm\u010dina (\u0160v\u00fdcarsko)","ne":"nep\u00e1l\u0161tina","ne_IN":"nep\u00e1l\u0161tina (Indie)","ne_NP":"nep\u00e1l\u0161tina (Nep\u00e1l)","nl":"nizozem\u0161tina","nl_AW":"nizozem\u0161tina (Aruba)","nl_BE":"nizozem\u0161tina (Belgie)","nl_CW":"nizozem\u0161tina (Cura\u00e7ao)","nl_BQ":"nizozem\u0161tina (Karibsk\u00e9 Nizozemsko)","nl_NL":"nizozem\u0161tina (Nizozemsko)","nl_SR":"nizozem\u0161tina (Surinam)","nl_SX":"nizozem\u0161tina (Svat\u00fd Martin (Nizozemsko))","no":"nor\u0161tina","nb":"nor\u0161tina (bokm\u00e5l)","nn_NO":"nor\u0161tina (Norsko)","no_NO":"nor\u0161tina (Norsko)","nb_NO":"nor\u0161tina (Norsko)","nn":"nor\u0161tina (nynorsk)","nb_SJ":"nor\u0161tina (\u0160picberky a Jan Mayen)","om":"orom\u0161tina","om_ET":"orom\u0161tina (Etiopie)","om_KE":"orom\u0161tina (Ke\u0148a)","os":"oset\u0161tina","os_GE":"oset\u0161tina (Gruzie)","os_RU":"oset\u0161tina (Rusko)","pa":"pa\u0148d\u017e\u00e1b\u0161tina","pa_Arab_PK":"pa\u0148d\u017e\u00e1b\u0161tina (arabsk\u00e9, P\u00e1kist\u00e1n)","pa_Arab":"pa\u0148d\u017e\u00e1b\u0161tina (arabsk\u00e9)","pa_Guru_IN":"pa\u0148d\u017e\u00e1b\u0161tina (gurmukhi, Indie)","pa_Guru":"pa\u0148d\u017e\u00e1b\u0161tina (gurmukhi)","pa_IN":"pa\u0148d\u017e\u00e1b\u0161tina (Indie)","pa_PK":"pa\u0148d\u017e\u00e1b\u0161tina (P\u00e1kist\u00e1n)","ps":"pa\u0161t\u0161tina","ps_AF":"pa\u0161t\u0161tina (Afgh\u00e1nist\u00e1n)","fa":"per\u0161tina","fa_AF":"per\u0161tina (Afgh\u00e1nist\u00e1n)","fa_IR":"per\u0161tina (\u00cdr\u00e1n)","pl":"pol\u0161tina","pl_PL":"pol\u0161tina (Polsko)","pt":"portugal\u0161tina","pt_AO":"portugal\u0161tina (Angola)","pt_BR":"portugal\u0161tina (Braz\u00edlie)","pt_GW":"portugal\u0161tina (Guinea-Bissau)","pt_CV":"portugal\u0161tina (Kapverdy)","pt_MO":"portugal\u0161tina (Macao \u2013 ZAO \u010c\u00edny)","pt_MZ":"portugal\u0161tina (Mosambik)","pt_PT":"portugal\u0161tina (Portugalsko)","pt_ST":"portugal\u0161tina (Svat\u00fd Tom\u00e1\u0161 a Princ\u016fv ostrov)","pt_TL":"portugal\u0161tina (V\u00fdchodn\u00ed Timor)","rm":"r\u00e9torom\u00e1n\u0161tina","rm_CH":"r\u00e9torom\u00e1n\u0161tina (\u0160v\u00fdcarsko)","ro":"rumun\u0161tina","ro_MD":"rumun\u0161tina (Moldavsko)","ro_RO":"rumun\u0161tina (Rumunsko)","ru":"ru\u0161tina","ru_BY":"ru\u0161tina (B\u011blorusko)","ru_KZ":"ru\u0161tina (Kazachst\u00e1n)","ru_KG":"ru\u0161tina (Kyrgyzst\u00e1n)","ru_MD":"ru\u0161tina (Moldavsko)","ru_RU":"ru\u0161tina (Rusko)","ru_UA":"ru\u0161tina (Ukrajina)","el":"\u0159e\u010dtina","el_CY":"\u0159e\u010dtina (Kypr)","el_GR":"\u0159e\u010dtina (\u0158ecko)","ii":"s\u2019-\u010dchuan i","ii_CN":"s\u2019-\u010dchuan i (\u010c\u00edna)","se_FI":"s\u00e1m\u0161tina (Finsko)","se_NO":"s\u00e1m\u0161tina (Norsko)","se":"s\u00e1m\u0161tina (severn\u00ed)","se_SE":"s\u00e1m\u0161tina (\u0160v\u00e9dsko)","sg":"sang\u0161tina","sg_CF":"sang\u0161tina (St\u0159edoafrick\u00e1 republika)","si":"sinh\u00e1l\u0161tina","si_LK":"sinh\u00e1l\u0161tina (Sr\u00ed Lanka)","gd":"skotsk\u00e1 gael\u0161tina","gd_GB":"skotsk\u00e1 gael\u0161tina (Velk\u00e1 Brit\u00e1nie)","sk":"sloven\u0161tina","sk_SK":"sloven\u0161tina (Slovensko)","sl":"slovin\u0161tina","sl_SI":"slovin\u0161tina (Slovinsko)","so":"som\u00e1l\u0161tina","so_DJ":"som\u00e1l\u0161tina (D\u017eibutsko)","so_ET":"som\u00e1l\u0161tina (Etiopie)","so_KE":"som\u00e1l\u0161tina (Ke\u0148a)","so_SO":"som\u00e1l\u0161tina (Som\u00e1lsko)","sh":"srbochorvat\u0161tina","sh_BA":"srbochorvat\u0161tina (Bosna a Hercegovina)","sr":"srb\u0161tina","sr_BA":"srb\u0161tina (Bosna a Hercegovina)","sr_Cyrl_BA":"srb\u0161tina (cyrilice, Bosna a Hercegovina)","sr_Cyrl_ME":"srb\u0161tina (cyrilice, \u010cern\u00e1 Hora)","sr_Cyrl_XK":"srb\u0161tina (cyrilice, Kosovo)","sr_Cyrl_RS":"srb\u0161tina (cyrilice, Srbsko)","sr_Cyrl":"srb\u0161tina (cyrilice)","sr_ME":"srb\u0161tina (\u010cern\u00e1 Hora)","sr_XK":"srb\u0161tina (Kosovo)","sr_Latn_BA":"srb\u0161tina (latinka, Bosna a Hercegovina)","sr_Latn_ME":"srb\u0161tina (latinka, \u010cern\u00e1 Hora)","sr_Latn_XK":"srb\u0161tina (latinka, Kosovo)","sr_Latn_RS":"srb\u0161tina (latinka, Srbsko)","sr_Latn":"srb\u0161tina (latinka)","sr_RS":"srb\u0161tina (Srbsko)","sw":"svahil\u0161tina","sw_KE":"svahil\u0161tina (Ke\u0148a)","sw_TZ":"svahil\u0161tina (Tanzanie)","sw_UG":"svahil\u0161tina (Uganda)","sn":"\u0161on\u0161tina","sn_ZW":"\u0161on\u0161tina (Zimbabwe)","es":"\u0161pan\u011bl\u0161tina","es_AR":"\u0161pan\u011bl\u0161tina (Argentina)","es_BO":"\u0161pan\u011bl\u0161tina (Bol\u00edvie)","es_EA":"\u0161pan\u011bl\u0161tina (Ceuta a Melilla)","es_DO":"\u0161pan\u011bl\u0161tina (Dominik\u00e1nsk\u00e1 republika)","es_EC":"\u0161pan\u011bl\u0161tina (Ekv\u00e1dor)","es_PH":"\u0161pan\u011bl\u0161tina (Filip\u00edny)","es_GT":"\u0161pan\u011bl\u0161tina (Guatemala)","es_HN":"\u0161pan\u011bl\u0161tina (Honduras)","es_CL":"\u0161pan\u011bl\u0161tina (Chile)","es_IC":"\u0161pan\u011bl\u0161tina (Kan\u00e1rsk\u00e9 ostrovy)","es_CO":"\u0161pan\u011bl\u0161tina (Kolumbie)","es_CR":"\u0161pan\u011bl\u0161tina (Kostarika)","es_CU":"\u0161pan\u011bl\u0161tina (Kuba)","es_MX":"\u0161pan\u011bl\u0161tina (Mexiko)","es_NI":"\u0161pan\u011bl\u0161tina (Nikaragua)","es_PA":"\u0161pan\u011bl\u0161tina (Panama)","es_PY":"\u0161pan\u011bl\u0161tina (Paraguay)","es_PE":"\u0161pan\u011bl\u0161tina (Peru)","es_PR":"\u0161pan\u011bl\u0161tina (Portoriko)","es_GQ":"\u0161pan\u011bl\u0161tina (Rovn\u00edkov\u00e1 Guinea)","es_SV":"\u0161pan\u011bl\u0161tina (Salvador)","es_US":"\u0161pan\u011bl\u0161tina (Spojen\u00e9 st\u00e1ty)","es_ES":"\u0161pan\u011bl\u0161tina (\u0160pan\u011blsko)","es_UY":"\u0161pan\u011bl\u0161tina (Uruguay)","es_VE":"\u0161pan\u011bl\u0161tina (Venezuela)","sv":"\u0161v\u00e9d\u0161tina","sv_AX":"\u0161v\u00e9d\u0161tina (\u00c5landy)","sv_FI":"\u0161v\u00e9d\u0161tina (Finsko)","sv_SE":"\u0161v\u00e9d\u0161tina (\u0160v\u00e9dsko)","tl":"tagalog","tl_PH":"tagalog (Filip\u00edny)","ta":"tamil\u0161tina","ta_IN":"tamil\u0161tina (Indie)","ta_MY":"tamil\u0161tina (Malajsie)","ta_SG":"tamil\u0161tina (Singapur)","ta_LK":"tamil\u0161tina (Sr\u00ed Lanka)","te":"telug\u0161tina","te_IN":"telug\u0161tina (Indie)","th":"thaj\u0161tina","th_TH":"thaj\u0161tina (Thajsko)","bo":"tibet\u0161tina","bo_CN":"tibet\u0161tina (\u010c\u00edna)","bo_IN":"tibet\u0161tina (Indie)","ti":"tigrinij\u0161tina","ti_ER":"tigrinij\u0161tina (Eritrea)","ti_ET":"tigrinij\u0161tina (Etiopie)","to":"tong\u00e1n\u0161tina","to_TO":"tong\u00e1n\u0161tina (Tonga)","tr":"ture\u010dtina","tr_CY":"ture\u010dtina (Kypr)","tr_TR":"ture\u010dtina (Turecko)","ug":"ujgur\u0161tina","ug_Arab_CN":"ujgur\u0161tina (arabsk\u00e9, \u010c\u00edna)","ug_Arab":"ujgur\u0161tina (arabsk\u00e9)","ug_CN":"ujgur\u0161tina (\u010c\u00edna)","uk":"ukrajin\u0161tina","uk_UA":"ukrajin\u0161tina (Ukrajina)","ur":"urd\u0161tina","ur_IN":"urd\u0161tina (Indie)","ur_PK":"urd\u0161tina (P\u00e1kist\u00e1n)","or":"urij\u0161tina","or_IN":"urij\u0161tina (Indie)","uz":"uzbe\u010dtina","uz_AF":"uzbe\u010dtina (Afgh\u00e1nist\u00e1n)","uz_Arab_AF":"uzbe\u010dtina (arabsk\u00e9, Afgh\u00e1nist\u00e1n)","uz_Arab":"uzbe\u010dtina (arabsk\u00e9)","uz_Cyrl_UZ":"uzbe\u010dtina (cyrilice, Uzbekist\u00e1n)","uz_Cyrl":"uzbe\u010dtina (cyrilice)","uz_Latn_UZ":"uzbe\u010dtina (latinka, Uzbekist\u00e1n)","uz_Latn":"uzbe\u010dtina (latinka)","uz_UZ":"uzbe\u010dtina (Uzbekist\u00e1n)","cy":"vel\u0161tina","cy_GB":"vel\u0161tina (Velk\u00e1 Brit\u00e1nie)","vi":"vietnam\u0161tina","vi_VN":"vietnam\u0161tina (Vietnam)","zu":"zulu\u0161tina","zu_ZA":"zulu\u0161tina (Jihoafrick\u00e1 republika)"}