{"ak":"Acaneg","ak_GH":"Acaneg (Ghana)","af":"Affric\u00e2neg","af_ZA":"Affric\u00e2neg (De Affrica)","af_NA":"Affric\u00e2neg (Namibia)","sq":"Albaneg","sq_AL":"Albaneg (Albania)","sq_XK":"Albaneg (Kosovo)","sq_MK":"Albaneg (Macedonia)","de":"Almaeneg","de_AT":"Almaeneg (Awstria)","de_BE":"Almaeneg (Gwlad Belg)","de_LI":"Almaeneg (Liechtenstein)","de_LU":"Almaeneg (Lwcsembwrg)","de_CH":"Almaeneg (Y Swistir)","de_DE":"Almaeneg (Yr Almaen)","am":"Amhareg","am_ET":"Amhareg (Ethiopia)","ar":"Arabeg","ar_DZ":"Arabeg (Algeria)","ar_BH":"Arabeg (Bahrain)","ar_KM":"Arabeg (Comoros)","ar_SS":"Arabeg (De Swdan)","ar_DJ":"Arabeg (Djibouti)","ar_AE":"Arabeg (Emiradau Arabaidd Unedig)","ar_ER":"Arabeg (Eritrea)","ar_EH":"Arabeg (Gorllewin Sahara)","ar_JO":"Arabeg (Gwlad Iorddonen)","ar_IQ":"Arabeg (Irac)","ar_IL":"Arabeg (Israel)","ar_KW":"Arabeg (Kuwait)","ar_LB":"Arabeg (Libanus)","ar_LY":"Arabeg (Libya)","ar_MR":"Arabeg (Mauritania)","ar_MA":"Arabeg (Moroco)","ar_OM":"Arabeg (Oman)","ar_QA":"Arabeg (Qatar)","ar_SA":"Arabeg (Saudi Arabia)","ar_SO":"Arabeg (Somalia)","ar_SD":"Arabeg (Swdan)","ar_SY":"Arabeg (Syria)","ar_TD":"Arabeg (Tchad)","ar_PS":"Arabeg (Tiriogaethau Palesteinaidd)","ar_TN":"Arabeg (Tunisia)","ar_YE":"Arabeg (Yemen)","ar_EG":"Arabeg (Yr Aifft)","hy":"Armeneg","hy_AM":"Armeneg (Armenia)","as":"Asameg","as_IN":"Asameg (India)","az":"Aserbaijaneg","az_AZ":"Aserbaijaneg (Azerbaijan)","az_Cyrl_AZ":"Aserbaijaneg (Cyrilig, Azerbaijan)","az_Cyrl":"Aserbaijaneg (Cyrilig)","az_Latn_AZ":"Aserbaijaneg (Lladin, Azerbaijan)","az_Latn":"Aserbaijaneg (Lladin)","bm":"Bambareg","bm_Latn_ML":"Bambareg (Lladin, Mali)","bm_Latn":"Bambareg (Lladin)","eu":"Basgeg","eu_ES":"Basgeg (Sbaen)","bn":"Bengaleg","bn_BD":"Bengaleg (Bangladesh)","bn_IN":"Bengaleg (India)","be":"Belarwseg","be_BY":"Belarwseg (Belarws)","bs":"Bosnieg","bs_BA":"Bosnieg (Bosnia a Hercegovina)","bs_Cyrl_BA":"Bosnieg (Cyrilig, Bosnia a Hercegovina)","bs_Cyrl":"Bosnieg (Cyrilig)","bs_Latn_BA":"Bosnieg (Lladin, Bosnia a Hercegovina)","bs_Latn":"Bosnieg (Lladin)","bg":"Bwlgareg","bg_BG":"Bwlgareg (Bwlgaria)","my":"Byrmaneg","my_MM":"Byrmaneg (Myanmar (Burma))","kk":"Casacheg","kk_Cyrl_KZ":"Casacheg (Cyrilig, Kazakstan)","kk_Cyrl":"Casacheg (Cyrilig)","kk_KZ":"Casacheg (Kazakstan)","ks":"Cashmireg","ks_Arab_IN":"Cashmireg (Arabaidd, India)","ks_Arab":"Cashmireg (Arabaidd)","ks_IN":"Cashmireg (India)","ca":"Catalaneg","ca_AD":"Catalaneg (Andorra)","ca_FR":"Catalaneg (Ffrainc)","ca_ES":"Catalaneg (Sbaen)","ca_IT":"Catalaneg (Yr Eidal)","kw":"Cernyweg","kw_GB":"Cernyweg (Y Deyrnas Unedig)","rw":"Ciniar\u0175andeg","rw_RW":"Ciniar\u0175andeg (Rwanda)","ky":"Cirgiseg","ky_Cyrl_KG":"Cirgiseg (Cyrilig, Kyrgyzstan)","ky_Cyrl":"Cirgiseg (Cyrilig)","ky_KG":"Cirgiseg (Kyrgyzstan)","ko":"Coreeg","ko_KR":"Coreeg (De Korea)","ko_KP":"Coreeg (Gogledd Korea)","hr":"Croateg","hr_BA":"Croateg (Bosnia a Hercegovina)","hr_HR":"Croateg (Croatia)","cy":"Cymraeg","cy_GB":"Cymraeg (Y Deyrnas Unedig)","km":"Chmereg","km_KH":"Chmereg (Cambodia)","da":"Daneg","da_DK":"Daneg (Denmarc)","da_GL":"Daneg (Yr Ynys Las)","dz":"Dzongkha","dz_BT":"Dzongkha (Bhutan)","it":"Eidaleg","it_SM":"Eidaleg (San Marino)","it_CH":"Eidaleg (Y Swistir)","it_IT":"Eidaleg (Yr Eidal)","eo":"Esperanto","et":"Estoneg","et_EE":"Estoneg (Estonia)","ee":"Ewe","ee_GH":"Ewe (Ghana)","ee_TG":"Ewe (Togo)","vi":"Fietnameg","vi_VN":"Fietnameg (Fietnam)","fo":"Ffar\u00f6eg","fo_FO":"Ffar\u00f6eg (F\u00f8royar)","fi":"Ffinneg","fi_FI":"Ffinneg (Y Ffindir)","fr":"Ffrangeg","fr_DZ":"Ffrangeg (Algeria)","fr_BJ":"Ffrangeg (Benin)","fr_BF":"Ffrangeg (Burkina Faso)","fr_BI":"Ffrangeg (Burundi)","fr_NC":"Ffrangeg (Caledonia Newydd)","fr_CM":"Ffrangeg (Camer\u0175n)","fr_CA":"Ffrangeg (Canada)","fr_KM":"Ffrangeg (Comoros)","fr_CI":"Ffrangeg (C\u00f4te d\u2019Ivoire)","fr_DJ":"Ffrangeg (Djibouti)","fr_FR":"Ffrangeg (Ffrainc)","fr_GA":"Ffrangeg (Gabon)","fr_GP":"Ffrangeg (Guadeloupe)","fr_GQ":"Ffrangeg (Guinea Gyhydeddol)","fr_GN":"Ffrangeg (Guin\u00e9e)","fr_GF":"Ffrangeg (Guyane Ffrengig)","fr_CF":"Ffrangeg (Gweriniaeth Canolbarth Affrica)","fr_BE":"Ffrangeg (Gwlad Belg)","fr_HT":"Ffrangeg (Haiti)","fr_LU":"Ffrangeg (Lwcsembwrg)","fr_MG":"Ffrangeg (Madagascar)","fr_ML":"Ffrangeg (Mali)","fr_MQ":"Ffrangeg (Martinique)","fr_MR":"Ffrangeg (Mauritania)","fr_MU":"Ffrangeg (Mauritius)","fr_YT":"Ffrangeg (Mayotte)","fr_MC":"Ffrangeg (Monaco)","fr_MA":"Ffrangeg (Moroco)","fr_NE":"Ffrangeg (Niger)","fr_PF":"Ffrangeg (Polynesia Ffrengig)","fr_RE":"Ffrangeg (R\u00e9union)","fr_RW":"Ffrangeg (Rwanda)","fr_BL":"Ffrangeg (Saint Barth\u00e9lemy)","fr_MF":"Ffrangeg (Saint Martin)","fr_PM":"Ffrangeg (Saint-Pierre-et-Miquelon)","fr_SN":"Ffrangeg (S\u00e9n\u00e9gal)","fr_SC":"Ffrangeg (Seychelles)","fr_SY":"Ffrangeg (Syria)","fr_TD":"Ffrangeg (Tchad)","fr_TG":"Ffrangeg (Togo)","fr_TN":"Ffrangeg (Tunisia)","fr_VU":"Ffrangeg (Vanuatu)","fr_WF":"Ffrangeg (Wallis a Futuna)","fr_CG":"Ffrangeg (Y Congo - Brazzaville)","fr_CD":"Ffrangeg (Y Congo - Kinshasa)","fr_CH":"Ffrangeg (Y Swistir)","fy":"Ffriseg y Gorllewin","fy_NL":"Ffriseg y Gorllewin (Yr Iseldiroedd)","ff":"Ffwla","ff_CM":"Ffwla (Camer\u0175n)","ff_GN":"Ffwla (Guin\u00e9e)","ff_MR":"Ffwla (Mauritania)","ff_SN":"Ffwla (S\u00e9n\u00e9gal)","gd":"Gaeleg yr Alban","gd_GB":"Gaeleg yr Alban (Y Deyrnas Unedig)","gl":"Galisieg","gl_ES":"Galisieg (Sbaen)","lg":"Ganda","lg_UG":"Ganda (Uganda)","ka":"Georgeg","ka_GE":"Georgeg (Georgia)","el":"Groeg","el_CY":"Groeg (Cyprus)","el_GR":"Groeg (Gwlad Groeg)","gu":"Gwjarati","gu_IN":"Gwjarati (India)","ga":"Gwyddeleg","ga_IE":"Gwyddeleg (Iwerddon)","ha":"Hawsa","ha_GH":"Hawsa (Ghana)","ha_Latn_GH":"Hawsa (Lladin, Ghana)","ha_Latn_NE":"Hawsa (Lladin, Niger)","ha_Latn_NG":"Hawsa (Lladin, Nigeria)","ha_Latn":"Hawsa (Lladin)","ha_NE":"Hawsa (Niger)","ha_NG":"Hawsa (Nigeria)","he":"Hebraeg","he_IL":"Hebraeg (Israel)","hi":"Hindi","hi_IN":"Hindi (India)","hu":"Hwngareg","hu_HU":"Hwngareg (Hwngari)","yi":"Iddew-Almaeneg","ig":"Igbo","ig_NG":"Igbo (Nigeria)","id":"Indoneseg","id_ID":"Indoneseg (Indonesia)","yo":"Iorwba","yo_BJ":"Iorwba (Benin)","yo_NG":"Iorwba (Nigeria)","nl":"Iseldireg","nl_BQ":"Iseldireg (Antilles yr Iseldiroedd)","nl_AW":"Iseldireg (Aruba)","nl_CW":"Iseldireg (Cura\u00e7ao)","nl_BE":"Iseldireg (Gwlad Belg)","nl_SX":"Iseldireg (Sint Maarten)","nl_SR":"Iseldireg (Suriname)","nl_NL":"Iseldireg (Yr Iseldiroedd)","is":"Islandeg","is_IS":"Islandeg (Gwlad yr I\u00e2)","ja":"Japaneeg","ja_JP":"Japaneeg (Japan)","kl":"Kalaallisut","kl_GL":"Kalaallisut (Greenland)","kn":"Kannada","kn_IN":"Kannada (India)","ki":"ki","ki_KE":"ki (Kenya)","lo":"Laoeg","lo_LA":"Laoeg (Laos)","lv":"Latfieg","lv_LV":"Latfieg (Latfia)","ln":"Lingala","ln_AO":"Lingala (Angola)","ln_CF":"Lingala (Gweriniaeth Canolbarth Affrica)","ln_CG":"Lingala (Y Congo - Brazzaville)","ln_CD":"Lingala (Y Congo - Kinshasa)","lt":"Lithwaneg","lt_LT":"Lithwaneg (Lithuania)","lu":"Luba-Katanga","lu_CD":"Luba-Katanga (Congo - Kinshasa)","lb":"Lwcsembwrgeg","lb_LU":"Lwcsembwrgeg (Lwcsembwrg)","br":"Llydaweg","br_FR":"Llydaweg (Ffrainc)","mk":"Macedoneg","mk_MK":"Macedoneg (Macedonia)","mg":"Malagaseg","mg_MG":"Malagaseg (Madagascar)","ml":"Malayalam","ml_IN":"Malayalam (India)","ms":"Maleieg","ms_BN":"Maleieg (Brunei)","ms_Latn_BN":"Maleieg (Lladin, Brunei)","ms_Latn_MY":"Maleieg (Lladin, Malaysia)","ms_Latn_SG":"Maleieg (Lladin, Singapore)","ms_Latn":"Maleieg (Lladin)","ms_MY":"Maleieg (Malaysia)","ms_SG":"Maleieg (Singapore)","mt":"Malteg","mt_MT":"Malteg (Malta)","gv":"Manaweg","gv_IM":"Manaweg (Ynys Manaw)","mr":"Marathi","mr_IN":"Marathi (India)","mn":"Mongoleg","mn_Cyrl_MN":"Mongoleg (Cyrilig, Mongolia)","mn_Cyrl":"Mongoleg (Cyrilig)","mn_MN":"Mongoleg (Mongolia)","nd":"Ndebele Gogleddol","nd_ZW":"Ndebele Gogleddol (Zimbabwe)","ne":"Nepaleg","ne_IN":"Nepaleg (India)","ne_NP":"Nepaleg (Nepal)","no":"Norwyeg","no_NO":"Norwyeg (Norwy)","nb":"Norwyeg Bokm\u00e5l","nb_NO":"Norwyeg Bokm\u00e5l (Norwy)","nb_SJ":"Norwyeg Bokm\u00e5l (Svalbard a Jan Mayen)","nn":"Norwyeg Nynorsk","nn_NO":"Norwyeg Nynorsk (Norwy)","ii":"Nwosw","ii_CN":"Nwosw (Tsieina)","or":"Oriya","or_IN":"Oriya (India)","om":"Oromo","om_ET":"Oromo (Ethiopia)","om_KE":"Oromo (Kenya)","os":"Oseteg","os_GE":"Oseteg (Georgia)","os_RU":"Oseteg (Rwsia)","ps":"Pashto","ps_AF":"Pashto (Afghanistan)","fa":"Perseg","fa_AF":"Perseg (Afghanistan)","fa_IR":"Perseg (Iran)","pt":"Portiwgeeg","pt_AO":"Portiwgeeg (Angola)","pt_BR":"Portiwgeeg (Brasil)","pt_CV":"Portiwgeeg (Cabo Verde)","pt_GW":"Portiwgeeg (Guin\u00e9-Bissau)","pt_MO":"Portiwgeeg (Macau RhGA Tsieina)","pt_MZ":"Portiwgeeg (Mozambique)","pt_PT":"Portiwgeeg (Portiwgal)","pt_ST":"Portiwgeeg (S\u00e3o Tom\u00e9 a Pr\u00edncipe)","pt_TL":"Portiwgeeg (Timor-Leste)","pa":"Pwnjabeg","pa_Arab_PK":"Pwnjabeg (Arabaidd, Pakistan)","pa_Arab":"Pwnjabeg (Arabaidd)","pa_Guru_IN":"Pwnjabeg (Gwrmwci, India)","pa_Guru":"Pwnjabeg (Gwrmwci)","pa_IN":"Pwnjabeg (India)","pa_PK":"Pwnjabeg (Pakistan)","pl":"Pwyleg","pl_PL":"Pwyleg (Gwlad Pwyl)","qu":"Quechua","qu_BO":"Quechua (Bolifia)","qu_EC":"Quechua (Ecuador)","qu_PE":"Quechua (Periw)","rm":"Romaunsch","rm_CH":"Romaunsch (Y Swistir)","ro":"Rwmaneg","ro_MD":"Rwmaneg (Moldofa)","ro_RO":"Rwmaneg (Rwmania)","rn":"Rwndi","rn_BI":"Rwndi (Burundi)","ru":"Rwseg","ru_BY":"Rwseg (Belarws)","ru_KZ":"Rwseg (Kazakstan)","ru_KG":"Rwseg (Kyrgyzstan)","ru_MD":"Rwseg (Moldofa)","ru_RU":"Rwseg (Rwsia)","ru_UA":"Rwseg (Wcr\u00e1in)","en":"Saesneg","en_AI":"Saesneg (Anguilla)","en_AG":"Saesneg (Antigua a Barbuda)","en_AU":"Saesneg (Awstralia)","en_BB":"Saesneg (Barbados)","en_BZ":"Saesneg (Belize)","en_BM":"Saesneg (Bermuda)","en_BW":"Saesneg (Botswana)","en_CM":"Saesneg (Camer\u0175n)","en_CA":"Saesneg (Canada)","en_ZA":"Saesneg (De Affrica)","en_SS":"Saesneg (De Swdan)","en_DG":"Saesneg (Diego Garcia)","en_DM":"Saesneg (Dominica)","en_ER":"Saesneg (Eritrea)","en_FJ":"Saesneg (Fiji)","en_GM":"Saesneg (Gambia)","en_GH":"Saesneg (Ghana)","en_GI":"Saesneg (Gibraltar)","en_GD":"Saesneg (Grenada)","en_GU":"Saesneg (Guam)","en_GY":"Saesneg (Guyana)","en_BE":"Saesneg (Gwlad Belg)","en_SZ":"Saesneg (Gwlad Swazi)","en_HK":"Saesneg (Hong Kong RhGA Tsieina)","en_IN":"Saesneg (India)","en_IE":"Saesneg (Iwerddon)","en_JM":"Saesneg (Jamaica)","en_JE":"Saesneg (Jersey)","en_KE":"Saesneg (Kenya)","en_KI":"Saesneg (Kiribati)","en_LS":"Saesneg (Lesotho)","en_LR":"Saesneg (Liberia)","en_MO":"Saesneg (Macau RhGA Tsieina)","en_MG":"Saesneg (Madagascar)","en_MW":"Saesneg (Malawi)","en_MY":"Saesneg (Malaysia)","en_MT":"Saesneg (Malta)","en_MU":"Saesneg (Mauritius)","en_FM":"Saesneg (Micronesia)","en_MS":"Saesneg (Montserrat)","en_NA":"Saesneg (Namibia)","en_NR":"Saesneg (Nauru)","en_NG":"Saesneg (Nigeria)","en_NU":"Saesneg (Niue)","en_PK":"Saesneg (Pakistan)","en_PW":"Saesneg (Palau)","en_PG":"Saesneg (Papua Guinea Newydd)","en_PH":"Saesneg (Pilipinas)","en_PR":"Saesneg (Puerto Rico)","en_RW":"Saesneg (Rwanda)","en_SH":"Saesneg (Saint Helena)","en_KN":"Saesneg (Saint Kitts a Nevis)","en_LC":"Saesneg (Saint Lucia)","en_VC":"Saesneg (Saint Vincent a\u2019r Grenadines)","en_AS":"Saesneg (Samoa America)","en_WS":"Saesneg (Samoa)","en_NZ":"Saesneg (Seland Newydd)","en_SC":"Saesneg (Seychelles)","en_SL":"Saesneg (Sierra Leone)","en_SG":"Saesneg (Singapore)","en_SX":"Saesneg (Sint Maarten)","en_SD":"Saesneg (Swdan)","en_TZ":"Saesneg (Tanzania)","en_IO":"Saesneg (Tiriogaeth Brydeinig Cefnfor India)","en_TO":"Saesneg (Tonga)","en_TK":"Saesneg (Tokelau)","en_TT":"Saesneg (Trinidad a Tobago)","en_TV":"Saesneg (Tuvalu)","en_UG":"Saesneg (Uganda)","en_VU":"Saesneg (Vanuatu)","en_BS":"Saesneg (Y Bahamas)","en_GB":"Saesneg (Y Deyrnas Unedig)","en_IM":"Saesneg (Ynys Manaw)","en_NF":"Saesneg (Ynys Norfolk)","en_GG":"Saesneg (Ynys y Garn)","en_CX":"Saesneg (Ynys y Nadolig)","en_KY":"Saesneg (Ynysoedd Cayman)","en_CC":"Saesneg (Ynysoedd Cocos (Keeling))","en_CK":"Saesneg (Ynysoedd Cook)","en_MP":"Saesneg (Ynysoedd Gogledd Mariana)","en_VG":"Saesneg (Ynysoedd Gwyryf Prydain)","en_VI":"Saesneg (Ynysoedd Gwyryf yr Unol Daleithiau)","en_MH":"Saesneg (Ynysoedd Marshall)","en_UM":"Saesneg (Ynysoedd Pellennig UDA)","en_PN":"Saesneg (Ynysoedd Pitcairn)","en_SB":"Saesneg (Ynysoedd Solomon)","en_TC":"Saesneg (Ynysoedd Turks a Caicos)","en_FK":"Saesneg (Ynysoedd y Falkland\/Malvinas)","en_US":"Saesneg (Yr Unol Daleithiau)","en_ZM":"Saesneg (Zambia)","en_ZW":"Saesneg (Zimbabwe)","sg":"Sango","sg_CF":"Sango (Gweriniaeth Canolbarth Affrica)","se":"Sami Gogleddol","se_NO":"Sami Gogleddol (Norwy)","se_SE":"Sami Gogleddol (Sweden)","se_FI":"Sami Gogleddol (Y Ffindir)","es":"Sbaeneg","es_BO":"Sbaeneg (Bolifia)","es_EA":"Sbaeneg (Ceuta a Melilla)","es_CU":"Sbaeneg (Ciwba)","es_CO":"Sbaeneg (Colombia)","es_CR":"Sbaeneg (Costa Rica)","es_CL":"Sbaeneg (Chile)","es_EC":"Sbaeneg (Ecuador)","es_SV":"Sbaeneg (El Salvador)","es_GT":"Sbaeneg (Guatemala)","es_GQ":"Sbaeneg (Guinea Gyhydeddol)","es_DO":"Sbaeneg (Gweriniaeth Dominica)","es_HN":"Sbaeneg (Honduras)","es_MX":"Sbaeneg (Mecsico)","es_NI":"Sbaeneg (Nicaragua)","es_PA":"Sbaeneg (Panama)","es_PY":"Sbaeneg (Paraguay)","es_PE":"Sbaeneg (Periw)","es_PH":"Sbaeneg (Pilipinas)","es_PR":"Sbaeneg (Puerto Rico)","es_ES":"Sbaeneg (Sbaen)","es_UY":"Sbaeneg (Uruguay)","es_VE":"Sbaeneg (Venezuela)","es_AR":"Sbaeneg (Yr Ariannin)","es_US":"Sbaeneg (Yr Unol Daleithiau)","es_IC":"Sbaeneg (Yr Ynysoedd Dedwydd)","sr":"Serbeg","sr_BA":"Serbeg (Bosnia a Hercegovina)","sr_Cyrl_BA":"Serbeg (Cyrilig, Bosnia a Hercegovina)","sr_Cyrl_XK":"Serbeg (Cyrilig, Kosovo)","sr_Cyrl_ME":"Serbeg (Cyrilig, Montenegro)","sr_Cyrl_RS":"Serbeg (Cyrilig, Serbia)","sr_Cyrl":"Serbeg (Cyrilig)","sr_XK":"Serbeg (Kosovo)","sr_Latn_BA":"Serbeg (Lladin, Bosnia a Hercegovina)","sr_Latn_XK":"Serbeg (Lladin, Kosovo)","sr_Latn_ME":"Serbeg (Lladin, Montenegro)","sr_Latn_RS":"Serbeg (Lladin, Serbia)","sr_Latn":"Serbeg (Lladin)","sr_ME":"Serbeg (Montenegro)","sr_RS":"Serbeg (Serbia)","sh":"Serbo-Croateg","sh_BA":"Serbo-Croateg (Bosnia a Hercegovina)","sn":"Shona","sn_ZW":"Shona (Zimbabwe)","si":"Sinhaleg","si_LK":"Sinhaleg (Sri Lanka)","sk":"Slofaceg","sk_SK":"Slofaceg (Slofacia)","sl":"Slofeneg","sl_SI":"Slofeneg (Slofenia)","so":"Somaleg","so_DJ":"Somaleg (Djibouti)","so_ET":"Somaleg (Ethiopia)","so_KE":"Somaleg (Kenya)","so_SO":"Somaleg (Somalia)","sw":"Swahili","sw_KE":"Swahili (Kenya)","sw_TZ":"Swahili (Tanzania)","sw_UG":"Swahili (Uganda)","sv":"Swedeg","sv_SE":"Swedeg (Sweden)","sv_FI":"Swedeg (Y Ffindir)","sv_AX":"Swedeg (Ynysoedd \u00c5land)","zu":"Swlw","zu_ZA":"Swlw (De Affrica)","tl":"Tagalog","tl_PH":"Tagalog (Pilipinas)","ta":"Tamileg","ta_IN":"Tamileg (India)","ta_MY":"Tamileg (Malaysia)","ta_SG":"Tamileg (Singapore)","ta_LK":"Tamileg (Sri Lanka)","te":"Telugu","te_IN":"Telugu (India)","bo":"Tibeteg","bo_IN":"Tibeteg (India)","bo_CN":"Tibeteg (Tsieina)","ti":"Tigrinya","ti_ER":"Tigrinya (Eritrea)","ti_ET":"Tigrinya (Ethiopia)","to":"Tongeg","to_TO":"Tongeg (Tonga)","cs":"Tsieceg","cs_CZ":"Tsieceg (Gweriniaeth Tsiec)","zh":"Tsieineeg","zh_HK":"Tsieineeg (Hong Kong RhGA Tsieina)","zh_MO":"Tsieineeg (Macau RhGA Tsieina)","zh_SG":"Tsieineeg (Singapore)","zh_Hans_HK":"Tsieineeg (Symledig, Hong Kong RhGA Tsieina)","zh_Hans_MO":"Tsieineeg (Symledig, Macau RhGA Tsieina)","zh_Hans_SG":"Tsieineeg (Symledig, Singapore)","zh_Hans_CN":"Tsieineeg (Symledig, Tsieina)","zh_Hans":"Tsieineeg (Symledig)","zh_TW":"Tsieineeg (Taiwan)","zh_Hant_HK":"Tsieineeg (Traddodiadol, Hong Kong RhGA Tsieina)","zh_Hant_MO":"Tsieineeg (Traddodiadol, Macau RhGA Tsieina)","zh_Hant_TW":"Tsieineeg (Traddodiadol, Taiwan)","zh_Hant":"Tsieineeg (Traddodiadol)","zh_CN":"Tsieineeg (Tsieina)","tr":"Tyrceg","tr_CY":"Tyrceg (Cyprus)","tr_TR":"Tyrceg (Twrci)","th":"Thai","th_TH":"Thai (Gwlad Thai)","ug":"Uighur","ug_Arab_CN":"Uighur (Arabaidd, Tsieina)","ug_Arab":"Uighur (Arabaidd)","ug_CN":"Uighur (Tsieina)","uk":"Wcreineg","uk_UA":"Wcreineg (Wcr\u00e1in)","ur":"Wrdw","ur_IN":"Wrdw (India)","ur_PK":"Wrdw (Pakistan)","uz":"Wsbeceg","uz_AF":"Wsbeceg (Afghanistan)","uz_Arab_AF":"Wsbeceg (Arabaidd, Afghanistan)","uz_Arab":"Wsbeceg (Arabaidd)","uz_Cyrl_UZ":"Wsbeceg (Cyrilig, Uzbekistan)","uz_Cyrl":"Wsbeceg (Cyrilig)","uz_Latn_UZ":"Wsbeceg (Lladin, Uzbekistan)","uz_Latn":"Wsbeceg (Lladin)","uz_UZ":"Wsbeceg (Uzbekistan)"}