{"af":"afrikaans","af_NA":"afrikaans (Namibia)","af_ZA":"afrikaans (Sydafrika)","ak":"akan","ak_GH":"akan (Ghana)","sq":"albansk","sq_AL":"albansk (Albanien)","sq_XK":"albansk (Kosovo)","sq_MK":"albansk (Makedonien)","am":"amharisk","am_ET":"amharisk (Etiopien)","ar":"arabisk","ar_DZ":"arabisk (Algeriet)","ar_BH":"arabisk (Bahrain)","ar_KM":"arabisk (Comorerne)","ar_PS":"arabisk (De pal\u00e6stinensiske omr\u00e5der)","ar_DJ":"arabisk (Djibouti)","ar_EG":"arabisk (Egypten)","ar_ER":"arabisk (Eritrea)","ar_AE":"arabisk (Forenede Arabiske Emirater)","ar_IQ":"arabisk (Irak)","ar_IL":"arabisk (Israel)","ar_JO":"arabisk (Jordan)","ar_KW":"arabisk (Kuwait)","ar_LB":"arabisk (Libanon)","ar_LY":"arabisk (Libyen)","ar_MA":"arabisk (Marokko)","ar_MR":"arabisk (Mauretanien)","ar_OM":"arabisk (Oman)","ar_QA":"arabisk (Qatar)","ar_SA":"arabisk (Saudi-Arabien)","ar_SO":"arabisk (Somalia)","ar_SD":"arabisk (Sudan)","ar_SS":"arabisk (Sydsudan)","ar_SY":"arabisk (Syrien)","ar_TD":"arabisk (Tchad)","ar_TN":"arabisk (Tunesien)","ar_EH":"arabisk (Vestsahara)","ar_YE":"arabisk (Yemen)","hy":"armensk","hy_AM":"armensk (Armenien)","az":"aserbajdsjansk","az_AZ":"aserbajdsjansk (Aserbajdsjan)","az_Cyrl_AZ":"aserbajdsjansk (kyrillisk, Aserbajdsjan)","az_Cyrl":"aserbajdsjansk (kyrillisk)","az_Latn_AZ":"aserbajdsjansk (latinsk, Aserbajdsjan)","az_Latn":"aserbajdsjansk (latinsk)","as":"assamesisk","as_IN":"assamesisk (Indien)","bm":"bambara","bm_Latn_ML":"bambara (latinsk, Mali)","bm_Latn":"bambara (latinsk)","eu":"baskisk","eu_ES":"baskisk (Spanien)","bn":"bengali","bn_BD":"bengali (Bangladesh)","bn_IN":"bengali (Indien)","bs":"bosnisk","bs_BA":"bosnisk (Bosnien-Hercegovina)","bs_Cyrl_BA":"bosnisk (kyrillisk, Bosnien-Hercegovina)","bs_Cyrl":"bosnisk (kyrillisk)","bs_Latn_BA":"bosnisk (latinsk, Bosnien-Hercegovina)","bs_Latn":"bosnisk (latinsk)","br":"bretonsk","br_FR":"bretonsk (Frankrig)","bg":"bulgarsk","bg_BG":"bulgarsk (Bulgarien)","my":"burmesisk","my_MM":"burmesisk (Myanmar (Burma))","ca":"catalansk","ca_AD":"catalansk (Andorra)","ca_FR":"catalansk (Frankrig)","ca_IT":"catalansk (Italien)","ca_ES":"catalansk (Spanien)","kw":"cornisk","kw_GB":"cornisk (Storbritannien)","da":"dansk","da_DK":"dansk (Danmark)","da_GL":"dansk (Gr\u00f8nland)","dz":"dzongkha","dz_BT":"dzongkha (Bhutan)","en":"engelsk","en_AS":"engelsk (Amerikansk Samoa)","en_UM":"engelsk (Amerikanske overs\u00f8iske \u00f8er)","en_AI":"engelsk (Anguilla)","en_AG":"engelsk (Antigua og Barbuda)","en_AU":"engelsk (Australien)","en_BS":"engelsk (Bahamas)","en_BB":"engelsk (Barbados)","en_BE":"engelsk (Belgien)","en_BZ":"engelsk (Belize)","en_BM":"engelsk (Bermuda)","en_BW":"engelsk (Botswana)","en_CM":"engelsk (Cameroun)","en_CA":"engelsk (Canada)","en_KY":"engelsk (Cayman\u00f8erne)","en_CC":"engelsk (Cocos\u00f8erne)","en_CK":"engelsk (Cook\u00f8erne)","en_VI":"engelsk (De Amerikanske Jomfru\u00f8er)","en_VG":"engelsk (De Britiske Jomfru\u00f8er)","en_IO":"engelsk (Det britiske territorium i Det Indiske Ocean)","en_DG":"engelsk (Diego Garcia)","en_DM":"engelsk (Dominica)","en_ER":"engelsk (Eritrea)","en_FK":"engelsk (Falklands\u00f8erne)","en_FJ":"engelsk (Fiji)","en_PH":"engelsk (Filippinerne)","en_GM":"engelsk (Gambia)","en_GH":"engelsk (Ghana)","en_GI":"engelsk (Gibraltar)","en_GD":"engelsk (Grenada)","en_GU":"engelsk (Guam)","en_GG":"engelsk (Guernsey)","en_GY":"engelsk (Guyana)","en_HK":"engelsk (Hongkong SAR)","en_IN":"engelsk (Indien)","en_IE":"engelsk (Irland)","en_IM":"engelsk (Isle of Man)","en_JM":"engelsk (Jamaica)","en_JE":"engelsk (Jersey)","en_CX":"engelsk (Jule\u00f8en)","en_KE":"engelsk (Kenya)","en_KI":"engelsk (Kiribati)","en_LS":"engelsk (Lesotho)","en_LR":"engelsk (Liberia)","en_MO":"engelsk (Macao SAR)","en_MG":"engelsk (Madagaskar)","en_MW":"engelsk (Malawi)","en_MY":"engelsk (Malaysia)","en_MT":"engelsk (Malta)","en_MH":"engelsk (Marshall\u00f8erne)","en_MU":"engelsk (Mauritius)","en_FM":"engelsk (Mikronesiens Forenede Stater)","en_MS":"engelsk (Montserrat)","en_NA":"engelsk (Namibia)","en_NR":"engelsk (Nauru)","en_NZ":"engelsk (New Zealand)","en_NG":"engelsk (Nigeria)","en_NU":"engelsk (Niue)","en_MP":"engelsk (Nordmarianerne)","en_NF":"engelsk (Norfolk\u00f8en)","en_PK":"engelsk (Pakistan)","en_PW":"engelsk (Palau)","en_PG":"engelsk (Papua Ny Guinea)","en_PN":"engelsk (Pitcairn)","en_PR":"engelsk (Puerto Rico)","en_RW":"engelsk (Rwanda)","en_KN":"engelsk (Saint Kitts og Nevis)","en_LC":"engelsk (Saint Lucia)","en_VC":"engelsk (Saint Vincent og Grenadinerne)","en_SB":"engelsk (Salomon\u00f8erne)","en_WS":"engelsk (Samoa)","en_SC":"engelsk (Seychellerne)","en_SL":"engelsk (Sierra Leone)","en_SG":"engelsk (Singapore)","en_SX":"engelsk (Sint Maarten)","en_SH":"engelsk (St. Helena)","en_GB":"engelsk (Storbritannien)","en_SD":"engelsk (Sudan)","en_SZ":"engelsk (Swaziland)","en_ZA":"engelsk (Sydafrika)","en_SS":"engelsk (Sydsudan)","en_TZ":"engelsk (Tanzania)","en_TK":"engelsk (Tokelau)","en_TO":"engelsk (Tonga)","en_TT":"engelsk (Trinidad og Tobago)","en_TC":"engelsk (Turks- og Caicos\u00f8erne)","en_TV":"engelsk (Tuvalu)","en_UG":"engelsk (Uganda)","en_US":"engelsk (USA)","en_VU":"engelsk (Vanuatu)","en_ZM":"engelsk (Zambia)","en_ZW":"engelsk (Zimbabwe)","eo":"esperanto","et":"estisk","et_EE":"estisk (Estland)","ee":"ewe","ee_GH":"ewe (Ghana)","ee_TG":"ewe (Togo)","fi":"finsk","fi_FI":"finsk (Finland)","fr":"fransk","fr_DZ":"fransk (Algeriet)","fr_BE":"fransk (Belgien)","fr_BJ":"fransk (Benin)","fr_BF":"fransk (Burkina Faso)","fr_BI":"fransk (Burundi)","fr_CM":"fransk (Cameroun)","fr_CA":"fransk (Canada)","fr_CF":"fransk (Centralafrikanske Republik)","fr_KM":"fransk (Comorerne)","fr_CG":"fransk (Congo-Brazzaville)","fr_CD":"fransk (Congo-Kinshasa)","fr_DJ":"fransk (Djibouti)","fr_CI":"fransk (Elfenbenskysten)","fr_FR":"fransk (Frankrig)","fr_GF":"fransk (Fransk Guyana)","fr_PF":"fransk (Fransk Polynesien)","fr_GA":"fransk (Gabon)","fr_GP":"fransk (Guadeloupe)","fr_GN":"fransk (Guinea)","fr_HT":"fransk (Haiti)","fr_LU":"fransk (Luxembourg)","fr_MG":"fransk (Madagaskar)","fr_ML":"fransk (Mali)","fr_MA":"fransk (Marokko)","fr_MQ":"fransk (Martinique)","fr_MR":"fransk (Mauretanien)","fr_MU":"fransk (Mauritius)","fr_YT":"fransk (Mayotte)","fr_MC":"fransk (Monaco)","fr_NE":"fransk (Niger)","fr_NC":"fransk (Ny Caledonien)","fr_RE":"fransk (R\u00e9union)","fr_RW":"fransk (Rwanda)","fr_BL":"fransk (Saint Barth\u00e9lemy)","fr_MF":"fransk (Saint Martin)","fr_PM":"fransk (Saint Pierre og Miquelon)","fr_CH":"fransk (Schweiz)","fr_SN":"fransk (Senegal)","fr_SC":"fransk (Seychellerne)","fr_SY":"fransk (Syrien)","fr_TD":"fransk (Tchad)","fr_TG":"fransk (Togo)","fr_TN":"fransk (Tunesien)","fr_VU":"fransk (Vanuatu)","fr_WF":"fransk (Wallis og Futuna)","fr_GQ":"fransk (\u00c6kvatorialguinea)","fy":"frisisk","fy_NL":"frisisk (Holland)","ff":"fulah","ff_CM":"fulah (Cameroun)","ff_GN":"fulah (Guinea)","ff_MR":"fulah (Mauretanien)","ff_SN":"fulah (Senegal)","fo":"f\u00e6r\u00f8sk","fo_FO":"f\u00e6r\u00f8sk (F\u00e6r\u00f8erne)","gl":"galicisk","gl_ES":"galicisk (Spanien)","lg":"ganda","lg_UG":"ganda (Uganda)","ka":"georgisk","ka_GE":"georgisk (Georgien)","el":"gr\u00e6sk","el_CY":"gr\u00e6sk (Cypern)","el_GR":"gr\u00e6sk (Gr\u00e6kenland)","kl":"gr\u00f8nlandsk","kl_GL":"gr\u00f8nlandsk (Gr\u00f8nland)","gu":"gujarati","gu_IN":"gujarati (Indien)","ha":"hausa","ha_GH":"hausa (Ghana)","ha_Latn_GH":"hausa (latinsk, Ghana)","ha_Latn_NE":"hausa (latinsk, Niger)","ha_Latn_NG":"hausa (latinsk, Nigeria)","ha_Latn":"hausa (latinsk)","ha_NE":"hausa (Niger)","ha_NG":"hausa (Nigeria)","he":"hebraisk","he_IL":"hebraisk (Israel)","hi":"hindi","hi_IN":"hindi (Indien)","nl":"hollandsk","nl_AW":"hollandsk (Aruba)","nl_BE":"hollandsk (Belgien)","nl_CW":"hollandsk (Cura\u00e7ao)","nl_NL":"hollandsk (Holland)","nl_BQ":"hollandsk (Nederlandske antiller)","nl_SX":"hollandsk (Sint Maarten)","nl_SR":"hollandsk (Surinam)","be":"hviderussisk","be_BY":"hviderussisk (Hviderusland)","ig":"igbo","ig_NG":"igbo (Nigeria)","id":"indonesisk","id_ID":"indonesisk (Indonesien)","ga":"irsk","ga_IE":"irsk (Irland)","is":"islandsk","is_IS":"islandsk (Island)","it":"italiensk","it_IT":"italiensk (Italien)","it_SM":"italiensk (San Marino)","it_CH":"italiensk (Schweiz)","ja":"japansk","ja_JP":"japansk (Japan)","yi":"jiddisch","kn":"kannada","kn_IN":"kannada (Indien)","kk":"kasakhisk","kk_KZ":"kasakhisk (Kasakhstan)","kk_Cyrl_KZ":"kasakhisk (kyrillisk, Kasakhstan)","kk_Cyrl":"kasakhisk (kyrillisk)","ks":"kashmiri","ks_Arab_IN":"kashmiri (arabisk, Indien)","ks_Arab":"kashmiri (arabisk)","ks_IN":"kashmiri (Indien)","km":"khmer","km_KH":"khmer (Cambodja)","ki":"kikuyu","ki_KE":"kikuyu (Kenya)","zh":"kinesisk","zh_Hans_HK":"kinesisk (forenklet, Hongkong SAR)","zh_Hans_CN":"kinesisk (forenklet, Kina)","zh_Hans_MO":"kinesisk (forenklet, Macao SAR)","zh_Hans_SG":"kinesisk (forenklet, Singapore)","zh_Hans":"kinesisk (forenklet)","zh_HK":"kinesisk (Hongkong SAR)","zh_CN":"kinesisk (Kina)","zh_MO":"kinesisk (Macao SAR)","zh_SG":"kinesisk (Singapore)","zh_TW":"kinesisk (Taiwan)","zh_Hant_HK":"kinesisk (traditionelt, Hongkong SAR)","zh_Hant_MO":"kinesisk (traditionelt, Macao SAR)","zh_Hant_TW":"kinesisk (traditionelt, Taiwan)","zh_Hant":"kinesisk (traditionelt)","rw":"kinyarwanda","rw_RW":"kinyarwanda (Rwanda)","ky":"kirgisisk","ky_KG":"kirgisisk (Kirgisistan)","ky_Cyrl_KG":"kirgisisk (kyrillisk, Kirgisistan)","ky_Cyrl":"kirgisisk (kyrillisk)","ko":"koreansk","ko_KP":"koreansk (Nordkorea)","ko_KR":"koreansk (Sydkorea)","hr":"kroatisk","hr_BA":"kroatisk (Bosnien-Hercegovina)","hr_HR":"kroatisk (Kroatien)","lo":"lao","lo_LA":"lao (Laos)","lv":"lettisk","lv_LV":"lettisk (Letland)","ln":"lingala","ln_AO":"lingala (Angola)","ln_CF":"lingala (Centralafrikanske Republik)","ln_CG":"lingala (Congo-Brazzaville)","ln_CD":"lingala (Congo-Kinshasa)","lt":"litauisk","lt_LT":"litauisk (Litauen)","lu":"luba-Katanga","lu_CD":"luba-Katanga (Congo-Kinshasa)","lb":"luxembourgsk","lb_LU":"luxembourgsk (Luxembourg)","mk":"makedonsk","mk_MK":"makedonsk (Makedonien)","mg":"malagassisk","mg_MG":"malagassisk (Madagaskar)","ms":"malay","ms_BN":"malay (Brunei)","ms_Latn_BN":"malay (latinsk, Brunei)","ms_Latn_MY":"malay (latinsk, Malaysia)","ms_Latn_SG":"malay (latinsk, Singapore)","ms_Latn":"malay (latinsk)","ms_MY":"malay (Malaysia)","ms_SG":"malay (Singapore)","ml":"malayalam","ml_IN":"malayalam (Indien)","mt":"maltesisk","mt_MT":"maltesisk (Malta)","gv":"manx","gv_IM":"manx (Isle of Man)","mr":"marathisk","mr_IN":"marathisk (Indien)","mn":"mongolsk","mn_Cyrl_MN":"mongolsk (kyrillisk, Mongoliet)","mn_Cyrl":"mongolsk (kyrillisk)","mn_MN":"mongolsk (Mongoliet)","ne":"nepalesisk","ne_IN":"nepalesisk (Indien)","ne_NP":"nepalesisk (Nepal)","nd":"nordndebele","nd_ZW":"nordndebele (Zimbabwe)","se":"nordsamisk","se_FI":"nordsamisk (Finland)","se_NO":"nordsamisk (Norge)","se_SE":"nordsamisk (Sverige)","no":"norsk","no_NO":"norsk (Norge)","nb":"norsk bokm\u00e5l","nb_NO":"norsk bokm\u00e5l (Norge)","nb_SJ":"norsk bokm\u00e5l (Svalbard og Jan Mayen)","nn":"nynorsk","nn_NO":"nynorsk (Norge)","or":"oriya","or_IN":"oriya (Indien)","om":"oromo","om_ET":"oromo (Etiopien)","om_KE":"oromo (Kenya)","os":"ossetisk","os_GE":"ossetisk (Georgien)","os_RU":"ossetisk (Rusland)","ps":"pashto","ps_AF":"pashto (Afghanistan)","fa":"persisk","fa_AF":"persisk (Afghanistan)","fa_IR":"persisk (Iran)","pl":"polsk","pl_PL":"polsk (Polen)","pt":"portugisisk","pt_AO":"portugisisk (Angola)","pt_BR":"portugisisk (Brasilien)","pt_GW":"portugisisk (Guinea-Bissau)","pt_CV":"portugisisk (Kap Verde)","pt_MO":"portugisisk (Macao SAR)","pt_MZ":"portugisisk (Mozambique)","pt_PT":"portugisisk (Portugal)","pt_ST":"portugisisk (Sao Tome og Principe)","pt_TL":"portugisisk (Timor-Leste)","pa":"punjabi","pa_Arab_PK":"punjabi (arabisk, Pakistan)","pa_Arab":"punjabi (arabisk)","pa_Guru_IN":"punjabi (gurmukhi, Indien)","pa_Guru":"punjabi (gurmukhi)","pa_IN":"punjabi (Indien)","pa_PK":"punjabi (Pakistan)","qu":"quechua","qu_BO":"quechua (Bolivia)","qu_EC":"quechua (Ecuador)","qu_PE":"quechua (Peru)","ro":"rum\u00e6nsk","ro_MD":"rum\u00e6nsk (Moldova)","ro_RO":"rum\u00e6nsk (Rum\u00e6nien)","rn":"rundi","rn_BI":"rundi (Burundi)","ru":"russisk","ru_BY":"russisk (Hviderusland)","ru_KZ":"russisk (Kasakhstan)","ru_KG":"russisk (Kirgisistan)","ru_MD":"russisk (Moldova)","ru_RU":"russisk (Rusland)","ru_UA":"russisk (Ukraine)","rm":"r\u00e6toromansk","rm_CH":"r\u00e6toromansk (Schweiz)","sg":"sango","sg_CF":"sango (Centralafrikanske Republik)","sr":"serbisk","sr_BA":"serbisk (Bosnien-Hercegovina)","sr_XK":"serbisk (Kosovo)","sr_Cyrl_BA":"serbisk (kyrillisk, Bosnien-Hercegovina)","sr_Cyrl_XK":"serbisk (kyrillisk, Kosovo)","sr_Cyrl_ME":"serbisk (kyrillisk, Montenegro)","sr_Cyrl_RS":"serbisk (kyrillisk, Serbien)","sr_Cyrl":"serbisk (kyrillisk)","sr_Latn_BA":"serbisk (latinsk, Bosnien-Hercegovina)","sr_Latn_XK":"serbisk (latinsk, Kosovo)","sr_Latn_ME":"serbisk (latinsk, Montenegro)","sr_Latn_RS":"serbisk (latinsk, Serbien)","sr_Latn":"serbisk (latinsk)","sr_ME":"serbisk (Montenegro)","sr_RS":"serbisk (Serbien)","sh":"serbokroatisk","sh_BA":"serbokroatisk (Bosnien-Hercegovina)","sn":"shona","sn_ZW":"shona (Zimbabwe)","ii":"sichuan yi","ii_CN":"sichuan yi (Kina)","si":"singalesisk","si_LK":"singalesisk (Sri Lanka)","gd":"skotsk g\u00e6lisk","gd_GB":"skotsk g\u00e6lisk (Storbritannien)","sk":"slovakisk","sk_SK":"slovakisk (Slovakiet)","sl":"slovensk","sl_SI":"slovensk (Slovenien)","so":"somalisk","so_DJ":"somalisk (Djibouti)","so_ET":"somalisk (Etiopien)","so_KE":"somalisk (Kenya)","so_SO":"somalisk (Somalia)","es":"spansk","es_AR":"spansk (Argentina)","es_BO":"spansk (Bolivia)","es_EA":"spansk (Ceuta og Melilla)","es_CL":"spansk (Chile)","es_CO":"spansk (Colombia)","es_CR":"spansk (Costa Rica)","es_CU":"spansk (Cuba)","es_DO":"spansk (Den Dominikanske Republik)","es_EC":"spansk (Ecuador)","es_SV":"spansk (El Salvador)","es_PH":"spansk (Filippinerne)","es_GT":"spansk (Guatemala)","es_HN":"spansk (Honduras)","es_IC":"spansk (Kanariske \u00f8er)","es_MX":"spansk (Mexico)","es_NI":"spansk (Nicaragua)","es_PA":"spansk (Panama)","es_PY":"spansk (Paraguay)","es_PE":"spansk (Peru)","es_PR":"spansk (Puerto Rico)","es_ES":"spansk (Spanien)","es_UY":"spansk (Uruguay)","es_US":"spansk (USA)","es_VE":"spansk (Venezuela)","es_GQ":"spansk (\u00c6kvatorialguinea)","sv":"svensk","sv_FI":"svensk (Finland)","sv_SE":"svensk (Sverige)","sv_AX":"svensk (\u00c5lands\u00f8erne)","sw":"swahili","sw_KE":"swahili (Kenya)","sw_TZ":"swahili (Tanzania)","sw_UG":"swahili (Uganda)","tl":"tagalog","tl_PH":"tagalog (Filippinerne)","ta":"tamilsk","ta_IN":"tamilsk (Indien)","ta_MY":"tamilsk (Malaysia)","ta_SG":"tamilsk (Singapore)","ta_LK":"tamilsk (Sri Lanka)","te":"telugu","te_IN":"telugu (Indien)","th":"thailandsk","th_TH":"thailandsk (Thailand)","bo":"tibetansk","bo_IN":"tibetansk (Indien)","bo_CN":"tibetansk (Kina)","ti":"tigrinya","ti_ER":"tigrinya (Eritrea)","ti_ET":"tigrinya (Etiopien)","cs":"tjekkisk","cs_CZ":"tjekkisk (Tjekkiet)","to":"tongansk","to_TO":"tongansk (Tonga)","tr":"tyrkisk","tr_CY":"tyrkisk (Cypern)","tr_TR":"tyrkisk (Tyrkiet)","de":"tysk","de_BE":"tysk (Belgien)","de_LI":"tysk (Liechtenstein)","de_LU":"tysk (Luxembourg)","de_CH":"tysk (Schweiz)","de_DE":"tysk (Tyskland)","de_AT":"tysk (\u00d8strig)","uk":"ukrainsk","uk_UA":"ukrainsk (Ukraine)","hu":"ungarsk","hu_HU":"ungarsk (Ungarn)","ur":"urdu","ur_IN":"urdu (Indien)","ur_PK":"urdu (Pakistan)","uz":"usbekisk","uz_AF":"usbekisk (Afghanistan)","uz_Arab_AF":"usbekisk (arabisk, Afghanistan)","uz_Arab":"usbekisk (arabisk)","uz_Cyrl_UZ":"usbekisk (kyrillisk, Usbekistan)","uz_Cyrl":"usbekisk (kyrillisk)","uz_Latn_UZ":"usbekisk (latinsk, Usbekistan)","uz_Latn":"usbekisk (latinsk)","uz_UZ":"usbekisk (Usbekistan)","ug":"uygurisk","ug_Arab_CN":"uygurisk (arabisk, Kina)","ug_Arab":"uygurisk (arabisk)","ug_CN":"uygurisk (Kina)","vi":"vietnamesisk","vi_VN":"vietnamesisk (Vietnam)","cy":"walisisk","cy_GB":"walisisk (Storbritannien)","yo":"yoruba","yo_BJ":"yoruba (Benin)","yo_NG":"yoruba (Nigeria)","zu":"zulu","zu_ZA":"zulu (Sydafrika)"}