{"ak":"Akan","ak_GH":"Akan (Ghana)","sq_XK":"Albanian (Kosovo)","bm":"Bambara","bm_Latn_ML":"Bambara (Latin, Mali)","bm_Latn":"Bambara (Latin)","br":"Breton","br_FR":"Breton (France)","kw":"Cornish","kw_GB":"Cornish (United Kingdom)","ee":"Ewe","ee_GH":"Ewe (Ghana)","ee_TG":"Ewe (Togo)","ff":"Fulah","ff_CM":"Fulah (Cameroon)","ff_GN":"Fulah (Guinea)","ff_MR":"Fulah (Mauritania)","ff_SN":"Fulah (Senegal)","lg":"Ganda","lg_UG":"Ganda (Uganda)","kl":"Kalaallisut","kl_GL":"Kalaallisut (Greenland)","ki":"Kikuyu","ki_KE":"Kikuyu (Kenya)","rw":"Kinyarwanda","rw_RW":"Kinyarwanda (Rwanda)","ln":"Lingala","ln_AO":"Lingala (Angola)","ln_CF":"Lingala (Central African Republic)","ln_CG":"Lingala (Congo - Brazzaville)","ln_CD":"Lingala (Congo - Kinshasa)","lu":"Luba-Katanga","lu_CD":"Luba-Katanga (Congo - Kinshasa)","gv":"Manx","gv_IM":"Manx (Isle of Man)","mn":"Mongolian","mn_Cyrl_MN":"Mongolian (Cyrillic, Mongolia)","mn_Cyrl":"Mongolian (Cyrillic)","mn_MN":"Mongolian (Mongolia)","nd":"North Ndebele","nd_ZW":"North Ndebele (Zimbabwe)","se":"Northern Sami","se_FI":"Northern Sami (Finland)","se_NO":"Northern Sami (Norway)","se_SE":"Northern Sami (Sweden)","om":"Oromo","om_ET":"Oromo (Ethiopia)","om_KE":"Oromo (Kenya)","os":"Ossetic","os_GE":"Ossetic (Georgia)","os_RU":"Ossetic (Russia)","rn":"Rundi","rn_BI":"Rundi (Burundi)","sg":"Sango","sg_CF":"Sango (Central African Republic)","gd":"Scottish Gaelic","gd_GB":"Scottish Gaelic (United Kingdom)","sr_Cyrl_XK":"Serbian (Cyrillic, Kosovo)","sr_XK":"Serbian (Kosovo)","sr_Latn_XK":"Serbian (Latin, Kosovo)","sh":"Serbo-Croatian","sh_BA":"Serbo-Croatian (Bosnia & Herzegovina)","sn":"Shona","sn_ZW":"Shona (Zimbabwe)","ii":"Sichuan Yi","ii_CN":"Sichuan Yi (China)","tl":"Tagalog","tl_PH":"Tagalog (Philippines)","yi":"Yiddish","kn":"\u0f40\u0f0b\u0f53\u0f0b\u0f4c\u0f0b\u0f41","kn_IN":"\u0f40\u0f0b\u0f53\u0f0b\u0f4c\u0f0b\u0f41 (\u0f62\u0f92\u0fb1\u0f0b\u0f42\u0f62)","kk":"\u0f40\u0f0b\u0f5b\u0f42\u0f66\u0f0b\u0f41","kk_KZ":"\u0f40\u0f0b\u0f5b\u0f42\u0f66\u0f0b\u0f41 (\u0f40\u0f0b\u0f5b\u0f42\u0f66\u0f0b\u0f66\u0f4f\u0f71\u0f53)","kk_Cyrl_KZ":"\u0f40\u0f0b\u0f5b\u0f42\u0f66\u0f0b\u0f41 (\u0f66\u0f72\u0f62\u0f72\u0f63\u0f0b\u0f63\u0f72\u0f40\u0f0b\u0f61\u0f72\u0f42\u0f0b\u0f42\u0f74, \u0f40\u0f0b\u0f5b\u0f42\u0f66\u0f0b\u0f66\u0f4f\u0f71\u0f53)","kk_Cyrl":"\u0f40\u0f0b\u0f5b\u0f42\u0f66\u0f0b\u0f41 (\u0f66\u0f72\u0f62\u0f72\u0f63\u0f0b\u0f63\u0f72\u0f40\u0f0b\u0f61\u0f72\u0f42\u0f0b\u0f42\u0f74)","qu":"\u0f40\u0fad\u0f7a\u0f0b\u0f46\u0f74\u0f0b\u0f68\u0f0b\u0f41","qu_PE":"\u0f40\u0fad\u0f7a\u0f0b\u0f46\u0f74\u0f0b\u0f68\u0f0b\u0f41 (\u0f54\u0f7a\u0f0b\u0f62\u0f74)","qu_BO":"\u0f40\u0fad\u0f7a\u0f0b\u0f46\u0f74\u0f0b\u0f68\u0f0b\u0f41 (\u0f56\u0fb7\u0f7a\u0f0b\u0f63\u0f72\u0f0b\u0f56\u0f72\u0f0b\u0f61)","qu_EC":"\u0f40\u0fad\u0f7a\u0f0b\u0f46\u0f74\u0f0b\u0f68\u0f0b\u0f41 (\u0f68\u0f7a\u0f0b\u0f41\u0fad\u0f0b\u0f4c\u0f7c\u0f62)","hr":"\u0f40\u0fb2\u0f7c\u0f0b\u0f68\u0f7a\u0f0b\u0f64\u0f72\u0f0b\u0f61\u0f71\u0f53\u0f0b\u0f41","hr_HR":"\u0f40\u0fb2\u0f7c\u0f0b\u0f68\u0f7a\u0f0b\u0f64\u0f72\u0f0b\u0f61\u0f71\u0f53\u0f0b\u0f41 (\u0f40\u0fb2\u0f7c\u0f0b\u0f68\u0f7a\u0f0b\u0f64)","hr_BA":"\u0f40\u0fb2\u0f7c\u0f0b\u0f68\u0f7a\u0f0b\u0f64\u0f72\u0f0b\u0f61\u0f71\u0f53\u0f0b\u0f41 (\u0f56\u0fb7\u0f7c\u0f66\u0f0b\u0f53\u0f72\u0f0b\u0f61\u0f0b \u0f68\u0f7a\u0f53\u0f4c\u0f0b \u0f67\u0f62\u0f0b\u0f5b\u0f72\u0f0b\u0f42\u0fb7\u0f7c\u0f0b\u0f56\u0f72\u0f0b\u0f53)","ks":"\u0f40\u0f71\u0f64\u0f0b\u0f58\u0f72\u0f0b\u0f62\u0f72\u0f0b\u0f41","ks_IN":"\u0f40\u0f71\u0f64\u0f0b\u0f58\u0f72\u0f0b\u0f62\u0f72\u0f0b\u0f41 (\u0f62\u0f92\u0fb1\u0f0b\u0f42\u0f62)","ks_Arab_IN":"\u0f40\u0f71\u0f64\u0f0b\u0f58\u0f72\u0f0b\u0f62\u0f72\u0f0b\u0f41 (\u0f68\u0f7a\u0f0b\u0f62\u0f0b\u0f56\u0f72\u0f40\u0f0b\u0f61\u0f72\u0f42\u0f0b\u0f42\u0f74, \u0f62\u0f92\u0fb1\u0f0b\u0f42\u0f62)","ks_Arab":"\u0f40\u0f71\u0f64\u0f0b\u0f58\u0f72\u0f0b\u0f62\u0f72\u0f0b\u0f41 (\u0f68\u0f7a\u0f0b\u0f62\u0f0b\u0f56\u0f72\u0f40\u0f0b\u0f61\u0f72\u0f42\u0f0b\u0f42\u0f74)","ky":"\u0f40\u0f72\u0f62\u0f0b\u0f42\u0f72\u0f66\u0f0b\u0f41","ky_KG":"\u0f40\u0f72\u0f62\u0f0b\u0f42\u0f72\u0f66\u0f0b\u0f41 (\u0f40\u0f72\u0f62\u0f0b\u0f42\u0f72\u0f66\u0f0b\u0f66\u0f4f\u0f71\u0f53)","ky_Cyrl_KG":"\u0f40\u0f72\u0f62\u0f0b\u0f42\u0f72\u0f66\u0f0b\u0f41 (\u0f66\u0f72\u0f62\u0f72\u0f63\u0f0b\u0f63\u0f72\u0f40\u0f0b\u0f61\u0f72\u0f42\u0f0b\u0f42\u0f74, \u0f40\u0f72\u0f62\u0f0b\u0f42\u0f72\u0f66\u0f0b\u0f66\u0f4f\u0f71\u0f53)","ky_Cyrl":"\u0f40\u0f72\u0f62\u0f0b\u0f42\u0f72\u0f66\u0f0b\u0f41 (\u0f66\u0f72\u0f62\u0f72\u0f63\u0f0b\u0f63\u0f72\u0f40\u0f0b\u0f61\u0f72\u0f42\u0f0b\u0f42\u0f74)","ca":"\u0f40\u0f7a\u0f0b\u0f4a\u0f0b\u0f63\u0f71\u0f53\u0f0b\u0f41","ca_FR":"\u0f40\u0f7a\u0f0b\u0f4a\u0f0b\u0f63\u0f71\u0f53\u0f0b\u0f41 (\u0f55\u0fb2\u0f71\u0f53\u0f66)","ca_AD":"\u0f40\u0f7a\u0f0b\u0f4a\u0f0b\u0f63\u0f71\u0f53\u0f0b\u0f41 (\u0f68\u0f71\u0f53\u0f0b\u0f51\u0f7c\u0f0b\u0f62)","ca_IT":"\u0f40\u0f7a\u0f0b\u0f4a\u0f0b\u0f63\u0f71\u0f53\u0f0b\u0f41 (\u0f68\u0f72\u0f0b\u0f4a\u0f0b\u0f63\u0f72)","ca_ES":"\u0f40\u0f7a\u0f0b\u0f4a\u0f0b\u0f63\u0f71\u0f53\u0f0b\u0f41 (\u0f68\u0f72\u0f66\u0f0b\u0f54\u0f7a\u0f53)","ko":"\u0f40\u0f7c\u0f0b\u0f62\u0f72\u0f0b\u0f61\u0f71\u0f53\u0f0b\u0f41","ko_KP":"\u0f40\u0f7c\u0f0b\u0f62\u0f72\u0f0b\u0f61\u0f71\u0f53\u0f0b\u0f41 (\u0f56\u0fb1\u0f44\u0f0b \u0f40\u0f7c\u0f0b\u0f62\u0f72\u0f0b\u0f61)","ko_KR":"\u0f40\u0f7c\u0f0b\u0f62\u0f72\u0f0b\u0f61\u0f71\u0f53\u0f0b\u0f41 (\u0f63\u0fb7\u0f7c\u0f0b \u0f40\u0f7c\u0f0b\u0f62\u0f72\u0f0b\u0f61)","km":"\u0f41\u0f7a\u0f0b\u0f58\u0f7a\u0f62\u0f0b\u0f41","km_KH":"\u0f41\u0f7a\u0f0b\u0f58\u0f7a\u0f62\u0f0b\u0f41 (\u0f40\u0f58\u0f0b\u0f56\u0fb7\u0f7c\u0f0b\u0f4c\u0f72\u0f0b\u0f61)","el":"\u0f42\u0fb2\u0f72\u0f40\u0f0b\u0f41","el_GR":"\u0f42\u0fb2\u0f72\u0f40\u0f0b\u0f41 (\u0f42\u0f72\u0f62\u0f72\u0f66\u0f84)","el_CY":"\u0f42\u0fb2\u0f72\u0f40\u0f0b\u0f41 (\u0f66\u0f71\u0f60\u0f72\u0f0b\u0f54\u0fb2\u0f66)","gl":"\u0f42\u0f63\u0f0b\u0f68\u0f72\u0f66\u0f0b\u0f68\u0f72\u0f0b\u0f61\u0f53\u0f0b\u0f41","gl_ES":"\u0f42\u0f63\u0f0b\u0f68\u0f72\u0f66\u0f0b\u0f68\u0f72\u0f0b\u0f61\u0f53\u0f0b\u0f41 (\u0f68\u0f72\u0f66\u0f0b\u0f54\u0f7a\u0f53)","gu":"\u0f42\u0f74\u0f0b\u0f47\u0f0b\u0f62\u0f0b\u0f4f\u0f72\u0f0b\u0f41","gu_IN":"\u0f42\u0f74\u0f0b\u0f47\u0f0b\u0f62\u0f0b\u0f4f\u0f72\u0f0b\u0f41 (\u0f62\u0f92\u0fb1\u0f0b\u0f42\u0f62)","cs":"\u0f45\u0f7a\u0f40\u0f0b\u0f41","cs_CZ":"\u0f45\u0f7a\u0f40\u0f0b\u0f41 (\u0f45\u0f7a\u0f40\u0f0b \u0f62\u0f72\u0f0b\u0f54\u0f56\u0f0b\u0f63\u0f72\u0f40)","ja":"\u0f47\u0f71\u0f0b\u0f54\u0f71\u0f0b\u0f53\u0f72\u0f66\u0f0b\u0f41","ja_JP":"\u0f47\u0f71\u0f0b\u0f54\u0f71\u0f0b\u0f53\u0f72\u0f66\u0f0b\u0f41 (\u0f47\u0f0b\u0f54\u0f71\u0f53)","de":"\u0f47\u0f71\u0f62\u0f0b\u0f58\u0f71\u0f53\u0f0b\u0f41","de_DE":"\u0f47\u0f71\u0f62\u0f0b\u0f58\u0f71\u0f53\u0f0b\u0f41 (\u0f47\u0f71\u0f62\u0f0b\u0f58\u0f0b\u0f53\u0f72)","de_BE":"\u0f47\u0f71\u0f62\u0f0b\u0f58\u0f71\u0f53\u0f0b\u0f41 (\u0f56\u0fb7\u0f7a\u0f63\u0f0b\u0f47\u0f58)","de_LU":"\u0f47\u0f71\u0f62\u0f0b\u0f58\u0f71\u0f53\u0f0b\u0f41 (\u0f63\u0f42\u0f0b\u0f5b\u0f58\u0f0b\u0f56\u0f7c\u0f62\u0f92)","de_LI":"\u0f47\u0f71\u0f62\u0f0b\u0f58\u0f71\u0f53\u0f0b\u0f41 (\u0f63\u0f72\u0f40\u0f0b\u0f4f\u0f53\u0f66\u0f0b\u0f4f\u0f0b\u0f61\u0f72\u0f53)","de_CH":"\u0f47\u0f71\u0f62\u0f0b\u0f58\u0f71\u0f53\u0f0b\u0f41 (\u0f66\u0f74\u0f0b\u0f5d\u0f72\u0f4a\u0f0b\u0f5b\u0f62\u0f0b\u0f63\u0f7a\u0f53\u0f4c)","de_AT":"\u0f47\u0f71\u0f62\u0f0b\u0f58\u0f71\u0f53\u0f0b\u0f41 (\u0f68\u0f71\u0f7c\u0f66\u0f0b\u0f4a\u0fb2\u0f72\u0f0b\u0f61)","ka":"\u0f47\u0f7d\u0f0b\u0f47\u0f72\u0f0b\u0f61\u0f71\u0f53\u0f0b\u0f41","ka_GE":"\u0f47\u0f7d\u0f0b\u0f47\u0f72\u0f0b\u0f61\u0f71\u0f53\u0f0b\u0f41 (\u0f47\u0f7d\u0f62\u0f0b\u0f47\u0f71)","tr":"\u0f4a\u0f71\u0f62\u0f0b\u0f40\u0f72\u0f64\u0f0b\u0f41","tr_TR":"\u0f4a\u0f71\u0f62\u0f0b\u0f40\u0f72\u0f64\u0f0b\u0f41 (\u0f4a\u0f71\u0f62\u0f0b\u0f40\u0f72)","tr_CY":"\u0f4a\u0f71\u0f62\u0f0b\u0f40\u0f72\u0f64\u0f0b\u0f41 (\u0f66\u0f71\u0f60\u0f72\u0f0b\u0f54\u0fb2\u0f66)","to":"\u0f4a\u0f7c\u0f44\u0f0b\u0f42\u0fb7\u0f53\u0f0b\u0f41","to_TO":"\u0f4a\u0f7c\u0f44\u0f0b\u0f42\u0fb7\u0f53\u0f0b\u0f41 (\u0f4a\u0f7c\u0f44\u0f0b\u0f42\u0fb7)","nl":"\u0f4c\u0f46\u0f0b\u0f41","nl_CW":"\u0f4c\u0f46\u0f0b\u0f41 (\u0f40\u0fb1\u0f71\u0f74\u0f62\u0f0b\u0f62\u0f0b\u0f40\u0f7c)","nl_BQ":"\u0f4c\u0f46\u0f0b\u0f41 (\u0f40\u0f7a\u0f0b\u0f62\u0f72\u0f0b\u0f56\u0f72\u0f0b\u0f61\u0f7a\u0f53\u0f0b\u0f53\u0f7a\u0f0b\u0f51\u0f62\u0f0b\u0f63\u0f53\u0f4c\u0f66\u0f84)","nl_NL":"\u0f4c\u0f46\u0f0b\u0f41 (\u0f53\u0f7a\u0f0b\u0f51\u0f62\u0f0b\u0f63\u0f53\u0f4c\u0f66\u0f84)","nl_BE":"\u0f4c\u0f46\u0f0b\u0f41 (\u0f56\u0fb7\u0f7a\u0f63\u0f0b\u0f47\u0f58)","nl_SX":"\u0f4c\u0f46\u0f0b\u0f41 (\u0f66\u0f72\u0f53\u0f4a\u0f0b \u0f58\u0f71\u0f62\u0f0b\u0f4a\u0f7a\u0f53)","nl_SR":"\u0f4c\u0f46\u0f0b\u0f41 (\u0f66\u0f74\u0f0b\u0f62\u0f72\u0f0b\u0f53\u0f71\u0f58)","nl_AW":"\u0f4c\u0f46\u0f0b\u0f41 (\u0f68\u0f0b\u0f62\u0f74\u0f0b\u0f56\u0f71)","da":"\u0f4c\u0f7a\u0f0b\u0f53\u0f72\u0f64\u0f0b\u0f41","da_GL":"\u0f4c\u0f7a\u0f0b\u0f53\u0f72\u0f64\u0f0b\u0f41 (\u0f42\u0f72\u0f62\u0f71\u0f72\u0f53\u0f0b\u0f63\u0f53\u0f4c\u0f84)","da_DK":"\u0f4c\u0f7a\u0f0b\u0f53\u0f72\u0f64\u0f0b\u0f41 (\u0f4c\u0f7a\u0f53\u0f0b\u0f58\u0f71\u0f40)","ta":"\u0f4f\u0f0b\u0f58\u0f72\u0f63\u0f0b\u0f41","ta_MY":"\u0f4f\u0f0b\u0f58\u0f72\u0f63\u0f0b\u0f41 (\u0f58\u0f0b\u0f63\u0f7a\u0f0b\u0f64\u0f72\u0f0b\u0f61)","ta_IN":"\u0f4f\u0f0b\u0f58\u0f72\u0f63\u0f0b\u0f41 (\u0f62\u0f92\u0fb1\u0f0b\u0f42\u0f62)","ta_LK":"\u0f4f\u0f0b\u0f58\u0f72\u0f63\u0f0b\u0f41 (\u0f64\u0fb2\u0f71\u0f72\u0f0b\u0f63\u0f44\u0f0b\u0f40)","ta_SG":"\u0f4f\u0f0b\u0f58\u0f72\u0f63\u0f0b\u0f41 (\u0f66\u0f72\u0f44\u0f0b\u0f42\u0f0b\u0f54\u0f7c\u0f62)","ti":"\u0f4f\u0f72\u0f42\u0f0b\u0f62\u0f72\u0f0b\u0f49\u0f0b\u0f41","ti_ET":"\u0f4f\u0f72\u0f42\u0f0b\u0f62\u0f72\u0f0b\u0f49\u0f0b\u0f41 (\u0f68\u0f72\u0f0b\u0f50\u0f72\u0f0b\u0f61\u0f7c\u0f0b\u0f54\u0f72\u0f0b\u0f61)","ti_ER":"\u0f4f\u0f72\u0f42\u0f0b\u0f62\u0f72\u0f0b\u0f49\u0f0b\u0f41 (\u0f68\u0f7a\u0f0b\u0f62\u0f72\u0f0b\u0f4a\u0fb2\u0f7a\u0f0b\u0f61)","te":"\u0f4f\u0f7a\u0f0b\u0f63\u0f74\u0f0b\u0f42\u0f74\u0f0b\u0f41","te_IN":"\u0f4f\u0f7a\u0f0b\u0f63\u0f74\u0f0b\u0f42\u0f74\u0f0b\u0f41 (\u0f62\u0f92\u0fb1\u0f0b\u0f42\u0f62)","th":"\u0f50\u0f71\u0f60\u0f72\u0f0b\u0f41","th_TH":"\u0f50\u0f71\u0f60\u0f72\u0f0b\u0f41 (\u0f50\u0f71\u0f60\u0f72\u0f0b\u0f63\u0f7a\u0f53\u0f4c)","fy":"\u0f53\u0f74\u0f56\u0f0b\u0f55\u0fbc\u0f72\u0f0b\u0f66\u0f72\u0f0b\u0f61\u0f53\u0f0b\u0f41","fy_NL":"\u0f53\u0f74\u0f56\u0f0b\u0f55\u0fbc\u0f72\u0f0b\u0f66\u0f72\u0f0b\u0f61\u0f53\u0f0b\u0f41 (\u0f53\u0f7a\u0f0b\u0f51\u0f62\u0f0b\u0f63\u0f53\u0f4c\u0f66\u0f84)","ne":"\u0f53\u0f7a\u0f0b\u0f54\u0f71\u0f63\u0f72\u0f0b\u0f41","ne_NP":"\u0f53\u0f7a\u0f0b\u0f54\u0f71\u0f63\u0f72\u0f0b\u0f41 (\u0f56\u0f63\u0f0b\u0f61\u0f74\u0f63)","ne_IN":"\u0f53\u0f7a\u0f0b\u0f54\u0f71\u0f63\u0f72\u0f0b\u0f41 (\u0f62\u0f92\u0fb1\u0f0b\u0f42\u0f62)","no":"\u0f53\u0f7c\u0f62\u0f0b\u0f5d\u0f72\u0f0b\u0f47\u0f72\u0f0b\u0f61\u0f53\u0f0b\u0f41","no_NO":"\u0f53\u0f7c\u0f62\u0f0b\u0f5d\u0f72\u0f0b\u0f47\u0f72\u0f0b\u0f61\u0f53\u0f0b\u0f41 (\u0f53\u0f7c\u0f62\u0f0b\u0f5d\u0f7a)","nn":"\u0f53\u0f7c\u0f62\u0f0b\u0f5d\u0f7a\u0f0b\u0f47\u0f72\u0f0b\u0f61\u0f71\u0f53\u0f0b\u0f53\u0f7c\u0f62\u0f66\u0f40\u0f0b\u0f41","nn_NO":"\u0f53\u0f7c\u0f62\u0f0b\u0f5d\u0f7a\u0f0b\u0f47\u0f72\u0f0b\u0f61\u0f71\u0f53\u0f0b\u0f53\u0f7c\u0f62\u0f66\u0f40\u0f0b\u0f41 (\u0f53\u0f7c\u0f62\u0f0b\u0f5d\u0f7a)","nb":"\u0f53\u0f7c\u0f62\u0f0b\u0f5d\u0f7a\u0f0b\u0f47\u0f72\u0f0b\u0f61\u0f71\u0f53\u0f0b\u0f56\u0f7c\u0f40\u0f0b\u0f58\u0f71\u0f63\u0f0b\u0f41","nb_NO":"\u0f53\u0f7c\u0f62\u0f0b\u0f5d\u0f7a\u0f0b\u0f47\u0f72\u0f0b\u0f61\u0f71\u0f53\u0f0b\u0f56\u0f7c\u0f40\u0f0b\u0f58\u0f71\u0f63\u0f0b\u0f41 (\u0f53\u0f7c\u0f62\u0f0b\u0f5d\u0f7a)","nb_SJ":"\u0f53\u0f7c\u0f62\u0f0b\u0f5d\u0f7a\u0f0b\u0f47\u0f72\u0f0b\u0f61\u0f71\u0f53\u0f0b\u0f56\u0f7c\u0f40\u0f0b\u0f58\u0f71\u0f63\u0f0b\u0f41 (\u0f66\u0fad\u0f71\u0f63\u0f0b\u0f56\u0fb7\u0f62\u0fa1\u0f0b \u0f68\u0f7a\u0f53\u0f4c\u0f0b \u0f47\u0f71\u0f53\u0f0b\u0f58\u0f0b\u0f61\u0f7a\u0f53)","fa":"\u0f54\u0f62\u0f0b\u0f64\u0f72\u0f0b\u0f61\u0f71\u0f53\u0f0b\u0f41","fa_AF":"\u0f54\u0f62\u0f0b\u0f64\u0f72\u0f0b\u0f61\u0f71\u0f53\u0f0b\u0f41 (\u0f68\u0f55\u0f0b\u0f42\u0fb7\u0f0b\u0f53\u0f72\u0f0b\u0f66\u0f4f\u0f71\u0f53)","fa_IR":"\u0f54\u0f62\u0f0b\u0f64\u0f72\u0f0b\u0f61\u0f71\u0f53\u0f0b\u0f41 (\u0f68\u0f72\u0f0b\u0f62\u0f71\u0f53)","pa":"\u0f54\u0f71\u0f53\u0f0b\u0f47\u0f0b\u0f56\u0f72\u0f0b\u0f41","pa_Guru_IN":"\u0f54\u0f71\u0f53\u0f0b\u0f47\u0f0b\u0f56\u0f72\u0f0b\u0f41 (\u0f42\u0f74\u0f0b\u0f62\u0f74\u0f0b\u0f58\u0f74\u0f0b\u0f41\u0f0b\u0f61\u0f72\u0f42\u0f0b\u0f42\u0f74, \u0f62\u0f92\u0fb1\u0f0b\u0f42\u0f62)","pa_Guru":"\u0f54\u0f71\u0f53\u0f0b\u0f47\u0f0b\u0f56\u0f72\u0f0b\u0f41 (\u0f42\u0f74\u0f0b\u0f62\u0f74\u0f0b\u0f58\u0f74\u0f0b\u0f41\u0f0b\u0f61\u0f72\u0f42\u0f0b\u0f42\u0f74)","pa_PK":"\u0f54\u0f71\u0f53\u0f0b\u0f47\u0f0b\u0f56\u0f72\u0f0b\u0f41 (\u0f54\u0f0b\u0f40\u0f72\u0f0b\u0f66\u0f4f\u0f71\u0f53)","pa_IN":"\u0f54\u0f71\u0f53\u0f0b\u0f47\u0f0b\u0f56\u0f72\u0f0b\u0f41 (\u0f62\u0f92\u0fb1\u0f0b\u0f42\u0f62)","pa_Arab_PK":"\u0f54\u0f71\u0f53\u0f0b\u0f47\u0f0b\u0f56\u0f72\u0f0b\u0f41 (\u0f68\u0f7a\u0f0b\u0f62\u0f0b\u0f56\u0f72\u0f40\u0f0b\u0f61\u0f72\u0f42\u0f0b\u0f42\u0f74, \u0f54\u0f0b\u0f40\u0f72\u0f0b\u0f66\u0f4f\u0f71\u0f53)","pa_Arab":"\u0f54\u0f71\u0f53\u0f0b\u0f47\u0f0b\u0f56\u0f72\u0f0b\u0f41 (\u0f68\u0f7a\u0f0b\u0f62\u0f0b\u0f56\u0f72\u0f40\u0f0b\u0f61\u0f72\u0f42\u0f0b\u0f42\u0f74)","ps":"\u0f54\u0f71\u0f64\u0f0b\u0f4f\u0f7c\u0f0b\u0f41","ps_AF":"\u0f54\u0f71\u0f64\u0f0b\u0f4f\u0f7c\u0f0b\u0f41 (\u0f68\u0f55\u0f0b\u0f42\u0fb7\u0f0b\u0f53\u0f72\u0f0b\u0f66\u0f4f\u0f71\u0f53)","pl":"\u0f54\u0f7c\u0f0b\u0f63\u0f72\u0f64\u0f0b\u0f41","pl_PL":"\u0f54\u0f7c\u0f0b\u0f63\u0f72\u0f64\u0f0b\u0f41 (\u0f54\u0f7c\u0f0b\u0f63\u0f7a\u0f53\u0f4c)","pt":"\u0f54\u0f7c\u0f62\u0f0b\u0f45\u0f74\u0f0b\u0f42\u0f72\u0f66\u0f0b\u0f41","pt_CV":"\u0f54\u0f7c\u0f62\u0f0b\u0f45\u0f74\u0f0b\u0f42\u0f72\u0f66\u0f0b\u0f41 (\u0f40\u0f7a\u0f54\u0f0b\u0f56\u0f71\u0f4c)","pt_GW":"\u0f54\u0f7c\u0f62\u0f0b\u0f45\u0f74\u0f0b\u0f42\u0f72\u0f66\u0f0b\u0f41 (\u0f42\u0fb7\u0f72\u0f0b\u0f53\u0f72\u0f0b \u0f56\u0fb7\u0f72\u0f0b\u0f66\u0f71\u0f60\u0f74)","pt_TL":"\u0f54\u0f7c\u0f62\u0f0b\u0f45\u0f74\u0f0b\u0f42\u0f72\u0f66\u0f0b\u0f41 (\u0f4f\u0f72\u0f0b\u0f0b\u0f58\u0f7c\u0f62\u0f0b\u0f63\u0f7a\u0f0b\u0f68\u0f7a\u0f66\u0f4a)","pt_PT":"\u0f54\u0f7c\u0f62\u0f0b\u0f45\u0f74\u0f0b\u0f42\u0f72\u0f66\u0f0b\u0f41 (\u0f54\u0f7c\u0f62\u0f0b\u0f45\u0f74\u0f0b\u0f42\u0f71\u0f63)","pt_BR":"\u0f54\u0f7c\u0f62\u0f0b\u0f45\u0f74\u0f0b\u0f42\u0f72\u0f66\u0f0b\u0f41 (\u0f56\u0fb2\u0f0b\u0f5b\u0f72\u0f63)","pt_MO":"\u0f54\u0f7c\u0f62\u0f0b\u0f45\u0f74\u0f0b\u0f42\u0f72\u0f66\u0f0b\u0f41 (\u0f58\u0f40\u0f0b\u0f68\u0f60\u0f74\u0f0b\u0f45\u0f71\u0f60\u0f72\u0f0b\u0f53)","pt_MZ":"\u0f54\u0f7c\u0f62\u0f0b\u0f45\u0f74\u0f0b\u0f42\u0f72\u0f66\u0f0b\u0f41 (\u0f58\u0f7c\u0f0b\u0f5b\u0f58\u0f0b\u0f56\u0fb7\u0f72\u0f40)","pt_ST":"\u0f54\u0f7c\u0f62\u0f0b\u0f45\u0f74\u0f0b\u0f42\u0f72\u0f66\u0f0b\u0f41 (\u0f66\u0f5d\u0f0b \u0f4a\u0f7c\u0f0b\u0f58\u0f7a\u0f0b \u0f68\u0f7a\u0f53\u0f4c\u0f0b \u0f54\u0fb2\u0f80\u0f53\u0f0b\u0f66\u0f72\u0f0b\u0f54\u0f7a)","pt_AO":"\u0f54\u0f7c\u0f62\u0f0b\u0f45\u0f74\u0f0b\u0f42\u0f72\u0f66\u0f0b\u0f41 (\u0f68\u0f44\u0f0b\u0f42\u0fb7\u0f7c\u0f0b\u0f63)","fr":"\u0f55\u0fb2\u0f53\u0f45\u0f0b\u0f41","fr_CA":"\u0f55\u0fb2\u0f53\u0f45\u0f0b\u0f41 (\u0f40\u0f7a\u0f0b\u0f53\u0f0b\u0f4c)","fr_CM":"\u0f55\u0fb2\u0f53\u0f45\u0f0b\u0f41 (\u0f40\u0f7a\u0f0b\u0f58\u0f0b\u0f62\u0f74\u0f53)","fr_CI":"\u0f55\u0fb2\u0f53\u0f45\u0f0b\u0f41 (\u0f40\u0f7c\u0f0b\u0f4a\u0f7a\u0f0b \u0f4c\u0f72\u0f0b\u0f68\u0f72\u0f0b\u0f5d\u0f7c\u0f0b\u0f62\u0f7a)","fr_KM":"\u0f55\u0fb2\u0f53\u0f45\u0f0b\u0f41 (\u0f40\u0f7c\u0f0b\u0f58\u0f7c\u0f0b\u0f62\u0f7c\u0f66)","fr_CD":"\u0f55\u0fb2\u0f53\u0f45\u0f0b\u0f41 (\u0f40\u0f7c\u0f44\u0f0b\u0f42\u0fb7\u0f7c \u0f40\u0f72\u0f53\u0f0b\u0f64\u0f0b\u0f66)","fr_CG":"\u0f55\u0fb2\u0f53\u0f45\u0f0b\u0f41 (\u0f40\u0f7c\u0f44\u0f0b\u0f42\u0fb7\u0f7c \u0f56\u0fb7\u0fb2\u0f0b\u0f5b\u0f0b\u0f56\u0f72\u0f63)","fr_GA":"\u0f55\u0fb2\u0f53\u0f45\u0f0b\u0f41 (\u0f42\u0fb7\u0f0b\u0f56\u0fb7\u0f7c\u0f53)","fr_GN":"\u0f55\u0fb2\u0f53\u0f45\u0f0b\u0f41 (\u0f42\u0fb7\u0f72\u0f0b\u0f53\u0f72)","fr_GF":"\u0f55\u0fb2\u0f53\u0f45\u0f0b\u0f41 (\u0f42\u0f74\u0f60\u0f72\u0f0b\u0f61\u0f0b\u0f53\u0f0b \u0f55\u0fb2\u0f53\u0f66\u0f84\u0f0b\u0f58\u0f44\u0f60\u0f0b\u0f41\u0f7c\u0f44\u0f66)","fr_GP":"\u0f55\u0fb2\u0f53\u0f45\u0f0b\u0f41 (\u0f42\u0f7c\u0f0b\u0f4c\u0f7a\u0f0b\u0f63\u0f74\u0f0b\u0f54\u0f7a)","fr_TD":"\u0f55\u0fb2\u0f53\u0f45\u0f0b\u0f41 (\u0f45\u0f71\u0f4c)","fr_DJ":"\u0f55\u0fb2\u0f53\u0f45\u0f0b\u0f41 (\u0f47\u0f72\u0f0b\u0f56\u0fb7\u0f74\u0f0b\u0f4a\u0f72)","fr_TN":"\u0f55\u0fb2\u0f53\u0f45\u0f0b\u0f41 (\u0f4a\u0f74\u0f0b\u0f53\u0f72\u0f0b\u0f64\u0f72\u0f0b\u0f61)","fr_TG":"\u0f55\u0fb2\u0f53\u0f45\u0f0b\u0f41 (\u0f4a\u0f7c\u0f0b\u0f42\u0fb7\u0f7c)","fr_NE":"\u0f55\u0fb2\u0f53\u0f45\u0f0b\u0f41 (\u0f53\u0f71\u0f60\u0f72\u0f0b\u0f47\u0f71)","fr_NC":"\u0f55\u0fb2\u0f53\u0f45\u0f0b\u0f41 (\u0f53\u0f72\u0f60\u0f74\u0f0b\u0f40\u0f0b\u0f63\u0f72\u0f0b\u0f51\u0f7c\u0f0b\u0f53\u0f72\u0f0b\u0f61)","fr_FR":"\u0f55\u0fb2\u0f53\u0f45\u0f0b\u0f41 (\u0f55\u0fb2\u0f71\u0f53\u0f66)","fr_PF":"\u0f55\u0fb2\u0f53\u0f45\u0f0b\u0f41 (\u0f55\u0fb2\u0f71\u0f53\u0f66\u0f84\u0f0b\u0f40\u0fb1\u0f72\u0f0b\u0f54\u0f7c\u0f0b\u0f63\u0f72\u0f0b\u0f53\u0f72\u0f0b\u0f64\u0f72\u0f0b\u0f61)","fr_BF":"\u0f55\u0fb2\u0f53\u0f45\u0f0b\u0f41 (\u0f56\u0fb7\u0f62\u0f0b\u0f40\u0f72\u0f0b\u0f53\u0f0b \u0f55\u0f7a\u0f0b\u0f66\u0f7c)","fr_BI":"\u0f55\u0fb2\u0f53\u0f45\u0f0b\u0f41 (\u0f56\u0fb7\u0f74\u0f0b\u0f62\u0f74\u0f53\u0f0b\u0f4c\u0f72)","fr_BJ":"\u0f55\u0fb2\u0f53\u0f45\u0f0b\u0f41 (\u0f56\u0fb7\u0f7a\u0f0b\u0f53\u0f72\u0f53)","fr_BE":"\u0f55\u0fb2\u0f53\u0f45\u0f0b\u0f41 (\u0f56\u0fb7\u0f7a\u0f63\u0f0b\u0f47\u0f58)","fr_MG":"\u0f55\u0fb2\u0f53\u0f45\u0f0b\u0f41 (\u0f58\u0f0b\u0f51\u0f71\u0f0b\u0f42\u0f7a\u0f66\u0f0b\u0f40\u0f62)","fr_ML":"\u0f55\u0fb2\u0f53\u0f45\u0f0b\u0f41 (\u0f58\u0f71\u0f0b\u0f63\u0f72)","fr_MQ":"\u0f55\u0fb2\u0f53\u0f45\u0f0b\u0f41 (\u0f58\u0f71\u0f62\u0f0b\u0f4a\u0f72\u0f0b\u0f53\u0f72\u0f40)","fr_YT":"\u0f55\u0fb2\u0f53\u0f45\u0f0b\u0f41 (\u0f58\u0f7a\u0f0b\u0f61\u0f7c\u0f4a)","fr_MC":"\u0f55\u0fb2\u0f53\u0f45\u0f0b\u0f41 (\u0f58\u0f7c\u0f0b\u0f53\u0f0b\u0f40\u0f7c)","fr_MR":"\u0f55\u0fb2\u0f53\u0f45\u0f0b\u0f41 (\u0f58\u0f7c\u0f0b\u0f62\u0f72\u0f0b\u0f4a\u0f7a\u0f0b\u0f53\u0f72\u0f0b\u0f61)","fr_MU":"\u0f55\u0fb2\u0f53\u0f45\u0f0b\u0f41 (\u0f58\u0f7c\u0f0b\u0f62\u0f72\u0f0b\u0f64\u0f71\u0f66)","fr_MA":"\u0f55\u0fb2\u0f53\u0f45\u0f0b\u0f41 (\u0f58\u0f7c\u0f0b\u0f62\u0f7c\u0f0b\u0f40\u0f7c)","fr_VU":"\u0f55\u0fb2\u0f53\u0f45\u0f0b\u0f41 (\u0f5d\u0f0b\u0f53\u0f74\u0f0b\u0f68\u0f0b\u0f4f\u0f74)","fr_WF":"\u0f55\u0fb2\u0f53\u0f45\u0f0b\u0f41 (\u0f5d\u0f63\u0f0b\u0f63\u0f72\u0f66\u0f84\u0f0b \u0f68\u0f7a\u0f53\u0f4c\u0f0b \u0f55\u0f74\u0f0b\u0f4f\u0f74\u0f0b\u0f53\u0f0b)","fr_RW":"\u0f55\u0fb2\u0f53\u0f45\u0f0b\u0f41 (\u0f62\u0f74\u0f0b\u0f5d\u0f53\u0f0b\u0f4c)","fr_RE":"\u0f55\u0fb2\u0f53\u0f45\u0f0b\u0f41 (\u0f62\u0f7a\u0f0b\u0f61\u0f74\u0f0b\u0f53\u0f72\u0f0b\u0f61\u0f7c\u0f53)","fr_LU":"\u0f55\u0fb2\u0f53\u0f45\u0f0b\u0f41 (\u0f63\u0f42\u0f0b\u0f5b\u0f58\u0f0b\u0f56\u0f7c\u0f62\u0f92)","fr_SY":"\u0f55\u0fb2\u0f53\u0f45\u0f0b\u0f41 (\u0f66\u0f72\u0f0b\u0f62\u0f72\u0f0b\u0f61)","fr_PM":"\u0f55\u0fb2\u0f53\u0f45\u0f0b\u0f41 (\u0f66\u0f72\u0f53\u0f4a\u0f0b\u0f54\u0f72\u0f0b\u0f61\u0f7a\u0f62\u0f0b \u0f68\u0f7a\u0f53\u0f4c\u0f0b \u0f58\u0f72\u0f40\u0f7c\u0f0b\u0f63\u0f7a\u0f53)","fr_CH":"\u0f55\u0fb2\u0f53\u0f45\u0f0b\u0f41 (\u0f66\u0f74\u0f0b\u0f5d\u0f72\u0f4a\u0f0b\u0f5b\u0f62\u0f0b\u0f63\u0f7a\u0f53\u0f4c)","fr_SN":"\u0f55\u0fb2\u0f53\u0f45\u0f0b\u0f41 (\u0f66\u0f7a\u0f0b\u0f53\u0f72\u0f0b\u0f42\u0fb7\u0f63)","fr_SC":"\u0f55\u0fb2\u0f53\u0f45\u0f0b\u0f41 (\u0f66\u0f7a\u0f0b\u0f64\u0f71\u0f63\u0f66)","fr_CF":"\u0f55\u0fb2\u0f53\u0f45\u0f0b\u0f41 (\u0f66\u0f7a\u0f53\u0f0b\u0f4a\u0f63\u0f0b \u0f68\u0f55\u0f0b\u0f62\u0f72\u0f0b\u0f40\u0f71\u0f53\u0f0b \u0f62\u0f72\u0f0b\u0f54\u0f56\u0f0b\u0f63\u0f72\u0f40)","fr_BL":"\u0f55\u0fb2\u0f53\u0f45\u0f0b\u0f41 (\u0f66\u0f7a\u0f53\u0f4a\u0f0b \u0f56\u0f62\u0f0b\u0f50\u0f7c\u0f0b\u0f63\u0f7c\u0f58\u0f0b\u0f58\u0f72\u0f60\u0f74)","fr_MF":"\u0f55\u0fb2\u0f53\u0f45\u0f0b\u0f41 (\u0f66\u0f7a\u0f53\u0f4a\u0f0b \u0f58\u0f71\u0f62\u0f0b\u0f4a\u0f72\u0f53)","fr_HT":"\u0f55\u0fb2\u0f53\u0f45\u0f0b\u0f41 (\u0f67\u0f7a\u0f0b\u0f4a\u0f72)","fr_DZ":"\u0f55\u0fb2\u0f53\u0f45\u0f0b\u0f41 (\u0f68\u0f71\u0f63\u0f0b\u0f47\u0f72\u0f0b\u0f62\u0f72\u0f0b\u0f61)","fr_GQ":"\u0f55\u0fb2\u0f53\u0f45\u0f0b\u0f41 (\u0f68\u0f7a\u0f0b\u0f40\u0f74\u0f0b\u0f4a\u0f7c\u0f0b\u0f62\u0f7a\u0f63\u0f0b \u0f42\u0f72\u0f0b\u0f53\u0f72)","fo":"\u0f55\u0f71\u0f0b\u0f62\u0f7c\u0f0b\u0f68\u0f72\u0f66\u0f0b\u0f41","fo_FO":"\u0f55\u0f71\u0f0b\u0f62\u0f7c\u0f0b\u0f68\u0f72\u0f66\u0f0b\u0f41 (\u0f55\u0f71\u0f60\u0f7a\u0f0b\u0f62\u0f7c\u0f0b\u0f42\u0fb3\u0f72\u0f44\u0f0b\u0f5a\u0f7c\u0f58)","fi":"\u0f55\u0f72\u0f0b\u0f53\u0f72\u0f64\u0f0b\u0f41","fi_FI":"\u0f55\u0f72\u0f0b\u0f53\u0f72\u0f64\u0f0b\u0f41 (\u0f55\u0f72\u0f53\u0f0b\u0f63\u0f7a\u0f53\u0f4c)","bn":"\u0f56\u0f44\u0f92\u0f0b\u0f63\u0f0b\u0f41","bn_BD":"\u0f56\u0f44\u0f92\u0f0b\u0f63\u0f0b\u0f41 (\u0f56\u0f44\u0f92\u0f0b\u0f63\u0f0b\u0f51\u0f7a\u0f64)","bn_IN":"\u0f56\u0f44\u0f92\u0f0b\u0f63\u0f0b\u0f41 (\u0f62\u0f92\u0fb1\u0f0b\u0f42\u0f62)","my":"\u0f56\u0f62\u0f0b\u0f58\u0f72\u0f66\u0f0b\u0f41","my_MM":"\u0f56\u0f62\u0f0b\u0f58\u0f72\u0f66\u0f0b\u0f41 (\u0f58\u0f72\u0f0b\u0f61\u0f71\u0f53\u0f0b\u0f58\u0f62\u0f0b (\u0f56\u0fb7\u0f62\u0f0b\u0f58))","bs":"\u0f56\u0fb7\u0f7c\u0f66\u0f0b\u0f53\u0f72\u0f0b\u0f61\u0f71\u0f53\u0f0b\u0f41","bs_BA":"\u0f56\u0fb7\u0f7c\u0f66\u0f0b\u0f53\u0f72\u0f0b\u0f61\u0f71\u0f53\u0f0b\u0f41 (\u0f56\u0fb7\u0f7c\u0f66\u0f0b\u0f53\u0f72\u0f0b\u0f61\u0f0b \u0f68\u0f7a\u0f53\u0f4c\u0f0b \u0f67\u0f62\u0f0b\u0f5b\u0f72\u0f0b\u0f42\u0fb7\u0f7c\u0f0b\u0f56\u0f72\u0f0b\u0f53)","bs_Latn_BA":"\u0f56\u0fb7\u0f7c\u0f66\u0f0b\u0f53\u0f72\u0f0b\u0f61\u0f71\u0f53\u0f0b\u0f41 (\u0f63\u0f7a\u0f0b\u0f4a\u0f72\u0f53\u0f0b\u0f61\u0f72\u0f42\u0f0b\u0f42\u0f74, \u0f56\u0fb7\u0f7c\u0f66\u0f0b\u0f53\u0f72\u0f0b\u0f61\u0f0b \u0f68\u0f7a\u0f53\u0f4c\u0f0b \u0f67\u0f62\u0f0b\u0f5b\u0f72\u0f0b\u0f42\u0fb7\u0f7c\u0f0b\u0f56\u0f72\u0f0b\u0f53)","bs_Latn":"\u0f56\u0fb7\u0f7c\u0f66\u0f0b\u0f53\u0f72\u0f0b\u0f61\u0f71\u0f53\u0f0b\u0f41 (\u0f63\u0f7a\u0f0b\u0f4a\u0f72\u0f53\u0f0b\u0f61\u0f72\u0f42\u0f0b\u0f42\u0f74)","bs_Cyrl_BA":"\u0f56\u0fb7\u0f7c\u0f66\u0f0b\u0f53\u0f72\u0f0b\u0f61\u0f71\u0f53\u0f0b\u0f41 (\u0f66\u0f72\u0f62\u0f72\u0f63\u0f0b\u0f63\u0f72\u0f40\u0f0b\u0f61\u0f72\u0f42\u0f0b\u0f42\u0f74, \u0f56\u0fb7\u0f7c\u0f66\u0f0b\u0f53\u0f72\u0f0b\u0f61\u0f0b \u0f68\u0f7a\u0f53\u0f4c\u0f0b \u0f67\u0f62\u0f0b\u0f5b\u0f72\u0f0b\u0f42\u0fb7\u0f7c\u0f0b\u0f56\u0f72\u0f0b\u0f53)","bs_Cyrl":"\u0f56\u0fb7\u0f7c\u0f66\u0f0b\u0f53\u0f72\u0f0b\u0f61\u0f71\u0f53\u0f0b\u0f41 (\u0f66\u0f72\u0f62\u0f72\u0f63\u0f0b\u0f63\u0f72\u0f40\u0f0b\u0f61\u0f72\u0f42\u0f0b\u0f42\u0f74)","bg":"\u0f56\u0f71\u0f63\u0f0b\u0f42\u0f7a\u0f0b\u0f62\u0f72\u0f0b\u0f61\u0f71\u0f53\u0f0b\u0f41","bg_BG":"\u0f56\u0f71\u0f63\u0f0b\u0f42\u0f7a\u0f0b\u0f62\u0f72\u0f0b\u0f61\u0f71\u0f53\u0f0b\u0f41 (\u0f56\u0f74\u0f63\u0f0b\u0f42\u0f0b\u0f62\u0f72\u0f0b\u0f61)","eu":"\u0f56\u0f71\u0f66\u0f40\u0f0b\u0f41","eu_ES":"\u0f56\u0f71\u0f66\u0f40\u0f0b\u0f41 (\u0f68\u0f72\u0f66\u0f0b\u0f54\u0f7a\u0f53)","vi":"\u0f56\u0f7a\u0f4a\u0f0b\u0f53\u0f71\u0f0b\u0f58\u0f72\u0f66\u0f0b\u0f41","vi_VN":"\u0f56\u0f7a\u0f4a\u0f0b\u0f53\u0f71\u0f0b\u0f58\u0f72\u0f66\u0f0b\u0f41 (\u0f56\u0f7a\u0f4a\u0f0b\u0f53\u0f71\u0f58)","be":"\u0f56\u0f7a\u0f63\u0f0b\u0f68\u0f0b\u0f62\u0f74\u0f66\u0f0b\u0f41","be_BY":"\u0f56\u0f7a\u0f63\u0f0b\u0f68\u0f0b\u0f62\u0f74\u0f66\u0f0b\u0f41 (\u0f56\u0f7a\u0f63\u0f0b\u0f68\u0f0b\u0f62\u0f74\u0f0b\u0f66\u0f74)","bo":"\u0f56\u0f7c\u0f51\u0f0b\u0f41","bo_IN":"\u0f56\u0f7c\u0f51\u0f0b\u0f41 (\u0f62\u0f92\u0fb1\u0f0b\u0f42\u0f62)","bo_CN":"\u0f56\u0f7c\u0f51\u0f0b\u0f41 (\u0f62\u0f92\u0fb1\u0f0b\u0f53\u0f42)","mr":"\u0f58\u0f0b\u0f62\u0f0b\u0f50\u0f72\u0f0b\u0f41","mr_IN":"\u0f58\u0f0b\u0f62\u0f0b\u0f50\u0f72\u0f0b\u0f41 (\u0f62\u0f92\u0fb1\u0f0b\u0f42\u0f62)","mg":"\u0f58\u0f0b\u0f63\u0f0b\u0f42\u0f0b\u0f66\u0f72\u0f0b\u0f41","mg_MG":"\u0f58\u0f0b\u0f63\u0f0b\u0f42\u0f0b\u0f66\u0f72\u0f0b\u0f41 (\u0f58\u0f0b\u0f51\u0f71\u0f0b\u0f42\u0f7a\u0f66\u0f0b\u0f40\u0f62)","ml":"\u0f58\u0f0b\u0f63\u0f0b\u0f61\u0f0b\u0f63\u0f58\u0f0b\u0f41","ml_IN":"\u0f58\u0f0b\u0f63\u0f0b\u0f61\u0f0b\u0f63\u0f58\u0f0b\u0f41 (\u0f62\u0f92\u0fb1\u0f0b\u0f42\u0f62)","ms":"\u0f58\u0f0b\u0f63\u0f7a\u0f0b\u0f41","ms_BN":"\u0f58\u0f0b\u0f63\u0f7a\u0f0b\u0f41 (\u0f56\u0fb7\u0fb2\u0f74\u0f0b\u0f53\u0f60\u0f72)","ms_MY":"\u0f58\u0f0b\u0f63\u0f7a\u0f0b\u0f41 (\u0f58\u0f0b\u0f63\u0f7a\u0f0b\u0f64\u0f72\u0f0b\u0f61)","ms_Latn_BN":"\u0f58\u0f0b\u0f63\u0f7a\u0f0b\u0f41 (\u0f63\u0f7a\u0f0b\u0f4a\u0f72\u0f53\u0f0b\u0f61\u0f72\u0f42\u0f0b\u0f42\u0f74, \u0f56\u0fb7\u0fb2\u0f74\u0f0b\u0f53\u0f60\u0f72)","ms_Latn_MY":"\u0f58\u0f0b\u0f63\u0f7a\u0f0b\u0f41 (\u0f63\u0f7a\u0f0b\u0f4a\u0f72\u0f53\u0f0b\u0f61\u0f72\u0f42\u0f0b\u0f42\u0f74, \u0f58\u0f0b\u0f63\u0f7a\u0f0b\u0f64\u0f72\u0f0b\u0f61)","ms_Latn_SG":"\u0f58\u0f0b\u0f63\u0f7a\u0f0b\u0f41 (\u0f63\u0f7a\u0f0b\u0f4a\u0f72\u0f53\u0f0b\u0f61\u0f72\u0f42\u0f0b\u0f42\u0f74, \u0f66\u0f72\u0f44\u0f0b\u0f42\u0f0b\u0f54\u0f7c\u0f62)","ms_Latn":"\u0f58\u0f0b\u0f63\u0f7a\u0f0b\u0f41 (\u0f63\u0f7a\u0f0b\u0f4a\u0f72\u0f53\u0f0b\u0f61\u0f72\u0f42\u0f0b\u0f42\u0f74)","ms_SG":"\u0f58\u0f0b\u0f63\u0f7a\u0f0b\u0f41 (\u0f66\u0f72\u0f44\u0f0b\u0f42\u0f0b\u0f54\u0f7c\u0f62)","mk":"\u0f58\u0f0b\u0f66\u0f7a\u0f0b\u0f4c\u0f7c\u0f0b\u0f53\u0f72\u0f0b\u0f61\u0f71\u0f53\u0f0b\u0f41","mk_MK":"\u0f58\u0f0b\u0f66\u0f7a\u0f0b\u0f4c\u0f7c\u0f0b\u0f53\u0f72\u0f0b\u0f61\u0f71\u0f53\u0f0b\u0f41 (\u0f58\u0f0b\u0f66\u0f7a\u0f0b\u0f4c\u0f7c\u0f0b\u0f53\u0f72\u0f0b\u0f61)","mt":"\u0f58\u0f71\u0f63\u0f0b\u0f4a\u0f0b\u0f41","mt_MT":"\u0f58\u0f71\u0f63\u0f0b\u0f4a\u0f0b\u0f41 (\u0f58\u0f71\u0f63\u0f0b\u0f4a)","ug":"\u0f5d\u0f72\u0f0b\u0f42\u0f74\u0f62\u0f0b\u0f41","ug_CN":"\u0f5d\u0f72\u0f0b\u0f42\u0f74\u0f62\u0f0b\u0f41 (\u0f62\u0f92\u0fb1\u0f0b\u0f53\u0f42)","ug_Arab_CN":"\u0f5d\u0f72\u0f0b\u0f42\u0f74\u0f62\u0f0b\u0f41 (\u0f68\u0f7a\u0f0b\u0f62\u0f0b\u0f56\u0f72\u0f40\u0f0b\u0f61\u0f72\u0f42\u0f0b\u0f42\u0f74, \u0f62\u0f92\u0fb1\u0f0b\u0f53\u0f42)","ug_Arab":"\u0f5d\u0f72\u0f0b\u0f42\u0f74\u0f62\u0f0b\u0f41 (\u0f68\u0f7a\u0f0b\u0f62\u0f0b\u0f56\u0f72\u0f40\u0f0b\u0f61\u0f72\u0f42\u0f0b\u0f42\u0f74)","cy":"\u0f5d\u0f7a\u0f63\u0f64\u0f0b\u0f41","cy_GB":"\u0f5d\u0f7a\u0f63\u0f64\u0f0b\u0f41 (\u0f61\u0f74\u0f0b\u0f53\u0f71\u0f60\u0f72\u0f0b\u0f4a\u0f7a\u0f4c\u0f0b \u0f40\u0f72\u0f44\u0f0b\u0f4c\u0f58)","zu":"\u0f5f\u0f74\u0f0b\u0f63\u0f74\u0f0b\u0f41","zu_ZA":"\u0f5f\u0f74\u0f0b\u0f63\u0f74\u0f0b\u0f41 (\u0f66\u0f71\u0f60\u0f74\u0f50\u0f0b \u0f68\u0f55\u0f0b\u0f62\u0f72\u0f0b\u0f40)","uk":"\u0f61\u0f74\u0f0b\u0f40\u0f7a\u0f0b\u0f62\u0f7a\u0f0b\u0f53\u0f72\u0f0b\u0f61\u0f71\u0f53\u0f0b\u0f41","uk_UA":"\u0f61\u0f74\u0f0b\u0f40\u0f7a\u0f0b\u0f62\u0f7a\u0f0b\u0f53\u0f72\u0f0b\u0f61\u0f71\u0f53\u0f0b\u0f41 (\u0f61\u0f74\u0f0b\u0f40\u0f62\u0f7a\u0f53)","yo":"\u0f61\u0f7c\u0f0b\u0f62\u0f74\u0f0b\u0f56\u0f0b\u0f41","yo_NG":"\u0f61\u0f7c\u0f0b\u0f62\u0f74\u0f0b\u0f56\u0f0b\u0f41 (\u0f53\u0f71\u0f60\u0f72\u0f0b\u0f47\u0f72\u0f0b\u0f62\u0f72\u0f0b\u0f61)","yo_BJ":"\u0f61\u0f7c\u0f0b\u0f62\u0f74\u0f0b\u0f56\u0f0b\u0f41 (\u0f56\u0fb7\u0f7a\u0f0b\u0f53\u0f72\u0f53)","zh":"\u0f62\u0f92\u0fb1\u0f0b\u0f58\u0f72\u0f0b\u0f41","zh_TW":"\u0f62\u0f92\u0fb1\u0f0b\u0f58\u0f72\u0f0b\u0f41 (\u0f4a\u0f71\u0f60\u0f72\u0f0b\u0f5d\u0f71\u0f53)","zh_MO":"\u0f62\u0f92\u0fb1\u0f0b\u0f58\u0f72\u0f0b\u0f41 (\u0f58\u0f40\u0f0b\u0f68\u0f60\u0f74\u0f0b\u0f45\u0f71\u0f60\u0f72\u0f0b\u0f53)","zh_CN":"\u0f62\u0f92\u0fb1\u0f0b\u0f58\u0f72\u0f0b\u0f41 (\u0f62\u0f92\u0fb1\u0f0b\u0f53\u0f42)","zh_Hans_MO":"\u0f62\u0f92\u0fb1\u0f0b\u0f58\u0f72\u0f0b\u0f41 (\u0f62\u0f92\u0fb1\u0f0b\u0f61\u0f72\u0f42\u0f0b \u0f63\u0f74\u0f42\u0f66\u0f0b\u0f42\u0f66\u0f62\u0f0b, \u0f58\u0f40\u0f0b\u0f68\u0f60\u0f74\u0f0b\u0f45\u0f71\u0f60\u0f72\u0f0b\u0f53)","zh_Hans_CN":"\u0f62\u0f92\u0fb1\u0f0b\u0f58\u0f72\u0f0b\u0f41 (\u0f62\u0f92\u0fb1\u0f0b\u0f61\u0f72\u0f42\u0f0b \u0f63\u0f74\u0f42\u0f66\u0f0b\u0f42\u0f66\u0f62\u0f0b, \u0f62\u0f92\u0fb1\u0f0b\u0f53\u0f42)","zh_Hans_SG":"\u0f62\u0f92\u0fb1\u0f0b\u0f58\u0f72\u0f0b\u0f41 (\u0f62\u0f92\u0fb1\u0f0b\u0f61\u0f72\u0f42\u0f0b \u0f63\u0f74\u0f42\u0f66\u0f0b\u0f42\u0f66\u0f62\u0f0b, \u0f66\u0f72\u0f44\u0f0b\u0f42\u0f0b\u0f54\u0f7c\u0f62)","zh_Hans_HK":"\u0f62\u0f92\u0fb1\u0f0b\u0f58\u0f72\u0f0b\u0f41 (\u0f62\u0f92\u0fb1\u0f0b\u0f61\u0f72\u0f42\u0f0b \u0f63\u0f74\u0f42\u0f66\u0f0b\u0f42\u0f66\u0f62\u0f0b, \u0f67\u0f7c\u0f44\u0f0b\u0f40\u0f7c\u0f44\u0f0b\u0f45\u0f71\u0f60\u0f72\u0f0b\u0f53)","zh_Hans":"\u0f62\u0f92\u0fb1\u0f0b\u0f58\u0f72\u0f0b\u0f41 (\u0f62\u0f92\u0fb1\u0f0b\u0f61\u0f72\u0f42\u0f0b \u0f63\u0f74\u0f42\u0f66\u0f0b\u0f42\u0f66\u0f62\u0f0b)","zh_Hant_TW":"\u0f62\u0f92\u0fb1\u0f0b\u0f58\u0f72\u0f0b\u0f41 (\u0f63\u0f74\u0f42\u0f66\u0f0b\u0f62\u0f99\u0f72\u0f44\u0f0b \u0f62\u0f92\u0fb1\u0f0b\u0f61\u0f72\u0f42, \u0f4a\u0f71\u0f60\u0f72\u0f0b\u0f5d\u0f71\u0f53)","zh_Hant_MO":"\u0f62\u0f92\u0fb1\u0f0b\u0f58\u0f72\u0f0b\u0f41 (\u0f63\u0f74\u0f42\u0f66\u0f0b\u0f62\u0f99\u0f72\u0f44\u0f0b \u0f62\u0f92\u0fb1\u0f0b\u0f61\u0f72\u0f42, \u0f58\u0f40\u0f0b\u0f68\u0f60\u0f74\u0f0b\u0f45\u0f71\u0f60\u0f72\u0f0b\u0f53)","zh_Hant_HK":"\u0f62\u0f92\u0fb1\u0f0b\u0f58\u0f72\u0f0b\u0f41 (\u0f63\u0f74\u0f42\u0f66\u0f0b\u0f62\u0f99\u0f72\u0f44\u0f0b \u0f62\u0f92\u0fb1\u0f0b\u0f61\u0f72\u0f42, \u0f67\u0f7c\u0f44\u0f0b\u0f40\u0f7c\u0f44\u0f0b\u0f45\u0f71\u0f60\u0f72\u0f0b\u0f53)","zh_Hant":"\u0f62\u0f92\u0fb1\u0f0b\u0f58\u0f72\u0f0b\u0f41 (\u0f63\u0f74\u0f42\u0f66\u0f0b\u0f62\u0f99\u0f72\u0f44\u0f0b \u0f62\u0f92\u0fb1\u0f0b\u0f61\u0f72\u0f42)","zh_SG":"\u0f62\u0f92\u0fb1\u0f0b\u0f58\u0f72\u0f0b\u0f41 (\u0f66\u0f72\u0f44\u0f0b\u0f42\u0f0b\u0f54\u0f7c\u0f62)","zh_HK":"\u0f62\u0f92\u0fb1\u0f0b\u0f58\u0f72\u0f0b\u0f41 (\u0f67\u0f7c\u0f44\u0f0b\u0f40\u0f7c\u0f44\u0f0b\u0f45\u0f71\u0f60\u0f72\u0f0b\u0f53)","dz":"\u0f62\u0fab\u0f7c\u0f44\u0f0b\u0f41","dz_BT":"\u0f62\u0fab\u0f7c\u0f44\u0f0b\u0f41 (\u0f60\u0f56\u0fb2\u0f74\u0f42)","ro":"\u0f62\u0f7c\u0f0b\u0f58\u0f7a\u0f0b\u0f53\u0f72\u0f0b\u0f61\u0f71\u0f53\u0f0b\u0f41","ro_MD":"\u0f62\u0f7c\u0f0b\u0f58\u0f7a\u0f0b\u0f53\u0f72\u0f0b\u0f61\u0f71\u0f53\u0f0b\u0f41 (\u0f58\u0f7c\u0f63\u0f0b\u0f51\u0f7c\u0f0b\u0f56\u0f71)","ro_RO":"\u0f62\u0f7c\u0f0b\u0f58\u0f7a\u0f0b\u0f53\u0f72\u0f0b\u0f61\u0f71\u0f53\u0f0b\u0f41 (\u0f62\u0f7c\u0f0b\u0f58\u0f7a\u0f0b\u0f53\u0f72\u0f0b\u0f61)","rm":"\u0f62\u0f7c\u0f0b\u0f58\u0f7a\u0f0b\u0f53\u0f72\u0f64\u0f0b\u0f41","rm_CH":"\u0f62\u0f7c\u0f0b\u0f58\u0f7a\u0f0b\u0f53\u0f72\u0f64\u0f0b\u0f41 (\u0f66\u0f74\u0f0b\u0f5d\u0f72\u0f4a\u0f0b\u0f5b\u0f62\u0f0b\u0f63\u0f7a\u0f53\u0f4c)","lb":"\u0f63\u0f42\u0f0b\u0f5b\u0f58\u0f0b\u0f56\u0f7c\u0f62\u0f92\u0f0b\u0f41","lb_LU":"\u0f63\u0f42\u0f0b\u0f5b\u0f58\u0f0b\u0f56\u0f7c\u0f62\u0f92\u0f0b\u0f41 (\u0f63\u0f42\u0f0b\u0f5b\u0f58\u0f0b\u0f56\u0f7c\u0f62\u0f92)","lv":"\u0f63\u0f4a\u0f0b\u0f56\u0f72\u0f0b\u0f61\u0f71\u0f53\u0f0b\u0f41","lv_LV":"\u0f63\u0f4a\u0f0b\u0f56\u0f72\u0f0b\u0f61\u0f71\u0f53\u0f0b\u0f41 (\u0f63\u0f4a\u0f0b\u0f56\u0f72\u0f0b\u0f61)","lo":"\u0f63\u0f71\u0f0b\u0f5d\u0f7c\u0f66\u0f0b\u0f41","lo_LA":"\u0f63\u0f71\u0f0b\u0f5d\u0f7c\u0f66\u0f0b\u0f41 (\u0f63\u0f71\u0f0b\u0f5d\u0f7c\u0f66)","lt":"\u0f63\u0f72\u0f0b\u0f50\u0f74\u0f0b\u0f5d\u0f7a\u0f0b\u0f53\u0f72\u0f0b\u0f61\u0f71\u0f53\u0f0b\u0f41","lt_LT":"\u0f63\u0f72\u0f0b\u0f50\u0f74\u0f0b\u0f5d\u0f7a\u0f0b\u0f53\u0f72\u0f0b\u0f61\u0f71\u0f53\u0f0b\u0f41 (\u0f63\u0f72\u0f0b\u0f50\u0f74\u0f0b\u0f5d\u0f7a\u0f0b\u0f53\u0f72\u0f0b\u0f61)","sw":"\u0f66\u0fad\u0f71\u0f0b\u0f67\u0f72\u0f0b\u0f63\u0f72\u0f0b\u0f41","sw_KE":"\u0f66\u0fad\u0f71\u0f0b\u0f67\u0f72\u0f0b\u0f63\u0f72\u0f0b\u0f41 (\u0f40\u0f7a\u0f53\u0f0b\u0f61)","sw_TZ":"\u0f66\u0fad\u0f71\u0f0b\u0f67\u0f72\u0f0b\u0f63\u0f72\u0f0b\u0f41 (\u0f4a\u0f71\u0f53\u0f0b\u0f5b\u0f71\u0f0b\u0f53\u0f72\u0f0b\u0f61)","sw_UG":"\u0f66\u0fad\u0f71\u0f0b\u0f67\u0f72\u0f0b\u0f63\u0f72\u0f0b\u0f41 (\u0f61\u0f74\u0f0b\u0f42\u0fb7\u0f53\u0f0b\u0f4c)","sr":"\u0f66\u0f71\u0f62\u0f0b\u0f56\u0fb7\u0f72\u0f0b\u0f61\u0f71\u0f53\u0f0b\u0f41","sr_BA":"\u0f66\u0f71\u0f62\u0f0b\u0f56\u0fb7\u0f72\u0f0b\u0f61\u0f71\u0f53\u0f0b\u0f41 (\u0f56\u0fb7\u0f7c\u0f66\u0f0b\u0f53\u0f72\u0f0b\u0f61\u0f0b \u0f68\u0f7a\u0f53\u0f4c\u0f0b \u0f67\u0f62\u0f0b\u0f5b\u0f72\u0f0b\u0f42\u0fb7\u0f7c\u0f0b\u0f56\u0f72\u0f0b\u0f53)","sr_ME":"\u0f66\u0f71\u0f62\u0f0b\u0f56\u0fb7\u0f72\u0f0b\u0f61\u0f71\u0f53\u0f0b\u0f41 (\u0f58\u0f7c\u0f53\u0f0b\u0f4a\u0f72\u0f0b\u0f53\u0f7a\u0f42\u0f0b\u0f62\u0f7c)","sr_Latn_BA":"\u0f66\u0f71\u0f62\u0f0b\u0f56\u0fb7\u0f72\u0f0b\u0f61\u0f71\u0f53\u0f0b\u0f41 (\u0f63\u0f7a\u0f0b\u0f4a\u0f72\u0f53\u0f0b\u0f61\u0f72\u0f42\u0f0b\u0f42\u0f74, \u0f56\u0fb7\u0f7c\u0f66\u0f0b\u0f53\u0f72\u0f0b\u0f61\u0f0b \u0f68\u0f7a\u0f53\u0f4c\u0f0b \u0f67\u0f62\u0f0b\u0f5b\u0f72\u0f0b\u0f42\u0fb7\u0f7c\u0f0b\u0f56\u0f72\u0f0b\u0f53)","sr_Latn_ME":"\u0f66\u0f71\u0f62\u0f0b\u0f56\u0fb7\u0f72\u0f0b\u0f61\u0f71\u0f53\u0f0b\u0f41 (\u0f63\u0f7a\u0f0b\u0f4a\u0f72\u0f53\u0f0b\u0f61\u0f72\u0f42\u0f0b\u0f42\u0f74, \u0f58\u0f7c\u0f53\u0f0b\u0f4a\u0f72\u0f0b\u0f53\u0f7a\u0f42\u0f0b\u0f62\u0f7c)","sr_Latn_RS":"\u0f66\u0f71\u0f62\u0f0b\u0f56\u0fb7\u0f72\u0f0b\u0f61\u0f71\u0f53\u0f0b\u0f41 (\u0f63\u0f7a\u0f0b\u0f4a\u0f72\u0f53\u0f0b\u0f61\u0f72\u0f42\u0f0b\u0f42\u0f74, \u0f66\u0f71\u0f62\u0f0b\u0f56\u0fb7\u0f72\u0f0b\u0f61)","sr_Latn":"\u0f66\u0f71\u0f62\u0f0b\u0f56\u0fb7\u0f72\u0f0b\u0f61\u0f71\u0f53\u0f0b\u0f41 (\u0f63\u0f7a\u0f0b\u0f4a\u0f72\u0f53\u0f0b\u0f61\u0f72\u0f42\u0f0b\u0f42\u0f74)","sr_RS":"\u0f66\u0f71\u0f62\u0f0b\u0f56\u0fb7\u0f72\u0f0b\u0f61\u0f71\u0f53\u0f0b\u0f41 (\u0f66\u0f71\u0f62\u0f0b\u0f56\u0fb7\u0f72\u0f0b\u0f61)","sr_Cyrl_BA":"\u0f66\u0f71\u0f62\u0f0b\u0f56\u0fb7\u0f72\u0f0b\u0f61\u0f71\u0f53\u0f0b\u0f41 (\u0f66\u0f72\u0f62\u0f72\u0f63\u0f0b\u0f63\u0f72\u0f40\u0f0b\u0f61\u0f72\u0f42\u0f0b\u0f42\u0f74, \u0f56\u0fb7\u0f7c\u0f66\u0f0b\u0f53\u0f72\u0f0b\u0f61\u0f0b \u0f68\u0f7a\u0f53\u0f4c\u0f0b \u0f67\u0f62\u0f0b\u0f5b\u0f72\u0f0b\u0f42\u0fb7\u0f7c\u0f0b\u0f56\u0f72\u0f0b\u0f53)","sr_Cyrl_ME":"\u0f66\u0f71\u0f62\u0f0b\u0f56\u0fb7\u0f72\u0f0b\u0f61\u0f71\u0f53\u0f0b\u0f41 (\u0f66\u0f72\u0f62\u0f72\u0f63\u0f0b\u0f63\u0f72\u0f40\u0f0b\u0f61\u0f72\u0f42\u0f0b\u0f42\u0f74, \u0f58\u0f7c\u0f53\u0f0b\u0f4a\u0f72\u0f0b\u0f53\u0f7a\u0f42\u0f0b\u0f62\u0f7c)","sr_Cyrl_RS":"\u0f66\u0f71\u0f62\u0f0b\u0f56\u0fb7\u0f72\u0f0b\u0f61\u0f71\u0f53\u0f0b\u0f41 (\u0f66\u0f72\u0f62\u0f72\u0f63\u0f0b\u0f63\u0f72\u0f40\u0f0b\u0f61\u0f72\u0f42\u0f0b\u0f42\u0f74, \u0f66\u0f71\u0f62\u0f0b\u0f56\u0fb7\u0f72\u0f0b\u0f61)","sr_Cyrl":"\u0f66\u0f71\u0f62\u0f0b\u0f56\u0fb7\u0f72\u0f0b\u0f61\u0f71\u0f53\u0f0b\u0f41 (\u0f66\u0f72\u0f62\u0f72\u0f63\u0f0b\u0f63\u0f72\u0f40\u0f0b\u0f61\u0f72\u0f42\u0f0b\u0f42\u0f74)","si":"\u0f66\u0f72\u0f44\u0f0b\u0f67\u0f0b\u0f63\u0f0b\u0f41","si_LK":"\u0f66\u0f72\u0f44\u0f0b\u0f67\u0f0b\u0f63\u0f0b\u0f41 (\u0f64\u0fb2\u0f71\u0f72\u0f0b\u0f63\u0f44\u0f0b\u0f40)","sk":"\u0f66\u0f74\u0f0b\u0f63\u0f7c\u0f0b\u0f56\u0f71\u0f40\u0f0b\u0f41","sk_SK":"\u0f66\u0f74\u0f0b\u0f63\u0f7c\u0f0b\u0f56\u0f71\u0f40\u0f0b\u0f41 (\u0f66\u0f74\u0f0b\u0f63\u0f7c\u0f0b\u0f56\u0f71\u0f0b\u0f40\u0f72\u0f0b\u0f61)","sl":"\u0f66\u0f74\u0f0b\u0f63\u0f7c\u0f0b\u0f56\u0f72\u0f0b\u0f53\u0f72\u0f0b\u0f61\u0f71\u0f53\u0f0b\u0f41","sl_SI":"\u0f66\u0f74\u0f0b\u0f63\u0f7c\u0f0b\u0f56\u0f72\u0f0b\u0f53\u0f72\u0f0b\u0f61\u0f71\u0f53\u0f0b\u0f41 (\u0f66\u0f74\u0f0b\u0f63\u0f7c\u0f0b\u0f56\u0f72\u0f0b\u0f53\u0f72\u0f0b\u0f61)","sv":"\u0f66\u0f74\u0f60\u0f72\u0f0b\u0f4c\u0f72\u0f64\u0f0b\u0f41","sv_FI":"\u0f66\u0f74\u0f60\u0f72\u0f0b\u0f4c\u0f72\u0f64\u0f0b\u0f41 (\u0f55\u0f72\u0f53\u0f0b\u0f63\u0f7a\u0f53\u0f4c)","sv_SE":"\u0f66\u0f74\u0f60\u0f72\u0f0b\u0f4c\u0f72\u0f64\u0f0b\u0f41 (\u0f66\u0f74\u0f60\u0f72\u0f0b\u0f4c\u0f7a\u0f53)","sv_AX":"\u0f66\u0f74\u0f60\u0f72\u0f0b\u0f4c\u0f72\u0f64\u0f0b\u0f41 (\u0f68\u0f0b\u0f63\u0f53\u0f4c\u0f0b\u0f42\u0fb3\u0f72\u0f44\u0f0b\u0f5a\u0f7c\u0f58)","so":"\u0f66\u0f7c\u0f0b\u0f58\u0f0b\u0f63\u0f72\u0f0b\u0f41","so_KE":"\u0f66\u0f7c\u0f0b\u0f58\u0f0b\u0f63\u0f72\u0f0b\u0f41 (\u0f40\u0f7a\u0f53\u0f0b\u0f61)","so_DJ":"\u0f66\u0f7c\u0f0b\u0f58\u0f0b\u0f63\u0f72\u0f0b\u0f41 (\u0f47\u0f72\u0f0b\u0f56\u0fb7\u0f74\u0f0b\u0f4a\u0f72)","so_SO":"\u0f66\u0f7c\u0f0b\u0f58\u0f0b\u0f63\u0f72\u0f0b\u0f41 (\u0f66\u0f7c\u0f0b\u0f58\u0f0b\u0f63\u0f72\u0f0b\u0f61)","so_ET":"\u0f66\u0f7c\u0f0b\u0f58\u0f0b\u0f63\u0f72\u0f0b\u0f41 (\u0f68\u0f72\u0f0b\u0f50\u0f72\u0f0b\u0f61\u0f7c\u0f0b\u0f54\u0f72\u0f0b\u0f61)","ha":"\u0f67\u0f5d\u0f0b\u0f66\u0f0b\u0f41","ha_GH":"\u0f67\u0f5d\u0f0b\u0f66\u0f0b\u0f41 (\u0f42\u0fb7\u0f0b\u0f53)","ha_NE":"\u0f67\u0f5d\u0f0b\u0f66\u0f0b\u0f41 (\u0f53\u0f71\u0f60\u0f72\u0f0b\u0f47\u0f71)","ha_NG":"\u0f67\u0f5d\u0f0b\u0f66\u0f0b\u0f41 (\u0f53\u0f71\u0f60\u0f72\u0f0b\u0f47\u0f72\u0f0b\u0f62\u0f72\u0f0b\u0f61)","ha_Latn_GH":"\u0f67\u0f5d\u0f0b\u0f66\u0f0b\u0f41 (\u0f63\u0f7a\u0f0b\u0f4a\u0f72\u0f53\u0f0b\u0f61\u0f72\u0f42\u0f0b\u0f42\u0f74, \u0f42\u0fb7\u0f0b\u0f53)","ha_Latn_NE":"\u0f67\u0f5d\u0f0b\u0f66\u0f0b\u0f41 (\u0f63\u0f7a\u0f0b\u0f4a\u0f72\u0f53\u0f0b\u0f61\u0f72\u0f42\u0f0b\u0f42\u0f74, \u0f53\u0f71\u0f60\u0f72\u0f0b\u0f47\u0f71)","ha_Latn_NG":"\u0f67\u0f5d\u0f0b\u0f66\u0f0b\u0f41 (\u0f63\u0f7a\u0f0b\u0f4a\u0f72\u0f53\u0f0b\u0f61\u0f72\u0f42\u0f0b\u0f42\u0f74, \u0f53\u0f71\u0f60\u0f72\u0f0b\u0f47\u0f72\u0f0b\u0f62\u0f72\u0f0b\u0f61)","ha_Latn":"\u0f67\u0f5d\u0f0b\u0f66\u0f0b\u0f41 (\u0f63\u0f7a\u0f0b\u0f4a\u0f72\u0f53\u0f0b\u0f61\u0f72\u0f42\u0f0b\u0f42\u0f74)","hu":"\u0f67\u0f71\u0f44\u0f0b\u0f42\u0fb7\u0f0b\u0f62\u0f72\u0f0b\u0f61\u0f71\u0f53\u0f0b\u0f41","hu_HU":"\u0f67\u0f71\u0f44\u0f0b\u0f42\u0fb7\u0f0b\u0f62\u0f72\u0f0b\u0f61\u0f71\u0f53\u0f0b\u0f41 (\u0f67\u0f71\u0f44\u0f0b\u0f42\u0fb7\u0f0b\u0f62\u0f72)","hi":"\u0f67\u0f72\u0f53\u0f0b\u0f51\u0f72\u0f0b\u0f41","hi_IN":"\u0f67\u0f72\u0f53\u0f0b\u0f51\u0f72\u0f0b\u0f41 (\u0f62\u0f92\u0fb1\u0f0b\u0f42\u0f62)","he":"\u0f67\u0f7a\u0f0b\u0f56\u0fb2\u0f74\u0f0b\u0f41","he_IL":"\u0f67\u0f7a\u0f0b\u0f56\u0fb2\u0f74\u0f0b\u0f41 (\u0f68\u0f72\u0f66\u0f0b\u0f62\u0f0b\u0f61\u0f7a\u0f63)","az":"\u0f68\u0f0b\u0f5b\u0f62\u0f0b\u0f56\u0fb7\u0f60\u0f72\u0f0b\u0f47\u0f71\u0f53\u0f0b\u0f41","az_Latn_AZ":"\u0f68\u0f0b\u0f5b\u0f62\u0f0b\u0f56\u0fb7\u0f60\u0f72\u0f0b\u0f47\u0f71\u0f53\u0f0b\u0f41 (\u0f63\u0f7a\u0f0b\u0f4a\u0f72\u0f53\u0f0b\u0f61\u0f72\u0f42\u0f0b\u0f42\u0f74, \u0f68\u0f0b\u0f5b\u0f62\u0f0b\u0f56\u0fb7\u0f60\u0f72\u0f0b\u0f47\u0f71\u0f53)","az_Latn":"\u0f68\u0f0b\u0f5b\u0f62\u0f0b\u0f56\u0fb7\u0f60\u0f72\u0f0b\u0f47\u0f71\u0f53\u0f0b\u0f41 (\u0f63\u0f7a\u0f0b\u0f4a\u0f72\u0f53\u0f0b\u0f61\u0f72\u0f42\u0f0b\u0f42\u0f74)","az_Cyrl_AZ":"\u0f68\u0f0b\u0f5b\u0f62\u0f0b\u0f56\u0fb7\u0f60\u0f72\u0f0b\u0f47\u0f71\u0f53\u0f0b\u0f41 (\u0f66\u0f72\u0f62\u0f72\u0f63\u0f0b\u0f63\u0f72\u0f40\u0f0b\u0f61\u0f72\u0f42\u0f0b\u0f42\u0f74, \u0f68\u0f0b\u0f5b\u0f62\u0f0b\u0f56\u0fb7\u0f60\u0f72\u0f0b\u0f47\u0f71\u0f53)","az_Cyrl":"\u0f68\u0f0b\u0f5b\u0f62\u0f0b\u0f56\u0fb7\u0f60\u0f72\u0f0b\u0f47\u0f71\u0f53\u0f0b\u0f41 (\u0f66\u0f72\u0f62\u0f72\u0f63\u0f0b\u0f63\u0f72\u0f40\u0f0b\u0f61\u0f72\u0f42\u0f0b\u0f42\u0f74)","az_AZ":"\u0f68\u0f0b\u0f5b\u0f62\u0f0b\u0f56\u0fb7\u0f60\u0f72\u0f0b\u0f47\u0f71\u0f53\u0f0b\u0f41 (\u0f68\u0f0b\u0f5b\u0f62\u0f0b\u0f56\u0fb7\u0f60\u0f72\u0f0b\u0f47\u0f71\u0f53)","is":"\u0f68\u0f0b\u0f61\u0f72\u0f66\u0f0b\u0f63\u0f7a\u0f53\u0f0b\u0f4c\u0f72\u0f40\u0f0b\u0f41","is_IS":"\u0f68\u0f0b\u0f61\u0f72\u0f66\u0f0b\u0f63\u0f7a\u0f53\u0f0b\u0f4c\u0f72\u0f40\u0f0b\u0f41 (\u0f68\u0f71\u0f60\u0f72\u0f66\u0f0b\u0f63\u0f7a\u0f53\u0f4c)","as":"\u0f68\u0f0b\u0f66\u0f0b\u0f58\u0f72\u0f66\u0f0b\u0f41","as_IN":"\u0f68\u0f0b\u0f66\u0f0b\u0f58\u0f72\u0f66\u0f0b\u0f41 (\u0f62\u0f92\u0fb1\u0f0b\u0f42\u0f62)","af":"\u0f68\u0f55\u0f0b\u0f62\u0f72\u0f0b\u0f40\u0f71\u0f53\u0f66\u0f0b\u0f41","af_NA":"\u0f68\u0f55\u0f0b\u0f62\u0f72\u0f0b\u0f40\u0f71\u0f53\u0f66\u0f0b\u0f41 (\u0f53\u0f0b\u0f58\u0f72\u0f0b\u0f56\u0f72\u0f0b\u0f61)","af_ZA":"\u0f68\u0f55\u0f0b\u0f62\u0f72\u0f0b\u0f40\u0f71\u0f53\u0f66\u0f0b\u0f41 (\u0f66\u0f71\u0f60\u0f74\u0f50\u0f0b \u0f68\u0f55\u0f0b\u0f62\u0f72\u0f0b\u0f40)","am":"\u0f68\u0f58\u0f0b\u0f67\u0f0b\u0f62\u0f72\u0f40\u0f0b\u0f41","am_ET":"\u0f68\u0f58\u0f0b\u0f67\u0f0b\u0f62\u0f72\u0f40\u0f0b\u0f41 (\u0f68\u0f72\u0f0b\u0f50\u0f72\u0f0b\u0f61\u0f7c\u0f0b\u0f54\u0f72\u0f0b\u0f61)","hy":"\u0f68\u0f62\u0f0b\u0f58\u0f72\u0f0b\u0f53\u0f72\u0f0b\u0f61\u0f71\u0f53\u0f0b\u0f41","hy_AM":"\u0f68\u0f62\u0f0b\u0f58\u0f72\u0f0b\u0f53\u0f72\u0f0b\u0f61\u0f71\u0f53\u0f0b\u0f41 (\u0f68\u0f62\u0f0b\u0f58\u0f72\u0f0b\u0f53\u0f72\u0f0b\u0f61)","ga":"\u0f68\u0f71\u0f60\u0f72\u0f0b\u0f62\u0f72\u0f64\u0f0b\u0f41","ga_IE":"\u0f68\u0f71\u0f60\u0f72\u0f0b\u0f62\u0f72\u0f64\u0f0b\u0f41 (\u0f68\u0f71\u0f0b\u0f61\u0f0b\u0f63\u0f7a\u0f53\u0f4c)","sq":"\u0f68\u0f71\u0f63\u0f0b\u0f56\u0f7a\u0f0b\u0f53\u0f72\u0f0b\u0f61\u0f71\u0f53\u0f0b\u0f41","sq_MK":"\u0f68\u0f71\u0f63\u0f0b\u0f56\u0f7a\u0f0b\u0f53\u0f72\u0f0b\u0f61\u0f71\u0f53\u0f0b\u0f41 (\u0f58\u0f0b\u0f66\u0f7a\u0f0b\u0f4c\u0f7c\u0f0b\u0f53\u0f72\u0f0b\u0f61)","sq_AL":"\u0f68\u0f71\u0f63\u0f0b\u0f56\u0f7a\u0f0b\u0f53\u0f72\u0f0b\u0f61\u0f71\u0f53\u0f0b\u0f41 (\u0f68\u0f71\u0f63\u0f0b\u0f56\u0f7a\u0f0b\u0f53\u0f72\u0f0b\u0f61)","it":"\u0f68\u0f72\u0f0b\u0f4a\u0f0b\u0f63\u0f72\u0f0b\u0f61\u0f71\u0f53\u0f0b\u0f41","it_SM":"\u0f68\u0f72\u0f0b\u0f4a\u0f0b\u0f63\u0f72\u0f0b\u0f61\u0f71\u0f53\u0f0b\u0f41 (\u0f66\u0f71\u0f53\u0f0b\u0f58\u0f0b\u0f62\u0f72\u0f0b\u0f53\u0f7c)","it_CH":"\u0f68\u0f72\u0f0b\u0f4a\u0f0b\u0f63\u0f72\u0f0b\u0f61\u0f71\u0f53\u0f0b\u0f41 (\u0f66\u0f74\u0f0b\u0f5d\u0f72\u0f4a\u0f0b\u0f5b\u0f62\u0f0b\u0f63\u0f7a\u0f53\u0f4c)","it_IT":"\u0f68\u0f72\u0f0b\u0f4a\u0f0b\u0f63\u0f72\u0f0b\u0f61\u0f71\u0f53\u0f0b\u0f41 (\u0f68\u0f72\u0f0b\u0f4a\u0f0b\u0f63\u0f72)","ig":"\u0f68\u0f72\u0f42\u0f0b\u0f56\u0f7c\u0f0b\u0f41","ig_NG":"\u0f68\u0f72\u0f42\u0f0b\u0f56\u0f7c\u0f0b\u0f41 (\u0f53\u0f71\u0f60\u0f72\u0f0b\u0f47\u0f72\u0f0b\u0f62\u0f72\u0f0b\u0f61)","en":"\u0f68\u0f72\u0f44\u0f0b\u0f63\u0f72\u0f64\u0f0b\u0f41","en_KI":"\u0f68\u0f72\u0f44\u0f0b\u0f63\u0f72\u0f64\u0f0b\u0f41 (\u0f40\u0f72\u0f0b\u0f62\u0f72\u0f0b\u0f56\u0f0b\u0f4f\u0f72\u0f0b\u0f58\u0f5a\u0f7c\u0f0b\u0f42\u0fb3\u0f72\u0f44)","en_CK":"\u0f68\u0f72\u0f44\u0f0b\u0f63\u0f72\u0f64\u0f0b\u0f41 (\u0f40\u0f74\u0f42\u0f0b\u0f42\u0fb3\u0f72\u0f44\u0f0b\u0f5a\u0f7c\u0f58)","en_CA":"\u0f68\u0f72\u0f44\u0f0b\u0f63\u0f72\u0f64\u0f0b\u0f41 (\u0f40\u0f7a\u0f0b\u0f53\u0f0b\u0f4c)","en_CM":"\u0f68\u0f72\u0f44\u0f0b\u0f63\u0f72\u0f64\u0f0b\u0f41 (\u0f40\u0f7a\u0f0b\u0f58\u0f0b\u0f62\u0f74\u0f53)","en_KE":"\u0f68\u0f72\u0f44\u0f0b\u0f63\u0f72\u0f64\u0f0b\u0f41 (\u0f40\u0f7a\u0f53\u0f0b\u0f61)","en_CC":"\u0f68\u0f72\u0f44\u0f0b\u0f63\u0f72\u0f64\u0f0b\u0f41 (\u0f40\u0f7c\u0f0b\u0f40\u0f7c\u0f66\u0f0b\u0f42\u0fb3\u0f72\u0f44\u0f0b\u0f5a\u0f7c\u0f58)","en_CX":"\u0f68\u0f72\u0f44\u0f0b\u0f63\u0f72\u0f64\u0f0b\u0f41 (\u0f41\u0f72\u0f0b\u0f62\u0f72\u0f66\u0f9f\u0f0b\u0f58\u0f7a\u0f66\u0f0b\u0f58\u0f5a\u0f7c\u0f0b\u0f42\u0fb3\u0f72\u0f44)","en_KY":"\u0f68\u0f72\u0f44\u0f0b\u0f63\u0f72\u0f64\u0f0b\u0f41 (\u0f41\u0f7a\u0f0b\u0f58\u0f7a\u0f53\u0f0b\u0f42\u0fb3\u0f72\u0f44\u0f0b\u0f5a\u0f7c\u0f58)","en_GH":"\u0f68\u0f72\u0f44\u0f0b\u0f63\u0f72\u0f64\u0f0b\u0f41 (\u0f42\u0fb7\u0f0b\u0f53)","en_GY":"\u0f68\u0f72\u0f44\u0f0b\u0f63\u0f72\u0f64\u0f0b\u0f41 (\u0f42\u0fb7\u0f0b\u0f61\u0f0b\u0f53)","en_GM":"\u0f68\u0f72\u0f44\u0f0b\u0f63\u0f72\u0f64\u0f0b\u0f41 (\u0f42\u0fb7\u0f7a\u0f58\u0f0b\u0f56\u0f72\u0f0b\u0f61)","en_GU":"\u0f68\u0f72\u0f44\u0f0b\u0f63\u0f72\u0f64\u0f0b\u0f41 (\u0f42\u0f74\u0f0b\u0f60\u0f58\u0f0b \u0f58\u0f5a\u0f7c\u0f0b\u0f42\u0fb3\u0f72\u0f44)","en_GG":"\u0f68\u0f72\u0f44\u0f0b\u0f63\u0f72\u0f64\u0f0b\u0f41 (\u0f42\u0f74\u0f0b\u0f68\u0f7a\u0f62\u0fa3\u0f0b\u0f66\u0f72)","en_GD":"\u0f68\u0f72\u0f44\u0f0b\u0f63\u0f72\u0f64\u0f0b\u0f41 (\u0f42\u0fb2\u0f80\u0f0b\u0f53\u0f0b\u0f4c)","en_JM":"\u0f68\u0f72\u0f44\u0f0b\u0f63\u0f72\u0f64\u0f0b\u0f41 (\u0f47\u0f71\u0f0b\u0f58\u0f7b\u0f0b\u0f40)","en_GI":"\u0f68\u0f72\u0f44\u0f0b\u0f63\u0f72\u0f64\u0f0b\u0f41 (\u0f47\u0f72\u0f56\u0f0b\u0f62\u0f71\u0f63\u0f0b\u0f4a\u0f62)","en_JE":"\u0f68\u0f72\u0f44\u0f0b\u0f63\u0f72\u0f64\u0f0b\u0f41 (\u0f47\u0f7a\u0f62\u0f0b\u0f66\u0f72)","en_TZ":"\u0f68\u0f72\u0f44\u0f0b\u0f63\u0f72\u0f64\u0f0b\u0f41 (\u0f4a\u0f71\u0f53\u0f0b\u0f5b\u0f71\u0f0b\u0f53\u0f72\u0f0b\u0f61)","en_TT":"\u0f68\u0f72\u0f44\u0f0b\u0f63\u0f72\u0f64\u0f0b\u0f41 (\u0f4a\u0f72\u0f0b\u0f53\u0f72\u0f0b\u0f4c\u0f71\u0f4c\u0f0b \u0f68\u0f7a\u0f53\u0f4c\u0f0b \u0f4a\u0f7c\u0f0b\u0f56\u0fb7\u0f7a\u0f0b\u0f42\u0fb7\u0f7c)","en_TO":"\u0f68\u0f72\u0f44\u0f0b\u0f63\u0f72\u0f64\u0f0b\u0f41 (\u0f4a\u0f7c\u0f44\u0f0b\u0f42\u0fb7)","en_DG":"\u0f68\u0f72\u0f44\u0f0b\u0f63\u0f72\u0f64\u0f0b\u0f41 (\u0f4c\u0f72\u0f0b\u0f61\u0f7a\u0f0b\u0f42\u0f7c\u0f0b\u0f42\u0f62\u0f0b\u0f66\u0f72\u0f60\u0f7c)","en_DM":"\u0f68\u0f72\u0f44\u0f0b\u0f63\u0f72\u0f64\u0f0b\u0f41 (\u0f4c\u0f7c\u0f0b\u0f58\u0f72\u0f0b\u0f53\u0f72\u0f0b\u0f40)","en_TV":"\u0f68\u0f72\u0f44\u0f0b\u0f63\u0f72\u0f64\u0f0b\u0f41 (\u0f4f\u0f74\u0f0b\u0f5d\u0f0b\u0f63\u0f74)","en_TC":"\u0f68\u0f72\u0f44\u0f0b\u0f63\u0f72\u0f64\u0f0b\u0f41 (\u0f4f\u0f74\u0f62\u0f90\u0f66\u0f84\u0f0b \u0f68\u0f7a\u0f53\u0f4c\u0f0b \u0f40\u0f0b\u0f40\u0f7c\u0f66\u0f0b\u0f42\u0fb3\u0f72\u0f44\u0f0b\u0f5a\u0f7c\u0f58)","en_TK":"\u0f68\u0f72\u0f44\u0f0b\u0f63\u0f72\u0f64\u0f0b\u0f41 (\u0f4f\u0f7c\u0f0b\u0f40\u0f7a\u0f0b\u0f63\u0f60\u0f74\u0f0b \u0f58\u0f5a\u0f7c\u0f0b\u0f42\u0fb3\u0f72\u0f44)","en_NA":"\u0f68\u0f72\u0f44\u0f0b\u0f63\u0f72\u0f64\u0f0b\u0f41 (\u0f53\u0f0b\u0f58\u0f72\u0f0b\u0f56\u0f72\u0f0b\u0f61)","en_NR":"\u0f68\u0f72\u0f44\u0f0b\u0f63\u0f72\u0f64\u0f0b\u0f41 (\u0f53\u0f60\u0f74\u0f0b\u0f62\u0f74\u0f0b)","en_NG":"\u0f68\u0f72\u0f44\u0f0b\u0f63\u0f72\u0f64\u0f0b\u0f41 (\u0f53\u0f71\u0f60\u0f72\u0f0b\u0f47\u0f72\u0f0b\u0f62\u0f72\u0f0b\u0f61)","en_NU":"\u0f68\u0f72\u0f44\u0f0b\u0f63\u0f72\u0f64\u0f0b\u0f41 (\u0f53\u0f72\u0f0b\u0f68\u0f74\u0f0b\u0f68\u0f7b)","en_NZ":"\u0f68\u0f72\u0f44\u0f0b\u0f63\u0f72\u0f64\u0f0b\u0f41 (\u0f53\u0f72\u0f60\u0f74\u0f0b\u0f5b\u0f72\u0f0b\u0f63\u0f7a\u0f53\u0f4c)","en_NF":"\u0f68\u0f72\u0f44\u0f0b\u0f63\u0f72\u0f64\u0f0b\u0f41 (\u0f53\u0f7c\u0f62\u0f0b\u0f55\u0f7c\u0f63\u0f40\u0f0b\u0f58\u0f5a\u0f7c\u0f0b\u0f42\u0fb3\u0f72\u0f44\u0f0c)","en_PK":"\u0f68\u0f72\u0f44\u0f0b\u0f63\u0f72\u0f64\u0f0b\u0f41 (\u0f54\u0f0b\u0f40\u0f72\u0f0b\u0f66\u0f4f\u0f71\u0f53)","en_PG":"\u0f68\u0f72\u0f44\u0f0b\u0f63\u0f72\u0f64\u0f0b\u0f41 (\u0f54\u0f0b\u0f54\u0f74\u0f0b \u0f53\u0f72\u0f60\u0f74\u0f0b\u0f42\u0f72\u0f0b\u0f53\u0f72)","en_PW":"\u0f68\u0f72\u0f44\u0f0b\u0f63\u0f72\u0f64\u0f0b\u0f41 (\u0f54\u0f0b\u0f63\u0f60\u0f74)","en_PN":"\u0f68\u0f72\u0f44\u0f0b\u0f63\u0f72\u0f64\u0f0b\u0f41 (\u0f54\u0f72\u0f4a\u0f0b\u0f40\u0f7a\u0f0b\u0f61\u0f7a\u0f62\u0f53\u0f0b\u0f42\u0fb3\u0f72\u0f44\u0f0b\u0f5a\u0f7c\u0f58)","en_PR":"\u0f68\u0f72\u0f44\u0f0b\u0f63\u0f72\u0f64\u0f0b\u0f41 (\u0f54\u0f74\u0f0b\u0f60\u0f7a\u0f62\u0f0b\u0f4a\u0f7c\u0f0b\u0f62\u0f72\u0f0b\u0f41\u0f7c)","en_FK":"\u0f68\u0f72\u0f44\u0f0b\u0f63\u0f72\u0f64\u0f0b\u0f41 (\u0f55\u0f63\u0f90\u0f0b\u0f63\u0f53\u0f9c\u0f0b\u0f42\u0fb3\u0f72\u0f44\u0f0b\u0f5a\u0f7c\u0f58)","en_FJ":"\u0f68\u0f72\u0f44\u0f0b\u0f63\u0f72\u0f64\u0f0b\u0f41 (\u0f55\u0f72\u0f0b\u0f47\u0f72)","en_PH":"\u0f68\u0f72\u0f44\u0f0b\u0f63\u0f72\u0f64\u0f0b\u0f41 (\u0f55\u0f72\u0f0b\u0f63\u0f72\u0f0b\u0f54\u0f72\u0f53\u0f66)","en_MP":"\u0f68\u0f72\u0f44\u0f0b\u0f63\u0f72\u0f64\u0f0b\u0f41 (\u0f56\u0fb1\u0f44\u0f0b\u0f55\u0fb1\u0f7c\u0f42\u0f66\u0f0b\u0f40\u0fb1\u0f72\u0f0b\u0f58\u0f0b\u0f62\u0f0b\u0f61\u0f0b\u0f53\u0f0b\u0f42\u0fb3\u0f72\u0f44\u0f0b\u0f5a\u0f7c\u0f58)","en_BM":"\u0f68\u0f72\u0f44\u0f0b\u0f63\u0f72\u0f64\u0f0b\u0f41 (\u0f56\u0f62\u0f0b\u0f58\u0f74\u0f0b\u0f4c)","en_IO":"\u0f68\u0f72\u0f44\u0f0b\u0f63\u0f72\u0f64\u0f0b\u0f41 (\u0f56\u0fb2\u0f72\u0f0b\u0f4a\u0f72\u0f64\u0f0b\u0f62\u0f92\u0fb1\u0f0b\u0f42\u0f62\u0f0b\u0f42\u0fb1\u0f72\u0f0b\u0f62\u0f92\u0fb1\u0f0b\u0f58\u0f5a\u0f7c\u0f0b\u0f66\u0f0b\u0f41\u0f7c\u0f44\u0f66)","en_BS":"\u0f68\u0f72\u0f44\u0f0b\u0f63\u0f72\u0f64\u0f0b\u0f41 (\u0f56\u0fb7\u0f0b\u0f67\u0f0b\u0f58\u0f66\u0f84)","en_BB":"\u0f68\u0f72\u0f44\u0f0b\u0f63\u0f72\u0f64\u0f0b\u0f41 (\u0f56\u0fb7\u0f62\u0f0b\u0f56\u0f7a\u0f0b\u0f4c\u0f7c\u0f66)","en_BZ":"\u0f68\u0f72\u0f44\u0f0b\u0f63\u0f72\u0f64\u0f0b\u0f41 (\u0f56\u0fb7\u0f7a\u0f0b\u0f63\u0f72\u0f5b)","en_BE":"\u0f68\u0f72\u0f44\u0f0b\u0f63\u0f72\u0f64\u0f0b\u0f41 (\u0f56\u0fb7\u0f7a\u0f63\u0f0b\u0f47\u0f58)","en_BW":"\u0f68\u0f72\u0f44\u0f0b\u0f63\u0f72\u0f64\u0f0b\u0f41 (\u0f56\u0fb7\u0f7c\u0f59\u0f0b\u0f5d\u0f0b\u0f53)","en_MG":"\u0f68\u0f72\u0f44\u0f0b\u0f63\u0f72\u0f64\u0f0b\u0f41 (\u0f58\u0f0b\u0f51\u0f71\u0f0b\u0f42\u0f7a\u0f66\u0f0b\u0f40\u0f62)","en_MW":"\u0f68\u0f72\u0f44\u0f0b\u0f63\u0f72\u0f64\u0f0b\u0f41 (\u0f58\u0f0b\u0f63\u0f0b\u0f5d\u0f72)","en_MY":"\u0f68\u0f72\u0f44\u0f0b\u0f63\u0f72\u0f64\u0f0b\u0f41 (\u0f58\u0f0b\u0f63\u0f7a\u0f0b\u0f64\u0f72\u0f0b\u0f61)","en_MO":"\u0f68\u0f72\u0f44\u0f0b\u0f63\u0f72\u0f64\u0f0b\u0f41 (\u0f58\u0f40\u0f0b\u0f68\u0f60\u0f74\u0f0b\u0f45\u0f71\u0f60\u0f72\u0f0b\u0f53)","en_FM":"\u0f68\u0f72\u0f44\u0f0b\u0f63\u0f72\u0f64\u0f0b\u0f41 (\u0f58\u0f60\u0f72\u0f0b\u0f40\u0fb2\u0f7c\u0f0b\u0f53\u0f72\u0f0b\u0f64\u0f72\u0f0b\u0f61)","en_MH":"\u0f68\u0f72\u0f44\u0f0b\u0f63\u0f72\u0f64\u0f0b\u0f41 (\u0f58\u0f62\u0f0b\u0f64\u0f7a\u0f63\u0f0b\u0f42\u0fb3\u0f72\u0f44\u0f0b\u0f5a\u0f7c\u0f58)","en_MT":"\u0f68\u0f72\u0f44\u0f0b\u0f63\u0f72\u0f64\u0f0b\u0f41 (\u0f58\u0f71\u0f63\u0f0b\u0f4a)","en_MU":"\u0f68\u0f72\u0f44\u0f0b\u0f63\u0f72\u0f64\u0f0b\u0f41 (\u0f58\u0f7c\u0f0b\u0f62\u0f72\u0f0b\u0f64\u0f71\u0f66)","en_MS":"\u0f68\u0f72\u0f44\u0f0b\u0f63\u0f72\u0f64\u0f0b\u0f41 (\u0f58\u0f7c\u0f53\u0f0b\u0f66\u0f0b\u0f62\u0f4a)","en_ZM":"\u0f68\u0f72\u0f44\u0f0b\u0f63\u0f72\u0f64\u0f0b\u0f41 (\u0f5b\u0f58\u0f0b\u0f56\u0fb7\u0f72\u0f0b\u0f61)","en_ZW":"\u0f68\u0f72\u0f44\u0f0b\u0f63\u0f72\u0f64\u0f0b\u0f41 (\u0f5b\u0f72\u0f58\u0f0b\u0f56\u0fb7\u0f56\u0f0b\u0f5d\u0f7a)","en_VU":"\u0f68\u0f72\u0f44\u0f0b\u0f63\u0f72\u0f64\u0f0b\u0f41 (\u0f5d\u0f0b\u0f53\u0f74\u0f0b\u0f68\u0f0b\u0f4f\u0f74)","en_VG":"\u0f68\u0f72\u0f44\u0f0b\u0f63\u0f72\u0f64\u0f0b\u0f41 (\u0f5d\u0f62\u0f47\u0f72\u0f53\u0f0b\u0f42\u0fb3\u0f72\u0f44\u0f0b\u0f5a\u0f7c\u0f58\u0f0b \u0f56\u0fb2\u0f71\u0f72\u0f0b\u0f4a\u0f72\u0f64\u0f0b\u0f58\u0f44\u0f60\u0f0b\u0f41\u0f7c\u0f44\u0f66)","en_VI":"\u0f68\u0f72\u0f44\u0f0b\u0f63\u0f72\u0f64\u0f0b\u0f41 (\u0f5d\u0f62\u0f47\u0f72\u0f53\u0f0b\u0f42\u0fb3\u0f72\u0f44\u0f0b\u0f5a\u0f7c\u0f58\u0f0b \u0f61\u0f74\u0f0b\u0f68\u0f7a\u0f66\u0f0b\u0f68\u0f7a\u0f0b\u0f58\u0f44\u0f60\u0f0b\u0f41\u0f7c\u0f44\u0f66)","en_UG":"\u0f68\u0f72\u0f44\u0f0b\u0f63\u0f72\u0f64\u0f0b\u0f41 (\u0f61\u0f74\u0f0b\u0f42\u0fb7\u0f53\u0f0b\u0f4c)","en_GB":"\u0f68\u0f72\u0f44\u0f0b\u0f63\u0f72\u0f64\u0f0b\u0f41 (\u0f61\u0f74\u0f0b\u0f53\u0f71\u0f60\u0f72\u0f0b\u0f4a\u0f7a\u0f4c\u0f0b \u0f40\u0f72\u0f44\u0f0b\u0f4c\u0f58)","en_UM":"\u0f68\u0f72\u0f44\u0f0b\u0f63\u0f72\u0f64\u0f0b\u0f41 (\u0f61\u0f74\u0f0b\u0f68\u0f7a\u0f66\u0f0b\u0f42\u0fb1\u0f72\u0f0b\u0f58\u0f50\u0f60\u0f0b\u0f58\u0f5a\u0f58\u0f66\u0f0b\u0f58\u0f5a\u0f7c\u0f0b\u0f42\u0fb3\u0f72\u0f44\u0f0b)","en_US":"\u0f68\u0f72\u0f44\u0f0b\u0f63\u0f72\u0f64\u0f0b\u0f41 (\u0f61\u0f74\u0f0b\u0f68\u0f7a\u0f66\u0f0b\u0f68\u0f7a)","en_IN":"\u0f68\u0f72\u0f44\u0f0b\u0f63\u0f72\u0f64\u0f0b\u0f41 (\u0f62\u0f92\u0fb1\u0f0b\u0f42\u0f62)","en_RW":"\u0f68\u0f72\u0f44\u0f0b\u0f63\u0f72\u0f64\u0f0b\u0f41 (\u0f62\u0f74\u0f0b\u0f5d\u0f53\u0f0b\u0f4c)","en_LR":"\u0f68\u0f72\u0f44\u0f0b\u0f63\u0f72\u0f64\u0f0b\u0f41 (\u0f63\u0f71\u0f60\u0f72\u0f0b\u0f56\u0f7a\u0f0b\u0f62\u0f72\u0f0b\u0f61)","en_LS":"\u0f68\u0f72\u0f44\u0f0b\u0f63\u0f72\u0f64\u0f0b\u0f41 (\u0f63\u0f7b\u0f0b\u0f66\u0f7c\u0f0b\u0f50\u0f7c)","en_WS":"\u0f68\u0f72\u0f44\u0f0b\u0f63\u0f72\u0f64\u0f0b\u0f41 (\u0f66\u0f0b\u0f58\u0f7c\u0f0b\u0f68)","en_AS":"\u0f68\u0f72\u0f44\u0f0b\u0f63\u0f72\u0f64\u0f0b\u0f41 (\u0f66\u0f0b\u0f58\u0f7c\u0f0b\u0f68\u0f0b\u0f61\u0f74\u0f0b\u0f68\u0f7a\u0f66\u0f0b\u0f68\u0f7a\u0f0b\u0f58\u0f44\u0f60\u0f0b\u0f41\u0f7c\u0f44\u0f66)","en_SS":"\u0f68\u0f72\u0f44\u0f0b\u0f63\u0f72\u0f64\u0f0b\u0f41 (\u0f66\u0f71\u0f60\u0f74\u0f50\u0f0b \u0f66\u0f74\u0f0b\u0f4c\u0f71\u0f53)","en_ZA":"\u0f68\u0f72\u0f44\u0f0b\u0f63\u0f72\u0f64\u0f0b\u0f41 (\u0f66\u0f71\u0f60\u0f74\u0f50\u0f0b \u0f68\u0f55\u0f0b\u0f62\u0f72\u0f0b\u0f40)","en_SL":"\u0f68\u0f72\u0f44\u0f0b\u0f63\u0f72\u0f64\u0f0b\u0f41 (\u0f66\u0f72\u0f0b\u0f62\u0f0b \u0f63\u0f72\u0f0b\u0f60\u0f7c\u0f53)","en_SG":"\u0f68\u0f72\u0f44\u0f0b\u0f63\u0f72\u0f64\u0f0b\u0f41 (\u0f66\u0f72\u0f44\u0f0b\u0f42\u0f0b\u0f54\u0f7c\u0f62)","en_SX":"\u0f68\u0f72\u0f44\u0f0b\u0f63\u0f72\u0f64\u0f0b\u0f41 (\u0f66\u0f72\u0f53\u0f4a\u0f0b \u0f58\u0f71\u0f62\u0f0b\u0f4a\u0f7a\u0f53)","en_SD":"\u0f68\u0f72\u0f44\u0f0b\u0f63\u0f72\u0f64\u0f0b\u0f41 (\u0f66\u0f74\u0f0b\u0f4c\u0f71\u0f53)","en_SZ":"\u0f68\u0f72\u0f44\u0f0b\u0f63\u0f72\u0f64\u0f0b\u0f41 (\u0f66\u0f74\u0f0b\u0f5d\u0f0b\u0f5b\u0f72\u0f0b\u0f63\u0f7a\u0f53\u0f4c)","en_SC":"\u0f68\u0f72\u0f44\u0f0b\u0f63\u0f72\u0f64\u0f0b\u0f41 (\u0f66\u0f7a\u0f0b\u0f64\u0f71\u0f63\u0f66)","en_KN":"\u0f68\u0f72\u0f44\u0f0b\u0f63\u0f72\u0f64\u0f0b\u0f41 (\u0f66\u0f7a\u0f53\u0f4a\u0f0b \u0f40\u0f72\u0f4a\u0f66\u0f0b \u0f51\u0f44\u0f0b \u0f53\u0f7a\u0f0b\u0f56\u0f72\u0f66)","en_LC":"\u0f68\u0f72\u0f44\u0f0b\u0f63\u0f72\u0f64\u0f0b\u0f41 (\u0f66\u0f7a\u0f53\u0f4a\u0f0b \u0f63\u0f74\u0f0b\u0f66\u0f72\u0f0b\u0f61)","en_SH":"\u0f68\u0f72\u0f44\u0f0b\u0f63\u0f72\u0f64\u0f0b\u0f41 (\u0f66\u0f7a\u0f53\u0f4a\u0f0b \u0f67\u0f7a\u0f0b\u0f63\u0f72\u0f0b\u0f53)","en_VC":"\u0f68\u0f72\u0f44\u0f0b\u0f63\u0f72\u0f64\u0f0b\u0f41 (\u0f66\u0f7a\u0f53\u0f4a\u0f0b\u0f5d\u0f72\u0f53\u0f0b\u0f66\u0f7a\u0f53\u0f4c\u0f84 \u0f68\u0f7a\u0f53\u0f4c\u0f0b \u0f42\u0f72\u0f0b\u0f62\u0f7a\u0f0b\u0f53\u0f0b\u0f51\u0f72\u0f53\u0f66\u0f84)","en_SB":"\u0f68\u0f72\u0f44\u0f0b\u0f63\u0f72\u0f64\u0f0b\u0f41 (\u0f66\u0f7c\u0f0b\u0f63\u0f7c\u0f0b\u0f58\u0f7c\u0f53\u0f0b \u0f42\u0fb3\u0f72\u0f44\u0f0b\u0f5a\u0f7c\u0f58)","en_HK":"\u0f68\u0f72\u0f44\u0f0b\u0f63\u0f72\u0f64\u0f0b\u0f41 (\u0f67\u0f7c\u0f44\u0f0b\u0f40\u0f7c\u0f44\u0f0b\u0f45\u0f71\u0f60\u0f72\u0f0b\u0f53)","en_IM":"\u0f68\u0f72\u0f44\u0f0b\u0f63\u0f72\u0f64\u0f0b\u0f41 (\u0f68\u0f0b\u0f61\u0f74\u0f63\u0f0b \u0f68\u0f7c\u0f55\u0f0b \u0f58\u0f71\u0f53)","en_AI":"\u0f68\u0f72\u0f44\u0f0b\u0f63\u0f72\u0f64\u0f0b\u0f41 (\u0f68\u0f44\u0f0b\u0f42\u0f72\u0f0b\u0f63)","en_AG":"\u0f68\u0f72\u0f44\u0f0b\u0f63\u0f72\u0f64\u0f0b\u0f41 (\u0f68\u0f53\u0f0b\u0f4a\u0f72\u0f0b\u0f42\u0f74\u0f0b\u0f5d\u0f0b \u0f68\u0f7a\u0f53\u0f4c\u0f0b \u0f56\u0fb7\u0f62\u0f0b\u0f56\u0fb7\u0f74\u0f0b\u0f4c)","en_IE":"\u0f68\u0f72\u0f44\u0f0b\u0f63\u0f72\u0f64\u0f0b\u0f41 (\u0f68\u0f71\u0f0b\u0f61\u0f0b\u0f63\u0f7a\u0f53\u0f4c)","en_AU":"\u0f68\u0f72\u0f44\u0f0b\u0f63\u0f72\u0f64\u0f0b\u0f41 (\u0f68\u0f71\u0f7c\u0f66\u0f0b\u0f4a\u0fb2\u0f7a\u0f63\u0f0b\u0f63\u0f72\u0f0b\u0f61)","en_ER":"\u0f68\u0f72\u0f44\u0f0b\u0f63\u0f72\u0f64\u0f0b\u0f41 (\u0f68\u0f7a\u0f0b\u0f62\u0f72\u0f0b\u0f4a\u0fb2\u0f7a\u0f0b\u0f61)","id":"\u0f68\u0f72\u0f53\u0f0b\u0f4c\u0f7c\u0f0b\u0f53\u0f7a\u0f0b\u0f64\u0f72\u0f0b\u0f61\u0f71\u0f53\u0f0b\u0f41","id_ID":"\u0f68\u0f72\u0f53\u0f0b\u0f4c\u0f7c\u0f0b\u0f53\u0f7a\u0f0b\u0f64\u0f72\u0f0b\u0f61\u0f71\u0f53\u0f0b\u0f41 (\u0f68\u0f72\u0f53\u0f0b\u0f4c\u0f7c\u0f0b\u0f53\u0f7a\u0f0b\u0f64\u0f72\u0f0b\u0f61)","es":"\u0f68\u0f72\u0f66\u0f0b\u0f54\u0f7a\u0f0b\u0f53\u0f72\u0f64\u0f0b\u0f41","es_IC":"\u0f68\u0f72\u0f66\u0f0b\u0f54\u0f7a\u0f0b\u0f53\u0f72\u0f64\u0f0b\u0f41 (\u0f40\u0f0b\u0f53\u0f7a\u0f0b\u0f62\u0f72\u0f0b\u0f42\u0fb3\u0f72\u0f44\u0f0b\u0f5a\u0f7c\u0f58)","es_CU":"\u0f68\u0f72\u0f66\u0f0b\u0f54\u0f7a\u0f0b\u0f53\u0f72\u0f64\u0f0b\u0f41 (\u0f40\u0f72\u0f60\u0f74\u0f0b\u0f56\u0fb7)","es_CO":"\u0f68\u0f72\u0f66\u0f0b\u0f54\u0f7a\u0f0b\u0f53\u0f72\u0f64\u0f0b\u0f41 (\u0f40\u0f7c\u0f0b\u0f63\u0f7c\u0f58\u0f0b\u0f56\u0fb7\u0f72\u0f0b\u0f61)","es_CR":"\u0f68\u0f72\u0f66\u0f0b\u0f54\u0f7a\u0f0b\u0f53\u0f72\u0f64\u0f0b\u0f41 (\u0f40\u0f7c\u0f66\u0f0b\u0f4a\u0f0b\u0f62\u0f72\u0f0b\u0f40)","es_GT":"\u0f68\u0f72\u0f66\u0f0b\u0f54\u0f7a\u0f0b\u0f53\u0f72\u0f64\u0f0b\u0f41 (\u0f42\u0fb7\u0f7c\u0f0b\u0f4a\u0f0b\u0f58\u0f0b\u0f63)","es_CL":"\u0f68\u0f72\u0f66\u0f0b\u0f54\u0f7a\u0f0b\u0f53\u0f72\u0f64\u0f0b\u0f41 (\u0f45\u0f72\u0f0b\u0f63\u0f72)","es_DO":"\u0f68\u0f72\u0f66\u0f0b\u0f54\u0f7a\u0f0b\u0f53\u0f72\u0f64\u0f0b\u0f41 (\u0f4c\u0f7c\u0f0b\u0f58\u0f72\u0f0b\u0f53\u0f72\u0f0b\u0f40\u0f71\u0f53\u0f0b \u0f62\u0f72\u0f0b\u0f54\u0f56\u0f0b\u0f63\u0f72\u0f40)","es_NI":"\u0f68\u0f72\u0f66\u0f0b\u0f54\u0f7a\u0f0b\u0f53\u0f72\u0f64\u0f0b\u0f41 (\u0f53\u0f72\u0f0b\u0f40\u0fb2\u0f0b\u0f5d\u0f0b\u0f42)","es_PA":"\u0f68\u0f72\u0f66\u0f0b\u0f54\u0f7a\u0f0b\u0f53\u0f72\u0f64\u0f0b\u0f41 (\u0f54\u0f0b\u0f53\u0f0b\u0f58)","es_PY":"\u0f68\u0f72\u0f66\u0f0b\u0f54\u0f7a\u0f0b\u0f53\u0f72\u0f64\u0f0b\u0f41 (\u0f54\u0f0b\u0f62\u0f0b\u0f42\u0f74\u0f0b\u0f5d\u0f60\u0f72)","es_PR":"\u0f68\u0f72\u0f66\u0f0b\u0f54\u0f7a\u0f0b\u0f53\u0f72\u0f64\u0f0b\u0f41 (\u0f54\u0f74\u0f0b\u0f60\u0f7a\u0f62\u0f0b\u0f4a\u0f7c\u0f0b\u0f62\u0f72\u0f0b\u0f41\u0f7c)","es_PE":"\u0f68\u0f72\u0f66\u0f0b\u0f54\u0f7a\u0f0b\u0f53\u0f72\u0f64\u0f0b\u0f41 (\u0f54\u0f7a\u0f0b\u0f62\u0f74)","es_PH":"\u0f68\u0f72\u0f66\u0f0b\u0f54\u0f7a\u0f0b\u0f53\u0f72\u0f64\u0f0b\u0f41 (\u0f55\u0f72\u0f0b\u0f63\u0f72\u0f0b\u0f54\u0f72\u0f53\u0f66)","es_BO":"\u0f68\u0f72\u0f66\u0f0b\u0f54\u0f7a\u0f0b\u0f53\u0f72\u0f64\u0f0b\u0f41 (\u0f56\u0fb7\u0f7a\u0f0b\u0f63\u0f72\u0f0b\u0f56\u0f72\u0f0b\u0f61)","es_VE":"\u0f68\u0f72\u0f66\u0f0b\u0f54\u0f7a\u0f0b\u0f53\u0f72\u0f64\u0f0b\u0f41 (\u0f56\u0f7a\u0f0b\u0f53\u0f72\u0f0b\u0f5b\u0f74\u0f0b\u0f5d\u0f7a\u0f0b\u0f63)","es_MX":"\u0f68\u0f72\u0f66\u0f0b\u0f54\u0f7a\u0f0b\u0f53\u0f72\u0f64\u0f0b\u0f41 (\u0f58\u0f7a\u0f40\u0f0b\u0f66\u0f72\u0f0b\u0f40\u0f7c)","es_UY":"\u0f68\u0f72\u0f66\u0f0b\u0f54\u0f7a\u0f0b\u0f53\u0f72\u0f64\u0f0b\u0f41 (\u0f61\u0f74\u0f0b\u0f62\u0f74\u0f0b\u0f42\u0f74\u0f0b\u0f5d\u0f60\u0f72)","es_US":"\u0f68\u0f72\u0f66\u0f0b\u0f54\u0f7a\u0f0b\u0f53\u0f72\u0f64\u0f0b\u0f41 (\u0f61\u0f74\u0f0b\u0f68\u0f7a\u0f66\u0f0b\u0f68\u0f7a)","es_EA":"\u0f68\u0f72\u0f66\u0f0b\u0f54\u0f7a\u0f0b\u0f53\u0f72\u0f64\u0f0b\u0f41 (\u0f66\u0f7a\u0f0b\u0f68\u0f74\u0f0b\u0f4f\u0f0b \u0f68\u0f7a\u0f53\u0f4c\u0f0b \u0f58\u0f7a\u0f63\u0f0b\u0f63\u0f72\u0f0b\u0f63)","es_HN":"\u0f68\u0f72\u0f66\u0f0b\u0f54\u0f7a\u0f0b\u0f53\u0f72\u0f64\u0f0b\u0f41 (\u0f67\u0f71\u0f53\u0f0b\u0f4c\u0f74\u0f0b\u0f62\u0f71\u0f66\u0f84)","es_AR":"\u0f68\u0f72\u0f66\u0f0b\u0f54\u0f7a\u0f0b\u0f53\u0f72\u0f64\u0f0b\u0f41 (\u0f68\u0f62\u0f0b\u0f47\u0f7a\u0f53\u0f0b\u0f4a\u0f72\u0f0b\u0f53)","es_ES":"\u0f68\u0f72\u0f66\u0f0b\u0f54\u0f7a\u0f0b\u0f53\u0f72\u0f64\u0f0b\u0f41 (\u0f68\u0f72\u0f66\u0f0b\u0f54\u0f7a\u0f53)","es_GQ":"\u0f68\u0f72\u0f66\u0f0b\u0f54\u0f7a\u0f0b\u0f53\u0f72\u0f64\u0f0b\u0f41 (\u0f68\u0f7a\u0f0b\u0f40\u0f74\u0f0b\u0f4a\u0f7c\u0f0b\u0f62\u0f7a\u0f63\u0f0b \u0f42\u0f72\u0f0b\u0f53\u0f72)","es_EC":"\u0f68\u0f72\u0f66\u0f0b\u0f54\u0f7a\u0f0b\u0f53\u0f72\u0f64\u0f0b\u0f41 (\u0f68\u0f7a\u0f0b\u0f41\u0fad\u0f0b\u0f4c\u0f7c\u0f62)","es_SV":"\u0f68\u0f72\u0f66\u0f0b\u0f54\u0f7a\u0f0b\u0f53\u0f72\u0f64\u0f0b\u0f41 (\u0f68\u0f7a\u0f63\u0f0b\u0f66\u0f63\u0f0b\u0f56\u0f0b\u0f4c\u0f7c\u0f62)","ru":"\u0f68\u0f74\u0f0b\u0f62\u0f74\u0f0b\u0f66\u0f74\u0f60\u0f72\u0f0b\u0f41","ru_KZ":"\u0f68\u0f74\u0f0b\u0f62\u0f74\u0f0b\u0f66\u0f74\u0f60\u0f72\u0f0b\u0f41 (\u0f40\u0f0b\u0f5b\u0f42\u0f66\u0f0b\u0f66\u0f4f\u0f71\u0f53)","ru_KG":"\u0f68\u0f74\u0f0b\u0f62\u0f74\u0f0b\u0f66\u0f74\u0f60\u0f72\u0f0b\u0f41 (\u0f40\u0f72\u0f62\u0f0b\u0f42\u0f72\u0f66\u0f0b\u0f66\u0f4f\u0f71\u0f53)","ru_BY":"\u0f68\u0f74\u0f0b\u0f62\u0f74\u0f0b\u0f66\u0f74\u0f60\u0f72\u0f0b\u0f41 (\u0f56\u0f7a\u0f63\u0f0b\u0f68\u0f0b\u0f62\u0f74\u0f0b\u0f66\u0f74)","ru_MD":"\u0f68\u0f74\u0f0b\u0f62\u0f74\u0f0b\u0f66\u0f74\u0f60\u0f72\u0f0b\u0f41 (\u0f58\u0f7c\u0f63\u0f0b\u0f51\u0f7c\u0f0b\u0f56\u0f71)","ru_UA":"\u0f68\u0f74\u0f0b\u0f62\u0f74\u0f0b\u0f66\u0f74\u0f60\u0f72\u0f0b\u0f41 (\u0f61\u0f74\u0f0b\u0f40\u0f62\u0f7a\u0f53)","ru_RU":"\u0f68\u0f74\u0f0b\u0f62\u0f74\u0f0b\u0f66\u0f74\u0f60\u0f72\u0f0b\u0f41 (\u0f68\u0f74\u0f0b\u0f62\u0f74\u0f0b\u0f66\u0f74)","ur":"\u0f68\u0f74\u0f62\u0f0b\u0f51\u0f74\u0f0b\u0f41","ur_PK":"\u0f68\u0f74\u0f62\u0f0b\u0f51\u0f74\u0f0b\u0f41 (\u0f54\u0f0b\u0f40\u0f72\u0f0b\u0f66\u0f4f\u0f71\u0f53)","ur_IN":"\u0f68\u0f74\u0f62\u0f0b\u0f51\u0f74\u0f0b\u0f41 (\u0f62\u0f92\u0fb1\u0f0b\u0f42\u0f62)","uz":"\u0f68\u0f74\u0f66\u0f0b\u0f56\u0f7a\u0f40\u0f0b\u0f41","uz_Latn_UZ":"\u0f68\u0f74\u0f66\u0f0b\u0f56\u0f7a\u0f40\u0f0b\u0f41 (\u0f63\u0f7a\u0f0b\u0f4a\u0f72\u0f53\u0f0b\u0f61\u0f72\u0f42\u0f0b\u0f42\u0f74, \u0f68\u0f74\u0f66\u0f0b\u0f56\u0f7a\u0f42\u0f0b\u0f42\u0f72\u0f0b\u0f66\u0f4f\u0f71\u0f53)","uz_Latn":"\u0f68\u0f74\u0f66\u0f0b\u0f56\u0f7a\u0f40\u0f0b\u0f41 (\u0f63\u0f7a\u0f0b\u0f4a\u0f72\u0f53\u0f0b\u0f61\u0f72\u0f42\u0f0b\u0f42\u0f74)","uz_Cyrl_UZ":"\u0f68\u0f74\u0f66\u0f0b\u0f56\u0f7a\u0f40\u0f0b\u0f41 (\u0f66\u0f72\u0f62\u0f72\u0f63\u0f0b\u0f63\u0f72\u0f40\u0f0b\u0f61\u0f72\u0f42\u0f0b\u0f42\u0f74, \u0f68\u0f74\u0f66\u0f0b\u0f56\u0f7a\u0f42\u0f0b\u0f42\u0f72\u0f0b\u0f66\u0f4f\u0f71\u0f53)","uz_Cyrl":"\u0f68\u0f74\u0f66\u0f0b\u0f56\u0f7a\u0f40\u0f0b\u0f41 (\u0f66\u0f72\u0f62\u0f72\u0f63\u0f0b\u0f63\u0f72\u0f40\u0f0b\u0f61\u0f72\u0f42\u0f0b\u0f42\u0f74)","uz_AF":"\u0f68\u0f74\u0f66\u0f0b\u0f56\u0f7a\u0f40\u0f0b\u0f41 (\u0f68\u0f55\u0f0b\u0f42\u0fb7\u0f0b\u0f53\u0f72\u0f0b\u0f66\u0f4f\u0f71\u0f53)","uz_UZ":"\u0f68\u0f74\u0f66\u0f0b\u0f56\u0f7a\u0f40\u0f0b\u0f41 (\u0f68\u0f74\u0f66\u0f0b\u0f56\u0f7a\u0f42\u0f0b\u0f42\u0f72\u0f0b\u0f66\u0f4f\u0f71\u0f53)","uz_Arab_AF":"\u0f68\u0f74\u0f66\u0f0b\u0f56\u0f7a\u0f40\u0f0b\u0f41 (\u0f68\u0f7a\u0f0b\u0f62\u0f0b\u0f56\u0f72\u0f40\u0f0b\u0f61\u0f72\u0f42\u0f0b\u0f42\u0f74, \u0f68\u0f55\u0f0b\u0f42\u0fb7\u0f0b\u0f53\u0f72\u0f0b\u0f66\u0f4f\u0f71\u0f53)","uz_Arab":"\u0f68\u0f74\u0f66\u0f0b\u0f56\u0f7a\u0f40\u0f0b\u0f41 (\u0f68\u0f7a\u0f0b\u0f62\u0f0b\u0f56\u0f72\u0f40\u0f0b\u0f61\u0f72\u0f42\u0f0b\u0f42\u0f74)","ar":"\u0f68\u0f7a\u0f0b\u0f62\u0f0b\u0f56\u0f72\u0f40\u0f0b\u0f41","ar_QA":"\u0f68\u0f7a\u0f0b\u0f62\u0f0b\u0f56\u0f72\u0f40\u0f0b\u0f41 (\u0f40\u0f0b\u0f4a\u0f62)","ar_KW":"\u0f68\u0f7a\u0f0b\u0f62\u0f0b\u0f56\u0f72\u0f40\u0f0b\u0f41 (\u0f40\u0f74\u0f0b\u0f5d\u0f7a\u0f4a)","ar_KM":"\u0f68\u0f7a\u0f0b\u0f62\u0f0b\u0f56\u0f72\u0f40\u0f0b\u0f41 (\u0f40\u0f7c\u0f0b\u0f58\u0f7c\u0f0b\u0f62\u0f7c\u0f66)","ar_TD":"\u0f68\u0f7a\u0f0b\u0f62\u0f0b\u0f56\u0f72\u0f40\u0f0b\u0f41 (\u0f45\u0f71\u0f4c)","ar_DJ":"\u0f68\u0f7a\u0f0b\u0f62\u0f0b\u0f56\u0f72\u0f40\u0f0b\u0f41 (\u0f47\u0f72\u0f0b\u0f56\u0fb7\u0f74\u0f0b\u0f4a\u0f72)","ar_JO":"\u0f68\u0f7a\u0f0b\u0f62\u0f0b\u0f56\u0f72\u0f40\u0f0b\u0f41 (\u0f47\u0f7c\u0f62\u0f0b\u0f4c\u0f53)","ar_TN":"\u0f68\u0f7a\u0f0b\u0f62\u0f0b\u0f56\u0f72\u0f40\u0f0b\u0f41 (\u0f4a\u0f74\u0f0b\u0f53\u0f72\u0f0b\u0f64\u0f72\u0f0b\u0f61)","ar_EH":"\u0f68\u0f7a\u0f0b\u0f62\u0f0b\u0f56\u0f72\u0f40\u0f0b\u0f41 (\u0f53\u0f74\u0f56\u0f0b\u0f55\u0fb1\u0f7c\u0f42\u0f66\u0f0b \u0f66\u0f0b\u0f67\u0f71\u0f0b\u0f62)","ar_PS":"\u0f68\u0f7a\u0f0b\u0f62\u0f0b\u0f56\u0f72\u0f40\u0f0b\u0f41 (\u0f54\u0f7a\u0f0b\u0f63\u0f72\u0f66\u0f72\u0f0b\u0f4a\u0f72\u0f0b\u0f53\u0f72\u0f0b\u0f61\u0f53\u0f0b\u0f4a\u0f7a\u0f0b\u0f62\u0f72\u0f0b\u0f50\u0f7c\u0f0b\u0f62\u0f72)","ar_BH":"\u0f68\u0f7a\u0f0b\u0f62\u0f0b\u0f56\u0f72\u0f40\u0f0b\u0f41 (\u0f56\u0fb7\u0f0b\u0f62\u0f7a\u0f53)","ar_MR":"\u0f68\u0f7a\u0f0b\u0f62\u0f0b\u0f56\u0f72\u0f40\u0f0b\u0f41 (\u0f58\u0f7c\u0f0b\u0f62\u0f72\u0f0b\u0f4a\u0f7a\u0f0b\u0f53\u0f72\u0f0b\u0f61)","ar_MA":"\u0f68\u0f7a\u0f0b\u0f62\u0f0b\u0f56\u0f72\u0f40\u0f0b\u0f41 (\u0f58\u0f7c\u0f0b\u0f62\u0f7c\u0f0b\u0f40\u0f7c)","ar_AE":"\u0f68\u0f7a\u0f0b\u0f62\u0f0b\u0f56\u0f72\u0f40\u0f0b\u0f41 (\u0f61\u0f74\u0f0b\u0f53\u0f71\u0f60\u0f72\u0f0b\u0f4a\u0f7a\u0f4c\u0f0b \u0f68\u0f0b\u0f62\u0f56\u0f0b \u0f68\u0f7a\u0f0b\u0f58\u0f7a\u0f0b\u0f62\u0f7a\u0f4a\u0f66)","ar_YE":"\u0f68\u0f7a\u0f0b\u0f62\u0f0b\u0f56\u0f72\u0f40\u0f0b\u0f41 (\u0f61\u0f7a\u0f0b\u0f58\u0f7a\u0f53)","ar_LY":"\u0f68\u0f7a\u0f0b\u0f62\u0f0b\u0f56\u0f72\u0f40\u0f0b\u0f41 (\u0f63\u0f72\u0f0b\u0f56\u0f72\u0f0b\u0f61)","ar_LB":"\u0f68\u0f7a\u0f0b\u0f62\u0f0b\u0f56\u0f72\u0f40\u0f0b\u0f41 (\u0f63\u0f7a\u0f0b\u0f56\u0f0b\u0f53\u0f7c\u0f53)","ar_SA":"\u0f68\u0f7a\u0f0b\u0f62\u0f0b\u0f56\u0f72\u0f40\u0f0b\u0f41 (\u0f66\u0f71\u0f5d\u0f0b\u0f51\u0f72\u0f0b \u0f68\u0f0b\u0f62\u0f7a\u0f0b\u0f56\u0fb7\u0f72\u0f0b\u0f61)","ar_SS":"\u0f68\u0f7a\u0f0b\u0f62\u0f0b\u0f56\u0f72\u0f40\u0f0b\u0f41 (\u0f66\u0f71\u0f60\u0f74\u0f50\u0f0b \u0f66\u0f74\u0f0b\u0f4c\u0f71\u0f53)","ar_SY":"\u0f68\u0f7a\u0f0b\u0f62\u0f0b\u0f56\u0f72\u0f40\u0f0b\u0f41 (\u0f66\u0f72\u0f0b\u0f62\u0f72\u0f0b\u0f61)","ar_SD":"\u0f68\u0f7a\u0f0b\u0f62\u0f0b\u0f56\u0f72\u0f40\u0f0b\u0f41 (\u0f66\u0f74\u0f0b\u0f4c\u0f71\u0f53)","ar_SO":"\u0f68\u0f7a\u0f0b\u0f62\u0f0b\u0f56\u0f72\u0f40\u0f0b\u0f41 (\u0f66\u0f7c\u0f0b\u0f58\u0f0b\u0f63\u0f72\u0f0b\u0f61)","ar_DZ":"\u0f68\u0f7a\u0f0b\u0f62\u0f0b\u0f56\u0f72\u0f40\u0f0b\u0f41 (\u0f68\u0f71\u0f63\u0f0b\u0f47\u0f72\u0f0b\u0f62\u0f72\u0f0b\u0f61)","ar_EG":"\u0f68\u0f7a\u0f0b\u0f62\u0f0b\u0f56\u0f72\u0f40\u0f0b\u0f41 (\u0f68\u0f72\u0f0b\u0f47\u0f72\u0f56\u0f4a)","ar_IQ":"\u0f68\u0f7a\u0f0b\u0f62\u0f0b\u0f56\u0f72\u0f40\u0f0b\u0f41 (\u0f68\u0f72\u0f0b\u0f62\u0f71\u0f40)","ar_IL":"\u0f68\u0f7a\u0f0b\u0f62\u0f0b\u0f56\u0f72\u0f40\u0f0b\u0f41 (\u0f68\u0f72\u0f66\u0f0b\u0f62\u0f0b\u0f61\u0f7a\u0f63)","ar_ER":"\u0f68\u0f7a\u0f0b\u0f62\u0f0b\u0f56\u0f72\u0f40\u0f0b\u0f41 (\u0f68\u0f7a\u0f0b\u0f62\u0f72\u0f0b\u0f4a\u0fb2\u0f7a\u0f0b\u0f61)","ar_OM":"\u0f68\u0f7a\u0f0b\u0f62\u0f0b\u0f56\u0f72\u0f40\u0f0b\u0f41 (\u0f68\u0f7c\u0f0b\u0f58\u0f71\u0f53)","et":"\u0f68\u0f7a\u0f66\u0f0b\u0f4a\u0f7c\u0f0b\u0f53\u0f72\u0f0b\u0f61\u0f71\u0f53\u0f0b\u0f41","et_EE":"\u0f68\u0f7a\u0f66\u0f0b\u0f4a\u0f7c\u0f0b\u0f53\u0f72\u0f0b\u0f61\u0f71\u0f53\u0f0b\u0f41 (\u0f68\u0f7a\u0f66\u0f0b\u0f4a\u0f7c\u0f0b\u0f53\u0f72\u0f0b\u0f61)","eo":"\u0f68\u0f7a\u0f66\u0f0b\u0f54\u0f0b\u0f62\u0f71\u0f53\u0f0b\u0f4f\u0f7c\u0f0b\u0f41","or":"\u0f68\u0f7c\u0f0b\u0f62\u0f72\u0f0b\u0f61\u0f0b\u0f41","or_IN":"\u0f68\u0f7c\u0f0b\u0f62\u0f72\u0f0b\u0f61\u0f0b\u0f41 (\u0f62\u0f92\u0fb1\u0f0b\u0f42\u0f62)"}