{"af":"afrikaangbe","af_ZA":"afrikaangbe (Anyiehe Afrika nutome)","af_NA":"afrikaangbe (Namibia nutome)","sq":"albaniagbe","sq_AL":"albaniagbe (Albania nutome)","sq_MK":"albaniagbe (Makedonia nutome)","sq_XK":"Albanian (Kosovo)","am":"amhariagbe","am_ET":"amhariagbe (Etiopia nutome)","ar":"arabiagbe","ar_DZ":"arabiagbe (Algeria nutome)","ar_BH":"arabiagbe (Bahrain nutome)","ar_DJ":"arabiagbe (Dzibuti nutome)","ar_EG":"arabiagbe (Egypte nutome)","ar_ER":"arabiagbe (Eritrea nutome)","ar_EH":"arabiagbe (\u0194eto\u0256o\u0192e Sahara nutome)","ar_IQ":"arabiagbe (iraqduk\u0254)","ar_IL":"arabiagbe (Israel nutome)","ar_QA":"arabiagbe (Katar nutome)","ar_KM":"arabiagbe (Komoros nutome)","ar_KW":"arabiagbe (Kuwait nutome)","ar_LB":"arabiagbe (Leban\u0254n nutome)","ar_LY":"arabiagbe (Libya nutome)","ar_MR":"arabiagbe (Mauritania nutome)","ar_MA":"arabiagbe (Moroko nutome)","ar_OM":"arabiagbe (Oman nutome)","ar_PS":"arabiagbe (Palestinia nutome)","ar_SA":"arabiagbe (Saudi Arabia nutome)","ar_SY":"arabiagbe (Siria nutome)","ar_SO":"arabiagbe (Somalia nutome)","ar_SD":"arabiagbe (Sudan nutome)","ar_TN":"arabiagbe (Tunisia nutome)","ar_TD":"arabiagbe (Tsad nutome)","ar_AE":"arabiagbe (United Arab Emirates nutome)","ar_YE":"arabiagbe (Yemen nutome)","ar_JO":"arabiagbe (Yordan nutome)","ar_SS":"Arabic (South Sudan)","hy":"armeniagbe","hy_AM":"armeniagbe (Armenia nutome)","as":"assamegbe","as_IN":"assamegbe (India nutome)","az":"azerbaijangbe","az_AZ":"azerbaijangbe (Azerbaijan nutome)","az_Latn_AZ":"azerbaijangbe (latingbe\u014b\u0254\u014bl\u0254, Azerbaijan nutome)","az_Latn":"azerbaijangbe (latingbe\u014b\u0254\u014bl\u0254)","az_Cyrl_AZ":"azerbaijangbe (syrilliagbe\u014b\u0254\u014bl\u0254, Azerbaijan nutome)","az_Cyrl":"azerbaijangbe (syrilliagbe\u014b\u0254\u014bl\u0254)","bm":"bambaragbe","bm_Latn_ML":"bambaragbe (latingbe\u014b\u0254\u014bl\u0254, Mali nutome)","bm_Latn":"bambaragbe (latingbe\u014b\u0254\u014bl\u0254)","eu":"basqugbe","eu_ES":"basqugbe (Spania nutome)","be":"belarusiagbe","be_BY":"belarusiagbe (Belarus nutome)","bn":"bengalgbe","bn_BD":"bengalgbe (Bangladesh nutome)","bn_IN":"bengalgbe (India nutome)","ak":"blugbe","ak_GH":"blugbe (Ghana nutome)","bs":"bosniagbe","bs_BA":"bosniagbe (Bosnia kple Herzergovina nutome)","bs_Latn_BA":"bosniagbe (latingbe\u014b\u0254\u014bl\u0254, Bosnia kple Herzergovina nutome)","bs_Latn":"bosniagbe (latingbe\u014b\u0254\u014bl\u0254)","bs_Cyrl_BA":"bosniagbe (syrilliagbe\u014b\u0254\u014bl\u0254, Bosnia kple Herzergovina nutome)","bs_Cyrl":"bosniagbe (syrilliagbe\u014b\u0254\u014bl\u0254)","br":"bretongbe","br_FR":"bretongbe (Frans nutome)","bg":"bulgariagbe","bg_BG":"bulgariagbe (Bulgaria nutome)","my":"burmagbe","my_MM":"burmagbe (Myanmar (Burma) nutome)","kw":"Cornish","kw_GB":"Cornish (United Kingdom)","da":"denmarkgbe","da_DK":"denmarkgbe (Denmark nutome)","da_GL":"denmarkgbe (Grinland nutome)","nl_BQ":"Dutch (Caribbean Netherlands)","nl_CW":"Dutch (Cura\u00e7ao)","nl_SX":"Dutch (Sint Maarten)","ja":"dzapangbe","ja_JP":"dzapangbe (Dzapan nutome)","nd":"dziehe ndebelegbe","nd_ZW":"dziehe ndebelegbe (Zimbabwe nutome)","se":"dziehe samigbe","se_FI":"dziehe samigbe (Finland nutome)","se_NO":"dziehe samigbe (Norway nutome)","se_SE":"dziehe samigbe (Sweden nutome)","dz":"dzongkhagbe","dz_BT":"dzongkhagbe (Bhutan nutome)","en_SX":"English (Sint Maarten)","en_SS":"English (South Sudan)","eo":"esperantogbe","et":"estoniagbe","et_EE":"estoniagbe (Estonia nutome)","ee":"e\u028begbe","ee_GH":"e\u028begbe (Ghana nutome)","ee_TG":"e\u028begbe (Togo nutome)","fo":"Faroese","fo_FO":"Faroese (Faroe Islands)","fi":"finlan\u0256gbe","fi_FI":"finlan\u0256gbe (Finland nutome)","fr":"fransegbe","fr_DZ":"fransegbe (Algeria nutome)","fr_BE":"fransegbe (Belgium nutome)","fr_BJ":"fransegbe (Benin nutome)","fr_BF":"fransegbe (Burkina Faso nutome)","fr_BI":"fransegbe (Burundi nutome)","fr_DJ":"fransegbe (Dzibuti nutome)","fr_GQ":"fransegbe (Ekuatorial Guini nutome)","fr_FR":"fransegbe (Frans nutome)","fr_GF":"fransegbe (Frentsi Gayana nutome)","fr_PF":"fransegbe (Frentsi P\u0254linesia nutome)","fr_GA":"fransegbe (Gab\u0254n nutome)","fr_GP":"fransegbe (Guadelupe nutome)","fr_GN":"fransegbe (Guini nutome)","fr_HT":"fransegbe (Haiti nutome)","fr_CM":"fransegbe (Kamerun nutome)","fr_CA":"fransegbe (Kanada nutome)","fr_KM":"fransegbe (Komoros nutome)","fr_CG":"fransegbe (Kongo Brazzaville nutome)","fr_CD":"fransegbe (Kongo Kinshasa nutome)","fr_CI":"fransegbe (Kote d\u2019Ivoire nutome)","fr_LU":"fransegbe (Lazemb\u0254g nutome)","fr_MG":"fransegbe (Madagaska nutome)","fr_ML":"fransegbe (Mali nutome)","fr_MQ":"fransegbe (Martiniki nutome)","fr_MR":"fransegbe (Mauritania nutome)","fr_MU":"fransegbe (mauritiusduk\u0254)","fr_YT":"fransegbe (Mayotte nutome)","fr_MC":"fransegbe (Monako nutome)","fr_MA":"fransegbe (Moroko nutome)","fr_NC":"fransegbe (New Kaledonia nutome)","fr_NE":"fransegbe (Niger nutome)","fr_RE":"fransegbe (R\u00e9union nutome)","fr_RW":"fransegbe (Rwanda nutome)","fr_BL":"fransegbe (Saint Barth\u00e9lemy nutome)","fr_MF":"fransegbe (Saint Martin nutome)","fr_PM":"fransegbe (Saint Pierre kple Mikel\u0254n nutome)","fr_SN":"fransegbe (Senegal nutome)","fr_SC":"fransegbe (Sesh\u025bls nutome)","fr_SY":"fransegbe (Siria nutome)","fr_CH":"fransegbe (Switzerland nutome)","fr_CF":"fransegbe (Titina Afrika rep\u0254blik nutome)","fr_TG":"fransegbe (Togo nutome)","fr_TN":"fransegbe (Tunisia nutome)","fr_TD":"fransegbe (Tsad nutome)","fr_VU":"fransegbe (Vanuatu nutome)","fr_WF":"fransegbe (Wallis kple Futuna nutome)","ff":"Fulah","ff_CM":"Fulah (Cameroon)","ff_GN":"Fulah (Guinea)","ff_MR":"Fulah (Mauritania)","ff_SN":"Fulah (Senegal)","gl":"galatagbe","gl_ES":"galatagbe (Spania nutome)","lg":"Ganda","lg_UG":"Ganda (Uganda)","de":"germaniagbe","de_AT":"germaniagbe (Austria nutome)","de_BE":"germaniagbe (Belgium nutome)","de_DE":"germaniagbe (Germania nutome)","de_LU":"germaniagbe (Lazemb\u0254g nutome)","de_LI":"germaniagbe (Litsenstein nutome)","de_CH":"germaniagbe (Switzerland nutome)","ka":"g\u0254giagbe","ka_GE":"g\u0254giagbe (Georgia nutome)","el":"grisigbe","el_GR":"grisigbe (Grisi nutome)","el_CY":"grisigbe (Saiprus nutome)","gu":"gujarati","gu_IN":"gujarati (India nutome)","ha":"hausagbe","ha_GH":"hausagbe (Ghana nutome)","ha_Latn_GH":"hausagbe (latingbe\u014b\u0254\u014bl\u0254, Ghana nutome)","ha_Latn_NE":"hausagbe (latingbe\u014b\u0254\u014bl\u0254, Niger nutome)","ha_Latn_NG":"hausagbe (latingbe\u014b\u0254\u014bl\u0254, Nigeria nutome)","ha_Latn":"hausagbe (latingbe\u014b\u0254\u014bl\u0254)","ha_NE":"hausagbe (Niger nutome)","ha_NG":"hausagbe (Nigeria nutome)","he":"hebrigbe","he_IL":"hebrigbe (Israel nutome)","hi":"hindigbe","hi_IN":"hindigbe (India nutome)","nl":"h\u0254landgbe","nl_AW":"h\u0254landgbe (Aruba nutome)","nl_BE":"h\u0254landgbe (Belgium nutome)","nl_NL":"h\u0254landgbe (Nedalands nutome)","nl_SR":"h\u0254landgbe (Suriname nutome)","hu":"hungarigbe","hu_HU":"hungarigbe (Hungari nutome)","is":"icelan\u0256gbe","is_IS":"icelan\u0256gbe (Aiseland nutome)","ig":"igbogbe","ig_NG":"igbogbe (Nigeria nutome)","id":"indonesiagbe","id_ID":"indonesiagbe (Indonesia nutome)","ga":"irelan\u0256gbe","ga_IE":"irelan\u0256gbe (Ireland nutome)","it":"italiagbe","it_IT":"italiagbe (Italia nutome)","it_SM":"italiagbe (San Marino nutome)","it_CH":"italiagbe (Switzerland nutome)","kl":"Kalaallisut","kl_GL":"Kalaallisut (Greenland)","kn":"kannadagbe","kn_IN":"kannadagbe (India nutome)","ks":"kashmirgbe","ks_Arab_IN":"kashmirgbe (arabiagbe\u014b\u0254\u014bl\u0254, India nutome)","ks_Arab":"kashmirgbe (arabiagbe\u014b\u0254\u014bl\u0254)","ks_IN":"kashmirgbe (India nutome)","ca":"katalagbe","ca_AD":"katalagbe (Andorra nutome)","ca_FR":"katalagbe (Frans nutome)","ca_IT":"katalagbe (Italia nutome)","ca_ES":"katalagbe (Spania nutome)","kk":"kazakhstangbe","kk_KZ":"kazakhstangbe (Kazakstan nutome)","kk_Cyrl_KZ":"kazakhstangbe (syrilliagbe\u014b\u0254\u014bl\u0254, Kazakstan nutome)","kk_Cyrl":"kazakhstangbe (syrilliagbe\u014b\u0254\u014bl\u0254)","km":"khmergbe","km_KH":"khmergbe (Kambodia nutome)","ki":"Kikuyu","ki_KE":"Kikuyu (Kenya)","zh":"kinagbe","zh_Hant_HK":"kinagbe (blema tsainagbe\u014b\u0254\u014bl\u0254, H\u0254ng K\u0254ng SAR Tsaina nutome)","zh_Hant_MO":"kinagbe (blema tsainagbe\u014b\u0254\u014bl\u0254, Macau SAR Tsaina nutome)","zh_Hant_TW":"kinagbe (blema tsainagbe\u014b\u0254\u014bl\u0254, Taiwan nutome)","zh_Hant":"kinagbe (blema tsainagbe\u014b\u0254\u014bl\u0254)","zh_HK":"kinagbe (H\u0254ng K\u0254ng SAR Tsaina nutome)","zh_MO":"kinagbe (Macau SAR Tsaina nutome)","zh_SG":"kinagbe (Singap\u0254r nutome)","zh_TW":"kinagbe (Taiwan nutome)","zh_CN":"kinagbe (Tsaina nutome)","zh_Hans_HK":"kinagbe (tsainagbe\u014b\u0254\u014bl\u0254, H\u0254ng K\u0254ng SAR Tsaina nutome)","zh_Hans_MO":"kinagbe (tsainagbe\u014b\u0254\u014bl\u0254, Macau SAR Tsaina nutome)","zh_Hans_SG":"kinagbe (tsainagbe\u014b\u0254\u014bl\u0254, Singap\u0254r nutome)","zh_Hans_CN":"kinagbe (tsainagbe\u014b\u0254\u014bl\u0254, Tsaina nutome)","zh_Hans":"kinagbe (tsainagbe\u014b\u0254\u014bl\u0254)","ky":"kirghistangbe","ky_KG":"kirghistangbe (Kirgizstan nutome)","ky_Cyrl_KG":"kirghistangbe (syrilliagbe\u014b\u0254\u014bl\u0254, Kirgizstan nutome)","ky_Cyrl":"kirghistangbe (syrilliagbe\u014b\u0254\u014bl\u0254)","ko":"koreagbe","ko_KR":"koreagbe (Anyiehe Korea nutome)","ko_KP":"koreagbe (Dziehe Korea nutome)","hr":"kroatiagbe","hr_BA":"kroatiagbe (Bosnia kple Herzergovina nutome)","hr_HR":"kroatiagbe (Kroatsia nutome)","qu":"kwetsuagbe","qu_BO":"kwetsuagbe (Bolivia nutome)","qu_EC":"kwetsuagbe (Ekuad\u0254 nutome)","qu_PE":"kwetsuagbe (Peru nutome)","lb":"laksemb\u0254ggbe","lb_LU":"laksemb\u0254ggbe (Lazemb\u0254g nutome)","lo":"laogbe","lo_LA":"laogbe (Laos nutome)","lv":"latviagbe","lv_LV":"latviagbe (Latvia nutome)","ln":"lingala","ln_AO":"lingala (Angola nutome)","ln_CG":"lingala (Kongo Brazzaville nutome)","ln_CD":"lingala (Kongo Kinshasa nutome)","ln_CF":"lingala (Titina Afrika rep\u0254blik nutome)","lt":"lithuaniagbe","lt_LT":"lithuaniagbe (Lituania nutome)","lu":"Luba-Katanga","lu_CD":"Luba-Katanga (Congo - Kinshasa)","mk":"makedoniagbe","mk_MK":"makedoniagbe (Makedonia nutome)","mg":"malagasegbe","mg_MG":"malagasegbe (Madagaska nutome)","ml":"malayagbe","ml_IN":"malayagbe (India nutome)","ms":"malaygbe","ms_BN":"malaygbe (Brunei nutome)","ms_Latn_BN":"malaygbe (latingbe\u014b\u0254\u014bl\u0254, Brunei nutome)","ms_Latn_MY":"malaygbe (latingbe\u014b\u0254\u014bl\u0254, Malaysia nutome)","ms_Latn_SG":"malaygbe (latingbe\u014b\u0254\u014bl\u0254, Singap\u0254r nutome)","ms_Latn":"malaygbe (latingbe\u014b\u0254\u014bl\u0254)","ms_MY":"malaygbe (Malaysia nutome)","ms_SG":"malaygbe (Singap\u0254r nutome)","mt":"maltagbe","mt_MT":"maltagbe (Malta nutome)","gv":"Manx","gv_IM":"Manx (Isle of Man)","mr":"marathiagbe","mr_IN":"marathiagbe (India nutome)","mn":"mongoliagbe","mn_MN":"mongoliagbe (Mongolia nutome)","mn_Cyrl_MN":"mongoliagbe (syrilliagbe\u014b\u0254\u014bl\u0254, Mongolia nutome)","mn_Cyrl":"mongoliagbe (syrilliagbe\u014b\u0254\u014bl\u0254)","ne":"nepalgbe","ne_IN":"nepalgbe (India nutome)","ne_NP":"nepalgbe (Nepal nutome)","no":"n\u0254weigbe","no_NO":"n\u0254weigbe (Norway nutome)","nb":"n\u0254weigbe bokm\u00e5l","nb_NO":"n\u0254weigbe bokm\u00e5l (Norway nutome)","nb_SJ":"n\u0254weigbe bokm\u00e5l (Svalbard kple Yan Mayen nutome)","nn":"n\u0254weigbe nin\u0254sk","nn_NO":"n\u0254weigbe nin\u0254sk (Norway nutome)","or":"oriyagbe","or_IN":"oriyagbe (India nutome)","om":"Oromo","om_ET":"Oromo (Ethiopia)","om_KE":"Oromo (Kenya)","os":"ossetiagbe","os_GE":"ossetiagbe (Georgia nutome)","os_RU":"ossetiagbe (Russia nutome)","ps":"pashtogbe","ps_AF":"pashtogbe (Afghanistan nutome)","fa":"persiagbe","fa_AF":"persiagbe (Afghanistan nutome)","fa_IR":"persiagbe (Iran nutome)","pl":"polandgbe","pl_PL":"polandgbe (Poland nutome)","pt":"p\u0254tugalgbe","pt_AO":"p\u0254tugalgbe (Angola nutome)","pt_BR":"p\u0254tugalgbe (Brazil nutome)","pt_GW":"p\u0254tugalgbe (Gini-Bisao nutome)","pt_CV":"p\u0254tugalgbe (Kape Verde nutome)","pt_MO":"p\u0254tugalgbe (Macau SAR Tsaina nutome)","pt_MZ":"p\u0254tugalgbe (Mozambiki nutome)","pt_PT":"p\u0254tugalgbe (Portugal nutome)","pt_ST":"p\u0254tugalgbe (S\u00e3o Tom\u00e9 kple Pr\u00edncipe nutome)","pt_TL":"p\u0254tugalgbe (Timor-Leste nutome)","pa":"pundzabgbe","pa_Arab_PK":"pundzabgbe (arabiagbe\u014b\u0254\u014bl\u0254, Pakistan nutome)","pa_Arab":"pundzabgbe (arabiagbe\u014b\u0254\u014bl\u0254)","pa_Guru_IN":"pundzabgbe (gurmukhigbe\u014b\u0254\u014bl\u0254, India nutome)","pa_Guru":"pundzabgbe (gurmukhigbe\u014b\u0254\u014bl\u0254)","pa_IN":"pundzabgbe (India nutome)","pa_PK":"pundzabgbe (Pakistan nutome)","ro":"romaniagbe","ro_MD":"romaniagbe (Moldova nutome)","ro_RO":"romaniagbe (Romania nutome)","rm":"romanshgbe","rm_CH":"romanshgbe (Switzerland nutome)","ru":"r\u0254tsiagbe","ru_BY":"r\u0254tsiagbe (Belarus nutome)","ru_KZ":"r\u0254tsiagbe (Kazakstan nutome)","ru_KG":"r\u0254tsiagbe (Kirgizstan nutome)","ru_MD":"r\u0254tsiagbe (Moldova nutome)","ru_RU":"r\u0254tsiagbe (Russia nutome)","ru_UA":"r\u0254tsiagbe (Ukraine nutome)","rn":"rundigbe","rn_BI":"rundigbe (Burundi nutome)","rw":"ruwandagbe","rw_RW":"ruwandagbe (Rwanda nutome)","sg":"sangogbe","sg_CF":"sangogbe (Titina Afrika rep\u0254blik nutome)","gd":"Scottish Gaelic","gd_GB":"Scottish Gaelic (United Kingdom)","sr":"serbiagbe","sr_BA":"serbiagbe (Bosnia kple Herzergovina nutome)","sr_Latn_BA":"serbiagbe (latingbe\u014b\u0254\u014bl\u0254, Bosnia kple Herzergovina nutome)","sr_Latn_ME":"serbiagbe (latingbe\u014b\u0254\u014bl\u0254, Montenegro nutome)","sr_Latn":"serbiagbe (latingbe\u014b\u0254\u014bl\u0254)","sr_ME":"serbiagbe (Montenegro nutome)","sr_Cyrl_BA":"serbiagbe (syrilliagbe\u014b\u0254\u014bl\u0254, Bosnia kple Herzergovina nutome)","sr_Cyrl_ME":"serbiagbe (syrilliagbe\u014b\u0254\u014bl\u0254, Montenegro nutome)","sr_Cyrl":"serbiagbe (syrilliagbe\u014b\u0254\u014bl\u0254)","sr_Cyrl_XK":"Serbian (Cyrillic, Kosovo)","sr_Cyrl_RS":"Serbian (Cyrillic, Serbia)","sr_XK":"Serbian (Kosovo)","sr_Latn_XK":"Serbian (Latin, Kosovo)","sr_Latn_RS":"Serbian (Latin, Serbia)","sr_RS":"Serbian (Serbia)","sh":"serbo-croatiagbe","sh_BA":"serbo-croatiagbe (Bosnia kple Herzergovina nutome)","sn":"shonagbe","sn_ZW":"shonagbe (Zimbabwe nutome)","ii":"Sichuan Yi","ii_CN":"Sichuan Yi (China)","si":"sinhalgbe","si_LK":"sinhalgbe (Sri Lanka nutome)","sk":"slovakiagbe","sk_SK":"slovakiagbe (Slovakia nutome)","sl":"sloveniagbe","sl_SI":"sloveniagbe (Slovenia nutome)","so":"somaliagbe","so_DJ":"somaliagbe (Dzibuti nutome)","so_ET":"somaliagbe (Etiopia nutome)","so_KE":"somaliagbe (Kenya nutome)","so_SO":"somaliagbe (Somalia nutome)","es":"spaniagbe","es_AR":"spaniagbe (Argentina nutome)","es_BO":"spaniagbe (Bolivia nutome)","es_DO":"spaniagbe (Dominika rep\u0254blik nutome)","es_EC":"spaniagbe (Ekuad\u0254 nutome)","es_GQ":"spaniagbe (Ekuatorial Guini nutome)","es_SV":"spaniagbe (El Salvad\u0254 nutome)","es_PH":"spaniagbe (Filipini nutome)","es_GT":"spaniagbe (Guatemala nutome)","es_HN":"spaniagbe (Hondurasdu)","es_IC":"spaniagbe (Kanari \u0192udomekpowo nutome)","es_EA":"spaniagbe (Keuta and Melilla nutome)","es_CO":"spaniagbe (Kolombia nutome)","es_CR":"spaniagbe (Kosta Rika nutome)","es_CU":"spaniagbe (Kuba nutome)","es_MX":"spaniagbe (Meksico nutome)","es_NI":"spaniagbe (Nicaraguaduk\u0254)","es_PA":"spaniagbe (Panama nutome)","es_PY":"spaniagbe (Paragua nutome)","es_PE":"spaniagbe (Peru nutome)","es_PR":"spaniagbe (Puerto Riko nutome)","es_ES":"spaniagbe (Spania nutome)","es_CL":"spaniagbe (Tsile nutome)","es_UY":"spaniagbe (uruguayduk\u0254)","es_US":"spaniagbe (USA nutome)","es_VE":"spaniagbe (Venezuela nutome)","sw":"swahili","sw_KE":"swahili (Kenya nutome)","sw_TZ":"swahili (Tanzania nutome)","sw_UG":"swahili (Uganda nutome)","sv":"swedengbe","sv_AX":"swedengbe (\u00c5land \u0192udomekpo nutome)","sv_FI":"swedengbe (Finland nutome)","sv_SE":"swedengbe (Sweden nutome)","tl":"tagalogbe","tl_PH":"tagalogbe (Filipini nutome)","th":"tailandgbe","th_TH":"tailandgbe (Tailand nutome)","ta":"tamilgbe","ta_IN":"tamilgbe (India nutome)","ta_MY":"tamilgbe (Malaysia nutome)","ta_SG":"tamilgbe (Singap\u0254r nutome)","ta_LK":"tamilgbe (Sri Lanka nutome)","te":"telegugbe","te_IN":"telegugbe (India nutome)","tr":"t\u025bkigbe","tr_CY":"t\u025bkigbe (Saiprus nutome)","tr_TR":"t\u025bkigbe (T\u025bki nutome)","bo":"tibetagbe","bo_IN":"tibetagbe (India nutome)","bo_CN":"tibetagbe (Tsaina nutome)","ti":"tigrinyagbe","ti_ER":"tigrinyagbe (Eritrea nutome)","ti_ET":"tigrinyagbe (Etiopia nutome)","to":"tongagbe","to_TO":"tongagbe (Tonga nutome)","cs":"ts\u025bkgbe","cs_CZ":"ts\u025bkgbe (Ts\u025bk rep\u0254blik nutome)","ug":"uighurgbe","ug_Arab_CN":"uighurgbe (arabiagbe\u014b\u0254\u014bl\u0254, Tsaina nutome)","ug_Arab":"uighurgbe (arabiagbe\u014b\u0254\u014bl\u0254)","ug_CN":"uighurgbe (Tsaina nutome)","uk":"ukraingbe","uk_UA":"ukraingbe (Ukraine nutome)","ur":"urdugbe","ur_IN":"urdugbe (India nutome)","ur_PK":"urdugbe (Pakistan nutome)","uz":"uzbekistangbe","uz_AF":"uzbekistangbe (Afghanistan nutome)","uz_Arab_AF":"uzbekistangbe (arabiagbe\u014b\u0254\u014bl\u0254, Afghanistan nutome)","uz_Arab":"uzbekistangbe (arabiagbe\u014b\u0254\u014bl\u0254)","uz_Latn_UZ":"uzbekistangbe (latingbe\u014b\u0254\u014bl\u0254, Uzbekistan nutome)","uz_Latn":"uzbekistangbe (latingbe\u014b\u0254\u014bl\u0254)","uz_Cyrl_UZ":"uzbekistangbe (syrilliagbe\u014b\u0254\u014bl\u0254, Uzbekistan nutome)","uz_Cyrl":"uzbekistangbe (syrilliagbe\u014b\u0254\u014bl\u0254)","uz_UZ":"uzbekistangbe (Uzbekistan nutome)","vi":"vietnamgbe","vi_VN":"vietnamgbe (Vietnam nutome)","cy":"walesgbe","cy_GB":"walesgbe (United Kingdom nutome)","fy":"Western Frisian","fy_NL":"Western Frisian (Netherlands)","en":"yevugbe","en_IM":"yevugbe (Aisle of Man nutome)","en_AS":"yevugbe (Amerika Samoa nutome)","en_AI":"yevugbe (Anguilla nutome)","en_AG":"yevugbe (\u0301Antigua kple Barbuda nutome)","en_ZA":"yevugbe (Anyiehe Afrika nutome)","en_AU":"yevugbe (Australia nutome)","en_BS":"yevugbe (Bahamas nutome)","en_BB":"yevugbe (Barbados nutome)","en_BE":"yevugbe (Belgium nutome)","en_BZ":"yevugbe (Belize nutome)","en_BM":"yevugbe (Bermuda nutome)","en_BW":"yevugbe (Botswana nutome)","en_IO":"yevugbe (Britaint\u0254wo \u0192e india \u0192udome nutome)","en_VG":"yevugbe (Britaint\u0254wo \u0192e Virgin \u0192udomekpowo nutome)","en_DG":"yevugbe (Diego Garsia nutome)","en_DM":"yevugbe (Dominika nutome)","en_JM":"yevugbe (Dzamaika nutome)","en_JE":"yevugbe (Dz\u025bse nutome)","en_MP":"yevugbe (Dziehe Marina \u0192udomekpowo nutome)","en_ER":"yevugbe (Eritrea nutome)","en_FK":"yevugbe (Falkland \u0192udomekpowo nutome)","en_FJ":"yevugbe (Fidzi nutome)","en_PH":"yevugbe (Filipini nutome)","en_GM":"yevugbe (Gambia nutome)","en_GH":"yevugbe (Ghana nutome)","en_GI":"yevugbe (Gibraltar nutome)","en_GD":"yevugbe (Grenada nutome)","en_GU":"yevugbe (Guam nutome)","en_GG":"yevugbe (Guernse nutome)","en_GY":"yevugbe (Guyanadu)","en_HK":"yevugbe (H\u0254ng K\u0254ng SAR Tsaina nutome)","en_IN":"yevugbe (India nutome)","en_IE":"yevugbe (Ireland nutome)","en_CM":"yevugbe (Kamerun nutome)","en_CA":"yevugbe (Kanada nutome)","en_KY":"yevugbe (Kayman \u0192udomekpowo nutome)","en_KE":"yevugbe (Kenya nutome)","en_KI":"yevugbe (Kiribati nutome)","en_CC":"yevugbe (Kokos (Kiling) fudomekpo nutome)","en_CK":"yevugbe (Kook \u0192udomekpo nutome)","en_CX":"yevugbe (Kristmas \u0192udomekpo nutome)","en_LS":"yevugbe (L\u025bsoto nutome)","en_LR":"yevugbe (Liberia nutome)","en_MO":"yevugbe (Macau SAR Tsaina nutome)","en_MG":"yevugbe (Madagaska nutome)","en_MW":"yevugbe (Malawi nutome)","en_MY":"yevugbe (Malaysia nutome)","en_MT":"yevugbe (Malta nutome)","en_MH":"yevugbe (Marshal \u0192udomekpowo nutome)","en_MU":"yevugbe (mauritiusduk\u0254)","en_FM":"yevugbe (Mikronesia nutome)","en_MS":"yevugbe (Montserrat nutome)","en_NA":"yevugbe (Namibia nutome)","en_NR":"yevugbe (Nauru nutome)","en_NZ":"yevugbe (New Zealand nutome)","en_NG":"yevugbe (Nigeria nutome)","en_NU":"yevugbe (Niue nutome)","en_NF":"yevugbe (Norfolk \u0192udomekpo nutome)","en_PK":"yevugbe (Pakistan nutome)","en_PW":"yevugbe (Palau nutome)","en_PG":"yevugbe (Papua New Gini nutome)","en_PN":"yevugbe (Pitkairn \u0192udomekpo nutome)","en_PR":"yevugbe (Puerto Riko nutome)","en_RW":"yevugbe (Rwanda nutome)","en_SH":"yevugbe (Saint Helena nutome)","en_KN":"yevugbe (Saint Kitis kple Nevis nutome)","en_LC":"yevugbe (Saint Lusia nutome)","en_VC":"yevugbe (Saint Vincent kple Grenadine nutome)","en_WS":"yevugbe (Samoa nutome)","en_SC":"yevugbe (Sesh\u025bls nutome)","en_SL":"yevugbe (Sierra Leone nutome)","en_SG":"yevugbe (Singap\u0254r nutome)","en_SB":"yevugbe (Solomon \u0192udomekpowo nutome)","en_SD":"yevugbe (Sudan nutome)","en_SZ":"yevugbe (Swaziland nutome)","en_TZ":"yevugbe (Tanzania nutome)","en_TC":"yevugbe (T\u025bks kple Kaikos \u0192udomekpowo nutome)","en_TK":"yevugbe (Tokelau nutome)","en_TO":"yevugbe (Tonga nutome)","en_TT":"yevugbe (Trinidad kple Tobago nutome)","en_TV":"yevugbe (Tuvalu nutome)","en_UM":"yevugbe (U.S. Minor Outlaying \u0192udomekpowo nutome)","en_VI":"yevugbe (U.S. V\u025brgin \u0192udomekpowo nutome)","en_UG":"yevugbe (Uganda nutome)","en_GB":"yevugbe (United Kingdom nutome)","en_US":"yevugbe (USA nutome)","en_VU":"yevugbe (Vanuatu nutome)","en_ZM":"yevugbe (Zambia nutome)","en_ZW":"yevugbe (Zimbabwe nutome)","yi":"Yiddish","yo":"yorubagbe","yo_BJ":"yorubagbe (Benin nutome)","yo_NG":"yorubagbe (Nigeria nutome)","zu":"zulugbe","zu_ZA":"zulugbe (Anyiehe Afrika nutome)"}