{"af":"afrikansa","af_NA":"afrikansa (Namibio)","af_ZA":"afrikansa (Sud-Afriko)","ak":"Akan","ak_GH":"Akan (Ghana)","sq":"albana","sq_AL":"albana (Albanujo)","sq_MK":"albana (Makedonujo)","sq_XK":"Albanian (Kosovo)","am":"amhara","am_ET":"amhara (Etiopujo)","en":"angla","en_AI":"angla (Angvilo)","en_AG":"angla (Antigvo-Barbudo)","en_AU":"angla (A\u016dstralio)","en_BS":"angla (Bahamoj)","en_BB":"angla (Barbado)","en_PW":"angla (Bela\u016do)","en_BE":"angla (Belgujo)","en_BZ":"angla (Belizo)","en_BM":"angla (Bermudoj)","en_BW":"angla (Bocvano)","en_IO":"angla (Brita Hindoceana Teritorio)","en_VG":"angla (Britaj Virgulininsuloj)","en_DM":"angla (Dominiko)","en_ER":"angla (Eritreo)","en_FJ":"angla (Fi\u011doj)","en_PH":"angla (Filipinoj)","en_GM":"angla (Gambio)","en_GH":"angla (Ganao)","en_GD":"angla (Grenado)","en_GY":"angla (Gujano)","en_GU":"angla (Gvamo)","en_GI":"angla (\u011cibraltaro)","en_IN":"angla (Hindujo)","en_IE":"angla (Irlando)","en_JM":"angla (Jamajko)","en_CM":"angla (Kameruno)","en_CA":"angla (Kanado)","en_KY":"angla (Kejmanoj)","en_KE":"angla (Kenjo)","en_KI":"angla (Kiribato)","en_CK":"angla (Kukinsuloj)","en_LS":"angla (Lesoto)","en_LR":"angla (Liberio)","en_MG":"angla (Madagaskaro)","en_MY":"angla (Malajzio)","en_MW":"angla (Malavio)","en_MT":"angla (Malto)","en_MH":"angla (Mar\u015daloj)","en_MU":"angla (Ma\u016dricio)","en_FM":"angla (Mikronezio)","en_NA":"angla (Namibio)","en_NR":"angla (Nauro)","en_NG":"angla (Ni\u011derio)","en_NU":"angla (Niuo)","en_MP":"angla (Nord-Marianoj)","en_NF":"angla (Norfolkinsulo)","en_NZ":"angla (Nov-Zelando)","en_PK":"angla (Pakistano)","en_PG":"angla (Papuo-Nov-Gvineo)","en_PN":"angla (Pitkarna Insulo)","en_PR":"angla (Puerto-Riko)","en_RW":"angla (Ruando)","en_SB":"angla (Salomonoj)","en_WS":"angla (Samoo)","en_SC":"angla (Sej\u015deloj)","en_SH":"angla (Sent-Heleno)","en_KN":"angla (Sent-Kristofo kaj Neviso)","en_LC":"angla (Sent-Lucio)","en_VC":"angla (Sent-Vincento kaj la Grenadinoj)","en_SL":"angla (Siera-Leono)","en_SG":"angla (Singapuro)","en_ZA":"angla (Sud-Afriko)","en_SD":"angla (Sudano)","en_SZ":"angla (Svazilando)","en_TZ":"angla (Tanzanio)","en_TO":"angla (Tongo)","en_TT":"angla (Trinidado kaj Tobago)","en_TV":"angla (Tuvalo)","en_UG":"angla (Ugando)","en_GB":"angla (Unui\u011dinta Re\u011dlando)","en_UM":"angla (Usonaj malgrandaj insuloj)","en_VI":"angla (Usonaj Virgulininsuloj)","en_US":"angla (Usono)","en_VU":"angla (Vanuatuo)","en_ZM":"angla (Zambio)","en_ZW":"angla (Zimbabvo)","ar":"araba","ar_DZ":"araba (Al\u011derio)","ar_BH":"araba (Barejno)","ar_TD":"araba (\u0108ado)","ar_EG":"araba (Egipto)","ar_ER":"araba (Eritreo)","ar_DJ":"araba (\u011cibutio)","ar_IQ":"araba (Irako)","ar_IL":"araba (Israelo)","ar_YE":"araba (Jemeno)","ar_JO":"araba (Jordanio)","ar_QA":"araba (Kataro)","ar_KM":"araba (Komoroj)","ar_KW":"araba (Kuvajto)","ar_LB":"araba (Libano)","ar_LY":"araba (Libio)","ar_MA":"araba (Maroko)","ar_MR":"araba (Ma\u016dritanujo)","ar_EH":"araba (Okcidenta Saharo)","ar_OM":"araba (Omano)","ar_SA":"araba (Sa\u016dda Arabujo)","ar_SY":"araba (Sirio)","ar_SO":"araba (Somalujo)","ar_SD":"araba (Sudano)","ar_TN":"araba (Tunizio)","ar_AE":"araba (Unui\u011dintaj Arabaj Emirlandos)","ar_PS":"Arabic (Palestinian Territories)","ar_SS":"Arabic (South Sudan)","hy":"armena","hy_AM":"armena (Armenujo)","as":"asama","as_IN":"asama (Hindujo)","az_Cyrl_AZ":"Azerbaijani (Cyrillic, Azerbaijan)","az_Cyrl":"Azerbaijani (Cyrillic)","az_Latn_AZ":"Azerbaijani (Latin, Azerbaijan)","az_Latn":"Azerbaijani (Latin)","az":"azerbaj\u011dana","az_AZ":"azerbaj\u011dana (Azerbaj\u011dano)","bm":"Bambara","bm_Latn_ML":"Bambara (Latin, Mali)","bm_Latn":"Bambara (Latin)","be":"belorusa","be_BY":"belorusa (Belorusujo)","bn":"bengala","bn_BD":"bengala (Banglade\u015do)","bn_IN":"bengala (Hindujo)","my":"birma","my_MM":"birma (Mjanmao)","bs":"bosnia","bs_BA":"bosnia (Bosnio-Hercegovino)","bs_Cyrl_BA":"Bosnian (Cyrillic, Bosnia & Herzegovina)","bs_Cyrl":"Bosnian (Cyrillic)","bs_Latn_BA":"Bosnian (Latin, Bosnia & Herzegovina)","bs_Latn":"Bosnian (Latin)","br":"bretona","br_FR":"bretona (Francujo)","bg":"bulgara","bg_BG":"bulgara (Bulgarujo)","rn":"burunda","rn_BI":"burunda (Burundo)","zh_HK":"Chinese (Hong Kong SAR China)","zh_MO":"Chinese (Macau SAR China)","zh_Hans_CN":"Chinese (Simplified, China)","zh_Hans_HK":"Chinese (Simplified, Hong Kong SAR China)","zh_Hans_MO":"Chinese (Simplified, Macau SAR China)","zh_Hans_SG":"Chinese (Simplified, Singapore)","zh_Hans":"Chinese (Simplified)","zh_Hant_HK":"Chinese (Traditional, Hong Kong SAR China)","zh_Hant_MO":"Chinese (Traditional, Macau SAR China)","zh_Hant_TW":"Chinese (Traditional, Taiwan)","zh_Hant":"Chinese (Traditional)","kw":"Cornish","kw_GB":"Cornish (United Kingdom)","cs":"\u0109e\u0125a","cs_CZ":"\u0109e\u0125a (\u0108e\u0125ujo)","zh":"\u0109ina","zh_CN":"\u0109ina (\u0108inujo)","zh_SG":"\u0109ina (Singapuro)","zh_TW":"\u0109ina (Tajvano)","da":"dana","da_DK":"dana (Danujo)","da_GL":"dana (Gronlando)","nb":"dannorvega","nb_NO":"dannorvega (Norvegujo)","nb_SJ":"dannorvega (Svalbardo kaj Jan-Majen-insulo)","nl_BQ":"Dutch (Caribbean Netherlands)","nl_CW":"Dutch (Cura\u00e7ao)","nl_SX":"Dutch (Sint Maarten)","dz":"dzonko","dz_BT":"dzonko (Butano)","en_AS":"English (American Samoa)","en_CX":"English (Christmas Island)","en_CC":"English (Cocos (Keeling) Islands)","en_DG":"English (Diego Garcia)","en_FK":"English (Falkland Islands)","en_GG":"English (Guernsey)","en_HK":"English (Hong Kong SAR China)","en_IM":"English (Isle of Man)","en_JE":"English (Jersey)","en_MO":"English (Macau SAR China)","en_MS":"English (Montserrat)","en_SX":"English (Sint Maarten)","en_SS":"English (South Sudan)","en_TK":"English (Tokelau)","en_TC":"English (Turks & Caicos Islands)","eo":"esperanto","et":"estona","et_EE":"estona (Estonujo)","eu":"e\u016dska","eu_ES":"e\u016dska (Hispanujo)","ee":"Ewe","ee_GH":"Ewe (Ghana)","ee_TG":"Ewe (Togo)","fo":"feroa","fo_FO":"feroa (Ferooj)","fi":"finna","fi_FI":"finna (Finnlando)","fr":"franca","fr_DZ":"franca (Al\u011derio)","fr_BE":"franca (Belgujo)","fr_BJ":"franca (Benino)","fr_BF":"franca (Burkino)","fr_BI":"franca (Burundo)","fr_CF":"franca (Centr-Afrika Respubliko)","fr_TD":"franca (\u0108ado)","fr_CI":"franca (Ebur-Bordo)","fr_GQ":"franca (Ekvatora Gvineo)","fr_GF":"franca (Franca Gviano)","fr_PF":"franca (Franca Polinezio)","fr_FR":"franca (Francujo)","fr_GA":"franca (Gabono)","fr_GP":"franca (Gvadelupo)","fr_GN":"franca (Gvineo)","fr_DJ":"franca (\u011cibutio)","fr_HT":"franca (Haitio)","fr_CM":"franca (Kameruno)","fr_CA":"franca (Kanado)","fr_KM":"franca (Komoroj)","fr_CG":"franca (Kongolo)","fr_LU":"franca (Luksemburgo)","fr_MG":"franca (Madagaskaro)","fr_YT":"franca (Majoto)","fr_ML":"franca (Malio)","fr_MA":"franca (Maroko)","fr_MQ":"franca (Martiniko)","fr_MU":"franca (Ma\u016dricio)","fr_MR":"franca (Ma\u016dritanujo)","fr_MC":"franca (Monako)","fr_NE":"franca (Ni\u011dero)","fr_NC":"franca (Nov-Kaledonio)","fr_RE":"franca (Reunio)","fr_RW":"franca (Ruando)","fr_SC":"franca (Sej\u015deloj)","fr_SN":"franca (Senegalo)","fr_PM":"franca (Sent-Piero kaj Mikelono)","fr_SY":"franca (Sirio)","fr_CH":"franca (Svisujo)","fr_TG":"franca (Togolo)","fr_TN":"franca (Tunizio)","fr_WF":"franca (Valiso kaj Futuno)","fr_VU":"franca (Vanuatuo)","fr_CD":"French (Congo - Kinshasa)","fr_BL":"French (St. Barth\u00e9lemy)","fr_MF":"French (St. Martin)","fy":"frisa","fy_NL":"frisa (Nederlando)","ff":"Fulah","ff_CM":"Fulah (Cameroon)","ff_GN":"Fulah (Guinea)","ff_MR":"Fulah (Mauritania)","ff_SN":"Fulah (Senegal)","gd":"gaela","gd_GB":"gaela (Unui\u011dinta Re\u011dlando)","gl":"galega","gl_ES":"galega (Hispanujo)","lg":"Ganda","lg_UG":"Ganda (Uganda)","de":"germana","de_AT":"germana (A\u016dstrujo)","de_BE":"germana (Belgujo)","de_DE":"germana (Germanujo)","de_LI":"germana (Li\u0125ten\u015dtejno)","de_LU":"germana (Luksemburgo)","de_CH":"germana (Svisujo)","el":"greka","el_GR":"greka (Grekujo)","el_CY":"greka (Kipro)","kl":"gronlanda","kl_GL":"gronlanda (Gronlando)","gu":"gu\u011darata","gu_IN":"gu\u011darata (Hindujo)","ha_Latn_GH":"Hausa (Latin, Ghana)","ha_Latn_NE":"Hausa (Latin, Niger)","ha_Latn_NG":"Hausa (Latin, Nigeria)","ha_Latn":"Hausa (Latin)","ha":"ha\u016dsa","ha_GH":"ha\u016dsa (Ganao)","ha_NG":"ha\u016dsa (Ni\u011derio)","ha_NE":"ha\u016dsa (Ni\u011dero)","he":"hebrea","he_IL":"hebrea (Israelo)","hi":"hinda","hi_IN":"hinda (Hindujo)","es":"hispana","es_AR":"hispana (Argentino)","es_BO":"hispana (Bolivio)","es_CL":"hispana (\u0108ilio)","es_DO":"hispana (Domingo)","es_EC":"hispana (Ekvadoro)","es_GQ":"hispana (Ekvatora Gvineo)","es_PH":"hispana (Filipinoj)","es_GT":"hispana (Gvatemalo)","es_ES":"hispana (Hispanujo)","es_HN":"hispana (Honduro)","es_CO":"hispana (Kolombio)","es_CR":"hispana (Kostariko)","es_CU":"hispana (Kubo)","es_MX":"hispana (Meksiko)","es_NI":"hispana (Nikaragvo)","es_PA":"hispana (Panamo)","es_PY":"hispana (Paragvajo)","es_PE":"hispana (Peruo)","es_PR":"hispana (Puerto-Riko)","es_SV":"hispana (Salvadoro)","es_UY":"hispana (Urugvajo)","es_US":"hispana (Usono)","es_VE":"hispana (Venezuelo)","hu":"hungara","hu_HU":"hungara (Hungarujo)","ig":"Igbo","ig_NG":"Igbo (Nigeria)","id":"indonezia","id_ID":"indonezia (Indonezio)","ga":"irlanda","ga_IE":"irlanda (Irlando)","is":"islanda","is_IS":"islanda (Islando)","it":"itala","it_IT":"itala (Italujo)","it_SM":"itala (San-Marino)","it_CH":"itala (Svisujo)","ja":"japana","ja_JP":"japana (Japanujo)","yi":"jida","yo":"joruba","yo_BJ":"joruba (Benino)","yo_NG":"joruba (Ni\u011derio)","kn":"kanara","kn_IN":"kanara (Hindujo)","ka":"kartvela","ka_GE":"kartvela (Kartvelujo)","ks_Arab_IN":"Kashmiri (Arabic, India)","ks_Arab":"Kashmiri (Arabic)","ks":"ka\u015dmira","ks_IN":"ka\u015dmira (Hindujo)","ca":"kataluna","ca_AD":"kataluna (Andoro)","ca_FR":"kataluna (Francujo)","ca_ES":"kataluna (Hispanujo)","ca_IT":"kataluna (Italujo)","kk":"kaza\u0125a","kk_KZ":"kaza\u0125a (Kaza\u0125stano)","kk_Cyrl_KZ":"Kazakh (Cyrillic, Kazakhstan)","kk_Cyrl":"Kazakh (Cyrillic)","qu":"ke\u0109ua","qu_BO":"ke\u0109ua (Bolivio)","qu_EC":"ke\u0109ua (Ekvadoro)","qu_PE":"ke\u0109ua (Peruo)","ki":"Kikuyu","ki_KE":"Kikuyu (Kenya)","cy":"kimra","cy_GB":"kimra (Unui\u011dinta Re\u011dlando)","ky":"kirgiza","ky_KG":"kirgiza (Kirgizistano)","km":"kmera","km_KH":"kmera (Kambo\u011do)","ko":"korea","ko_KP":"korea (Nord-Koreo)","ko_KR":"korea (Sud-Koreo)","hr":"kroata","hr_BA":"kroata (Bosnio-Hercegovino)","hr_HR":"kroata (Kroatujo)","ky_Cyrl_KG":"Kyrgyz (Cyrillic, Kyrgyzstan)","ky_Cyrl":"Kyrgyz (Cyrillic)","lv":"latva","lv_LV":"latva (Latvujo)","lo":"la\u016da","lo_LA":"la\u016da (Laoso)","ln":"lingala","ln_AO":"lingala (Angolo)","ln_CF":"lingala (Centr-Afrika Respubliko)","ln_CD":"Lingala (Congo - Kinshasa)","ln_CG":"lingala (Kongolo)","lt":"litova","lt_LT":"litova (Litovujo)","lu":"Luba-Katanga","lu_CD":"Luba-Katanga (Congo - Kinshasa)","lb":"luksemburga","lb_LU":"luksemburga (Luksemburgo)","mk":"makedona","mk_MK":"makedona (Makedonujo)","mg":"malagasa","mg_MG":"malagasa (Madagaskaro)","ms":"malaja","ms_BN":"malaja (Brunejo)","ms_MY":"malaja (Malajzio)","ms_SG":"malaja (Singapuro)","ml":"malajalama","ml_IN":"malajalama (Hindujo)","ms_Latn_BN":"Malay (Latin, Brunei)","ms_Latn_MY":"Malay (Latin, Malaysia)","ms_Latn_SG":"Malay (Latin, Singapore)","ms_Latn":"Malay (Latin)","mt":"malta","mt_MT":"malta (Malto)","gv":"Manx","gv_IM":"Manx (Isle of Man)","mr":"marata","mr_IN":"marata (Hindujo)","mn":"mongola","mn_MN":"mongola (Mongolujo)","mn_Cyrl_MN":"Mongolian (Cyrillic, Mongolia)","mn_Cyrl":"Mongolian (Cyrillic)","nl":"nederlanda","nl_AW":"nederlanda (Arubo)","nl_BE":"nederlanda (Belgujo)","nl_NL":"nederlanda (Nederlando)","nl_SR":"nederlanda (Surinamo)","ne":"nepala","ne_IN":"nepala (Hindujo)","ne_NP":"nepala (Nepalo)","nd":"North Ndebele","nd_ZW":"North Ndebele (Zimbabwe)","se":"Northern Sami","se_FI":"Northern Sami (Finland)","se_NO":"Northern Sami (Norway)","se_SE":"Northern Sami (Sweden)","no":"norvega","no_NO":"norvega (Norvegujo)","nn":"novnorvega","nn_NO":"novnorvega (Norvegujo)","or":"orijo","or_IN":"orijo (Hindujo)","om":"oroma","om_ET":"oroma (Etiopujo)","om_KE":"oroma (Kenjo)","os":"Ossetic","os_GE":"Ossetic (Georgia)","os_RU":"Ossetic (Russia)","pa":"pan\u011daba","pa_IN":"pan\u011daba (Hindujo)","pa_PK":"pan\u011daba (Pakistano)","ps":"pa\u015dtoa","ps_AF":"pa\u015dtoa (Afganujo)","fa":"persa","fa_AF":"persa (Afganujo)","fa_IR":"persa (Irano)","pl":"pola","pl_PL":"pola (Pollando)","pt":"portugala","pt_AO":"portugala (Angolo)","pt_BR":"portugala (Brazilo)","pt_GW":"portugala (Gvineo-Bisa\u016do)","pt_CV":"portugala (Kabo-Verdo)","pt_MZ":"portugala (Mozambiko)","pt_PT":"portugala (Portugalujo)","pt_ST":"portugala (Sao-Tomeo kaj Principeo)","pt_MO":"Portuguese (Macau SAR China)","pt_TL":"Portuguese (Timor-Leste)","pa_Arab_PK":"Punjabi (Arabic, Pakistan)","pa_Arab":"Punjabi (Arabic)","pa_Guru_IN":"Punjabi (Gurmukhi, India)","pa_Guru":"Punjabi (Gurmukhi)","rm":"roman\u0109a","rm_CH":"roman\u0109a (Svisujo)","rw":"ruanda","rw_RW":"ruanda (Ruando)","ro":"rumana","ro_MD":"rumana (Moldavujo)","ro_RO":"rumana (Rumanujo)","ru":"rusa","ru_BY":"rusa (Belorusujo)","ru_KZ":"rusa (Kaza\u0125stano)","ru_KG":"rusa (Kirgizistano)","ru_MD":"rusa (Moldavujo)","ru_RU":"rusa (Rusujo)","ru_UA":"rusa (Ukrajno)","sg":"sangoa","sg_CF":"sangoa (Centr-Afrika Respubliko)","sr":"serba","sr_BA":"serba (Bosnio-Hercegovino)","sr_Cyrl_BA":"Serbian (Cyrillic, Bosnia & Herzegovina)","sr_Cyrl_XK":"Serbian (Cyrillic, Kosovo)","sr_Cyrl_ME":"Serbian (Cyrillic, Montenegro)","sr_Cyrl_RS":"Serbian (Cyrillic, Serbia)","sr_Cyrl":"Serbian (Cyrillic)","sr_XK":"Serbian (Kosovo)","sr_Latn_BA":"Serbian (Latin, Bosnia & Herzegovina)","sr_Latn_XK":"Serbian (Latin, Kosovo)","sr_Latn_ME":"Serbian (Latin, Montenegro)","sr_Latn_RS":"Serbian (Latin, Serbia)","sr_Latn":"Serbian (Latin)","sr_ME":"Serbian (Montenegro)","sr_RS":"Serbian (Serbia)","sh":"serbo-Kroata","sh_BA":"serbo-Kroata (Bosnio-Hercegovino)","ii":"Sichuan Yi","ii_CN":"Sichuan Yi (China)","si":"sinhala","si_LK":"sinhala (Sri-Lanko)","sk":"slovaka","sk_SK":"slovaka (Slovakujo)","sl":"slovena","sl_SI":"slovena (Slovenujo)","so":"somala","so_ET":"somala (Etiopujo)","so_DJ":"somala (\u011cibutio)","so_KE":"somala (Kenjo)","so_SO":"somala (Somalujo)","es_IC":"Spanish (Canary Islands)","es_EA":"Spanish (Ceuta & Melilla)","sw":"svahila","sw_KE":"svahila (Kenjo)","sw_TZ":"svahila (Tanzanio)","sw_UG":"svahila (Ugando)","sv":"sveda","sv_FI":"sveda (Finnlando)","sv_SE":"sveda (Svedujo)","sv_AX":"Swedish (\u00c5land Islands)","sn":"\u015dona","sn_ZW":"\u015dona (Zimbabvo)","tl":"tagaloga","tl_PH":"tagaloga (Filipinoj)","th":"taja","th_TH":"taja (Tajlando)","ta":"tamila","ta_IN":"tamila (Hindujo)","ta_MY":"tamila (Malajzio)","ta_SG":"tamila (Singapuro)","ta_LK":"tamila (Sri-Lanko)","te":"telugua","te_IN":"telugua (Hindujo)","bo":"tibeta","bo_CN":"tibeta (\u0108inujo)","bo_IN":"tibeta (Hindujo)","ti":"tigraja","ti_ER":"tigraja (Eritreo)","ti_ET":"tigraja (Etiopujo)","to":"tongaa","to_TO":"tongaa (Tongo)","tr":"turka","tr_CY":"turka (Kipro)","tr_TR":"turka (Turkujo)","ug":"ujgura","ug_CN":"ujgura (\u0108inujo)","uk":"ukraina","uk_UA":"ukraina (Ukrajno)","ur":"urduo","ur_IN":"urduo (Hindujo)","ur_PK":"urduo (Pakistano)","ug_Arab_CN":"Uyghur (Arabic, China)","ug_Arab":"Uyghur (Arabic)","uz_Arab_AF":"Uzbek (Arabic, Afghanistan)","uz_Arab":"Uzbek (Arabic)","uz_Cyrl_UZ":"Uzbek (Cyrillic, Uzbekistan)","uz_Cyrl":"Uzbek (Cyrillic)","uz_Latn_UZ":"Uzbek (Latin, Uzbekistan)","uz_Latn":"Uzbek (Latin)","uz":"uzbeka","uz_AF":"uzbeka (Afganujo)","uz_UZ":"uzbeka (Uzbekujo)","vi":"vjetnama","vi_VN":"vjetnama (Vjetnamo)","zu":"zulua","zu_ZA":"zulua (Sud-Afriko)"}