{"af":"afrik\u00e1ans","af_NA":"afrik\u00e1ans (Namibia)","af_ZA":"afrik\u00e1ans (Sud\u00e1frica)","ak":"akan","ak_GH":"akan (Ghana)","sq":"alban\u00e9s","sq_AL":"alban\u00e9s (Albania)","sq_XK":"alban\u00e9s (Kosovo)","sq_MK":"alban\u00e9s (Macedonia)","de":"alem\u00e1n","de_DE":"alem\u00e1n (Alemania)","de_AT":"alem\u00e1n (Austria)","de_BE":"alem\u00e1n (B\u00e9lgica)","de_LI":"alem\u00e1n (Liechtenstein)","de_LU":"alem\u00e1n (Luxemburgo)","de_CH":"alem\u00e1n (Suiza)","am":"am\u00e1rico","am_ET":"am\u00e1rico (Etiop\u00eda)","ar":"\u00e1rabe","ar_SA":"\u00e1rabe (Arabia Saud\u00ed)","ar_DZ":"\u00e1rabe (Argelia)","ar_BH":"\u00e1rabe (Bar\u00e9in)","ar_QA":"\u00e1rabe (Catar)","ar_TD":"\u00e1rabe (Chad)","ar_KM":"\u00e1rabe (Comoras)","ar_EG":"\u00e1rabe (Egipto)","ar_AE":"\u00e1rabe (Emiratos \u00c1rabes Unidos)","ar_ER":"\u00e1rabe (Eritrea)","ar_IQ":"\u00e1rabe (Iraq)","ar_IL":"\u00e1rabe (Israel)","ar_JO":"\u00e1rabe (Jordania)","ar_KW":"\u00e1rabe (Kuwait)","ar_LB":"\u00e1rabe (L\u00edbano)","ar_LY":"\u00e1rabe (Libia)","ar_MA":"\u00e1rabe (Marruecos)","ar_MR":"\u00e1rabe (Mauritania)","ar_OM":"\u00e1rabe (Om\u00e1n)","ar_EH":"\u00e1rabe (S\u00e1hara Occidental)","ar_SY":"\u00e1rabe (Siria)","ar_SO":"\u00e1rabe (Somalia)","ar_SS":"\u00e1rabe (Sud\u00e1n del Sur)","ar_SD":"\u00e1rabe (Sud\u00e1n)","ar_PS":"\u00e1rabe (Territorios Palestinos)","ar_TN":"\u00e1rabe (T\u00fanez)","ar_YE":"\u00e1rabe (Yemen)","ar_DJ":"\u00e1rabe (Yibuti)","hy":"armenio","hy_AM":"armenio (Armenia)","as":"asam\u00e9s","as_IN":"asam\u00e9s (India)","az":"azer\u00ed","az_AZ":"azer\u00ed (Azerbaiy\u00e1n)","az_Cyrl_AZ":"azer\u00ed (cir\u00edlico, Azerbaiy\u00e1n)","az_Cyrl":"azer\u00ed (cir\u00edlico)","az_Latn_AZ":"azer\u00ed (lat\u00edn, Azerbaiy\u00e1n)","az_Latn":"azer\u00ed (lat\u00edn)","bm":"bambara","bm_Latn_ML":"bambara (lat\u00edn, Mali)","bm_Latn":"bambara (lat\u00edn)","bn":"bengal\u00ed","bn_BD":"bengal\u00ed (Banglad\u00e9s)","bn_IN":"bengal\u00ed (India)","be":"bielorruso","be_BY":"bielorruso (Bielorrusia)","my":"birmano","my_MM":"birmano (Myanmar (Birmania))","nb":"bokmal noruego","nb_NO":"bokmal noruego (Noruega)","nb_SJ":"bokmal noruego (Svalbard y Jan Mayen)","bs":"bosnio","bs_BA":"bosnio (Bosnia-Herzegovina)","bs_Cyrl_BA":"bosnio (cir\u00edlico, Bosnia-Herzegovina)","bs_Cyrl":"bosnio (cir\u00edlico)","bs_Latn_BA":"bosnio (lat\u00edn, Bosnia-Herzegovina)","bs_Latn":"bosnio (lat\u00edn)","br":"bret\u00f3n","br_FR":"bret\u00f3n (Francia)","bg":"b\u00falgaro","bg_BG":"b\u00falgaro (Bulgaria)","ks":"cachemiro","ks_Arab_IN":"cachemiro (\u00e1rabe, India)","ks_Arab":"cachemiro (\u00e1rabe)","ks_IN":"cachemiro (India)","kn":"canar\u00e9s","kn_IN":"canar\u00e9s (India)","ca":"catal\u00e1n","ca_AD":"catal\u00e1n (Andorra)","ca_ES":"catal\u00e1n (Espa\u00f1a)","ca_FR":"catal\u00e1n (Francia)","ca_IT":"catal\u00e1n (Italia)","cs":"checo","cs_CZ":"checo (Rep\u00fablica Checa)","zh":"chino","zh_CN":"chino (China)","zh_HK":"chino (RAE de Hong Kong (China))","zh_MO":"chino (RAE de Macao (China))","zh_Hans_CN":"chino (simplificado, China)","zh_Hans_HK":"chino (simplificado, RAE de Hong Kong (China))","zh_Hans_MO":"chino (simplificado, RAE de Macao (China))","zh_Hans_SG":"chino (simplificado, Singapur)","zh_Hans":"chino (simplificado)","zh_SG":"chino (Singapur)","zh_TW":"chino (Taiw\u00e1n)","zh_Hant_HK":"chino (tradicional, RAE de Hong Kong (China))","zh_Hant_MO":"chino (tradicional, RAE de Macao (China))","zh_Hant_TW":"chino (tradicional, Taiw\u00e1n)","zh_Hant":"chino (tradicional)","si":"cingal\u00e9s","si_LK":"cingal\u00e9s (Sri Lanka)","ko":"coreano","ko_KP":"coreano (Corea del Norte)","ko_KR":"coreano (Corea del Sur)","kw":"c\u00f3rnico","kw_GB":"c\u00f3rnico (Reino Unido)","hr":"croata","hr_BA":"croata (Bosnia-Herzegovina)","hr_HR":"croata (Croacia)","da":"dan\u00e9s","da_DK":"dan\u00e9s (Dinamarca)","da_GL":"dan\u00e9s (Groenlandia)","dz":"dzongkha","dz_BT":"dzongkha (But\u00e1n)","sk":"eslovaco","sk_SK":"eslovaco (Eslovaquia)","sl":"esloveno","sl_SI":"esloveno (Eslovenia)","es":"espa\u00f1ol","es_AR":"espa\u00f1ol (Argentina)","es_BO":"espa\u00f1ol (Bolivia)","es_EA":"espa\u00f1ol (Ceuta y Melilla)","es_CL":"espa\u00f1ol (Chile)","es_CO":"espa\u00f1ol (Colombia)","es_CR":"espa\u00f1ol (Costa Rica)","es_CU":"espa\u00f1ol (Cuba)","es_EC":"espa\u00f1ol (Ecuador)","es_SV":"espa\u00f1ol (El Salvador)","es_ES":"espa\u00f1ol (Espa\u00f1a)","es_US":"espa\u00f1ol (Estados Unidos)","es_PH":"espa\u00f1ol (Filipinas)","es_GT":"espa\u00f1ol (Guatemala)","es_GQ":"espa\u00f1ol (Guinea Ecuatorial)","es_HN":"espa\u00f1ol (Honduras)","es_IC":"espa\u00f1ol (islas Canarias)","es_MX":"espa\u00f1ol (M\u00e9xico)","es_NI":"espa\u00f1ol (Nicaragua)","es_PA":"espa\u00f1ol (Panam\u00e1)","es_PY":"espa\u00f1ol (Paraguay)","es_PE":"espa\u00f1ol (Per\u00fa)","es_PR":"espa\u00f1ol (Puerto Rico)","es_DO":"espa\u00f1ol (Rep\u00fablica Dominicana)","es_UY":"espa\u00f1ol (Uruguay)","es_VE":"espa\u00f1ol (Venezuela)","eo":"esperanto","et":"estonio","et_EE":"estonio (Estonia)","eu":"euskera","eu_ES":"euskera (Espa\u00f1a)","ee":"ew\u00e9","ee_GH":"ew\u00e9 (Ghana)","ee_TG":"ew\u00e9 (Togo)","fo":"fero\u00e9s","fo_FO":"fero\u00e9s (Islas Feroe)","fi":"fin\u00e9s","fi_FI":"fin\u00e9s (Finlandia)","fr":"franc\u00e9s","fr_DZ":"franc\u00e9s (Argelia)","fr_BE":"franc\u00e9s (B\u00e9lgica)","fr_BJ":"franc\u00e9s (Ben\u00edn)","fr_BF":"franc\u00e9s (Burkina Faso)","fr_BI":"franc\u00e9s (Burundi)","fr_CM":"franc\u00e9s (Camer\u00fan)","fr_CA":"franc\u00e9s (Canad\u00e1)","fr_TD":"franc\u00e9s (Chad)","fr_KM":"franc\u00e9s (Comoras)","fr_CI":"franc\u00e9s (Costa de Marfil)","fr_FR":"franc\u00e9s (Francia)","fr_GA":"franc\u00e9s (Gab\u00f3n)","fr_GP":"franc\u00e9s (Guadalupe)","fr_GF":"franc\u00e9s (Guayana Francesa)","fr_GQ":"franc\u00e9s (Guinea Ecuatorial)","fr_GN":"franc\u00e9s (Guinea)","fr_HT":"franc\u00e9s (Hait\u00ed)","fr_LU":"franc\u00e9s (Luxemburgo)","fr_MG":"franc\u00e9s (Madagascar)","fr_ML":"franc\u00e9s (Mali)","fr_MA":"franc\u00e9s (Marruecos)","fr_MQ":"franc\u00e9s (Martinica)","fr_MU":"franc\u00e9s (Mauricio)","fr_MR":"franc\u00e9s (Mauritania)","fr_YT":"franc\u00e9s (Mayotte)","fr_MC":"franc\u00e9s (M\u00f3naco)","fr_NE":"franc\u00e9s (N\u00edger)","fr_NC":"franc\u00e9s (Nueva Caledonia)","fr_PF":"franc\u00e9s (Polinesia Francesa)","fr_CF":"franc\u00e9s (Rep\u00fablica Centroafricana)","fr_CG":"franc\u00e9s (Rep\u00fablica del Congo)","fr_CD":"franc\u00e9s (Rep\u00fablica Democr\u00e1tica del Congo)","fr_RE":"franc\u00e9s (Reuni\u00f3n)","fr_RW":"franc\u00e9s (Ruanda)","fr_BL":"franc\u00e9s (San Bartolom\u00e9)","fr_MF":"franc\u00e9s (San Mart\u00edn)","fr_PM":"franc\u00e9s (San Pedro y Miquel\u00f3n)","fr_SN":"franc\u00e9s (Senegal)","fr_SC":"franc\u00e9s (Seychelles)","fr_SY":"franc\u00e9s (Siria)","fr_CH":"franc\u00e9s (Suiza)","fr_TG":"franc\u00e9s (Togo)","fr_TN":"franc\u00e9s (T\u00fanez)","fr_VU":"franc\u00e9s (Vanuatu)","fr_WF":"franc\u00e9s (Wallis y Futuna)","fr_DJ":"franc\u00e9s (Yibuti)","fy":"fris\u00f3n occidental","fy_NL":"fris\u00f3n occidental (Pa\u00edses Bajos)","ff":"fula","ff_CM":"fula (Camer\u00fan)","ff_GN":"fula (Guinea)","ff_MR":"fula (Mauritania)","ff_SN":"fula (Senegal)","gd":"ga\u00e9lico escoc\u00e9s","gd_GB":"ga\u00e9lico escoc\u00e9s (Reino Unido)","gv":"ga\u00e9lico man\u00e9s","gv_IM":"ga\u00e9lico man\u00e9s (Isla de Man)","cy":"gal\u00e9s","cy_GB":"gal\u00e9s (Reino Unido)","gl":"gallego","gl_ES":"gallego (Espa\u00f1a)","lg":"ganda","lg_UG":"ganda (Uganda)","ka":"georgiano","ka_GE":"georgiano (Georgia)","el":"griego","el_CY":"griego (Chipre)","el_GR":"griego (Grecia)","kl":"groenland\u00e9s","kl_GL":"groenland\u00e9s (Groenlandia)","gu":"gujarati","gu_IN":"gujarati (India)","ha":"hausa","ha_GH":"hausa (Ghana)","ha_Latn_GH":"hausa (lat\u00edn, Ghana)","ha_Latn_NE":"hausa (lat\u00edn, N\u00edger)","ha_Latn_NG":"hausa (lat\u00edn, Nigeria)","ha_Latn":"hausa (lat\u00edn)","ha_NE":"hausa (N\u00edger)","ha_NG":"hausa (Nigeria)","he":"hebreo","he_IL":"hebreo (Israel)","hi":"hindi","hi_IN":"hindi (India)","hu":"h\u00fangaro","hu_HU":"h\u00fangaro (Hungr\u00eda)","ig":"igbo","ig_NG":"igbo (Nigeria)","id":"indonesio","id_ID":"indonesio (Indonesia)","en":"ingl\u00e9s","en_AI":"ingl\u00e9s (Anguila)","en_AG":"ingl\u00e9s (Antigua y Barbuda)","en_AU":"ingl\u00e9s (Australia)","en_BS":"ingl\u00e9s (Bahamas)","en_BB":"ingl\u00e9s (Barbados)","en_BE":"ingl\u00e9s (B\u00e9lgica)","en_BZ":"ingl\u00e9s (Belice)","en_BM":"ingl\u00e9s (Bermudas)","en_BW":"ingl\u00e9s (Botsuana)","en_CM":"ingl\u00e9s (Camer\u00fan)","en_CA":"ingl\u00e9s (Canad\u00e1)","en_DG":"ingl\u00e9s (Diego Garc\u00eda)","en_DM":"ingl\u00e9s (Dominica)","en_ER":"ingl\u00e9s (Eritrea)","en_US":"ingl\u00e9s (Estados Unidos)","en_PH":"ingl\u00e9s (Filipinas)","en_FJ":"ingl\u00e9s (Fiyi)","en_GM":"ingl\u00e9s (Gambia)","en_GH":"ingl\u00e9s (Ghana)","en_GI":"ingl\u00e9s (Gibraltar)","en_GD":"ingl\u00e9s (Granada)","en_GU":"ingl\u00e9s (Guam)","en_GG":"ingl\u00e9s (Guernesey)","en_GY":"ingl\u00e9s (Guyana)","en_IN":"ingl\u00e9s (India)","en_IE":"ingl\u00e9s (Irlanda)","en_CX":"ingl\u00e9s (Isla Christmas)","en_IM":"ingl\u00e9s (Isla de Man)","en_NU":"ingl\u00e9s (Isla Niue)","en_NF":"ingl\u00e9s (Isla Norfolk)","en_KY":"ingl\u00e9s (Islas Caim\u00e1n)","en_CC":"ingl\u00e9s (Islas Cocos)","en_CK":"ingl\u00e9s (Islas Cook)","en_FK":"ingl\u00e9s (Islas Malvinas)","en_MP":"ingl\u00e9s (Islas Marianas del Norte)","en_MH":"ingl\u00e9s (Islas Marshall)","en_UM":"ingl\u00e9s (Islas menores alejadas de EE. UU.)","en_PN":"ingl\u00e9s (Islas Pitcairn)","en_SB":"ingl\u00e9s (Islas Salom\u00f3n)","en_TC":"ingl\u00e9s (Islas Turcas y Caicos)","en_VG":"ingl\u00e9s (Islas V\u00edrgenes Brit\u00e1nicas)","en_VI":"ingl\u00e9s (Islas V\u00edrgenes de EE. UU.)","en_JM":"ingl\u00e9s (Jamaica)","en_JE":"ingl\u00e9s (Jersey)","en_KE":"ingl\u00e9s (Kenia)","en_KI":"ingl\u00e9s (Kiribati)","en_LS":"ingl\u00e9s (Lesoto)","en_LR":"ingl\u00e9s (Liberia)","en_MG":"ingl\u00e9s (Madagascar)","en_MY":"ingl\u00e9s (Malasia)","en_MW":"ingl\u00e9s (Malaui)","en_MT":"ingl\u00e9s (Malta)","en_MU":"ingl\u00e9s (Mauricio)","en_FM":"ingl\u00e9s (Micronesia)","en_MS":"ingl\u00e9s (Montserrat)","en_NA":"ingl\u00e9s (Namibia)","en_NR":"ingl\u00e9s (Nauru)","en_NG":"ingl\u00e9s (Nigeria)","en_NZ":"ingl\u00e9s (Nueva Zelanda)","en_PK":"ingl\u00e9s (Pakist\u00e1n)","en_PW":"ingl\u00e9s (Palau)","en_PG":"ingl\u00e9s (Pap\u00faa Nueva Guinea)","en_PR":"ingl\u00e9s (Puerto Rico)","en_HK":"ingl\u00e9s (RAE de Hong Kong (China))","en_MO":"ingl\u00e9s (RAE de Macao (China))","en_GB":"ingl\u00e9s (Reino Unido)","en_RW":"ingl\u00e9s (Ruanda)","en_AS":"ingl\u00e9s (Samoa Americana)","en_WS":"ingl\u00e9s (Samoa)","en_KN":"ingl\u00e9s (San Crist\u00f3bal y Nieves)","en_VC":"ingl\u00e9s (San Vicente y las Granadinas)","en_SH":"ingl\u00e9s (Santa Elena)","en_LC":"ingl\u00e9s (Santa Luc\u00eda)","en_SC":"ingl\u00e9s (Seychelles)","en_SL":"ingl\u00e9s (Sierra Leona)","en_SG":"ingl\u00e9s (Singapur)","en_SX":"ingl\u00e9s (Sint Maarten)","en_SZ":"ingl\u00e9s (Suazilandia)","en_ZA":"ingl\u00e9s (Sud\u00e1frica)","en_SS":"ingl\u00e9s (Sud\u00e1n del Sur)","en_SD":"ingl\u00e9s (Sud\u00e1n)","en_TZ":"ingl\u00e9s (Tanzania)","en_IO":"ingl\u00e9s (Territorio Brit\u00e1nico del Oc\u00e9ano \u00cdndico)","en_TK":"ingl\u00e9s (Tokelau)","en_TO":"ingl\u00e9s (Tonga)","en_TT":"ingl\u00e9s (Trinidad y Tobago)","en_TV":"ingl\u00e9s (Tuvalu)","en_UG":"ingl\u00e9s (Uganda)","en_VU":"ingl\u00e9s (Vanuatu)","en_ZM":"ingl\u00e9s (Zambia)","en_ZW":"ingl\u00e9s (Zimbabue)","ga":"irland\u00e9s","ga_IE":"irland\u00e9s (Irlanda)","is":"island\u00e9s","is_IS":"island\u00e9s (Islandia)","it":"italiano","it_IT":"italiano (Italia)","it_SM":"italiano (San Marino)","it_CH":"italiano (Suiza)","ja":"japon\u00e9s","ja_JP":"japon\u00e9s (Jap\u00f3n)","km":"jemer","km_KH":"jemer (Camboya)","kk":"kazajo","kk_Cyrl_KZ":"kazajo (cir\u00edlico, Kazajist\u00e1n)","kk_Cyrl":"kazajo (cir\u00edlico)","kk_KZ":"kazajo (Kazajist\u00e1n)","ki":"kikuyu","ki_KE":"kikuyu (Kenia)","rw":"kinyarwanda","rw_RW":"kinyarwanda (Ruanda)","ky":"kirgu\u00eds","ky_Cyrl_KG":"kirgu\u00eds (cir\u00edlico, Kirguist\u00e1n)","ky_Cyrl":"kirgu\u00eds (cir\u00edlico)","ky_KG":"kirgu\u00eds (Kirguist\u00e1n)","rn":"kiroundi","rn_BI":"kiroundi (Burundi)","lo":"laosiano","lo_LA":"laosiano (Laos)","lv":"let\u00f3n","lv_LV":"let\u00f3n (Letonia)","ln":"lingala","ln_AO":"lingala (Angola)","ln_CF":"lingala (Rep\u00fablica Centroafricana)","ln_CG":"lingala (Rep\u00fablica del Congo)","ln_CD":"lingala (Rep\u00fablica Democr\u00e1tica del Congo)","lt":"lituano","lt_LT":"lituano (Lituania)","lu":"luba-katanga","lu_CD":"luba-katanga (Rep\u00fablica Democr\u00e1tica del Congo)","lb":"luxemburgu\u00e9s","lb_LU":"luxemburgu\u00e9s (Luxemburgo)","mk":"macedonio","mk_MK":"macedonio (Macedonia)","ml":"malayalam","ml_IN":"malayalam (India)","ms":"malayo","ms_BN":"malayo (Brun\u00e9i)","ms_Latn_BN":"malayo (lat\u00edn, Brun\u00e9i)","ms_Latn_MY":"malayo (lat\u00edn, Malasia)","ms_Latn_SG":"malayo (lat\u00edn, Singapur)","ms_Latn":"malayo (lat\u00edn)","ms_MY":"malayo (Malasia)","ms_SG":"malayo (Singapur)","mg":"malgache","mg_MG":"malgache (Madagascar)","mt":"malt\u00e9s","mt_MT":"malt\u00e9s (Malta)","mr":"marathi","mr_IN":"marathi (India)","mn":"mongol","mn_Cyrl_MN":"mongol (cir\u00edlico, Mongolia)","mn_Cyrl":"mongol (cir\u00edlico)","mn_MN":"mongol (Mongolia)","nd":"ndebele septentrional","nd_ZW":"ndebele septentrional (Zimbabue)","nl":"neerland\u00e9s","nl_AW":"neerland\u00e9s (Aruba)","nl_BE":"neerland\u00e9s (B\u00e9lgica)","nl_BQ":"neerland\u00e9s (Caribe neerland\u00e9s)","nl_CW":"neerland\u00e9s (Curazao)","nl_NL":"neerland\u00e9s (Pa\u00edses Bajos)","nl_SX":"neerland\u00e9s (Sint Maarten)","nl_SR":"neerland\u00e9s (Surinam)","ne":"nepal\u00ed","ne_IN":"nepal\u00ed (India)","ne_NP":"nepal\u00ed (Nepal)","no":"noruego","no_NO":"noruego (Noruega)","nn":"nynorsk noruego","nn_NO":"nynorsk noruego (Noruega)","or":"oriya","or_IN":"oriya (India)","om":"oromo","om_ET":"oromo (Etiop\u00eda)","om_KE":"oromo (Kenia)","os":"os\u00e9tico","os_GE":"os\u00e9tico (Georgia)","os_RU":"os\u00e9tico (Rusia)","ps":"past\u00fan","ps_AF":"past\u00fan (Afganist\u00e1n)","fa":"persa","fa_AF":"persa (Afganist\u00e1n)","fa_IR":"persa (Ir\u00e1n)","pl":"polaco","pl_PL":"polaco (Polonia)","pt":"portugu\u00e9s","pt_AO":"portugu\u00e9s (Angola)","pt_BR":"portugu\u00e9s (Brasil)","pt_CV":"portugu\u00e9s (Cabo Verde)","pt_GW":"portugu\u00e9s (Guinea-Bis\u00e1u)","pt_MZ":"portugu\u00e9s (Mozambique)","pt_PT":"portugu\u00e9s (Portugal)","pt_MO":"portugu\u00e9s (RAE de Macao (China))","pt_ST":"portugu\u00e9s (Santo Tom\u00e9 y Pr\u00edncipe)","pt_TL":"portugu\u00e9s (Timor Oriental)","pa":"punjab\u00ed","pa_Arab_PK":"punjab\u00ed (\u00e1rabe, Pakist\u00e1n)","pa_Arab":"punjab\u00ed (\u00e1rabe)","pa_Guru_IN":"punjab\u00ed (gurmuji, India)","pa_Guru":"punjab\u00ed (gurmuji)","pa_IN":"punjab\u00ed (India)","pa_PK":"punjab\u00ed (Pakist\u00e1n)","qu":"quechua","qu_BO":"quechua (Bolivia)","qu_EC":"quechua (Ecuador)","qu_PE":"quechua (Per\u00fa)","rm":"retorrom\u00e1nico","rm_CH":"retorrom\u00e1nico (Suiza)","ro":"rumano","ro_MD":"rumano (Moldavia)","ro_RO":"rumano (Ruman\u00eda)","ru":"ruso","ru_BY":"ruso (Bielorrusia)","ru_KZ":"ruso (Kazajist\u00e1n)","ru_KG":"ruso (Kirguist\u00e1n)","ru_MD":"ruso (Moldavia)","ru_RU":"ruso (Rusia)","ru_UA":"ruso (Ucrania)","se":"sami septentrional","se_FI":"sami septentrional (Finlandia)","se_NO":"sami septentrional (Noruega)","se_SE":"sami septentrional (Suecia)","sg":"sango","sg_CF":"sango (Rep\u00fablica Centroafricana)","sr":"serbio","sr_BA":"serbio (Bosnia-Herzegovina)","sr_Cyrl_BA":"serbio (cir\u00edlico, Bosnia-Herzegovina)","sr_Cyrl_XK":"serbio (cir\u00edlico, Kosovo)","sr_Cyrl_ME":"serbio (cir\u00edlico, Montenegro)","sr_Cyrl_RS":"serbio (cir\u00edlico, Serbia)","sr_Cyrl":"serbio (cir\u00edlico)","sr_XK":"serbio (Kosovo)","sr_Latn_BA":"serbio (lat\u00edn, Bosnia-Herzegovina)","sr_Latn_XK":"serbio (lat\u00edn, Kosovo)","sr_Latn_ME":"serbio (lat\u00edn, Montenegro)","sr_Latn_RS":"serbio (lat\u00edn, Serbia)","sr_Latn":"serbio (lat\u00edn)","sr_ME":"serbio (Montenegro)","sr_RS":"serbio (Serbia)","sh":"serbocroata","sh_BA":"serbocroata (Bosnia-Herzegovina)","sn":"shona","sn_ZW":"shona (Zimbabue)","so":"somal\u00ed","so_ET":"somal\u00ed (Etiop\u00eda)","so_KE":"somal\u00ed (Kenia)","so_SO":"somal\u00ed (Somalia)","so_DJ":"somal\u00ed (Yibuti)","sv":"sueco","sv_FI":"sueco (Finlandia)","sv_AX":"sueco (Islas \u00c5land)","sv_SE":"sueco (Suecia)","sw":"swahili","sw_KE":"swahili (Kenia)","sw_TZ":"swahili (Tanzania)","sw_UG":"swahili (Uganda)","tl":"tagalo","tl_PH":"tagalo (Filipinas)","th":"tailand\u00e9s","th_TH":"tailand\u00e9s (Tailandia)","ta":"tamil","ta_IN":"tamil (India)","ta_MY":"tamil (Malasia)","ta_SG":"tamil (Singapur)","ta_LK":"tamil (Sri Lanka)","te":"telugu","te_IN":"telugu (India)","bo":"tibetano","bo_CN":"tibetano (China)","bo_IN":"tibetano (India)","ti":"tigri\u00f1a","ti_ER":"tigri\u00f1a (Eritrea)","ti_ET":"tigri\u00f1a (Etiop\u00eda)","to":"tongano","to_TO":"tongano (Tonga)","tr":"turco","tr_CY":"turco (Chipre)","tr_TR":"turco (Turqu\u00eda)","uk":"ucraniano","uk_UA":"ucraniano (Ucrania)","ug":"uigur","ug_Arab_CN":"uigur (\u00e1rabe, China)","ug_Arab":"uigur (\u00e1rabe)","ug_CN":"uigur (China)","ur":"urdu","ur_IN":"urdu (India)","ur_PK":"urdu (Pakist\u00e1n)","uz":"uzbeko","uz_AF":"uzbeko (Afganist\u00e1n)","uz_Arab_AF":"uzbeko (\u00e1rabe, Afganist\u00e1n)","uz_Arab":"uzbeko (\u00e1rabe)","uz_Cyrl_UZ":"uzbeko (cir\u00edlico, Uzbekist\u00e1n)","uz_Cyrl":"uzbeko (cir\u00edlico)","uz_Latn_UZ":"uzbeko (lat\u00edn, Uzbekist\u00e1n)","uz_Latn":"uzbeko (lat\u00edn)","uz_UZ":"uzbeko (Uzbekist\u00e1n)","vi":"vietnamita","vi_VN":"vietnamita (Vietnam)","ii":"yi de Sichu\u00e1n","ii_CN":"yi de Sichu\u00e1n (China)","yi":"y\u00eddish","yo":"yoruba","yo_BJ":"yoruba (Ben\u00edn)","yo_NG":"yoruba (Nigeria)","zu":"zul\u00fa","zu_ZA":"zul\u00fa (Sud\u00e1frica)"}