{"af":"afrikaani","af_ZA":"afrikaani (L\u00f5una-Aafrika Vabariik)","af_NA":"afrikaani (Namiibia)","ak":"akani","ak_GH":"akani (Ghana)","sq":"albaania","sq_AL":"albaania (Albaania)","sq_XK":"albaania (Kosovo)","sq_MK":"albaania (Makedoonia)","am":"amhari","am_ET":"amhari (Etioopia)","ar":"araabia","ar_DZ":"araabia (Al\u017eeeria)","ar_AE":"araabia (Araabia \u00dchendemiraadid)","ar_BH":"araabia (Bahrein)","ar_DJ":"araabia (Djibouti)","ar_EG":"araabia (Egiptus)","ar_ER":"araabia (Eritrea)","ar_IL":"araabia (Iisrael)","ar_IQ":"araabia (Iraak)","ar_YE":"araabia (Jeemen)","ar_JO":"araabia (Jordaania)","ar_QA":"araabia (Katar)","ar_KM":"araabia (Komoorid)","ar_KW":"araabia (Kuveit)","ar_LB":"araabia (Liibanon)","ar_LY":"araabia (Liib\u00fca)","ar_SS":"araabia (L\u00f5una-Sudaan)","ar_EH":"araabia (L\u00e4\u00e4ne-Sahara)","ar_MA":"araabia (Maroko)","ar_MR":"araabia (Mauritaania)","ar_OM":"araabia (Omaan)","ar_PS":"araabia (Palestiina alad)","ar_SA":"araabia (Saudi Araabia)","ar_SO":"araabia (Somaalia)","ar_SD":"araabia (Sudaan)","ar_SY":"araabia (S\u00fc\u00fcria)","ar_TD":"araabia (T\u0161aad)","ar_TN":"araabia (Tuneesia)","hy":"armeenia","hy_AM":"armeenia (Armeenia)","az":"aserbaid\u017eaani","az_AZ":"aserbaid\u017eaani (Aserbaid\u017eaan)","az_Cyrl_AZ":"aserbaid\u017eaani (kirillitsa, Aserbaid\u017eaan)","az_Cyrl":"aserbaid\u017eaani (kirillitsa)","az_Latn_AZ":"aserbaid\u017eaani (ladina, Aserbaid\u017eaan)","az_Latn":"aserbaid\u017eaani (ladina)","as":"assami","as_IN":"assami (India)","bm":"bambara","bm_Latn_ML":"bambara (ladina, Mali)","bm_Latn":"bambara (ladina)","eu":"baski","eu_ES":"baski (Hispaania)","bn":"bengali","bn_BD":"bengali (Bangladesh)","bn_IN":"bengali (India)","my":"birma","my_MM":"birma (Myanmar (Birma))","bs":"bosnia","bs_BA":"bosnia (Bosnia ja Hertsegoviina)","bs_Cyrl_BA":"bosnia (kirillitsa, Bosnia ja Hertsegoviina)","bs_Cyrl":"bosnia (kirillitsa)","bs_Latn_BA":"bosnia (ladina, Bosnia ja Hertsegoviina)","bs_Latn":"bosnia (ladina)","br":"bretooni","br_FR":"bretooni (Prantsusmaa)","bg":"bulgaaria","bg_BG":"bulgaaria (Bulgaaria)","dz":"dzongkha","dz_BT":"dzongkha (Bhutan)","et":"eesti","et_EE":"eesti (Eesti)","eo":"esperanto","ee":"eve","ee_GH":"eve (Ghana)","ee_TG":"eve (Togo)","ff":"fulbe","ff_GN":"fulbe (Guinea)","ff_CM":"fulbe (Kamerun)","ff_MR":"fulbe (Mauritaania)","ff_SN":"fulbe (Senegal)","fo":"f\u00e4\u00e4ri","fo_FO":"f\u00e4\u00e4ri (F\u00e4\u00e4ri saared)","gd":"gaeli","gd_GB":"gaeli (Suurbritannia)","gl":"galeegi","gl_ES":"galeegi (Hispaania)","lg":"ganda","lg_UG":"ganda (Uganda)","ka":"gruusia","ka_GE":"gruusia (Gruusia)","kl":"gr\u00f6\u00f6ni","kl_GL":"gr\u00f6\u00f6ni (Gr\u00f6\u00f6nimaa)","gu":"gud\u017earati","gu_IN":"gud\u017earati (India)","ha":"hausa","ha_GH":"hausa (Ghana)","ha_Latn_GH":"hausa (ladina, Ghana)","ha_Latn_NG":"hausa (ladina, Nigeeria)","ha_Latn_NE":"hausa (ladina, Niger)","ha_Latn":"hausa (ladina)","ha_NG":"hausa (Nigeeria)","ha_NE":"hausa (Niger)","he":"heebrea","he_IL":"heebrea (Iisrael)","zh":"hiina","zh_Hans_CN":"hiina (hiina lihtsustatud, Hiina)","zh_Hans_HK":"hiina (hiina lihtsustatud, Hongkong - Hiina erihalduspiirkond)","zh_Hans_MO":"hiina (hiina lihtsustatud, Macau - Hiina erihalduspiirkond)","zh_Hans_SG":"hiina (hiina lihtsustatud, Singapur)","zh_Hans":"hiina (hiina lihtsustatud)","zh_Hant_HK":"hiina (hiina traditsiooniline, Hongkong - Hiina erihalduspiirkond)","zh_Hant_MO":"hiina (hiina traditsiooniline, Macau - Hiina erihalduspiirkond)","zh_Hant_TW":"hiina (hiina traditsiooniline, Taiwan)","zh_Hant":"hiina (hiina traditsiooniline)","zh_CN":"hiina (Hiina)","zh_HK":"hiina (Hongkong - Hiina erihalduspiirkond)","zh_MO":"hiina (Macau - Hiina erihalduspiirkond)","zh_SG":"hiina (Singapur)","zh_TW":"hiina (Taiwan)","hi":"hindi","hi_IN":"hindi (India)","es":"hispaania","es_US":"hispaania (Ameerika \u00dchendriigid)","es_AR":"hispaania (Argentina)","es_BO":"hispaania (Boliivia)","es_EA":"hispaania (Ceuta ja Melilla)","es_CO":"hispaania (Colombia)","es_CR":"hispaania (Costa Rica)","es_DO":"hispaania (Dominikaani Vabariik)","es_EC":"hispaania (Ecuador)","es_GQ":"hispaania (Ekvatoriaal-Guinea)","es_SV":"hispaania (El Salvador)","es_PH":"hispaania (Filipiinid)","es_GT":"hispaania (Guatemala)","es_ES":"hispaania (Hispaania)","es_HN":"hispaania (Honduras)","es_IC":"hispaania (Kanaari saared)","es_CU":"hispaania (Kuuba)","es_MX":"hispaania (Mehhiko)","es_NI":"hispaania (Nicaragua)","es_PA":"hispaania (Panama)","es_PY":"hispaania (Paraguay)","es_PE":"hispaania (Peruu)","es_PR":"hispaania (Puerto Rico)","es_CL":"hispaania (T\u0161iili)","es_UY":"hispaania (Uruguay)","es_VE":"hispaania (Venezuela)","nl":"hollandi","nl_AW":"hollandi (Aruba)","nl_BE":"hollandi (Belgia)","nl_CW":"hollandi (Cura\u00e7ao)","nl_NL":"hollandi (Holland)","nl_BQ":"hollandi (Hollandi Kariibi mere saared)","nl_SX":"hollandi (Sint Maarten)","nl_SR":"hollandi (Suriname)","hr":"horvaadi","hr_BA":"horvaadi (Bosnia ja Hertsegoviina)","hr_HR":"horvaadi (Horvaatia)","ig":"ibo","ig_NG":"ibo (Nigeeria)","ga":"iiri","ga_IE":"iiri (Iirimaa)","id":"indoneesia","id_ID":"indoneesia (Indoneesia)","en":"inglise","en_AS":"inglise (Ameerika Samoa)","en_US":"inglise (Ameerika \u00dchendriigid)","en_AI":"inglise (Anguilla)","en_AG":"inglise (Antigua ja Barbuda)","en_AU":"inglise (Austraalia)","en_BS":"inglise (Bahama)","en_BB":"inglise (Barbados)","en_PW":"inglise (Belau)","en_BE":"inglise (Belgia)","en_BZ":"inglise (Belize)","en_BM":"inglise (Bermuda)","en_BW":"inglise (Botswana)","en_IO":"inglise (Briti India ookeani ala)","en_VG":"inglise (Briti Neitsisaared)","en_CK":"inglise (Cooki saared)","en_DG":"inglise (Diego Garcia)","en_DM":"inglise (Dominica)","en_ER":"inglise (Eritrea)","en_FK":"inglise (Falklandi saared)","en_FJ":"inglise (Fid\u017ei)","en_PH":"inglise (Filipiinid)","en_GM":"inglise (Gambia)","en_GH":"inglise (Ghana)","en_GI":"inglise (Gibraltar)","en_GD":"inglise (Grenada)","en_GU":"inglise (Guam)","en_GG":"inglise (Guernsey)","en_GY":"inglise (Guyana)","en_HK":"inglise (Hongkong - Hiina erihalduspiirkond)","en_IE":"inglise (Iirimaa)","en_IN":"inglise (India)","en_JM":"inglise (Jamaica)","en_JE":"inglise (Jersey)","en_CX":"inglise (J\u00f5ulusaar)","en_KY":"inglise (Kaimanisaared)","en_CM":"inglise (Kamerun)","en_CA":"inglise (Kanada)","en_KE":"inglise (Kenya)","en_KI":"inglise (Kiribati)","en_CC":"inglise (Kookossaared)","en_LS":"inglise (Lesotho)","en_LR":"inglise (Libeeria)","en_ZA":"inglise (L\u00f5una-Aafrika Vabariik)","en_SS":"inglise (L\u00f5una-Sudaan)","en_MO":"inglise (Macau - Hiina erihalduspiirkond)","en_MG":"inglise (Madagaskar)","en_MY":"inglise (Malaisia)","en_MW":"inglise (Malawi)","en_MT":"inglise (Malta)","en_IM":"inglise (Mani saar)","en_MH":"inglise (Marshalli saared)","en_MU":"inglise (Mauritius)","en_FM":"inglise (Mikroneesia Liiduriigid)","en_MS":"inglise (Montserrat)","en_NA":"inglise (Namiibia)","en_NR":"inglise (Nauru)","en_NG":"inglise (Nigeeria)","en_NU":"inglise (Niue)","en_NF":"inglise (Norfolk)","en_PG":"inglise (Paapua Uus-Guinea)","en_PK":"inglise (Pakistan)","en_PN":"inglise (Pitcairni saared)","en_PR":"inglise (Puerto Rico)","en_MP":"inglise (P\u00f5hja-Mariaanid)","en_RW":"inglise (Rwanda)","en_SB":"inglise (Saalomoni Saared)","en_SH":"inglise (Saint Helena)","en_KN":"inglise (Saint Kitts ja Nevis)","en_LC":"inglise (Saint Lucia)","en_VC":"inglise (Saint Vincent ja Grenadiinid)","en_ZM":"inglise (Sambia)","en_WS":"inglise (Samoa)","en_SC":"inglise (Sei\u0161ellid)","en_SL":"inglise (Sierra Leone)","en_SG":"inglise (Singapur)","en_SX":"inglise (Sint Maarten)","en_SD":"inglise (Sudaan)","en_GB":"inglise (Suurbritannia)","en_SZ":"inglise (Svaasimaa)","en_ZW":"inglise (Zimbabwe)","en_TZ":"inglise (Tansaania)","en_TK":"inglise (Tokelau)","en_TO":"inglise (Tonga)","en_TT":"inglise (Trinidad ja Tobago)","en_TC":"inglise (Turks ja Caicos)","en_TV":"inglise (Tuvalu)","en_UG":"inglise (Uganda)","en_VI":"inglise (USA Neitsisaared)","en_NZ":"inglise (Uus-Meremaa)","en_VU":"inglise (Vanuatu)","en_UM":"inglise (\u00dchendriikide hajasaared)","is":"islandi","is_IS":"islandi (Island)","it":"itaalia","it_IT":"itaalia (Itaalia)","it_SM":"itaalia (San Marino)","it_CH":"itaalia (\u0160veits)","ja":"jaapani","ja_JP":"jaapani (Jaapan)","yi":"jidi\u0161i","yo":"joruba","yo_BJ":"joruba (Benin)","yo_NG":"joruba (Nigeeria)","kn":"kannada","kn_IN":"kannada (India)","kk":"kasahhi","kk_KZ":"kasahhi (Kasahstan)","kk_Cyrl_KZ":"kasahhi (kirillitsa, Kasahstan)","kk_Cyrl":"kasahhi (kirillitsa)","ks":"ka\u0161miiri","ks_Arab_IN":"ka\u0161miiri (araabia, India)","ks_Arab":"ka\u0161miiri (araabia)","ks_IN":"ka\u0161miiri (India)","ca":"katalaani","ca_AD":"katalaani (Andorra)","ca_ES":"katalaani (Hispaania)","ca_IT":"katalaani (Itaalia)","ca_FR":"katalaani (Prantsusmaa)","qu":"ket\u0161ua","qu_BO":"ket\u0161ua (Boliivia)","qu_EC":"ket\u0161ua (Ecuador)","qu_PE":"ket\u0161ua (Peruu)","km":"khmeeri","km_KH":"khmeeri (Kambod\u017ea)","ki":"kikuju","ki_KE":"kikuju (Kenya)","ky":"kirgiisi","ky_Cyrl_KG":"kirgiisi (kirillitsa, K\u00f5rg\u00f5zstan)","ky_Cyrl":"kirgiisi (kirillitsa)","ky_KG":"kirgiisi (K\u00f5rg\u00f5zstan)","ko":"korea","ko_KR":"korea (L\u00f5una-Korea)","ko_KP":"korea (P\u00f5hja-Korea)","kw":"korni","kw_GB":"korni (Suurbritannia)","el":"kreeka","el_GR":"kreeka (Kreeka)","el_CY":"kreeka (K\u00fcpros)","cy":"k\u00f5mri","cy_GB":"k\u00f5mri (Suurbritannia)","lo":"lao","lo_LA":"lao (Laos)","lt":"leedu","lt_LT":"leedu (Leedu)","lb":"letseburgi","lb_LU":"letseburgi (Luksemburg)","ln":"lingala","ln_AO":"lingala (Angola)","ln_CF":"lingala (Kesk-Aafrika Vabariik)","ln_CD":"lingala (Kongo DV)","ln_CG":"lingala (Kongo-Brazzaville)","lu":"luba","lu_CD":"luba (Kongo DV)","lv":"l\u00e4ti","lv_LV":"l\u00e4ti (L\u00e4ti)","fy":"l\u00e4\u00e4nefriisi","fy_NL":"l\u00e4\u00e4nefriisi (Holland)","mk":"makedoonia","mk_MK":"makedoonia (Makedoonia)","mg":"malagassi","mg_MG":"malagassi (Madagaskar)","ms":"malai","ms_BN":"malai (Brunei)","ms_Latn_BN":"malai (ladina, Brunei)","ms_Latn_MY":"malai (ladina, Malaisia)","ms_Latn_SG":"malai (ladina, Singapur)","ms_Latn":"malai (ladina)","ms_MY":"malai (Malaisia)","ms_SG":"malai (Singapur)","ml":"malajalami","ml_IN":"malajalami (India)","mt":"malta","mt_MT":"malta (Malta)","mr":"marathi","mr_IN":"marathi (India)","mn":"mongoli","mn_Cyrl_MN":"mongoli (kirillitsa, Mongoolia)","mn_Cyrl":"mongoli (kirillitsa)","mn_MN":"mongoli (Mongoolia)","gv":"m\u00e4nksi","gv_IM":"m\u00e4nksi (Mani saar)","ne":"nepali","ne_IN":"nepali (India)","ne_NP":"nepali (Nepal)","no":"norra","no_NO":"norra (Norra)","nb":"norra bokm\u00e5l","nb_NO":"norra bokm\u00e5l (Norra)","nb_SJ":"norra bokm\u00e5l (Svalbard ja Jan Mayen)","nn":"norra nynorsk","nn_NO":"norra nynorsk (Norra)","or":"oria","or_IN":"oria (India)","om":"oromo","om_ET":"oromo (Etioopia)","om_KE":"oromo (Kenya)","os":"osseedi","os_GE":"osseedi (Gruusia)","os_RU":"osseedi (Venemaa)","pa":"pand\u017eabi","pa_Arab_PK":"pand\u017eabi (araabia, Pakistan)","pa_Arab":"pand\u017eabi (araabia)","pa_Guru_IN":"pand\u017eabi (gurmukhi, India)","pa_Guru":"pand\u017eabi (gurmukhi)","pa_IN":"pand\u017eabi (India)","pa_PK":"pand\u017eabi (Pakistan)","pl":"poola","pl_PL":"poola (Poola)","pt":"portugali","pt_AO":"portugali (Angola)","pt_BR":"portugali (Brasiilia)","pt_GW":"portugali (Guinea-Bissau)","pt_TL":"portugali (Ida-Timor)","pt_MO":"portugali (Macau - Hiina erihalduspiirkond)","pt_MZ":"portugali (Mosambiik)","pt_PT":"portugali (Portugal)","pt_CV":"portugali (Roheneemesaared)","pt_ST":"portugali (S\u00e3o Tom\u00e9 ja Pr\u00edncipe)","fr":"prantsuse","fr_DZ":"prantsuse (Al\u017eeeria)","fr_BE":"prantsuse (Belgia)","fr_BJ":"prantsuse (Benin)","fr_BF":"prantsuse (Burkina Faso)","fr_BI":"prantsuse (Burundi)","fr_CI":"prantsuse (C\u00f4te d\u2019Ivoire)","fr_DJ":"prantsuse (Djibouti)","fr_GQ":"prantsuse (Ekvatoriaal-Guinea)","fr_GA":"prantsuse (Gabon)","fr_GP":"prantsuse (Guadeloupe)","fr_GN":"prantsuse (Guinea)","fr_HT":"prantsuse (Haiti)","fr_CM":"prantsuse (Kamerun)","fr_CA":"prantsuse (Kanada)","fr_CF":"prantsuse (Kesk-Aafrika Vabariik)","fr_KM":"prantsuse (Komoorid)","fr_CD":"prantsuse (Kongo DV)","fr_CG":"prantsuse (Kongo-Brazzaville)","fr_LU":"prantsuse (Luksemburg)","fr_MG":"prantsuse (Madagaskar)","fr_ML":"prantsuse (Mali)","fr_MA":"prantsuse (Maroko)","fr_MQ":"prantsuse (Martinique)","fr_MR":"prantsuse (Mauritaania)","fr_MU":"prantsuse (Mauritius)","fr_YT":"prantsuse (Mayotte)","fr_MC":"prantsuse (Monaco)","fr_NE":"prantsuse (Niger)","fr_GF":"prantsuse (Prantsuse Guajaana)","fr_PF":"prantsuse (Prantsuse Pol\u00fcneesia)","fr_FR":"prantsuse (Prantsusmaa)","fr_RE":"prantsuse (R\u00e9union)","fr_RW":"prantsuse (Rwanda)","fr_BL":"prantsuse (Saint Barth\u00e9lemy)","fr_MF":"prantsuse (Saint Martin)","fr_PM":"prantsuse (Saint Pierre ja Miquelon)","fr_SC":"prantsuse (Sei\u0161ellid)","fr_SN":"prantsuse (Senegal)","fr_SY":"prantsuse (S\u00fc\u00fcria)","fr_CH":"prantsuse (\u0160veits)","fr_TG":"prantsuse (Togo)","fr_TD":"prantsuse (T\u0161aad)","fr_TN":"prantsuse (Tuneesia)","fr_NC":"prantsuse (Uus-Kaledoonia)","fr_VU":"prantsuse (Vanuatu)","fr_WF":"prantsuse (Wallis ja Futuna)","ps":"pu\u0161tu","ps_AF":"pu\u0161tu (Afganistan)","nd":"p\u00f5hjandebele","nd_ZW":"p\u00f5hjandebele (Zimbabwe)","se":"p\u00f5hjasaami","se_NO":"p\u00f5hjasaami (Norra)","se_SE":"p\u00f5hjasaami (Rootsi)","se_FI":"p\u00f5hjasaami (Soome)","fa":"p\u00e4rsia","fa_AF":"p\u00e4rsia (Afganistan)","fa_IR":"p\u00e4rsia (Iraan)","rm":"retoromaani","rm_CH":"retoromaani (\u0160veits)","sv":"rootsi","sv_AX":"rootsi (Ahvenamaa)","sv_SE":"rootsi (Rootsi)","sv_FI":"rootsi (Soome)","rw":"ruanda","rw_RW":"ruanda (Rwanda)","ro":"rumeenia","ro_MD":"rumeenia (Moldova)","ro_RO":"rumeenia (Rumeenia)","rn":"rundi","rn_BI":"rundi (Burundi)","de":"saksa","de_AT":"saksa (Austria)","de_BE":"saksa (Belgia)","de_LI":"saksa (Liechtenstein)","de_LU":"saksa (Luksemburg)","de_DE":"saksa (Saksamaa)","de_CH":"saksa (\u0160veits)","sg":"sango","sg_CF":"sango (Kesk-Aafrika Vabariik)","sr":"serbia","sr_BA":"serbia (Bosnia ja Hertsegoviina)","sr_Cyrl_BA":"serbia (kirillitsa, Bosnia ja Hertsegoviina)","sr_Cyrl_XK":"serbia (kirillitsa, Kosovo)","sr_Cyrl_ME":"serbia (kirillitsa, Montenegro)","sr_Cyrl_RS":"serbia (kirillitsa, Serbia)","sr_Cyrl":"serbia (kirillitsa)","sr_XK":"serbia (Kosovo)","sr_Latn_BA":"serbia (ladina, Bosnia ja Hertsegoviina)","sr_Latn_XK":"serbia (ladina, Kosovo)","sr_Latn_ME":"serbia (ladina, Montenegro)","sr_Latn_RS":"serbia (ladina, Serbia)","sr_Latn":"serbia (ladina)","sr_ME":"serbia (Montenegro)","sr_RS":"serbia (Serbia)","sh":"serbia-horvaadi","sh_BA":"serbia-horvaadi (Bosnia ja Hertsegoviina)","ii":"sichuani jii","ii_CN":"sichuani jii (Hiina)","si":"singali","si_LK":"singali (Sri Lanka)","sk":"slovaki","sk_SK":"slovaki (Slovakkia)","sl":"sloveeni","sl_SI":"sloveeni (Sloveenia)","so":"somaali","so_DJ":"somaali (Djibouti)","so_ET":"somaali (Etioopia)","so_KE":"somaali (Kenya)","so_SO":"somaali (Somaalia)","fi":"soome","fi_FI":"soome (Soome)","sw":"suahiili","sw_KE":"suahiili (Kenya)","sw_TZ":"suahiili (Tansaania)","sw_UG":"suahiili (Uganda)","zu":"suulu","zu_ZA":"suulu (L\u00f5una-Aafrika Vabariik)","sn":"\u0161ona","sn_ZW":"\u0161ona (Zimbabwe)","da":"taani","da_GL":"taani (Gr\u00f6\u00f6nimaa)","da_DK":"taani (Taani)","tl":"tagalogi","tl_PH":"tagalogi (Filipiinid)","th":"tai","th_TH":"tai (Tai)","ta":"tamili","ta_IN":"tamili (India)","ta_MY":"tamili (Malaisia)","ta_SG":"tamili (Singapur)","ta_LK":"tamili (Sri Lanka)","te":"telugu","te_IN":"telugu (India)","ti":"tigrinja","ti_ER":"tigrinja (Eritrea)","ti_ET":"tigrinja (Etioopia)","bo":"tiibeti","bo_CN":"tiibeti (Hiina)","bo_IN":"tiibeti (India)","to":"tonga","to_TO":"tonga (Tonga)","cs":"t\u0161ehhi","cs_CZ":"t\u0161ehhi (T\u0161ehhi)","tr":"t\u00fcrgi","tr_CY":"t\u00fcrgi (K\u00fcpros)","tr_TR":"t\u00fcrgi (T\u00fcrgi)","ug":"uiguuri","ug_Arab_CN":"uiguuri (araabia, Hiina)","ug_Arab":"uiguuri (araabia)","ug_CN":"uiguuri (Hiina)","uk":"ukraina","uk_UA":"ukraina (Ukraina)","hu":"ungari","hu_HU":"ungari (Ungari)","ur":"urdu","ur_IN":"urdu (India)","ur_PK":"urdu (Pakistan)","uz":"usbeki","uz_AF":"usbeki (Afganistan)","uz_Arab_AF":"usbeki (araabia, Afganistan)","uz_Arab":"usbeki (araabia)","uz_Cyrl_UZ":"usbeki (kirillitsa, Usbekistan)","uz_Cyrl":"usbeki (kirillitsa)","uz_Latn_UZ":"usbeki (ladina, Usbekistan)","uz_Latn":"usbeki (ladina)","uz_UZ":"usbeki (Usbekistan)","be":"valgevene","be_BY":"valgevene (Valgevene)","ru":"vene","ru_KZ":"vene (Kasahstan)","ru_KG":"vene (K\u00f5rg\u00f5zstan)","ru_MD":"vene (Moldova)","ru_UA":"vene (Ukraina)","ru_BY":"vene (Valgevene)","ru_RU":"vene (Venemaa)","vi":"vietnami","vi_VN":"vietnami (Vietnam)"}