{"af":"afrikaansa","af_ZA":"afrikaansa (Hegoafrika)","af_NA":"afrikaansa (Namibia)","ak":"akanera","ak_GH":"akanera (Ghana)","sq":"albaniera","sq_AL":"albaniera (Albania)","sq_XK":"albaniera (Kosovo)","sq_MK":"albaniera (Mazedonia)","de":"alemana","de_DE":"alemana (Alemania)","de_AT":"alemana (Austria)","de_BE":"alemana (Belgika)","de_LI":"alemana (Liechtenstein)","de_LU":"alemana (Luxenburgo)","de_CH":"alemana (Suitza)","am":"amharera","am_ET":"amharera (Etiopia)","ar":"arabiera","ar_DZ":"arabiera (Aljeria)","ar_AE":"arabiera (Arabiar Emirrerri Batuak)","ar_BH":"arabiera (Bahrain)","ar_DJ":"arabiera (Djibuti)","ar_EG":"arabiera (Egipto)","ar_ER":"arabiera (Eritrea)","ar_SS":"arabiera (Hego Sudan)","ar_IQ":"arabiera (Irak)","ar_IL":"arabiera (Israel)","ar_JO":"arabiera (Jordania)","ar_KM":"arabiera (Komoreak)","ar_KW":"arabiera (Kuwait)","ar_LB":"arabiera (Libano)","ar_LY":"arabiera (Libia)","ar_MA":"arabiera (Maroko)","ar_MR":"arabiera (Mauritania)","ar_EH":"arabiera (Mendebaldeko Sahara)","ar_OM":"arabiera (Oman)","ar_PS":"arabiera (Palestinako Lurraldeak)","ar_QA":"arabiera (Qatar)","ar_SA":"arabiera (Saudi Arabia)","ar_SY":"arabiera (Siria)","ar_SO":"arabiera (Somalia)","ar_SD":"arabiera (Sudan)","ar_TN":"arabiera (Tunisia)","ar_TD":"arabiera (Txad)","ar_YE":"arabiera (Yemen)","hy":"armeniera","hy_AM":"armeniera (Armenia)","as":"assamera","as_IN":"assamera (India)","az":"azerbaijanera","az_AZ":"azerbaijanera (Azerbaijan)","az_Latn_AZ":"azerbaijanera (latina, Azerbaijan)","az_Latn":"azerbaijanera (latina)","az_Cyrl_AZ":"azerbaijanera (zirilikoa, Azerbaijan)","az_Cyrl":"azerbaijanera (zirilikoa)","bm":"bambarera","bm_Latn_ML":"bambarera (latina, Mali)","bm_Latn":"bambarera (latina)","bn":"bengalera","bn_BD":"bengalera (Bangladesh)","bn_IN":"bengalera (India)","be":"bielorrusiera","be_BY":"bielorrusiera (Bielorrusia)","nb_NO":"bokmala (Norvegia)","nb":"bokmala (Norvegia)","nb_SJ":"bokmala (Svalbard eta Jan Mayen uharteak)","bs":"bosniera","bs_BA":"bosniera (Bosnia-Herzegovina)","bs_Latn_BA":"bosniera (latina, Bosnia-Herzegovina)","bs_Latn":"bosniera (latina)","bs_Cyrl_BA":"bosniera (zirilikoa, Bosnia-Herzegovina)","bs_Cyrl":"bosniera (zirilikoa)","br":"bretoiera","br_FR":"bretoiera (Frantzia)","bg":"bulgariera","bg_BG":"bulgariera (Bulgaria)","my":"burmatarra","my_MM":"burmatarra (Myanmar)","da":"daniera","da_DK":"daniera (Danimarka)","da_GL":"daniera (Groenlandia)","dz":"dzongkha","dz_BT":"dzongkha (Bhutan)","rm":"erromantxera","rm_CH":"erromantxera (Suitza)","ro":"errumaniera","ro_RO":"errumaniera (Errumania)","ro_MD":"errumaniera (Moldavia)","ru":"errusiera","ru_BY":"errusiera (Bielorrusia)","ru_RU":"errusiera (Errusia)","ru_KZ":"errusiera (Kazakhstan)","ru_KG":"errusiera (Kirgizistan)","ru_MD":"errusiera (Moldavia)","ru_UA":"errusiera (Ukraina)","gd":"eskoziako gaelikoa","gd_GB":"eskoziako gaelikoa (Erresuma Batua)","sk":"eslovakiera","sk_SK":"eslovakiera (Eslovakia)","sl":"esloveniera","sl_SI":"esloveniera (Eslovenia)","es":"espainiera","es_US":"espainiera (Ameriketako Estatu Batuak)","es_AR":"espainiera (Argentina)","es_BO":"espainiera (Bolivia)","es_EA":"espainiera (Ceuta eta Melilla)","es_CR":"espainiera (Costa Rica)","es_DO":"espainiera (Dominikar Errepublika)","es_EC":"espainiera (Ekuador)","es_GQ":"espainiera (Ekuatore Ginea)","es_SV":"espainiera (El Salvador)","es_ES":"espainiera (Espainia)","es_PH":"espainiera (Filipinak)","es_GT":"espainiera (Guatemala)","es_HN":"espainiera (Honduras)","es_IC":"espainiera (Kanariak)","es_CO":"espainiera (Kolonbia)","es_CU":"espainiera (Kuba)","es_MX":"espainiera (Mexiko)","es_NI":"espainiera (Nikaragua)","es_PA":"espainiera (Panama)","es_PY":"espainiera (Paraguai)","es_PE":"espainiera (Peru)","es_PR":"espainiera (Puerto Rico)","es_CL":"espainiera (Txile)","es_UY":"espainiera (Uruguai)","es_VE":"espainiera (Venezuela)","eo":"esperantoa","et":"estoniera","et_EE":"estoniera (Estonia)","eu":"euskara","eu_ES":"euskara (Espainia)","ee":"eweera","ee_GH":"eweera (Ghana)","ee_TG":"eweera (Togo)","fo":"faroera","fo_FO":"faroera (Faroe uharteak)","fi":"finlandiera","fi_FI":"finlandiera (Finlandia)","fr":"frantsesa","fr_CF":"frantsesa (Afrika Erdiko Errepublika)","fr_DZ":"frantsesa (Aljeria)","fr_BE":"frantsesa (Belgika)","fr_BJ":"frantsesa (Benin)","fr_CI":"frantsesa (Boli Kosta)","fr_BF":"frantsesa (Burkina Faso)","fr_BI":"frantsesa (Burundi)","fr_DJ":"frantsesa (Djibuti)","fr_GQ":"frantsesa (Ekuatore Ginea)","fr_FR":"frantsesa (Frantzia)","fr_GA":"frantsesa (Gabon)","fr_GN":"frantsesa (Ginea)","fr_GP":"frantsesa (Guadalupe)","fr_GF":"frantsesa (Guyana Frantsesa)","fr_HT":"frantsesa (Haiti)","fr_NC":"frantsesa (Kaledonia Berria)","fr_CM":"frantsesa (Kamerun)","fr_CA":"frantsesa (Kanada)","fr_KM":"frantsesa (Komoreak)","fr_CG":"frantsesa (Kongo (Brazzaville))","fr_CD":"frantsesa (Kongoko Errepublika Demokratikoa)","fr_LU":"frantsesa (Luxenburgo)","fr_MG":"frantsesa (Madagaskar)","fr_ML":"frantsesa (Mali)","fr_MA":"frantsesa (Maroko)","fr_MQ":"frantsesa (Martinika)","fr_MR":"frantsesa (Mauritania)","fr_MU":"frantsesa (Maurizio)","fr_YT":"frantsesa (Mayotte)","fr_MC":"frantsesa (Monako)","fr_NE":"frantsesa (Niger)","fr_PF":"frantsesa (Polinesia Frantsesa)","fr_RE":"frantsesa (Reunion)","fr_RW":"frantsesa (Ruanda)","fr_MF":"frantsesa (Saint Martin)","fr_PM":"frantsesa (Saint-Pierre eta Mikelune)","fr_BL":"frantsesa (San Bartolome)","fr_SN":"frantsesa (Senegal)","fr_SC":"frantsesa (Seychelleak)","fr_SY":"frantsesa (Siria)","fr_CH":"frantsesa (Suitza)","fr_TG":"frantsesa (Togo)","fr_TN":"frantsesa (Tunisia)","fr_TD":"frantsesa (Txad)","fr_VU":"frantsesa (Vanuatu)","fr_WF":"frantsesa (Wallis eta Futuna)","fy":"frisiera","fy_NL":"frisiera (Herbehereak)","ff":"Fulah","ff_CM":"Fulah (Cameroon)","ff_GN":"Fulah (Guinea)","ff_MR":"Fulah (Mauritania)","ff_SN":"Fulah (Senegal)","ga":"gaelikoa","ga_IE":"gaelikoa (Irlanda)","cy":"galesera","cy_GB":"galesera (Erresuma Batua)","gl":"galiziera","gl_ES":"galiziera (Espainia)","lg":"gandera","lg_UG":"gandera (Uganda)","ka":"georgiera","ka_GE":"georgiera (Georgia)","el":"greziera","el_GR":"greziera (Grezia)","el_CY":"greziera (Zipre)","gu":"gujaratera","gu_IN":"gujaratera (India)","ha":"hausa","ha_GH":"hausa (Ghana)","ha_Latn_GH":"hausa (latina, Ghana)","ha_Latn_NE":"hausa (latina, Niger)","ha_Latn_NG":"hausa (latina, Nigeria)","ha_Latn":"hausa (latina)","ha_NE":"hausa (Niger)","ha_NG":"hausa (Nigeria)","he":"hebreera","he_IL":"hebreera (Israel)","hi":"hindia","hi_IN":"hindia (India)","hu":"hungariera","hu_HU":"hungariera (Hungaria)","ig":"igboera","ig_NG":"igboera (Nigeria)","id":"indonesiera","id_ID":"indonesiera (Indonesia)","en":"ingelesa","en_AS":"ingelesa (Amerikar Samoa)","en_US":"ingelesa (Ameriketako Estatu Batuak)","en_UM":"ingelesa (Ameriketako Estatu Batuetako Kanpoaldeko Uharte Txikiak)","en_AI":"ingelesa (Angila)","en_AG":"ingelesa (Antigua eta Barbuda)","en_AU":"ingelesa (Australia)","en_BS":"ingelesa (Bahamak)","en_BB":"ingelesa (Barbados)","en_BE":"ingelesa (Belgika)","en_BZ":"ingelesa (Belize)","en_BM":"ingelesa (Bermuda)","en_VI":"ingelesa (Birjina uharte amerikarrak)","en_VG":"ingelesa (Birjina uharte britainiarrak)","en_BW":"ingelesa (Botswana)","en_CX":"ingelesa (Christmas uhartea)","en_CC":"ingelesa (Cocos (Keeling) uharteak)","en_CK":"ingelesa (Cook uharteak)","en_DG":"ingelesa (Diego Garcia)","en_DM":"ingelesa (Dominika)","en_ER":"ingelesa (Eritrea)","en_GB":"ingelesa (Erresuma Batua)","en_FJ":"ingelesa (Fiji)","en_PH":"ingelesa (Filipinak)","en_GM":"ingelesa (Gambia)","en_GH":"ingelesa (Ghana)","en_GI":"ingelesa (Gibraltar)","en_GD":"ingelesa (Grenada)","en_GU":"ingelesa (Guam)","en_GG":"ingelesa (Guernsey)","en_GY":"ingelesa (Guyana)","en_SS":"ingelesa (Hego Sudan)","en_ZA":"ingelesa (Hegoafrika)","en_HK":"ingelesa (Hong Kong AEB Txina)","en_IN":"ingelesa (India)","en_IO":"ingelesa (Indiako Ozeanoko lurralde britainiarra)","en_MP":"ingelesa (Iparraldeko Mariana uharteak)","en_IE":"ingelesa (Irlanda)","en_JM":"ingelesa (Jamaika)","en_JE":"ingelesa (Jersey)","en_KY":"ingelesa (Kaiman uharteak)","en_CM":"ingelesa (Kamerun)","en_CA":"ingelesa (Kanada)","en_KE":"ingelesa (Kenya)","en_KI":"ingelesa (Kiribati)","en_LS":"ingelesa (Lesotho)","en_LR":"ingelesa (Liberia)","en_MO":"ingelesa (Macau AEB Txina)","en_MG":"ingelesa (Madagaskar)","en_MW":"ingelesa (Malawi)","en_MY":"ingelesa (Malaysia)","en_MT":"ingelesa (Malta)","en_FK":"ingelesa (Malvinak)","en_IM":"ingelesa (Man uhartea)","en_MH":"ingelesa (Marshall uharteak)","en_MU":"ingelesa (Maurizio)","en_FM":"ingelesa (Mikronesia)","en_MS":"ingelesa (Montserrat)","en_NA":"ingelesa (Namibia)","en_NR":"ingelesa (Nauru)","en_NG":"ingelesa (Nigeria)","en_NU":"ingelesa (Niue)","en_NF":"ingelesa (Norfolk uhartea)","en_PK":"ingelesa (Pakistan)","en_PW":"ingelesa (Palau)","en_PG":"ingelesa (Papua Ginea Berria)","en_PN":"ingelesa (Pitcairn uharteak)","en_PR":"ingelesa (Puerto Rico)","en_RW":"ingelesa (Ruanda)","en_SH":"ingelesa (Saint Helena)","en_KN":"ingelesa (Saint Kitts eta Nevis)","en_VC":"ingelesa (Saint Vincent eta Grenadinak)","en_SB":"ingelesa (Salomon uharteak)","en_WS":"ingelesa (Samoa)","en_LC":"ingelesa (Santa Luzia)","en_SC":"ingelesa (Seychelleak)","en_SL":"ingelesa (Sierra Leona)","en_SG":"ingelesa (Singapur)","en_SX":"ingelesa (Sint Maarten)","en_SD":"ingelesa (Sudan)","en_SZ":"ingelesa (Swazilandia)","en_TZ":"ingelesa (Tanzania)","en_TK":"ingelesa (Tokelau)","en_TO":"ingelesa (Tonga)","en_TT":"ingelesa (Trinidad eta Tobago)","en_TC":"ingelesa (Turk eta Caicos uharteak)","en_TV":"ingelesa (Tuvalu)","en_UG":"ingelesa (Uganda)","en_VU":"ingelesa (Vanuatu)","en_ZM":"ingelesa (Zambia)","en_NZ":"ingelesa (Zeelanda Berria)","en_ZW":"ingelesa (Zimbabwe)","nd":"iparraldeko ndebeleera","nd_ZW":"iparraldeko ndebeleera (Zimbabwe)","se":"iparraldeko samiera","se_FI":"iparraldeko samiera (Finlandia)","se_NO":"iparraldeko samiera (Norvegia)","se_SE":"iparraldeko samiera (Suedia)","is":"islandiera","is_IS":"islandiera (Islandia)","it":"italiera","it_IT":"italiera (Italia)","it_SM":"italiera (San Marino)","it_CH":"italiera (Suitza)","ja":"japoniera","ja_JP":"japoniera (Japonia)","yi":"Jiddisha","kl":"kalaallisutera","kl_GL":"kalaallisutera (Groenlandia)","kn":"kannadera","kn_IN":"kannadera (India)","ks":"kashmirera","ks_Arab_IN":"kashmirera (arabiarra, India)","ks_Arab":"kashmirera (arabiarra)","ks_IN":"kashmirera (India)","ca":"katalana","ca_AD":"katalana (Andorra)","ca_ES":"katalana (Espainia)","ca_FR":"katalana (Frantzia)","ca_IT":"katalana (Italia)","kk":"kazakhera","kk_KZ":"kazakhera (Kazakhstan)","kk_Cyrl_KZ":"kazakhera (zirilikoa, Kazakhstan)","kk_Cyrl":"kazakhera (zirilikoa)","km":"khemerera","km_KH":"khemerera (Kanbodia)","ki":"kikuyuera","ki_KE":"kikuyuera (Kenya)","rw":"kinyaruanda","rw_RW":"kinyaruanda (Ruanda)","ky":"kirgizera","ky_KG":"kirgizera (Kirgizistan)","ky_Cyrl_KG":"kirgizera (zirilikoa, Kirgizistan)","ky_Cyrl":"kirgizera (zirilikoa)","ko":"koreera","ko_KR":"koreera (Hego Korea)","ko_KP":"koreera (Ipar Korea)","kw":"kornubiera","kw_GB":"kornubiera (Erresuma Batua)","hr":"kroaziera","hr_BA":"kroaziera (Bosnia-Herzegovina)","hr_HR":"kroaziera (Kroazia)","lo":"laosera","lo_LA":"laosera (Laos)","lv":"letoniera","lv_LV":"letoniera (Letonia)","ln":"lingala","ln_CF":"lingala (Afrika Erdiko Errepublika)","ln_AO":"lingala (Angola)","ln_CG":"lingala (Kongo (Brazzaville))","ln_CD":"lingala (Kongoko Errepublika Demokratikoa)","lt":"lituaniera","lt_LT":"lituaniera (Lituania)","lu":"luba-katangera","lu_CD":"luba-katangera (Kongoko Errepublika Demokratikoa)","lb":"luxenburgera","lb_LU":"luxenburgera (Luxenburgo)","mg":"malagasyera","mg_MG":"malagasyera (Madagaskar)","ml":"malayalamera","ml_IN":"malayalamera (India)","ms":"malaysiera","ms_BN":"malaysiera (Brunei)","ms_Latn_BN":"malaysiera (latina, Brunei)","ms_Latn_MY":"malaysiera (latina, Malaysia)","ms_Latn_SG":"malaysiera (latina, Singapur)","ms_Latn":"malaysiera (latina)","ms_MY":"malaysiera (Malaysia)","ms_SG":"malaysiera (Singapur)","mt":"maltera","mt_MT":"maltera (Malta)","gv":"manxera","gv_IM":"manxera (Man uhartea)","mr":"marathera","mr_IN":"marathera (India)","mk":"mazedoniera","mk_MK":"mazedoniera (Mazedonia)","mn":"mongoliera","mn_MN":"mongoliera (Mongolia)","mn_Cyrl_MN":"mongoliera (zirilikoa, Mongolia)","mn_Cyrl":"mongoliera (zirilikoa)","nl":"nederlandera","nl_AW":"nederlandera (Aruba)","nl_BE":"nederlandera (Belgika)","nl_CW":"nederlandera (Cura\u00e7ao)","nl_NL":"nederlandera (Herbehereak)","nl_BQ":"nederlandera (Karibeko Herbehereak)","nl_SX":"nederlandera (Sint Maarten)","nl_SR":"nederlandera (Surinam)","ne":"nepalera","ne_IN":"nepalera (India)","ne_NP":"nepalera (Nepal)","no":"norvegiera","no_NO":"norvegiera (Norvegia)","nn":"nynorsk norvegiera","nn_NO":"nynorsk norvegiera (Norvegia)","or":"oriyera","or_IN":"oriyera (India)","om":"oromoera","om_ET":"oromoera (Etiopia)","om_KE":"oromoera (Kenya)","os":"osetiera","os_RU":"osetiera (Errusia)","os_GE":"osetiera (Georgia)","ps":"paxtuera","ps_AF":"paxtuera (Afganistan)","fa":"persiera","fa_AF":"persiera (Afganistan)","fa_IR":"persiera (Iran)","pl":"poloniera","pl_PL":"poloniera (Polonia)","pt":"portugesa","pt_AO":"portugesa (Angola)","pt_BR":"portugesa (Brasil)","pt_CV":"portugesa (Cabo Verde)","pt_TL":"portugesa (Ekialdeko Timor)","pt_GW":"portugesa (Ginea-Bissau)","pt_MO":"portugesa (Macau AEB Txina)","pt_MZ":"portugesa (Mozambike)","pt_PT":"portugesa (Portugal)","pt_ST":"portugesa (Sao Tome eta Principe)","pa":"punjabera","pa_Arab_PK":"punjabera (arabiarra, Pakistan)","pa_Arab":"punjabera (arabiarra)","pa_Guru_IN":"punjabera (gurmukhia, India)","pa_Guru":"punjabera (gurmukhia)","pa_IN":"punjabera (India)","pa_PK":"punjabera (Pakistan)","qu":"quechuera","qu_BO":"quechuera (Bolivia)","qu_EC":"quechuera (Ekuador)","qu_PE":"quechuera (Peru)","rn":"rundiera","rn_BI":"rundiera (Burundi)","sg":"sangoera","sg_CF":"sangoera (Afrika Erdiko Errepublika)","sr":"serbiera","sr_BA":"serbiera (Bosnia-Herzegovina)","sr_XK":"serbiera (Kosovo)","sr_Latn_BA":"serbiera (latina, Bosnia-Herzegovina)","sr_Latn_XK":"serbiera (latina, Kosovo)","sr_Latn_ME":"serbiera (latina, Montenegro)","sr_Latn_RS":"serbiera (latina, Serbia)","sr_Latn":"serbiera (latina)","sr_ME":"serbiera (Montenegro)","sr_RS":"serbiera (Serbia)","sr_Cyrl_BA":"serbiera (zirilikoa, Bosnia-Herzegovina)","sr_Cyrl_XK":"serbiera (zirilikoa, Kosovo)","sr_Cyrl_ME":"serbiera (zirilikoa, Montenegro)","sr_Cyrl_RS":"serbiera (zirilikoa, Serbia)","sr_Cyrl":"serbiera (zirilikoa)","sh":"serbokroaziera","sh_BA":"serbokroaziera (Bosnia-Herzegovina)","sn":"shonera","sn_ZW":"shonera (Zimbabwe)","ii":"sichuan yia","ii_CN":"sichuan yia (Txina)","si":"sinhala","si_LK":"sinhala (Sri Lanka)","so":"somaliera","so_DJ":"somaliera (Djibuti)","so_ET":"somaliera (Etiopia)","so_KE":"somaliera (Kenya)","so_SO":"somaliera (Somalia)","sv":"suediera","sv_AX":"suediera (Aland uharteak)","sv_FI":"suediera (Finlandia)","sv_SE":"suediera (Suedia)","sw":"swahili","sw_KE":"swahili (Kenya)","sw_TZ":"swahili (Tanzania)","sw_UG":"swahili (Uganda)","tl":"tagalog","tl_PH":"tagalog (Filipinak)","ta":"tamilera","ta_IN":"tamilera (India)","ta_MY":"tamilera (Malaysia)","ta_SG":"tamilera (Singapur)","ta_LK":"tamilera (Sri Lanka)","te":"teluguera","te_IN":"teluguera (India)","th":"thailandiera","th_TH":"thailandiera (Thailandia)","bo":"tibetera","bo_IN":"tibetera (India)","bo_CN":"tibetera (Txina)","ti":"tigri\u00f1era","ti_ER":"tigri\u00f1era (Eritrea)","ti_ET":"tigri\u00f1era (Etiopia)","to":"tongera","to_TO":"tongera (Tonga)","tr":"turkiera","tr_TR":"turkiera (Turkia)","tr_CY":"turkiera (Zipre)","cs":"txekiera","cs_CZ":"txekiera (Txekiar Errepublika)","zh":"txinera","zh_HK":"txinera (Hong Kong AEB Txina)","zh_MO":"txinera (Macau AEB Txina)","zh_SG":"txinera (Singapur)","zh_Hans_HK":"txinera (sinplifikatua, Hong Kong AEB Txina)","zh_Hans_MO":"txinera (sinplifikatua, Macau AEB Txina)","zh_Hans_SG":"txinera (sinplifikatua, Singapur)","zh_Hans_CN":"txinera (sinplifikatua, Txina)","zh_Hans":"txinera (sinplifikatua)","zh_TW":"txinera (Taiwan)","zh_Hant_HK":"txinera (tradizionala, Hong Kong AEB Txina)","zh_Hant_MO":"txinera (tradizionala, Macau AEB Txina)","zh_Hant_TW":"txinera (tradizionala, Taiwan)","zh_Hant":"txinera (tradizionala)","zh_CN":"txinera (Txina)","ug":"uigurrera","ug_Arab_CN":"uigurrera (arabiarra, Txina)","ug_Arab":"uigurrera (arabiarra)","ug_CN":"uigurrera (Txina)","uk":"ukrainera","uk_UA":"ukrainera (Ukraina)","ur":"urdua","ur_IN":"urdua (India)","ur_PK":"urdua (Pakistan)","uz":"uzbekera","uz_AF":"uzbekera (Afganistan)","uz_Arab_AF":"uzbekera (arabiarra, Afganistan)","uz_Arab":"uzbekera (arabiarra)","uz_Latn_UZ":"uzbekera (latina, Uzbekistan)","uz_Latn":"uzbekera (latina)","uz_UZ":"uzbekera (Uzbekistan)","uz_Cyrl_UZ":"uzbekera (zirilikoa, Uzbekistan)","uz_Cyrl":"uzbekera (zirilikoa)","vi":"vietnamera","vi_VN":"vietnamera (Vietnam)","yo":"yorubera","yo_BJ":"yorubera (Benin)","yo_NG":"yorubera (Nigeria)","zu":"zuluera","zu_ZA":"zuluera (Hegoafrika)"}