{"ar":"Aarabeere","ar_DZ":"Aarabeere (Alaseri)","ar_SA":"Aarabeere (Arabii Sawdit)","ar_BH":"Aarabeere (Bahreyn)","ar_TD":"Aarabeere (Caad)","ar_EG":"Aarabeere (Ejipt)","ar_AE":"Aarabeere (Emiraat Araab Denntu\u0257e)","ar_ER":"Aarabeere (Eriteree)","ar_IQ":"Aarabeere (Iraak)","ar_IL":"Aarabeere (Israa\u2019iila)","ar_DJ":"Aarabeere (Jibutii)","ar_JO":"Aarabeere (Jordani)","ar_QA":"Aarabeere (Kataar)","ar_KM":"Aarabeere (Komoor)","ar_KW":"Aarabeere (Kuweyti)","ar_LB":"Aarabeere (Libaa)","ar_LY":"Aarabeere (Libi)","ar_MA":"Aarabeere (Maruk)","ar_MR":"Aarabeere (Muritani)","ar_OM":"Aarabeere (Omaan)","ar_PS":"Aarabeere (Palestiin Sisjordani e Gaasaa)","ar_SY":"Aarabeere (Sirii)","ar_SO":"Aarabeere (Somalii)","ar_SD":"Aarabeere (Sudaan)","ar_TN":"Aarabeere (Tunisii)","ar_YE":"Aarabeere (Yemen)","af":"Afrikaans","af_NA":"Afrikaans (Namibia)","af_ZA":"Afrikaans (South Africa)","ak":"Akaan","ak_GH":"Akaan (Ganaa)","sq":"Albanian","sq_AL":"Albanian (Albania)","sq_XK":"Albanian (Kosovo)","sq_MK":"Albanian (Macedonia)","am":"Amarik","am_ET":"Amarik (Ecoppi)","ar_SS":"Arabic (South Sudan)","ar_EH":"Arabic (Western Sahara)","hy":"Armenian","hy_AM":"Armenian (Armenia)","as":"Assamese","as_IN":"Assamese (India)","az":"Azerbaijani","az_AZ":"Azerbaijani (Azerbaijan)","az_Cyrl_AZ":"Azerbaijani (Cyrillic, Azerbaijan)","az_Cyrl":"Azerbaijani (Cyrillic)","az_Latn_AZ":"Azerbaijani (Latin, Azerbaijan)","az_Latn":"Azerbaijani (Latin)","bm":"Bambara","bm_Latn_ML":"Bambara (Latin, Mali)","bm_Latn":"Bambara (Latin)","eu":"Basque","eu_ES":"Basque (Spain)","be":"Belaruuse","be_BY":"Belaruuse (Belaruus)","bn":"Bengali","bn_BD":"Bengali (Banglaadees)","bn_IN":"Bengali (Enndo)","bs":"Bosnian","bs_BA":"Bosnian (Bosnia & Herzegovina)","bs_Cyrl_BA":"Bosnian (Cyrillic, Bosnia & Herzegovina)","bs_Cyrl":"Bosnian (Cyrillic)","bs_Latn_BA":"Bosnian (Latin, Bosnia & Herzegovina)","bs_Latn":"Bosnian (Latin)","br":"Breton","br_FR":"Breton (France)","bg":"Bulgariire","bg_BG":"Bulgariire (Bulgarii)","my":"Burmeese","my_MM":"Burmeese (Miyamaar)","ca":"Catalan","ca_AD":"Catalan (Andorra)","ca_FR":"Catalan (France)","ca_IT":"Catalan (Italy)","ca_ES":"Catalan (Spain)","cs":"Cekkere","cs_CZ":"Cekkere (Ndenndaandi Cek)","zh_HK":"Chinese (Hong Kong SAR China)","zh_MO":"Chinese (Macau SAR China)","zh_Hans_CN":"Chinese (Simplified, China)","zh_Hans_HK":"Chinese (Simplified, Hong Kong SAR China)","zh_Hans_MO":"Chinese (Simplified, Macau SAR China)","zh_Hans_SG":"Chinese (Simplified, Singapore)","zh_Hans":"Chinese (Simplified)","zh_Hant_HK":"Chinese (Traditional, Hong Kong SAR China)","zh_Hant_MO":"Chinese (Traditional, Macau SAR China)","zh_Hant_TW":"Chinese (Traditional, Taiwan)","zh_Hant":"Chinese (Traditional)","kw":"Cornish","kw_GB":"Cornish (United Kingdom)","hr":"Croatian","hr_BA":"Croatian (Bosnia & Herzegovina)","hr_HR":"Croatian (Croatia)","nl":"Dacceere","nl_AW":"Dacceere (Aruuba)","nl_BE":"Dacceere (Beljik)","nl_NL":"Dacceere (Nederlannda)","nl_SR":"Dacceere (Surinaam)","da":"Danish","da_DK":"Danish (Denmark)","da_GL":"Danish (Greenland)","de":"Docceere","de_DE":"Docceere (Almaa\u00f1)","de_BE":"Docceere (Beljik)","de_LU":"Docceere (Liksembuur)","de_LI":"Docceere (Lincenstayn)","de_AT":"Docceere (Otiriis)","de_CH":"Docceere (Suwiis)","nl_BQ":"Dutch (Caribbean Netherlands)","nl_CW":"Dutch (Cura\u00e7ao)","nl_SX":"Dutch (Sint Maarten)","dz":"Dzongkha","dz_BT":"Dzongkha (Bhutan)","id":"Endonesiire","id_ID":"Endonesiire (Enndonesii)","en":"Engeleere","en_ZA":"Engeleere (Afrik b\u014b Worgo)","en_AI":"Engeleere (Anngiyaa)","en_AG":"Engeleere (Antiguwaa e Barbudaa)","en_BS":"Engeleere (Bahamaas)","en_BB":"Engeleere (Barbadoos)","en_BZ":"Engeleere (Beliise)","en_BE":"Engeleere (Beljik)","en_BM":"Engeleere (Bermudaa)","en_BW":"Engeleere (Botswaana)","en_DM":"Engeleere (Dominika)","en_US":"Engeleere (Dowlaaji Dentu\u0257i Amerik)","en_FK":"Engeleere (Duu\u0257e Falkland)","en_KY":"Engeleere (Duu\u0257e Kaymaa)","en_VI":"Engeleere (Duu\u0257e Kecce Amerik)","en_VG":"Engeleere (duu\u0257e kecce britanii)","en_CK":"Engeleere (Duu\u0257e Kuuk)","en_MP":"Engeleere (Duu\u0257e Mariyaana Rewo)","en_MH":"Engeleere (Duu\u0257e Marsaal)","en_NF":"Engeleere (Duu\u0257e Norfolk)","en_SB":"Engeleere (Duu\u0257e Solomon)","en_TC":"Engeleere (Duu\u0257e Turke e Keikoos)","en_IN":"Engeleere (Enndo)","en_ER":"Engeleere (Eriteree)","en_FJ":"Engeleere (Fijji)","en_PH":"Engeleere (Filipiin)","en_GM":"Engeleere (Gammbi)","en_GH":"Engeleere (Ganaa)","en_GD":"Engeleere (Garnaad)","en_GY":"Engeleere (Giyaan)","en_GU":"Engeleere (Guwam)","en_IE":"Engeleere (Irlannda)","en_JM":"Engeleere (Jamayka)","en_GI":"Engeleere (Jibraltaar)","en_CM":"Engeleere (Kameruun)","en_CA":"Engeleere (Kanadaa)","en_IO":"Engeleere (Keeriindi britaani to maayo enndo)","en_KE":"Engeleere (Ke\u00f1aa)","en_KI":"Engeleere (Kiribari)","en_GB":"Engeleere (Laamateeri Rentundi)","en_LS":"Engeleere (Lesoto)","en_LR":"Engeleere (Liberiyaa)","en_MG":"Engeleere (Madagaskaar)","en_MW":"Engeleere (Malaawi)","en_MY":"Engeleere (Malesii)","en_MT":"Engeleere (Malte)","en_FM":"Engeleere (Mikoronesii)","en_MS":"Engeleere (Monseraat)","en_MU":"Engeleere (Moriis)","en_NA":"Engeleere (Namibii)","en_NR":"Engeleere (Nawuru)","en_NG":"Engeleere (Nijeriyaa)","en_NU":"Engeleere (Niuwe)","en_NZ":"Engeleere (Nuwel Selannda)","en_AU":"Engeleere (Ostaraalii)","en_PK":"Engeleere (Pakistaan)","en_PW":"Engeleere (Palawu)","en_PG":"Engeleere (Papuwaa Nuwel Gine)","en_PN":"Engeleere (Pitkern)","en_PR":"Engeleere (Porto Rikoo)","en_RW":"Engeleere (Ruwanndaa)","en_ZM":"Engeleere (Sammbi)","en_AS":"Engeleere (Samowa Amerik)","en_WS":"Engeleere (Samowaa)","en_VC":"Engeleere (See Weesaa e Garnadiin)","en_SH":"Engeleere (Sent Helen)","en_KN":"Engeleere (Sent Kits e Newis)","en_LC":"Engeleere (Sent Lusiyaa)","en_SL":"Engeleere (Seraa liyon)","en_SC":"Engeleere (Seysel)","en_ZW":"Engeleere (Simbaabuwe)","en_SG":"Engeleere (Sinngapuur)","en_SD":"Engeleere (Sudaan)","en_SZ":"Engeleere (Swaasilannda)","en_TZ":"Engeleere (Tansanii)","en_TT":"Engeleere (Tirnidaad e Tobaago)","en_TK":"Engeleere (Tokelaaw)","en_TO":"Engeleere (Tonngaa)","en_TV":"Engeleere (Tuwaluu)","en_UG":"Engeleere (Unganndaa)","en_VU":"Engeleere (Wanuwaatuu)","en_CX":"English (Christmas Island)","en_CC":"English (Cocos (Keeling) Islands)","en_DG":"English (Diego Garcia)","en_GG":"English (Guernsey)","en_HK":"English (Hong Kong SAR China)","en_IM":"English (Isle of Man)","en_JE":"English (Jersey)","en_MO":"English (Macau SAR China)","en_SX":"English (Sint Maarten)","en_SS":"English (South Sudan)","en_UM":"English (U.S. Outlying Islands)","es":"Espa\u00f1ol","es_AR":"Espa\u00f1ol (Arjantiin)","es_BO":"Espa\u00f1ol (Boliwii)","es_CL":"Espa\u00f1ol (Cilii)","es_US":"Espa\u00f1ol (Dowlaaji Dentu\u0257i Amerik)","es_EC":"Espa\u00f1ol (Ekuwatoor)","es_SV":"Espa\u00f1ol (El Salwador)","es_ES":"Espa\u00f1ol (Espaa\u00f1)","es_PH":"Espa\u00f1ol (Filipiin)","es_GQ":"Espa\u00f1ol (Ginee Ekuwaatoriyaal)","es_GT":"Espa\u00f1ol (Gwaatemalaa)","es_CO":"Espa\u00f1ol (Kolombiya)","es_CR":"Espa\u00f1ol (Kosta Rikaa)","es_CU":"Espa\u00f1ol (Kubaa)","es_MX":"Espa\u00f1ol (Meksik)","es_DO":"Espa\u00f1ol (Ndenndanndi Dominika)","es_NI":"Espa\u00f1ol (Nikaraguwaa)","es_HN":"Espa\u00f1ol (Onnduraas)","es_PA":"Espa\u00f1ol (Panamaa)","es_PY":"Espa\u00f1ol (Paraguwaay)","es_PE":"Espa\u00f1ol (Peru)","es_PR":"Espa\u00f1ol (Porto Rikoo)","es_UY":"Espa\u00f1ol (Uruguwaay)","es_VE":"Espa\u00f1ol (Wenesuwelaa)","eo":"Esperanto","et":"Estonian","et_EE":"Estonian (Estonia)","ee":"Ewe","ee_GH":"Ewe (Ghana)","ee_TG":"Ewe (Togo)","fr":"Farayseere","fr_DZ":"Farayseere (Alaseri)","fr_BE":"Farayseere (Beljik)","fr_BJ":"Farayseere (Benee)","fr_BF":"Farayseere (Burkibaa Faaso)","fr_BI":"Farayseere (Burunndi)","fr_TD":"Farayseere (Caad)","fr_FR":"Farayseere (Farayse)","fr_GA":"Farayseere (Gaboo)","fr_GN":"Farayseere (Gine)","fr_GQ":"Farayseere (Ginee Ekuwaatoriyaal)","fr_GF":"Farayseere (Giyaan Farayse)","fr_GP":"Farayseere (Gwaadalup)","fr_HT":"Farayseere (Haytii)","fr_DJ":"Farayseere (Jibutii)","fr_CM":"Farayseere (Kameruun)","fr_CA":"Farayseere (Kanadaa)","fr_CI":"Farayseere (Kodduwaar)","fr_KM":"Farayseere (Komoor)","fr_CG":"Farayseere (Konngo)","fr_LU":"Farayseere (Liksembuur)","fr_ML":"Farayseere (Maali)","fr_MG":"Farayseere (Madagaskaar)","fr_MQ":"Farayseere (Martinik)","fr_MA":"Farayseere (Maruk)","fr_YT":"Farayseere (Mayoot)","fr_MC":"Farayseere (Monaakoo)","fr_MU":"Farayseere (Moriis)","fr_MR":"Farayseere (Muritani)","fr_CD":"Farayseere (Ndenndaandi Demokaraasiire Konngo)","fr_CF":"Farayseere (Ndenndaandi Santarafrik)","fr_NE":"Farayseere (Nijeer)","fr_NC":"Farayseere (Nuwel Kaledonii)","fr_PF":"Farayseere (Polinesii Farayse)","fr_RE":"Farayseere (Rewi\u00f1oo)","fr_RW":"Farayseere (Ruwanndaa)","fr_PM":"Farayseere (See Piyeer e Mikeloo)","fr_SN":"Farayseere (Senegaal)","fr_SC":"Farayseere (Seysel)","fr_SY":"Farayseere (Sirii)","fr_CH":"Farayseere (Suwiis)","fr_TG":"Farayseere (Togoo)","fr_TN":"Farayseere (Tunisii)","fr_WF":"Farayseere (Walis e Futuna)","fr_VU":"Farayseere (Wanuwaatuu)","fo":"Faroese","fo_FO":"Faroese (Faroe Islands)","fi":"Finnish","fi_FI":"Finnish (Finland)","fr_BL":"French (St. Barth\u00e9lemy)","fr_MF":"French (St. Martin)","gl":"Galician","gl_ES":"Galician (Spain)","lg":"Ganda","lg_UG":"Ganda (Uganda)","ka":"Georgian","ka_GE":"Georgian (Georgia)","el":"Gerke","el_GR":"Gerke (Gerees)","el_CY":"Gerke (Siipar)","gu":"Gujarati","gu_IN":"Gujarati (India)","ha_Latn_GH":"Hausa (Latin, Ghana)","ha_Latn_NE":"Hausa (Latin, Niger)","ha_Latn_NG":"Hausa (Latin, Nigeria)","ha_Latn":"Hausa (Latin)","ha":"Hawsa\u014bkoore","ha_GH":"Hawsa\u014bkoore (Ganaa)","ha_NE":"Hawsa\u014bkoore (Nijeer)","ha_NG":"Hawsa\u014bkoore (Nijeriyaa)","he":"Hebrew","he_IL":"Hebrew (Israel)","hi":"Hinndi","hi_IN":"Hinndi (Enndo)","hu":"Hongariire","hu_HU":"Hongariire (Onngiri)","is":"Icelandic","is_IS":"Icelandic (Iceland)","ig":"Igiboore","ig_NG":"Igiboore (Nijeriyaa)","ga":"Irish","ga_IE":"Irish (Ireland)","it":"Italiyeere","it_IT":"Italiyeere (Itali)","it_SM":"Italiyeere (See Maree)","it_CH":"Italiyeere (Suwiis)","kl":"Kalaallisut","kl_GL":"Kalaallisut (Greenland)","kn":"Kannada","kn_IN":"Kannada (India)","ks":"Kashmiri","ks_Arab_IN":"Kashmiri (Arabic, India)","ks_Arab":"Kashmiri (Arabic)","ks_IN":"Kashmiri (India)","kk":"Kazakh","kk_Cyrl_KZ":"Kazakh (Cyrillic, Kazakhstan)","kk_Cyrl":"Kazakh (Cyrillic)","kk_KZ":"Kazakh (Kazakhstan)","km":"Kemeere","km_KH":"Kemeere (Kambodso)","ki":"Kikuyu","ki_KE":"Kikuyu (Kenya)","ko":"Koreere","ko_KP":"Koreere (Koree Rewo)","ko_KR":"Koreere (Koree Worgo)","ky":"Kyrgyz","ky_Cyrl_KG":"Kyrgyz (Cyrillic, Kyrgyzstan)","ky_Cyrl":"Kyrgyz (Cyrillic)","ky_KG":"Kyrgyz (Kyrgyzstan)","lo":"Lao","lo_LA":"Lao (Laos)","lv":"Latvian","lv_LV":"Latvian (Latvia)","ln":"Lingala","ln_AO":"Lingala (Angola)","ln_CF":"Lingala (Central African Republic)","ln_CG":"Lingala (Congo - Brazzaville)","ln_CD":"Lingala (Congo - Kinshasa)","lt":"Lithuanian","lt_LT":"Lithuanian (Lithuania)","lu":"Luba-Katanga","lu_CD":"Luba-Katanga (Congo - Kinshasa)","lb":"Luxembourgish","lb_LU":"Luxembourgish (Luxembourg)","mk":"Macedonian","mk_MK":"Macedonian (Macedonia)","mg":"Malagasy","mg_MG":"Malagasy (Madagascar)","ms_Latn_BN":"Malay (Latin, Brunei)","ms_Latn_MY":"Malay (Latin, Malaysia)","ms_Latn_SG":"Malay (Latin, Singapore)","ms_Latn":"Malay (Latin)","ml":"Malayalam","ml_IN":"Malayalam (India)","ms":"Malayeere","ms_BN":"Malayeere (Burnaay)","ms_MY":"Malayeere (Malesii)","ms_SG":"Malayeere (Sinngapuur)","mt":"Maltese","mt_MT":"Maltese (Malta)","gv":"Manx","gv_IM":"Manx (Isle of Man)","mr":"Marathi","mr_IN":"Marathi (India)","mn":"Mongolian","mn_Cyrl_MN":"Mongolian (Cyrillic, Mongolia)","mn_Cyrl":"Mongolian (Cyrillic)","mn_MN":"Mongolian (Mongolia)","ne":"Nepaaleere","ne_IN":"Nepaaleere (Enndo)","ne_NP":"Nepaaleere (Nepaal)","nd":"North Ndebele","nd_ZW":"North Ndebele (Zimbabwe)","se":"Northern Sami","se_FI":"Northern Sami (Finland)","se_NO":"Northern Sami (Norway)","se_SE":"Northern Sami (Sweden)","no":"Norwegian","no_NO":"Norwegian (Norway)","nb":"Norwegian Bokm\u00e5l","nb_NO":"Norwegian Bokm\u00e5l (Norway)","nb_SJ":"Norwegian Bokm\u00e5l (Svalbard & Jan Mayen)","nn":"Norwegian Nynorsk","nn_NO":"Norwegian Nynorsk (Norway)","or":"Oriya","or_IN":"Oriya (India)","om":"Oromo","om_ET":"Oromo (Ethiopia)","om_KE":"Oromo (Kenya)","os":"Ossetic","os_GE":"Ossetic (Georgia)","os_RU":"Ossetic (Russia)","ps":"Pashto","ps_AF":"Pashto (Afghanistan)","fa":"Perseere","fa_AF":"Perseere (Afganistaan)","fa_IR":"Perseere (Iraan)","pl":"Poloneere","pl_PL":"Poloneere (Polo\u00f1)","pt_MO":"Portuguese (Macau SAR China)","ff":"Pulaar","ff_GN":"Pulaar (Gine)","ff_CM":"Pulaar (Kameruun)","ff_MR":"Pulaar (Muritani)","ff_SN":"Pulaar (Senegaal)","pa":"Punjabeere","pa_IN":"Punjabeere (Enndo)","pa_PK":"Punjabeere (Pakistaan)","pa_Arab_PK":"Punjabi (Arabic, Pakistan)","pa_Arab":"Punjabi (Arabic)","pa_Guru_IN":"Punjabi (Gurmukhi, India)","pa_Guru":"Punjabi (Gurmukhi)","pt":"Purtugeere","pt_AO":"Purtugeere (Anngolaa)","pt_BR":"Purtugeere (Beresiil)","pt_CV":"Purtugeere (Duu\u0257e Kap Weer)","pt_GW":"Purtugeere (Gine-Bisaawo)","pt_MZ":"Purtugeere (Mosammbik)","pt_PT":"Purtugeere (Purtugaal)","pt_ST":"Purtugeere (Sawo Tome e Perensipe)","pt_TL":"Purtugeere (Timoor Fu\u0257naange)","qu":"Quechua","qu_BO":"Quechua (Bolivia)","qu_EC":"Quechua (Ecuador)","qu_PE":"Quechua (Peru)","ru":"Riis","ru_BY":"Riis (Belaruus)","ru_KZ":"Riis (Kasakstaan)","ru_KG":"Riis (Kirgistaan)","ru_MD":"Riis (Moldawii)","ru_RU":"Riis (Riisii)","ru_UA":"Riis (Ukereen)","ro":"Romaneere","ro_MD":"Romaneere (Moldawii)","ro_RO":"Romaneere (Rumanii)","rm":"Romansh","rm_CH":"Romansh (Switzerland)","rn":"Rundi","rn_BI":"Rundi (Burundi)","rw":"Ruwaanndeere","rw_RW":"Ruwaanndeere (Ruwanndaa)","sg":"Sango","sg_CF":"Sango (Central African Republic)","ja":"Saponeere","ja_JP":"Saponeere (Sapoo)","gd":"Scottish Gaelic","gd_GB":"Scottish Gaelic (United Kingdom)","sr":"Serbian","sr_BA":"Serbian (Bosnia & Herzegovina)","sr_Cyrl_BA":"Serbian (Cyrillic, Bosnia & Herzegovina)","sr_Cyrl_XK":"Serbian (Cyrillic, Kosovo)","sr_Cyrl_ME":"Serbian (Cyrillic, Montenegro)","sr_Cyrl_RS":"Serbian (Cyrillic, Serbia)","sr_Cyrl":"Serbian (Cyrillic)","sr_XK":"Serbian (Kosovo)","sr_Latn_BA":"Serbian (Latin, Bosnia & Herzegovina)","sr_Latn_XK":"Serbian (Latin, Kosovo)","sr_Latn_ME":"Serbian (Latin, Montenegro)","sr_Latn_RS":"Serbian (Latin, Serbia)","sr_Latn":"Serbian (Latin)","sr_ME":"Serbian (Montenegro)","sr_RS":"Serbian (Serbia)","sh":"Serbo-Croatian","sh_BA":"Serbo-Croatian (Bosnia & Herzegovina)","sn":"Shona","sn_ZW":"Shona (Zimbabwe)","ii":"Sichuan Yi","ii_CN":"Sichuan Yi (China)","si":"Sinhala","si_LK":"Sinhala (Sri Lanka)","zh":"Sinuwaare","zh_CN":"Sinuwaare (Siin)","zh_SG":"Sinuwaare (Sinngapuur)","zh_TW":"Sinuwaare (Taywaan)","sk":"Slovak","sk_SK":"Slovak (Slovakia)","sl":"Slovenian","sl_SI":"Slovenian (Slovenia)","so":"Somalii","so_ET":"Somalii (Ecoppi)","so_DJ":"Somalii (Jibutii)","so_KE":"Somalii (Ke\u00f1aa)","so_SO":"Somalii (Somalii)","es_IC":"Spanish (Canary Islands)","es_EA":"Spanish (Ceuta & Melilla)","zu":"Sulu\u014bkoore","zu_ZA":"Sulu\u014bkoore (Afrik b\u014b Worgo)","sw":"Swahili","sw_KE":"Swahili (Kenya)","sw_TZ":"Swahili (Tanzania)","sw_UG":"Swahili (Uganda)","sv_AX":"Swedish (\u00c5land Islands)","sv":"Sweedeere","sv_FI":"Sweedeere (Fenland)","sv_SE":"Sweedeere (Suweed)","th":"Taay","th_TH":"Taay (Taylannda)","tl":"Tagalog","tl_PH":"Tagalog (Philippines)","ta":"Tamil","ta_IN":"Tamil (Enndo)","ta_MY":"Tamil (Malesii)","ta_SG":"Tamil (Sinngapuur)","ta_LK":"Tamil (Siri Lanka)","te":"Telugu","te_IN":"Telugu (India)","bo":"Tibetan","bo_CN":"Tibetan (China)","bo_IN":"Tibetan (India)","ti":"Tigrinya","ti_ER":"Tigrinya (Eritrea)","ti_ET":"Tigrinya (Ethiopia)","to":"Tongan","to_TO":"Tongan (Tonga)","tr":"Turkeere","tr_CY":"Turkeere (Siipar)","tr_TR":"Turkeere (Turkii)","uk":"Ukereneere","uk_UA":"Ukereneere (Ukereen)","ur":"Urdu","ur_IN":"Urdu (Enndo)","ur_PK":"Urdu (Pakistaan)","ug":"Uyghur","ug_Arab_CN":"Uyghur (Arabic, China)","ug_Arab":"Uyghur (Arabic)","ug_CN":"Uyghur (China)","uz":"Uzbek","uz_AF":"Uzbek (Afghanistan)","uz_Arab_AF":"Uzbek (Arabic, Afghanistan)","uz_Arab":"Uzbek (Arabic)","uz_Cyrl_UZ":"Uzbek (Cyrillic, Uzbekistan)","uz_Cyrl":"Uzbek (Cyrillic)","uz_Latn_UZ":"Uzbek (Latin, Uzbekistan)","uz_Latn":"Uzbek (Latin)","uz_UZ":"Uzbek (Uzbekistan)","cy":"Welsh","cy_GB":"Welsh (United Kingdom)","fy":"Western Frisian","fy_NL":"Western Frisian (Netherlands)","vi":"Wiyetnameere","vi_VN":"Wiyetnameere (Wiyetnaam)","yi":"Yiddish","yo":"Yorrubaa","yo_BJ":"Yorrubaa (Benee)","yo_NG":"Yorrubaa (Nijeriyaa)"}