{"af":"afrikaans","af_ZA":"afrikaans (Etel\u00e4-Afrikka)","af_NA":"afrikaans (Namibia)","ak":"akan","ak_GH":"akan (Ghana)","sq":"albania","sq_AL":"albania (Albania)","sq_XK":"albania (Kosovo)","sq_MK":"albania (Makedonia)","am":"amhara","am_ET":"amhara (Etiopia)","ar":"arabia","ar_DZ":"arabia (Algeria)","ar_AE":"arabia (Arabiemiirikunnat)","ar_BH":"arabia (Bahrain)","ar_DJ":"arabia (Djibouti)","ar_EG":"arabia (Egypti)","ar_ER":"arabia (Eritrea)","ar_SS":"arabia (Etel\u00e4-Sudan)","ar_IQ":"arabia (Irak)","ar_IL":"arabia (Israel)","ar_YE":"arabia (Jemen)","ar_JO":"arabia (Jordania)","ar_KM":"arabia (Komorit)","ar_KW":"arabia (Kuwait)","ar_LB":"arabia (Libanon)","ar_LY":"arabia (Libya)","ar_EH":"arabia (L\u00e4nsi-Sahara)","ar_MA":"arabia (Marokko)","ar_MR":"arabia (Mauritania)","ar_OM":"arabia (Oman)","ar_PS":"arabia (Palestiinalaisalueet)","ar_QA":"arabia (Qatar)","ar_SA":"arabia (Saudi-Arabia)","ar_SO":"arabia (Somalia)","ar_SD":"arabia (Sudan)","ar_SY":"arabia (Syyria)","ar_TD":"arabia (T\u0161ad)","ar_TN":"arabia (Tunisia)","hy":"armenia","hy_AM":"armenia (Armenia)","as":"assami","as_IN":"assami (Intia)","az":"azeri","az_AZ":"azeri (Azerbaid\u017ean)","az_Cyrl_AZ":"azeri (kyrillinen, Azerbaid\u017ean)","az_Cyrl":"azeri (kyrillinen)","az_Latn_AZ":"azeri (latinalainen, Azerbaid\u017ean)","az_Latn":"azeri (latinalainen)","bm":"bambara","bm_Latn_ML":"bambara (latinalainen, Mali)","bm_Latn":"bambara (latinalainen)","eu":"baski","eu_ES":"baski (Espanja)","bn":"bengali","bn_BD":"bengali (Bangladesh)","bn_IN":"bengali (Intia)","bs":"bosnia","bs_BA":"bosnia (Bosnia ja Hertsegovina)","bs_Cyrl_BA":"bosnia (kyrillinen, Bosnia ja Hertsegovina)","bs_Cyrl":"bosnia (kyrillinen)","bs_Latn_BA":"bosnia (latinalainen, Bosnia ja Hertsegovina)","bs_Latn":"bosnia (latinalainen)","br":"bretoni","br_FR":"bretoni (Ranska)","bg":"bulgaria","bg_BG":"bulgaria (Bulgaria)","my":"burma","my_MM":"burma (Myanmar (Burma))","dz":"dzongkha","dz_BT":"dzongkha (Bhutan)","en":"englanti","en_AS":"englanti (Amerikan Samoa)","en_AI":"englanti (Anguilla)","en_AG":"englanti (Antigua ja Barbuda)","en_AU":"englanti (Australia)","en_BS":"englanti (Bahama)","en_BB":"englanti (Barbados)","en_BE":"englanti (Belgia)","en_BZ":"englanti (Belize)","en_BM":"englanti (Bermuda)","en_BW":"englanti (Botswana)","en_IO":"englanti (Brittil\u00e4inen Intian valtameren alue)","en_VG":"englanti (Brittil\u00e4iset Neitsytsaaret)","en_KY":"englanti (Caymansaaret)","en_CK":"englanti (Cookinsaaret)","en_DG":"englanti (Diego Garcia)","en_DM":"englanti (Dominica)","en_ER":"englanti (Eritrea)","en_ZA":"englanti (Etel\u00e4-Afrikka)","en_SS":"englanti (Etel\u00e4-Sudan)","en_FK":"englanti (Falklandinsaaret)","en_FJ":"englanti (Fid\u017ei)","en_PH":"englanti (Filippiinit)","en_GM":"englanti (Gambia)","en_GH":"englanti (Ghana)","en_GI":"englanti (Gibraltar)","en_GD":"englanti (Grenada)","en_GU":"englanti (Guam)","en_GG":"englanti (Guernsey)","en_GY":"englanti (Guyana)","en_HK":"englanti (Hongkong \u2013 Kiinan e.h.a.)","en_IN":"englanti (Intia)","en_IE":"englanti (Irlanti)","en_JM":"englanti (Jamaika)","en_JE":"englanti (Jersey)","en_CX":"englanti (Joulusaari)","en_CM":"englanti (Kamerun)","en_CA":"englanti (Kanada)","en_KE":"englanti (Kenia)","en_KI":"englanti (Kiribati)","en_CC":"englanti (Kookossaaret (Keelingsaaret))","en_LS":"englanti (Lesotho)","en_LR":"englanti (Liberia)","en_MO":"englanti (Macao \u2013 Kiinan e.h.a.)","en_MG":"englanti (Madagaskar)","en_MW":"englanti (Malawi)","en_MY":"englanti (Malesia)","en_MT":"englanti (Malta)","en_IM":"englanti (Mansaari)","en_MH":"englanti (Marshallinsaaret)","en_MU":"englanti (Mauritius)","en_FM":"englanti (Mikronesian liittovaltio)","en_MS":"englanti (Montserrat)","en_NA":"englanti (Namibia)","en_NR":"englanti (Nauru)","en_NG":"englanti (Nigeria)","en_NU":"englanti (Niue)","en_NF":"englanti (Norfolkinsaari)","en_PK":"englanti (Pakistan)","en_PW":"englanti (Palau)","en_PG":"englanti (Papua-Uusi-Guinea)","en_PN":"englanti (Pitcairn)","en_MP":"englanti (Pohjois-Mariaanit)","en_PR":"englanti (Puerto Rico)","en_RW":"englanti (Ruanda)","en_SH":"englanti (Saint Helena)","en_KN":"englanti (Saint Kitts ja Nevis)","en_LC":"englanti (Saint Lucia)","en_VC":"englanti (Saint Vincent ja Grenadiinit)","en_SB":"englanti (Salomonsaaret)","en_ZM":"englanti (Sambia)","en_WS":"englanti (Samoa)","en_SC":"englanti (Seychellit)","en_SL":"englanti (Sierra Leone)","en_SG":"englanti (Singapore)","en_SX":"englanti (Sint Maarten)","en_SD":"englanti (Sudan)","en_SZ":"englanti (Swazimaa)","en_TZ":"englanti (Tansania)","en_TK":"englanti (Tokelau)","en_TO":"englanti (Tonga)","en_TT":"englanti (Trinidad ja Tobago)","en_TC":"englanti (Turks- ja Caicossaaret)","en_TV":"englanti (Tuvalu)","en_UG":"englanti (Uganda)","en_NZ":"englanti (Uusi-Seelanti)","en_VU":"englanti (Vanuatu)","en_GB":"englanti (Yhdistynyt kuningaskunta)","en_US":"englanti (Yhdysvallat)","en_UM":"englanti (Yhdysvaltain erillissaaret)","en_VI":"englanti (Yhdysvaltain Neitsytsaaret)","en_ZW":"englanti (Zimbabwe)","es":"espanja","es_AR":"espanja (Argentiina)","es_BO":"espanja (Bolivia)","es_EA":"espanja (Ceuta ja Melilla)","es_CL":"espanja (Chile)","es_CR":"espanja (Costa Rica)","es_DO":"espanja (Dominikaaninen tasavalta)","es_EC":"espanja (Ecuador)","es_SV":"espanja (El Salvador)","es_ES":"espanja (Espanja)","es_PH":"espanja (Filippiinit)","es_GT":"espanja (Guatemala)","es_HN":"espanja (Honduras)","es_IC":"espanja (Kanariansaaret)","es_CO":"espanja (Kolumbia)","es_CU":"espanja (Kuuba)","es_MX":"espanja (Meksiko)","es_NI":"espanja (Nicaragua)","es_PA":"espanja (Panama)","es_PY":"espanja (Paraguay)","es_PE":"espanja (Peru)","es_PR":"espanja (Puerto Rico)","es_GQ":"espanja (P\u00e4iv\u00e4ntasaajan Guinea)","es_UY":"espanja (Uruguay)","es_VE":"espanja (Venezuela)","es_US":"espanja (Yhdysvallat)","eo":"esperanto","ee":"ewe","ee_GH":"ewe (Ghana)","ee_TG":"ewe (Togo)","fa":"farsi","fa_AF":"farsi (Afganistan)","fa_IR":"farsi (Iran)","ff":"fulani","ff_GN":"fulani (Guinea)","ff_CM":"fulani (Kamerun)","ff_MR":"fulani (Mauritania)","ff_SN":"fulani (Senegal)","fo":"f\u00e4\u00e4ri","fo_FO":"f\u00e4\u00e4ri (F\u00e4rsaaret)","gd":"gaeli","gd_GB":"gaeli (Yhdistynyt kuningaskunta)","gl":"galicia","gl_ES":"galicia (Espanja)","lg":"ganda","lg_UG":"ganda (Uganda)","ka":"georgia","ka_GE":"georgia (Georgia)","gu":"gud\u017earati","gu_IN":"gud\u017earati (Intia)","ha":"hausa","ha_GH":"hausa (Ghana)","ha_Latn_GH":"hausa (latinalainen, Ghana)","ha_Latn_NE":"hausa (latinalainen, Niger)","ha_Latn_NG":"hausa (latinalainen, Nigeria)","ha_Latn":"hausa (latinalainen)","ha_NE":"hausa (Niger)","ha_NG":"hausa (Nigeria)","he":"heprea","he_IL":"heprea (Israel)","hi":"hindi","hi_IN":"hindi (Intia)","nl":"hollanti","nl_NL":"hollanti (Alankomaat)","nl_AW":"hollanti (Aruba)","nl_BE":"hollanti (Belgia)","nl_CW":"hollanti (Cura\u00e7ao)","nl_BQ":"hollanti (Karibian Alankomaat)","nl_SX":"hollanti (Sint Maarten)","nl_SR":"hollanti (Surinam)","ig":"igbo","ig_NG":"igbo (Nigeria)","ga":"iiri","ga_IE":"iiri (Irlanti)","id":"indonesia","id_ID":"indonesia (Indonesia)","is":"islanti","is_IS":"islanti (Islanti)","it":"italia","it_IT":"italia (Italia)","it_SM":"italia (San Marino)","it_CH":"italia (Sveitsi)","ja":"japani","ja_JP":"japani (Japani)","yi":"jiddi\u0161","yo":"joruba","yo_BJ":"joruba (Benin)","yo_NG":"joruba (Nigeria)","kl":"kalaallisut","kl_GL":"kalaallisut (Gr\u00f6nlanti)","kn":"kannada","kn_IN":"kannada (Intia)","ks":"ka\u0161miri","ks_Arab_IN":"ka\u0161miri (arabialainen, Intia)","ks_Arab":"ka\u0161miri (arabialainen)","ks_IN":"ka\u0161miri (Intia)","ca":"katalaani","ca_AD":"katalaani (Andorra)","ca_ES":"katalaani (Espanja)","ca_IT":"katalaani (Italia)","ca_FR":"katalaani (Ranska)","lu":"katanganluba","lu_CD":"katanganluba (Kongon demokraattinen tasavalta)","kk":"kazakki","kk_KZ":"kazakki (Kazakstan)","kk_Cyrl_KZ":"kazakki (kyrillinen, Kazakstan)","kk_Cyrl":"kazakki (kyrillinen)","qu":"ket\u0161ua","qu_BO":"ket\u0161ua (Bolivia)","qu_EC":"ket\u0161ua (Ecuador)","qu_PE":"ket\u0161ua (Peru)","km":"khmer","km_KH":"khmer (Kambod\u017ea)","zh":"kiina","zh_HK":"kiina (Hongkong \u2013 Kiinan e.h.a.)","zh_CN":"kiina (Kiina)","zh_MO":"kiina (Macao \u2013 Kiinan e.h.a.)","zh_Hant_HK":"kiina (perinteinen han, Hongkong \u2013 Kiinan e.h.a.)","zh_Hant_MO":"kiina (perinteinen han, Macao \u2013 Kiinan e.h.a.)","zh_Hant_TW":"kiina (perinteinen han, Taiwan)","zh_Hant":"kiina (perinteinen han)","zh_SG":"kiina (Singapore)","zh_TW":"kiina (Taiwan)","zh_Hans_HK":"kiina (yksinkertaistettu han, Hongkong \u2013 Kiinan e.h.a.)","zh_Hans_CN":"kiina (yksinkertaistettu han, Kiina)","zh_Hans_MO":"kiina (yksinkertaistettu han, Macao \u2013 Kiinan e.h.a.)","zh_Hans_SG":"kiina (yksinkertaistettu han, Singapore)","zh_Hans":"kiina (yksinkertaistettu han)","ki":"kikuju","ki_KE":"kikuju (Kenia)","ky":"kirgiisi","ky_KG":"kirgiisi (Kirgisia)","ky_Cyrl_KG":"kirgiisi (kyrillinen, Kirgisia)","ky_Cyrl":"kirgiisi (kyrillinen)","ko":"korea","ko_KR":"korea (Etel\u00e4-Korea)","ko_KP":"korea (Pohjois-Korea)","kw":"korni","kw_GB":"korni (Yhdistynyt kuningaskunta)","el":"kreikka","el_GR":"kreikka (Kreikka)","el_CY":"kreikka (Kypros)","hr":"kroatia","hr_BA":"kroatia (Bosnia ja Hertsegovina)","hr_HR":"kroatia (Kroatia)","cy":"kymri","cy_GB":"kymri (Yhdistynyt kuningaskunta)","lo":"lao","lo_LA":"lao (Laos)","lv":"latvia","lv_LV":"latvia (Latvia)","lt":"liettua","lt_LT":"liettua (Liettua)","ln":"lingala","ln_AO":"lingala (Angola)","ln_CF":"lingala (Keski-Afrikan tasavalta)","ln_CD":"lingala (Kongon demokraattinen tasavalta)","ln_CG":"lingala (Kongon tasavalta)","lb":"luxemburg","lb_LU":"luxemburg (Luxemburg)","fy":"l\u00e4nsifriisi","fy_NL":"l\u00e4nsifriisi (Alankomaat)","mk":"makedonia","mk_MK":"makedonia (Makedonia)","mg":"malagassi","mg_MG":"malagassi (Madagaskar)","ms":"malaiji","ms_BN":"malaiji (Brunei)","ms_Latn_BN":"malaiji (latinalainen, Brunei)","ms_Latn_MY":"malaiji (latinalainen, Malesia)","ms_Latn_SG":"malaiji (latinalainen, Singapore)","ms_Latn":"malaiji (latinalainen)","ms_MY":"malaiji (Malesia)","ms_SG":"malaiji (Singapore)","ml":"malajalam","ml_IN":"malajalam (Intia)","mt":"malta","mt_MT":"malta (Malta)","gv":"manksi","gv_IM":"manksi (Mansaari)","mr":"marathi","mr_IN":"marathi (Intia)","mn":"mongoli","mn_Cyrl_MN":"mongoli (kyrillinen, Mongolia)","mn_Cyrl":"mongoli (kyrillinen)","mn_MN":"mongoli (Mongolia)","ne":"nepali","ne_IN":"nepali (Intia)","ne_NP":"nepali (Nepal)","no":"norja","no_NO":"norja (Norja)","nb":"norjan bokm\u00e5l","nb_SJ":"norjan bokm\u00e5l (Huippuvuoret ja Jan Mayen)","nb_NO":"norjan bokm\u00e5l (Norja)","nn":"norjan nynorsk","nn_NO":"norjan nynorsk (Norja)","or":"orija","or_IN":"orija (Intia)","om":"oromo","om_ET":"oromo (Etiopia)","om_KE":"oromo (Kenia)","os":"osseetti","os_GE":"osseetti (Georgia)","os_RU":"osseetti (Ven\u00e4j\u00e4)","pa":"pand\u017eabi","pa_Arab_PK":"pand\u017eabi (arabialainen, Pakistan)","pa_Arab":"pand\u017eabi (arabialainen)","pa_Guru_IN":"pand\u017eabi (gurmukhi, Intia)","pa_Guru":"pand\u017eabi (gurmukhi)","pa_IN":"pand\u017eabi (Intia)","pa_PK":"pand\u017eabi (Pakistan)","ps":"pa\u0161tu","ps_AF":"pa\u0161tu (Afganistan)","nd":"pohjois-ndebele","nd_ZW":"pohjois-ndebele (Zimbabwe)","se":"pohjoissaame","se_NO":"pohjoissaame (Norja)","se_SE":"pohjoissaame (Ruotsi)","se_FI":"pohjoissaame (Suomi)","pt":"portugali","pt_AO":"portugali (Angola)","pt_BR":"portugali (Brasilia)","pt_GW":"portugali (Guinea-Bissau)","pt_TL":"portugali (It\u00e4-Timor)","pt_CV":"portugali (Kap Verde)","pt_MO":"portugali (Macao \u2013 Kiinan e.h.a.)","pt_MZ":"portugali (Mosambik)","pt_PT":"portugali (Portugali)","pt_ST":"portugali (S\u00e3o Tom\u00e9 ja Pr\u00edncipe)","pl":"puola","pl_PL":"puola (Puola)","fr":"ranska","fr_DZ":"ranska (Algeria)","fr_BE":"ranska (Belgia)","fr_BJ":"ranska (Benin)","fr_BF":"ranska (Burkina Faso)","fr_BI":"ranska (Burundi)","fr_DJ":"ranska (Djibouti)","fr_GA":"ranska (Gabon)","fr_GP":"ranska (Guadeloupe)","fr_GN":"ranska (Guinea)","fr_HT":"ranska (Haiti)","fr_CM":"ranska (Kamerun)","fr_CA":"ranska (Kanada)","fr_CF":"ranska (Keski-Afrikan tasavalta)","fr_KM":"ranska (Komorit)","fr_CD":"ranska (Kongon demokraattinen tasavalta)","fr_CG":"ranska (Kongon tasavalta)","fr_LU":"ranska (Luxemburg)","fr_MG":"ranska (Madagaskar)","fr_ML":"ranska (Mali)","fr_MA":"ranska (Marokko)","fr_MQ":"ranska (Martinique)","fr_MR":"ranska (Mauritania)","fr_MU":"ranska (Mauritius)","fr_YT":"ranska (Mayotte)","fr_MC":"ranska (Monaco)","fr_NE":"ranska (Niger)","fr_CI":"ranska (Norsunluurannikko)","fr_GQ":"ranska (P\u00e4iv\u00e4ntasaajan Guinea)","fr_FR":"ranska (Ranska)","fr_GF":"ranska (Ranskan Guayana)","fr_PF":"ranska (Ranskan Polynesia)","fr_RE":"ranska (R\u00e9union)","fr_RW":"ranska (Ruanda)","fr_BL":"ranska (Saint-Barth\u00e9lemy)","fr_MF":"ranska (Saint-Martin)","fr_PM":"ranska (Saint-Pierre ja Miquelon)","fr_SN":"ranska (Senegal)","fr_SC":"ranska (Seychellit)","fr_CH":"ranska (Sveitsi)","fr_SY":"ranska (Syyria)","fr_TG":"ranska (Togo)","fr_TD":"ranska (T\u0161ad)","fr_TN":"ranska (Tunisia)","fr_NC":"ranska (Uusi-Kaledonia)","fr_VU":"ranska (Vanuatu)","fr_WF":"ranska (Wallis ja Futuna)","rm":"retoromaani","rm_CH":"retoromaani (Sveitsi)","ro":"romania","ro_MD":"romania (Moldova)","ro_RO":"romania (Romania)","rw":"ruanda","rw_RW":"ruanda (Ruanda)","rn":"rundi","rn_BI":"rundi (Burundi)","sv":"ruotsi","sv_AX":"ruotsi (Ahvenanmaa)","sv_SE":"ruotsi (Ruotsi)","sv_FI":"ruotsi (Suomi)","de":"saksa","de_BE":"saksa (Belgia)","de_AT":"saksa (It\u00e4valta)","de_LI":"saksa (Liechtenstein)","de_LU":"saksa (Luxemburg)","de_DE":"saksa (Saksa)","de_CH":"saksa (Sveitsi)","sg":"sango","sg_CF":"sango (Keski-Afrikan tasavalta)","sr":"serbia","sr_BA":"serbia (Bosnia ja Hertsegovina)","sr_XK":"serbia (Kosovo)","sr_Cyrl_BA":"serbia (kyrillinen, Bosnia ja Hertsegovina)","sr_Cyrl_XK":"serbia (kyrillinen, Kosovo)","sr_Cyrl_ME":"serbia (kyrillinen, Montenegro)","sr_Cyrl_RS":"serbia (kyrillinen, Serbia)","sr_Cyrl":"serbia (kyrillinen)","sr_Latn_BA":"serbia (latinalainen, Bosnia ja Hertsegovina)","sr_Latn_XK":"serbia (latinalainen, Kosovo)","sr_Latn_ME":"serbia (latinalainen, Montenegro)","sr_Latn_RS":"serbia (latinalainen, Serbia)","sr_Latn":"serbia (latinalainen)","sr_ME":"serbia (Montenegro)","sr_RS":"serbia (Serbia)","sh":"serbokroaatti","sh_BA":"serbokroaatti (Bosnia ja Hertsegovina)","ii":"sichuanin-yi","ii_CN":"sichuanin-yi (Kiina)","si":"sinhala","si_LK":"sinhala (Sri Lanka)","sk":"slovakki","sk_SK":"slovakki (Slovakia)","sl":"sloveeni","sl_SI":"sloveeni (Slovenia)","so":"somali","so_DJ":"somali (Djibouti)","so_ET":"somali (Etiopia)","so_KE":"somali (Kenia)","so_SO":"somali (Somalia)","sn":"\u0161ona","sn_ZW":"\u0161ona (Zimbabwe)","fi":"suomi","fi_FI":"suomi (Suomi)","sw":"swahili","sw_KE":"swahili (Kenia)","sw_TZ":"swahili (Tansania)","sw_UG":"swahili (Uganda)","tl":"tagalog","tl_PH":"tagalog (Filippiinit)","ta":"tamili","ta_IN":"tamili (Intia)","ta_MY":"tamili (Malesia)","ta_SG":"tamili (Singapore)","ta_LK":"tamili (Sri Lanka)","da":"tanska","da_GL":"tanska (Gr\u00f6nlanti)","da_DK":"tanska (Tanska)","te":"telugu","te_IN":"telugu (Intia)","th":"thai","th_TH":"thai (Thaimaa)","ti":"tigrinja","ti_ER":"tigrinja (Eritrea)","ti_ET":"tigrinja (Etiopia)","bo":"tiibet","bo_IN":"tiibet (Intia)","bo_CN":"tiibet (Kiina)","to":"tonga","to_TO":"tonga (Tonga)","cs":"t\u0161ekki","cs_CZ":"t\u0161ekki (T\u0161ekki)","tr":"turkki","tr_CY":"turkki (Kypros)","tr_TR":"turkki (Turkki)","ug":"uiguuri","ug_Arab_CN":"uiguuri (arabialainen, Kiina)","ug_Arab":"uiguuri (arabialainen)","ug_CN":"uiguuri (Kiina)","uk":"ukraina","uk_UA":"ukraina (Ukraina)","hu":"unkari","hu_HU":"unkari (Unkari)","ur":"urdu","ur_IN":"urdu (Intia)","ur_PK":"urdu (Pakistan)","uz":"uzbekki","uz_AF":"uzbekki (Afganistan)","uz_Arab_AF":"uzbekki (arabialainen, Afganistan)","uz_Arab":"uzbekki (arabialainen)","uz_Cyrl_UZ":"uzbekki (kyrillinen, Uzbekistan)","uz_Cyrl":"uzbekki (kyrillinen)","uz_Latn_UZ":"uzbekki (latinalainen, Uzbekistan)","uz_Latn":"uzbekki (latinalainen)","uz_UZ":"uzbekki (Uzbekistan)","be":"valkoven\u00e4j\u00e4","be_BY":"valkoven\u00e4j\u00e4 (Valko-Ven\u00e4j\u00e4)","ru":"ven\u00e4j\u00e4","ru_KZ":"ven\u00e4j\u00e4 (Kazakstan)","ru_KG":"ven\u00e4j\u00e4 (Kirgisia)","ru_MD":"ven\u00e4j\u00e4 (Moldova)","ru_UA":"ven\u00e4j\u00e4 (Ukraina)","ru_BY":"ven\u00e4j\u00e4 (Valko-Ven\u00e4j\u00e4)","ru_RU":"ven\u00e4j\u00e4 (Ven\u00e4j\u00e4)","vi":"vietnam","vi_VN":"vietnam (Vietnam)","et":"viro","et_EE":"viro (Viro)","zu":"zulu","zu_ZA":"zulu (Etel\u00e4-Afrikka)"}