{"ps":"afghanskt","ps_AF":"afghanskt (Afganistan)","af":"afr\u00edska","af_NA":"afr\u00edska (Namibia)","af_ZA":"afr\u00edska (Su\u00f0urafrikal\u00fd\u00f0veldi\u00f0)","ak":"Akan","ak_GH":"Akan (Ghana)","sq":"albanskt","sq_AL":"albanskt (Albania)","sq_XK":"albanskt (Kosovo)","sq_MK":"albanskt (Maked\u00f3nia)","am":"amhariskt","am_ET":"amhariskt (Etiopia)","ar":"arabiskt","ar_DZ":"arabiskt (Algeria)","ar_BH":"arabiskt (Bahrain)","ar_DJ":"arabiskt (Djibouti)","ar_EG":"arabiskt (Egyptaland)","ar_ER":"arabiskt (Eritrea)","ar_IQ":"arabiskt (Irak)","ar_IL":"arabiskt (\u00cdsrael)","ar_YE":"arabiskt (Jemen)","ar_JO":"arabiskt (Jordania)","ar_QA":"arabiskt (Katar)","ar_TD":"arabiskt (Kjad)","ar_KM":"arabiskt (Komorooyggjarnar)","ar_KW":"arabiskt (Kuvait)","ar_LB":"arabiskt (Libanon)","ar_LY":"arabiskt (Libya)","ar_MA":"arabiskt (Marokko)","ar_MR":"arabiskt (M\u00f3ritania)","ar_SD":"arabiskt (Nor\u00f0ursudan)","ar_OM":"arabiskt (Oman)","ar_PS":"arabiskt (Palestinskt territorium)","ar_AE":"arabiskt (Sameindu Emirr\u00edkini)","ar_SA":"arabiskt (Saudi-Ar\u00e1bia)","ar_SO":"arabiskt (Somalia)","ar_SS":"arabiskt (Su\u00f0ursudan)","ar_SY":"arabiskt (Syria)","ar_TN":"arabiskt (Tunesia)","ar_EH":"arabiskt (Vestursahara)","hy":"armenskt","hy_AM":"armenskt (Armenia)","as":"assamesiskt","as_IN":"assamesiskt (India)","az_Cyrl_AZ":"Azerbaijani (Cyrillic, Azerbaijan)","az_Cyrl":"Azerbaijani (Cyrillic)","az":"azerbaijaniskt","az_AZ":"azerbaijaniskt (Aserbajdsjan)","az_Latn_AZ":"azerbaijaniskt (latinske, Aserbajdsjan)","az_Latn":"azerbaijaniskt (latinske)","bm":"bambara","bm_Latn_ML":"bambara (latinske, Mali)","bm_Latn":"bambara (latinske)","eu":"baskiskt","eu_ES":"baskiskt (Spania)","bn":"bengaliskt","bn_BD":"bengaliskt (Bangladesj)","bn_IN":"bengaliskt (India)","bs_Cyrl_BA":"Bosnian (Cyrillic, Bosnia & Herzegovina)","bs_Cyrl":"Bosnian (Cyrillic)","bs":"bosniskt","bs_BA":"bosniskt (Bosnia-Hersegovina)","bs_Latn_BA":"bosniskt (latinske, Bosnia-Hersegovina)","bs_Latn":"bosniskt (latinske)","br":"bretonskt","br_FR":"bretonskt (Frakland)","bg":"bulgarskt","bg_BG":"bulgarskt (Bulgaria)","my":"burmesiskt","my_MM":"burmesiskt (Burma)","zh_Hans_CN":"Chinese (Simplified, China)","zh_Hans_HK":"Chinese (Simplified, Hong Kong SAR China)","zh_Hans_MO":"Chinese (Simplified, Macau SAR China)","zh_Hans_SG":"Chinese (Simplified, Singapore)","zh_Hans":"Chinese (Simplified)","zh_Hant_HK":"Chinese (Traditional, Hong Kong SAR China)","zh_Hant_MO":"Chinese (Traditional, Macau SAR China)","zh_Hant_TW":"Chinese (Traditional, Taiwan)","zh_Hant":"Chinese (Traditional)","kw":"Cornish","kw_GB":"Cornish (United Kingdom)","da":"danskt","da_DK":"danskt (Danm\u00f8rk)","da_GL":"danskt (Gr\u00f8nland)","dz":"dzongkha","dz_BT":"dzongkha (Butan)","en_UM":"English (U.S. Outlying Islands)","en":"enskt","en_AS":"enskt (Amerikanska S\u00e1moa)","en_AI":"enskt (Anguilla)","en_AG":"enskt (Antigua og Barbuda)","en_AU":"enskt (Avstralia)","en_BS":"enskt (Bahamas)","en_BB":"enskt (Barbados)","en_BE":"enskt (Belgia)","en_BZ":"enskt (Belis)","en_BM":"enskt (Bermuda)","en_BW":"enskt (Botsvana)","en_IO":"enskt (Bretsku Indiahavsoyggjarnar)","en_KY":"enskt (Caymanoyggjarnar)","en_CK":"enskt (Cooksoyggjarnar)","en_DG":"enskt (Diego Garcia)","en_DM":"enskt (Dominika)","en_ER":"enskt (Eritrea)","en_FK":"enskt (Falklandsoyggjarnar)","en_FJ":"enskt (Fiji)","en_PH":"enskt (Filipsoyggjar)","en_GM":"enskt (Gambia)","en_GH":"enskt (Ghana)","en_GI":"enskt (Gibraltar)","en_GD":"enskt (Grenada)","en_GU":"enskt (Guam)","en_GG":"enskt (Guernsey)","en_GY":"enskt (Gujana)","en_HK":"enskt (Hongkong)","en_IN":"enskt (India)","en_IE":"enskt (\u00cdrland)","en_JM":"enskt (Jameika)","en_JE":"enskt (Jersey)","en_CX":"enskt (J\u00f3laoyggjin)","en_CM":"enskt (Kamerun)","en_CA":"enskt (Kanada)","en_KE":"enskt (Kenja)","en_KI":"enskt (Kiribati)","en_CC":"enskt (Kokosoyggjarnar)","en_LS":"enskt (Lesoto)","en_LR":"enskt (Liberia)","en_MG":"enskt (Madagaskar)","en_MO":"enskt (Makao)","en_MW":"enskt (Malavi)","en_MY":"enskt (Maleisia)","en_MT":"enskt (Malta)","en_IM":"enskt (Mann)","en_MH":"enskt (Marshalloyggjarnar)","en_FM":"enskt (Mikronesia)","en_MS":"enskt (Montserrat)","en_MU":"enskt (M\u00f3ritius)","en_NA":"enskt (Namibia)","en_NR":"enskt (Nauru)","en_SX":"enskt (Ni\u00f0urlonds Saint Martin)","en_NG":"enskt (Nigeria)","en_NU":"enskt (Niue)","en_MP":"enskt (Nor\u00f0urmarianoyggjarnar)","en_SD":"enskt (Nor\u00f0ursudan)","en_NF":"enskt (Norfolkoyggjin)","en_NZ":"enskt (N\u00fd S\u00e6land)","en_PK":"enskt (Pakistan)","en_PW":"enskt (Palau)","en_PG":"enskt (Papua N\u00fdguinea)","en_PN":"enskt (Pitcairn)","en_PR":"enskt (Puerto Rico)","en_RW":"enskt (Ruanda)","en_SH":"enskt (Saint Helena)","en_KN":"enskt (Saint Kitts og Nevis)","en_LC":"enskt (Saint Lusia)","en_VC":"enskt (Saint Vinsent og Grenadinoyggjar)","en_SB":"enskt (S\u00e1lomonoyggjarnar)","en_US":"enskt (Sambandsr\u00edki Amerika)","en_VI":"enskt (Sambandsr\u00edki Amerikas J\u00f3mfr\u00faoyggjarnar)","en_ZM":"enskt (Sambia)","en_WS":"enskt (S\u00e1moa)","en_SC":"enskt (Seyskelloyggjarnar)","en_SL":"enskt (Sierra Leone)","en_ZW":"enskt (Simbabvi)","en_SG":"enskt (Singapor)","en_GB":"enskt (St\u00f3ra Bretland)","en_VG":"enskt (St\u00f3ra Bretlands J\u00f3mfr\u00faoyggjarnar)","en_ZA":"enskt (Su\u00f0urafrikal\u00fd\u00f0veldi\u00f0)","en_SS":"enskt (Su\u00f0ursudan)","en_SZ":"enskt (Svasiland)","en_TZ":"enskt (Tansania)","en_TK":"enskt (Tokelau)","en_TO":"enskt (Tonga)","en_TT":"enskt (Trinidad og Tobago)","en_TC":"enskt (Turks- og Caicosoyggjarnar)","en_TV":"enskt (Tuvalu)","en_UG":"enskt (Uganda)","en_VU":"enskt (Vanuatu)","eo":"esperanto","et":"estlendskt","et_EE":"estlendskt (Estland)","ee":"Ewe","ee_GH":"Ewe (Ghana)","ee_TG":"Ewe (Togo)","fi":"finskt","fi_FI":"finskt (Finnland)","fr":"franskt","fr_DZ":"franskt (Algeria)","fr_BE":"franskt (Belgia)","fr_BJ":"franskt (Benin)","fr_BF":"franskt (Burkina Faso)","fr_BI":"franskt (Burundi)","fr_DJ":"franskt (Djibouti)","fr_GQ":"franskt (Ekvator Guinea)","fr_CI":"franskt (F\u00edlabeinsstrondin)","fr_FR":"franskt (Frakland)","fr_GF":"franskt (Fransk Gujana)","fr_MF":"franskt (Fransk Saint Martin)","fr_PF":"franskt (Franska Polynesia)","fr_GA":"franskt (Gabon)","fr_GP":"franskt (Guadeloupe)","fr_GN":"franskt (Guinea)","fr_HT":"franskt (Haiti)","fr_CM":"franskt (Kamerun)","fr_CA":"franskt (Kanada)","fr_TD":"franskt (Kjad)","fr_KM":"franskt (Komorooyggjarnar)","fr_CD":"franskt (Kongo-Kinshasa)","fr_CG":"franskt (Kongo)","fr_LU":"franskt (Luksemborg)","fr_MG":"franskt (Madagaskar)","fr_ML":"franskt (Mali)","fr_MA":"franskt (Marokko)","fr_MQ":"franskt (Martinique)","fr_YT":"franskt (Mayotte)","fr_CF":"franskt (Mi\u00f0afrikal\u00fd\u00f0veldi\u00f0)","fr_MC":"franskt (Monako)","fr_MR":"franskt (M\u00f3ritania)","fr_MU":"franskt (M\u00f3ritius)","fr_NE":"franskt (Niger)","fr_NC":"franskt (N\u00fd-Kaledonia)","fr_RE":"franskt (R\u00e9union)","fr_RW":"franskt (Ruanda)","fr_BL":"franskt (Saint Barth\u00e9lemy)","fr_PM":"franskt (Saint Pierre og Miquelon)","fr_SN":"franskt (Senegal)","fr_SC":"franskt (Seyskelloyggjarnar)","fr_CH":"franskt (Sveis)","fr_SY":"franskt (Syria)","fr_TG":"franskt (Togo)","fr_TN":"franskt (Tunesia)","fr_VU":"franskt (Vanuatu)","fr_WF":"franskt (Wallis og Futuna)","ff":"Fulah","ff_CM":"Fulah (Cameroon)","ff_GN":"Fulah (Guinea)","ff_MR":"Fulah (Mauritania)","ff_SN":"Fulah (Senegal)","fo":"f\u00f8royskt","fo_FO":"f\u00f8royskt (F\u00f8royar)","gl":"galisiskt","gl_ES":"galisiskt (Spania)","lg":"Ganda","lg_UG":"Ganda (Uganda)","ka":"georgiskt","ka_GE":"georgiskt (Georgia)","el":"grikiskt","el_GR":"grikiskt (Grikkaland)","el_CY":"grikiskt (K\u00fdpros)","gu":"gujariti","gu_IN":"gujariti (India)","ha":"haussa","ha_GH":"haussa (Ghana)","ha_Latn_GH":"haussa (latinske, Ghana)","ha_Latn_NE":"haussa (latinske, Niger)","ha_Latn_NG":"haussa (latinske, Nigeria)","ha_Latn":"haussa (latinske)","ha_NE":"haussa (Niger)","ha_NG":"haussa (Nigeria)","he":"hebraiskt","he_IL":"hebraiskt (\u00cdsrael)","hi":"hindi","hi_IN":"hindi (India)","nl":"hollendskt","nl_AW":"hollendskt (Aruba)","nl_BE":"hollendskt (Belgia)","nl_CW":"hollendskt (Cura\u00e7ao)","nl_NL":"hollendskt (Ni\u00f0urlond)","nl_BQ":"hollendskt (Ni\u00f0urlonds Karibia)","nl_SX":"hollendskt (Ni\u00f0urlonds Saint Martin)","nl_SR":"hollendskt (Surinam)","be":"hvitarussiskt","be_BY":"hvitarussiskt (Hv\u00edtarussland)","ig":"igbo","ig_NG":"igbo (Nigeria)","id":"indonesiskt","id_ID":"indonesiskt (Indonesia)","ga":"\u00edrskt","ga_IE":"\u00edrskt (\u00cdrland)","is":"\u00edslendskt","is_IS":"\u00edslendskt (\u00cdsland)","it":"italskt","it_IT":"italskt (Italia)","it_SM":"italskt (San Marino)","it_CH":"italskt (Sveis)","ja":"japanskt","ja_JP":"japanskt (Japan)","yi":"jiddiskt","kl":"Kalaallisut","kl_GL":"Kalaallisut (Greenland)","km":"kambodjanskt","km_KH":"kambodjanskt (Kambodja)","kn":"kannada","kn_IN":"kannada (India)","ks_Arab_IN":"Kashmiri (Arabic, India)","ks_Arab":"Kashmiri (Arabic)","ks":"kashmiriskt","ks_IN":"kashmiriskt (India)","ca":"katalanskt","ca_AD":"katalanskt (Andorra)","ca_FR":"katalanskt (Frakland)","ca_IT":"katalanskt (Italia)","ca_ES":"katalanskt (Spania)","kk_Cyrl_KZ":"Kazakh (Cyrillic, Kazakhstan)","kk_Cyrl":"Kazakh (Cyrillic)","kk":"kazakiskt","kk_KZ":"kazakiskt (Kasakstan)","cs":"kekkiskt","cs_CZ":"kekkiskt (Kekkia)","ki":"Kikuyu","ki_KE":"Kikuyu (Kenya)","zh":"kinesiskt","zh_HK":"kinesiskt (Hongkong)","zh_CN":"kinesiskt (Kina)","zh_MO":"kinesiskt (Makao)","zh_SG":"kinesiskt (Singapor)","zh_TW":"kinesiskt (Teivan)","ky":"kirgisikt","ky_KG":"kirgisikt (Kirgisia)","ko":"koreanskt","ko_KP":"koreanskt (Nor\u00f0ur-Korea)","ko_KR":"koreanskt (Su\u00f0ur-Korea)","hr":"kroatiskt","hr_BA":"kroatiskt (Bosnia-Hersegovina)","hr_HR":"kroatiskt (Kroatia)","ky_Cyrl_KG":"Kyrgyz (Cyrillic, Kyrgyzstan)","ky_Cyrl":"Kyrgyz (Cyrillic)","lo":"laotiskt","lo_LA":"laotiskt (Laos)","lv":"latviskt","lv_LV":"latviskt (Lettland)","ln":"lingala","ln_AO":"lingala (Angola)","ln_CD":"lingala (Kongo-Kinshasa)","ln_CG":"lingala (Kongo)","ln_CF":"lingala (Mi\u00f0afrikal\u00fd\u00f0veldi\u00f0)","lt":"litavskt","lt_LT":"litavskt (Litava)","lu":"Luba-Katanga","lu_CD":"Luba-Katanga (Congo - Kinshasa)","lb":"luxemburgiskt","lb_LU":"luxemburgiskt (Luksemborg)","mk":"makedonskt","mk_MK":"makedonskt (Maked\u00f3nia)","mg":"malagasiskt","mg_MG":"malagasiskt (Madagaskar)","ms":"malajiskt","ms_BN":"malajiskt (Brunei)","ms_Latn_BN":"malajiskt (latinske, Brunei)","ms_Latn_MY":"malajiskt (latinske, Maleisia)","ms_Latn_SG":"malajiskt (latinske, Singapor)","ms_Latn":"malajiskt (latinske)","ms_MY":"malajiskt (Maleisia)","ms_SG":"malajiskt (Singapor)","ml":"malayalam","ml_IN":"malayalam (India)","mt":"maltesiskt","mt_MT":"maltesiskt (Malta)","gv":"Manx","gv_IM":"Manx (Isle of Man)","mr":"marathiskt","mr_IN":"marathiskt (India)","mn_Cyrl_MN":"Mongolian (Cyrillic, Mongolia)","mn_Cyrl":"Mongolian (Cyrillic)","mn":"mongoliskt","mn_MN":"mongoliskt (Mongolia)","ne":"nepalskt","ne_IN":"nepalskt (India)","ne_NP":"nepalskt (Nepal)","no":"norskt","no_NO":"norskt (Noreg)","nb":"norskt bokm\u00e1l","nb_NO":"norskt bokm\u00e1l (Noreg)","nb_SJ":"norskt bokm\u00e1l (Svalbard og Jan Mayen)","nd":"North Ndebele","nd_ZW":"North Ndebele (Zimbabwe)","se":"Northern Sami","se_FI":"Northern Sami (Finland)","se_NO":"Northern Sami (Norway)","se_SE":"Northern Sami (Sweden)","nn":"n\u00fdnorskt","nn_NO":"n\u00fdnorskt (Noreg)","or":"oriya","or_IN":"oriya (India)","om":"Oromo","om_ET":"Oromo (Ethiopia)","om_KE":"Oromo (Kenya)","os":"ossetiskt","os_GE":"ossetiskt (Georgia)","os_RU":"ossetiskt (Russland)","fa":"persiskt","fa_AF":"persiskt (Afganistan)","fa_IR":"persiskt (Iran)","pl":"polskt","pl_PL":"polskt (P\u00f3lland)","pt":"portugisiskt","pt_AO":"portugisiskt (Angola)","pt_BR":"portugisiskt (Brasilia)","pt_TL":"portugisiskt (Eystur-Timor)","pt_CV":"portugisiskt (Gr\u00f8nh\u00f8vdaoyggjarnar)","pt_GW":"portugisiskt (Guinea Bissau)","pt_MO":"portugisiskt (Makao)","pt_MZ":"portugisiskt (Mosambik)","pt_PT":"portugisiskt (Portugal)","pt_ST":"portugisiskt (Sao Tome og Prinsipi)","pa_Arab_PK":"Punjabi (Arabic, Pakistan)","pa_Arab":"Punjabi (Arabic)","pa_Guru_IN":"Punjabi (Gurmukhi, India)","pa_Guru":"Punjabi (Gurmukhi)","pa":"punjabiskt","pa_IN":"punjabiskt (India)","pa_PK":"punjabiskt (Pakistan)","qu":"quechua","qu_BO":"quechua (Bolivia)","qu_EC":"quechua (Ekvador)","qu_PE":"quechua (Per\u00fa)","rm":"romansh","rm_CH":"romansh (Sveis)","ro":"romanskt","ro_MD":"romanskt (Moldova)","ro_RO":"romanskt (Rumenia)","rw":"ruanda","rw_RW":"ruanda (Ruanda)","rn":"rundi","rn_BI":"rundi (Burundi)","ru":"russiskt","ru_BY":"russiskt (Hv\u00edtarussland)","ru_KZ":"russiskt (Kasakstan)","ru_KG":"russiskt (Kirgisia)","ru_MD":"russiskt (Moldova)","ru_RU":"russiskt (Russland)","ru_UA":"russiskt (Ukreina)","sg":"sango","sg_CF":"sango (Mi\u00f0afrikal\u00fd\u00f0veldi\u00f0)","sr_Cyrl_BA":"Serbian (Cyrillic, Bosnia & Herzegovina)","sr_Cyrl_XK":"Serbian (Cyrillic, Kosovo)","sr_Cyrl_ME":"Serbian (Cyrillic, Montenegro)","sr_Cyrl_RS":"Serbian (Cyrillic, Serbia)","sr_Cyrl":"Serbian (Cyrillic)","sr":"serbiskt","sr_BA":"serbiskt (Bosnia-Hersegovina)","sr_XK":"serbiskt (Kosovo)","sr_Latn_BA":"serbiskt (latinske, Bosnia-Hersegovina)","sr_Latn_XK":"serbiskt (latinske, Kosovo)","sr_Latn_ME":"serbiskt (latinske, Montenegro)","sr_Latn_RS":"serbiskt (latinske, Serbia)","sr_Latn":"serbiskt (latinske)","sr_ME":"serbiskt (Montenegro)","sr_RS":"serbiskt (Serbia)","sh":"serbokroatiskt","sh_BA":"serbokroatiskt (Bosnia-Hersegovina)","sn":"shona","sn_ZW":"shona (Simbabvi)","ii":"Sichuan Yi","ii_CN":"Sichuan Yi (China)","si":"sinhalesiskt","si_LK":"sinhalesiskt (Sri Lanka)","gd":"skotskt g\u00e6liskt","gd_GB":"skotskt g\u00e6liskt (St\u00f3ra Bretland)","sk":"slovakiskt","sk_SK":"slovakiskt (Slovakia)","sl":"slovenskt","sl_SI":"slovenskt (Slovenia)","so":"somaliskt","so_DJ":"somaliskt (Djibouti)","so_ET":"somaliskt (Etiopia)","so_KE":"somaliskt (Kenja)","so_SO":"somaliskt (Somalia)","es":"spanskt","es_AR":"spanskt (Argentina)","es_BO":"spanskt (Bolivia)","es_EA":"spanskt (Ceuta og Melilla)","es_DO":"spanskt (Domingo l\u00fd\u00f0veldi\u00f0)","es_EC":"spanskt (Ekvador)","es_GQ":"spanskt (Ekvator Guinea)","es_SV":"spanskt (El Salvador)","es_PH":"spanskt (Filipsoyggjar)","es_GT":"spanskt (Guatemala)","es_HN":"spanskt (Honduras)","es_IC":"spanskt (Kanar\u00edoyggjarnar)","es_CL":"spanskt (Kili)","es_CO":"spanskt (Kolombia)","es_CR":"spanskt (Kosta Rika)","es_CU":"spanskt (Kuba)","es_MX":"spanskt (Meksiko)","es_NI":"spanskt (Nikaragua)","es_PA":"spanskt (Panama)","es_PY":"spanskt (Paraguei)","es_PE":"spanskt (Per\u00fa)","es_PR":"spanskt (Puerto Rico)","es_US":"spanskt (Sambandsr\u00edki Amerika)","es_ES":"spanskt (Spania)","es_UY":"spanskt (Uruguei)","es_VE":"spanskt (Venesuela)","zu":"sulu","zu_ZA":"sulu (Su\u00f0urafrikal\u00fd\u00f0veldi\u00f0)","sv":"svenskt","sv_AX":"svenskt (\u00c1land)","sv_FI":"svenskt (Finnland)","sv_SE":"svenskt (Sv\u00f8r\u00edki)","sw":"swahili","sw_KE":"swahili (Kenja)","sw_TZ":"swahili (Tansania)","sw_UG":"swahili (Uganda)","tl":"tagalog","tl_PH":"tagalog (Filipsoyggjar)","ta":"tamilskt","ta_IN":"tamilskt (India)","ta_MY":"tamilskt (Maleisia)","ta_SG":"tamilskt (Singapor)","ta_LK":"tamilskt (Sri Lanka)","te":"telugiskt","te_IN":"telugiskt (India)","th":"thailendskt","th_TH":"thailendskt (Teiland)","bo":"tibetanskt","bo_IN":"tibetanskt (India)","bo_CN":"tibetanskt (Kina)","ti":"tigrinya","ti_ER":"tigrinya (Eritrea)","ti_ET":"tigrinya (Etiopia)","to":"tonganskt","to_TO":"tonganskt (Tonga)","tr":"turkiskt","tr_CY":"turkiskt (K\u00fdpros)","tr_TR":"turkiskt (Turkaland)","de":"t\u00fdskt","de_BE":"t\u00fdskt (Belgia)","de_AT":"t\u00fdskt (Eysturr\u00edki)","de_LI":"t\u00fdskt (Liktenstein)","de_LU":"t\u00fdskt (Luksemborg)","de_CH":"t\u00fdskt (Sveis)","de_DE":"t\u00fdskt (T\u00fdskland)","ug":"uighur","ug_CN":"uighur (Kina)","uk":"ukrainskt","uk_UA":"ukrainskt (Ukreina)","hu":"ungarskt","hu_HU":"ungarskt (Ungarn)","ur":"urdu","ur_IN":"urdu (India)","ur_PK":"urdu (Pakistan)","ug_Arab_CN":"Uyghur (Arabic, China)","ug_Arab":"Uyghur (Arabic)","uz_Arab_AF":"Uzbek (Arabic, Afghanistan)","uz_Arab":"Uzbek (Arabic)","uz_Cyrl_UZ":"Uzbek (Cyrillic, Uzbekistan)","uz_Cyrl":"Uzbek (Cyrillic)","uz":"uzbekiskt","uz_AF":"uzbekiskt (Afganistan)","uz_Latn_UZ":"uzbekiskt (latinske, Usbekistan)","uz_Latn":"uzbekiskt (latinske)","uz_UZ":"uzbekiskt (Usbekistan)","cy":"valisiskt","cy_GB":"valisiskt (St\u00f3ra Bretland)","fy":"vestfrisikt","fy_NL":"vestfrisikt (Ni\u00f0urlond)","vi":"vietnamesiskt","vi_VN":"vietnamesiskt (Vietnam)","yo":"yoruba","yo_BJ":"yoruba (Benin)","yo_NG":"yoruba (Nigeria)"}