{"af":"afrikaans","af_ZA":"afrikaans (Afrique du Sud)","af_NA":"afrikaans (Namibie)","ak":"akan","ak_GH":"akan (Ghana)","sq":"albanais","sq_AL":"albanais (Albanie)","sq_XK":"albanais (Kosovo)","sq_MK":"albanais (Mac\u00e9doine)","de":"allemand","de_DE":"allemand (Allemagne)","de_AT":"allemand (Autriche)","de_BE":"allemand (Belgique)","de_LI":"allemand (Liechtenstein)","de_LU":"allemand (Luxembourg)","de_CH":"allemand (Suisse)","am":"amharique","am_ET":"amharique (\u00c9thiopie)","en":"anglais","en_ZA":"anglais (Afrique du Sud)","en_AI":"anglais (Anguilla)","en_AG":"anglais (Antigua-et-Barbuda)","en_AU":"anglais (Australie)","en_BS":"anglais (Bahamas)","en_BB":"anglais (Barbade)","en_BE":"anglais (Belgique)","en_BZ":"anglais (Belize)","en_BM":"anglais (Bermudes)","en_BW":"anglais (Botswana)","en_CM":"anglais (Cameroun)","en_CA":"anglais (Canada)","en_DG":"anglais (Diego Garcia)","en_DM":"anglais (Dominique)","en_ER":"anglais (\u00c9rythr\u00e9e)","en_FM":"anglais (\u00c9tats f\u00e9d\u00e9r\u00e9s de Micron\u00e9sie)","en_US":"anglais (\u00c9tats-Unis)","en_FJ":"anglais (Fidji)","en_GM":"anglais (Gambie)","en_GH":"anglais (Ghana)","en_GI":"anglais (Gibraltar)","en_GD":"anglais (Grenade)","en_GU":"anglais (Guam)","en_GG":"anglais (Guernesey)","en_GY":"anglais (Guyana)","en_CX":"anglais (\u00cele Christmas)","en_IM":"anglais (\u00cele de Man)","en_NF":"anglais (\u00cele Norfolk)","en_KY":"anglais (\u00celes Ca\u00efmans)","en_CC":"anglais (\u00celes Cocos)","en_CK":"anglais (\u00celes Cook)","en_FK":"anglais (\u00celes Malouines)","en_MP":"anglais (\u00celes Mariannes du Nord)","en_MH":"anglais (\u00celes Marshall)","en_UM":"anglais (\u00celes mineures \u00e9loign\u00e9es des \u00c9tats-Unis)","en_SB":"anglais (\u00celes Salomon)","en_TC":"anglais (\u00celes Turques-et-Ca\u00efques)","en_VG":"anglais (\u00celes Vierges britanniques)","en_VI":"anglais (\u00celes Vierges des \u00c9tats-Unis)","en_IN":"anglais (Inde)","en_IE":"anglais (Irlande)","en_JM":"anglais (Jama\u00efque)","en_JE":"anglais (Jersey)","en_KE":"anglais (Kenya)","en_KI":"anglais (Kiribati)","en_LS":"anglais (Lesotho)","en_LR":"anglais (Lib\u00e9ria)","en_MG":"anglais (Madagascar)","en_MY":"anglais (Malaisie)","en_MW":"anglais (Malawi)","en_MT":"anglais (Malte)","en_MU":"anglais (Maurice)","en_MS":"anglais (Montserrat)","en_NA":"anglais (Namibie)","en_NR":"anglais (Nauru)","en_NG":"anglais (Nig\u00e9ria)","en_NU":"anglais (Niue)","en_NZ":"anglais (Nouvelle-Z\u00e9lande)","en_UG":"anglais (Ouganda)","en_PK":"anglais (Pakistan)","en_PW":"anglais (Palaos)","en_PG":"anglais (Papouasie-Nouvelle-Guin\u00e9e)","en_PH":"anglais (Philippines)","en_PN":"anglais (Pitcairn)","en_PR":"anglais (Porto Rico)","en_HK":"anglais (R.A.S. chinoise de Hong Kong)","en_MO":"anglais (R.A.S. chinoise de Macao)","en_GB":"anglais (Royaume-Uni)","en_RW":"anglais (Rwanda)","en_KN":"anglais (Saint-Christophe-et-Ni\u00e9v\u00e8s)","en_SX":"anglais (Saint-Martin (partie n\u00e9erlandaise))","en_VC":"anglais (Saint-Vincent-et-les-Grenadines)","en_SH":"anglais (Sainte-H\u00e9l\u00e8ne)","en_LC":"anglais (Sainte-Lucie)","en_AS":"anglais (Samoa am\u00e9ricaines)","en_WS":"anglais (Samoa)","en_SC":"anglais (Seychelles)","en_SL":"anglais (Sierra Leone)","en_SG":"anglais (Singapour)","en_SS":"anglais (Soudan du Sud)","en_SD":"anglais (Soudan)","en_SZ":"anglais (Swaziland)","en_TZ":"anglais (Tanzanie)","en_IO":"anglais (Territoire britannique de l\u2019oc\u00e9an Indien)","en_TK":"anglais (Tokelau)","en_TO":"anglais (Tonga)","en_TT":"anglais (Trinit\u00e9-et-Tobago)","en_TV":"anglais (Tuvalu)","en_VU":"anglais (Vanuatu)","en_ZM":"anglais (Zambie)","en_ZW":"anglais (Zimbabwe)","ar":"arabe","ar_DZ":"arabe (Alg\u00e9rie)","ar_SA":"arabe (Arabie saoudite)","ar_BH":"arabe (Bahre\u00efn)","ar_KM":"arabe (Comores)","ar_DJ":"arabe (Djibouti)","ar_EG":"arabe (\u00c9gypte)","ar_AE":"arabe (\u00c9mirats arabes unis)","ar_ER":"arabe (\u00c9rythr\u00e9e)","ar_IQ":"arabe (Irak)","ar_IL":"arabe (Isra\u00ebl)","ar_JO":"arabe (Jordanie)","ar_KW":"arabe (Kowe\u00eft)","ar_LB":"arabe (Liban)","ar_LY":"arabe (Libye)","ar_MA":"arabe (Maroc)","ar_MR":"arabe (Mauritanie)","ar_OM":"arabe (Oman)","ar_QA":"arabe (Qatar)","ar_EH":"arabe (Sahara occidental)","ar_SO":"arabe (Somalie)","ar_SS":"arabe (Soudan du Sud)","ar_SD":"arabe (Soudan)","ar_SY":"arabe (Syrie)","ar_TD":"arabe (Tchad)","ar_PS":"arabe (Territoires palestiniens)","ar_TN":"arabe (Tunisie)","ar_YE":"arabe (Y\u00e9men)","hy":"arm\u00e9nien","hy_AM":"arm\u00e9nien (Arm\u00e9nie)","as":"assamais","as_IN":"assamais (Inde)","az":"az\u00e9ri","az_AZ":"az\u00e9ri (Azerba\u00efdjan)","az_Cyrl_AZ":"az\u00e9ri (cyrillique, Azerba\u00efdjan)","az_Cyrl":"az\u00e9ri (cyrillique)","az_Latn_AZ":"az\u00e9ri (latin, Azerba\u00efdjan)","az_Latn":"az\u00e9ri (latin)","bm":"bambara","bm_Latn_ML":"bambara (latin, Mali)","bm_Latn":"bambara (latin)","eu":"basque","eu_ES":"basque (Espagne)","bn":"bengali","bn_BD":"bengali (Bangladesh)","bn_IN":"bengali (Inde)","be":"bi\u00e9lorusse","be_BY":"bi\u00e9lorusse (Bi\u00e9lorussie)","my":"birman","my_MM":"birman (Myanmar)","bs":"bosniaque","bs_BA":"bosniaque (Bosnie-Herz\u00e9govine)","bs_Cyrl_BA":"bosniaque (cyrillique, Bosnie-Herz\u00e9govine)","bs_Cyrl":"bosniaque (cyrillique)","bs_Latn_BA":"bosniaque (latin, Bosnie-Herz\u00e9govine)","bs_Latn":"bosniaque (latin)","br":"breton","br_FR":"breton (France)","bg":"bulgare","bg_BG":"bulgare (Bulgarie)","ca":"catalan","ca_AD":"catalan (Andorre)","ca_ES":"catalan (Espagne)","ca_FR":"catalan (France)","ca_IT":"catalan (Italie)","zh":"chinois","zh_CN":"chinois (Chine)","zh_HK":"chinois (R.A.S. chinoise de Hong Kong)","zh_MO":"chinois (R.A.S. chinoise de Macao)","zh_Hans_CN":"chinois (simplifi\u00e9, Chine)","zh_Hans_HK":"chinois (simplifi\u00e9, R.A.S. chinoise de Hong Kong)","zh_Hans_MO":"chinois (simplifi\u00e9, R.A.S. chinoise de Macao)","zh_Hans_SG":"chinois (simplifi\u00e9, Singapour)","zh_Hans":"chinois (simplifi\u00e9)","zh_SG":"chinois (Singapour)","zh_TW":"chinois (Ta\u00efwan)","zh_Hant_HK":"chinois (traditionnel, R.A.S. chinoise de Hong Kong)","zh_Hant_MO":"chinois (traditionnel, R.A.S. chinoise de Macao)","zh_Hant_TW":"chinois (traditionnel, Ta\u00efwan)","zh_Hant":"chinois (traditionnel)","si":"cinghalais","si_LK":"cinghalais (Sri Lanka)","ko":"cor\u00e9en","ko_KP":"cor\u00e9en (Cor\u00e9e du Nord)","ko_KR":"cor\u00e9en (Cor\u00e9e du Sud)","kw":"cornique","kw_GB":"cornique (Royaume-Uni)","hr":"croate","hr_BA":"croate (Bosnie-Herz\u00e9govine)","hr_HR":"croate (Croatie)","da":"danois","da_DK":"danois (Danemark)","da_GL":"danois (Groenland)","dz":"dzongkha","dz_BT":"dzongkha (Bhoutan)","es":"espagnol","es_AR":"espagnol (Argentine)","es_BO":"espagnol (Bolivie)","es_EA":"espagnol (Ceuta et Melilla)","es_CL":"espagnol (Chili)","es_CO":"espagnol (Colombie)","es_CR":"espagnol (Costa Rica)","es_CU":"espagnol (Cuba)","es_SV":"espagnol (El Salvador)","es_EC":"espagnol (\u00c9quateur)","es_ES":"espagnol (Espagne)","es_US":"espagnol (\u00c9tats-Unis)","es_GT":"espagnol (Guatemala)","es_GQ":"espagnol (Guin\u00e9e \u00e9quatoriale)","es_HN":"espagnol (Honduras)","es_IC":"espagnol (\u00celes Canaries)","es_MX":"espagnol (Mexique)","es_NI":"espagnol (Nicaragua)","es_PA":"espagnol (Panama)","es_PY":"espagnol (Paraguay)","es_PE":"espagnol (P\u00e9rou)","es_PH":"espagnol (Philippines)","es_PR":"espagnol (Porto Rico)","es_DO":"espagnol (R\u00e9publique dominicaine)","es_UY":"espagnol (Uruguay)","es_VE":"espagnol (Venezuela)","eo":"esp\u00e9ranto","et":"estonien","et_EE":"estonien (Estonie)","ee":"\u00e9w\u00e9","ee_GH":"\u00e9w\u00e9 (Ghana)","ee_TG":"\u00e9w\u00e9 (Togo)","fo":"f\u00e9ro\u00efen","fo_FO":"f\u00e9ro\u00efen (\u00celes F\u00e9ro\u00e9)","fi":"finnois","fi_FI":"finnois (Finlande)","fr":"fran\u00e7ais","fr_DZ":"fran\u00e7ais (Alg\u00e9rie)","fr_BE":"fran\u00e7ais (Belgique)","fr_BJ":"fran\u00e7ais (B\u00e9nin)","fr_BF":"fran\u00e7ais (Burkina Faso)","fr_BI":"fran\u00e7ais (Burundi)","fr_CM":"fran\u00e7ais (Cameroun)","fr_CA":"fran\u00e7ais (Canada)","fr_KM":"fran\u00e7ais (Comores)","fr_CG":"fran\u00e7ais (Congo-Brazzaville)","fr_CD":"fran\u00e7ais (Congo-Kinshasa)","fr_CI":"fran\u00e7ais (C\u00f4te d\u2019Ivoire)","fr_DJ":"fran\u00e7ais (Djibouti)","fr_FR":"fran\u00e7ais (France)","fr_GA":"fran\u00e7ais (Gabon)","fr_GP":"fran\u00e7ais (Guadeloupe)","fr_GQ":"fran\u00e7ais (Guin\u00e9e \u00e9quatoriale)","fr_GN":"fran\u00e7ais (Guin\u00e9e)","fr_GF":"fran\u00e7ais (Guyane fran\u00e7aise)","fr_HT":"fran\u00e7ais (Ha\u00efti)","fr_RE":"fran\u00e7ais (La R\u00e9union)","fr_LU":"fran\u00e7ais (Luxembourg)","fr_MG":"fran\u00e7ais (Madagascar)","fr_ML":"fran\u00e7ais (Mali)","fr_MA":"fran\u00e7ais (Maroc)","fr_MQ":"fran\u00e7ais (Martinique)","fr_MU":"fran\u00e7ais (Maurice)","fr_MR":"fran\u00e7ais (Mauritanie)","fr_YT":"fran\u00e7ais (Mayotte)","fr_MC":"fran\u00e7ais (Monaco)","fr_NE":"fran\u00e7ais (Niger)","fr_NC":"fran\u00e7ais (Nouvelle-Cal\u00e9donie)","fr_PF":"fran\u00e7ais (Polyn\u00e9sie fran\u00e7aise)","fr_CF":"fran\u00e7ais (R\u00e9publique centrafricaine)","fr_RW":"fran\u00e7ais (Rwanda)","fr_BL":"fran\u00e7ais (Saint-Barth\u00e9lemy)","fr_MF":"fran\u00e7ais (Saint-Martin (partie fran\u00e7aise))","fr_PM":"fran\u00e7ais (Saint-Pierre-et-Miquelon)","fr_SN":"fran\u00e7ais (S\u00e9n\u00e9gal)","fr_SC":"fran\u00e7ais (Seychelles)","fr_CH":"fran\u00e7ais (Suisse)","fr_SY":"fran\u00e7ais (Syrie)","fr_TD":"fran\u00e7ais (Tchad)","fr_TG":"fran\u00e7ais (Togo)","fr_TN":"fran\u00e7ais (Tunisie)","fr_VU":"fran\u00e7ais (Vanuatu)","fr_WF":"fran\u00e7ais (Wallis-et-Futuna)","fy":"frison occidental","fy_NL":"frison occidental (Pays-Bas)","gd":"ga\u00e9lique \u00e9cossais","gd_GB":"ga\u00e9lique \u00e9cossais (Royaume-Uni)","gl":"galicien","gl_ES":"galicien (Espagne)","cy":"gallois","cy_GB":"gallois (Royaume-Uni)","lg":"ganda","lg_UG":"ganda (Ouganda)","ka":"g\u00e9orgien","ka_GE":"g\u00e9orgien (G\u00e9orgie)","el":"grec","el_CY":"grec (Chypre)","el_GR":"grec (Gr\u00e8ce)","kl":"groenlandais","kl_GL":"groenlandais (Groenland)","gu":"gujarati","gu_IN":"gujarati (Inde)","ha":"haoussa","ha_GH":"haoussa (Ghana)","ha_Latn_GH":"haoussa (latin, Ghana)","ha_Latn_NE":"haoussa (latin, Niger)","ha_Latn_NG":"haoussa (latin, Nig\u00e9ria)","ha_Latn":"haoussa (latin)","ha_NE":"haoussa (Niger)","ha_NG":"haoussa (Nig\u00e9ria)","he":"h\u00e9breu","he_IL":"h\u00e9breu (Isra\u00ebl)","hi":"hindi","hi_IN":"hindi (Inde)","hu":"hongrois","hu_HU":"hongrois (Hongrie)","ig":"igbo","ig_NG":"igbo (Nig\u00e9ria)","id":"indon\u00e9sien","id_ID":"indon\u00e9sien (Indon\u00e9sie)","ga":"irlandais","ga_IE":"irlandais (Irlande)","is":"islandais","is_IS":"islandais (Islande)","it":"italien","it_IT":"italien (Italie)","it_SM":"italien (Saint-Marin)","it_CH":"italien (Suisse)","ja":"japonais","ja_JP":"japonais (Japon)","kn":"kannada","kn_IN":"kannada (Inde)","ks":"kashmiri","ks_Arab_IN":"kashmiri (arabe, Inde)","ks_Arab":"kashmiri (arabe)","ks_IN":"kashmiri (Inde)","kk":"kazakh","kk_Cyrl_KZ":"kazakh (cyrillique, Kazakhstan)","kk_Cyrl":"kazakh (cyrillique)","kk_KZ":"kazakh (Kazakhstan)","km":"khmer","km_KH":"khmer (Cambodge)","ki":"kikuyu","ki_KE":"kikuyu (Kenya)","ky":"kirghize","ky_Cyrl_KG":"kirghize (cyrillique, Kirghizistan)","ky_Cyrl":"kirghize (cyrillique)","ky_KG":"kirghize (Kirghizistan)","lo":"lao","lo_LA":"lao (Laos)","lv":"letton","lv_LV":"letton (Lettonie)","ln":"lingala","ln_AO":"lingala (Angola)","ln_CG":"lingala (Congo-Brazzaville)","ln_CD":"lingala (Congo-Kinshasa)","ln_CF":"lingala (R\u00e9publique centrafricaine)","lt":"lituanien","lt_LT":"lituanien (Lituanie)","lu":"luba-katanga","lu_CD":"luba-katanga (Congo-Kinshasa)","lb":"luxembourgeois","lb_LU":"luxembourgeois (Luxembourg)","mk":"mac\u00e9donien","mk_MK":"mac\u00e9donien (Mac\u00e9doine)","ms":"malais","ms_BN":"malais (Brun\u00e9i Darussalam)","ms_Latn_BN":"malais (latin, Brun\u00e9i Darussalam)","ms_Latn_MY":"malais (latin, Malaisie)","ms_Latn_SG":"malais (latin, Singapour)","ms_Latn":"malais (latin)","ms_MY":"malais (Malaisie)","ms_SG":"malais (Singapour)","ml":"malayalam","ml_IN":"malayalam (Inde)","mg":"malgache","mg_MG":"malgache (Madagascar)","mt":"maltais","mt_MT":"maltais (Malte)","gv":"manx","gv_IM":"manx (\u00cele de Man)","mr":"marathe","mr_IN":"marathe (Inde)","mn":"mongol","mn_Cyrl_MN":"mongol (cyrillique, Mongolie)","mn_Cyrl":"mongol (cyrillique)","mn_MN":"mongol (Mongolie)","nd":"nd\u00e9b\u00e9l\u00e9 du Nord","nd_ZW":"nd\u00e9b\u00e9l\u00e9 du Nord (Zimbabwe)","nl":"n\u00e9erlandais","nl_AW":"n\u00e9erlandais (Aruba)","nl_BE":"n\u00e9erlandais (Belgique)","nl_CW":"n\u00e9erlandais (Cura\u00e7ao)","nl_BQ":"n\u00e9erlandais (Pays-Bas carib\u00e9ens)","nl_NL":"n\u00e9erlandais (Pays-Bas)","nl_SX":"n\u00e9erlandais (Saint-Martin (partie n\u00e9erlandaise))","nl_SR":"n\u00e9erlandais (Suriname)","ne":"n\u00e9palais","ne_IN":"n\u00e9palais (Inde)","ne_NP":"n\u00e9palais (N\u00e9pal)","no":"norv\u00e9gien","no_NO":"norv\u00e9gien (Norv\u00e8ge)","nb":"norv\u00e9gien bokm\u00e5l","nb_NO":"norv\u00e9gien bokm\u00e5l (Norv\u00e8ge)","nb_SJ":"norv\u00e9gien bokm\u00e5l (Svalbard et Jan Mayen)","nn":"norv\u00e9gien nynorsk","nn_NO":"norv\u00e9gien nynorsk (Norv\u00e8ge)","or":"oriya","or_IN":"oriya (Inde)","om":"oromo","om_ET":"oromo (\u00c9thiopie)","om_KE":"oromo (Kenya)","os":"oss\u00e8te","os_GE":"oss\u00e8te (G\u00e9orgie)","os_RU":"oss\u00e8te (Russie)","ug":"ou\u00efghour","ug_Arab_CN":"ou\u00efghour (arabe, Chine)","ug_Arab":"ou\u00efghour (arabe)","ug_CN":"ou\u00efghour (Chine)","ur":"ourdou","ur_IN":"ourdou (Inde)","ur_PK":"ourdou (Pakistan)","uz":"ouzbek","uz_AF":"ouzbek (Afghanistan)","uz_Arab_AF":"ouzbek (arabe, Afghanistan)","uz_Arab":"ouzbek (arabe)","uz_Cyrl_UZ":"ouzbek (cyrillique, Ouzb\u00e9kistan)","uz_Cyrl":"ouzbek (cyrillique)","uz_Latn_UZ":"ouzbek (latin, Ouzb\u00e9kistan)","uz_Latn":"ouzbek (latin)","uz_UZ":"ouzbek (Ouzb\u00e9kistan)","ps":"pachto","ps_AF":"pachto (Afghanistan)","pa":"pendjabi","pa_Arab_PK":"pendjabi (arabe, Pakistan)","pa_Arab":"pendjabi (arabe)","pa_Guru_IN":"pendjabi (gourmoukh\u00ee, Inde)","pa_Guru":"pendjabi (gourmoukh\u00ee)","pa_IN":"pendjabi (Inde)","pa_PK":"pendjabi (Pakistan)","fa":"persan","fa_AF":"persan (Afghanistan)","fa_IR":"persan (Iran)","ff":"peul","ff_CM":"peul (Cameroun)","ff_GN":"peul (Guin\u00e9e)","ff_MR":"peul (Mauritanie)","ff_SN":"peul (S\u00e9n\u00e9gal)","pl":"polonais","pl_PL":"polonais (Pologne)","pt":"portugais","pt_AO":"portugais (Angola)","pt_BR":"portugais (Br\u00e9sil)","pt_CV":"portugais (Cap-Vert)","pt_GW":"portugais (Guin\u00e9e-Bissau)","pt_MZ":"portugais (Mozambique)","pt_PT":"portugais (Portugal)","pt_MO":"portugais (R.A.S. chinoise de Macao)","pt_ST":"portugais (Sao Tom\u00e9-et-Principe)","pt_TL":"portugais (Timor oriental)","qu":"quechua","qu_BO":"quechua (Bolivie)","qu_EC":"quechua (\u00c9quateur)","qu_PE":"quechua (P\u00e9rou)","rm":"romanche","rm_CH":"romanche (Suisse)","ro":"roumain","ro_MD":"roumain (Moldavie)","ro_RO":"roumain (Roumanie)","rn":"roundi","rn_BI":"roundi (Burundi)","ru":"russe","ru_BY":"russe (Bi\u00e9lorussie)","ru_KZ":"russe (Kazakhstan)","ru_KG":"russe (Kirghizistan)","ru_MD":"russe (Moldavie)","ru_RU":"russe (Russie)","ru_UA":"russe (Ukraine)","rw":"rwanda","rw_RW":"rwanda (Rwanda)","se":"sami du Nord","se_FI":"sami du Nord (Finlande)","se_NO":"sami du Nord (Norv\u00e8ge)","se_SE":"sami du Nord (Su\u00e8de)","sg":"sangho","sg_CF":"sangho (R\u00e9publique centrafricaine)","sr":"serbe","sr_BA":"serbe (Bosnie-Herz\u00e9govine)","sr_Cyrl_BA":"serbe (cyrillique, Bosnie-Herz\u00e9govine)","sr_Cyrl_XK":"serbe (cyrillique, Kosovo)","sr_Cyrl_ME":"serbe (cyrillique, Mont\u00e9n\u00e9gro)","sr_Cyrl_RS":"serbe (cyrillique, Serbie)","sr_Cyrl":"serbe (cyrillique)","sr_XK":"serbe (Kosovo)","sr_Latn_BA":"serbe (latin, Bosnie-Herz\u00e9govine)","sr_Latn_XK":"serbe (latin, Kosovo)","sr_Latn_ME":"serbe (latin, Mont\u00e9n\u00e9gro)","sr_Latn_RS":"serbe (latin, Serbie)","sr_Latn":"serbe (latin)","sr_ME":"serbe (Mont\u00e9n\u00e9gro)","sr_RS":"serbe (Serbie)","sh":"serbo-croate","sh_BA":"serbo-croate (Bosnie-Herz\u00e9govine)","sn":"shona","sn_ZW":"shona (Zimbabwe)","sk":"slovaque","sk_SK":"slovaque (Slovaquie)","sl":"slov\u00e8ne","sl_SI":"slov\u00e8ne (Slov\u00e9nie)","so":"somali","so_DJ":"somali (Djibouti)","so_ET":"somali (\u00c9thiopie)","so_KE":"somali (Kenya)","so_SO":"somali (Somalie)","sv":"su\u00e9dois","sv_FI":"su\u00e9dois (Finlande)","sv_AX":"su\u00e9dois (\u00celes \u00c5land)","sv_SE":"su\u00e9dois (Su\u00e8de)","sw":"swahili","sw_KE":"swahili (Kenya)","sw_UG":"swahili (Ouganda)","sw_TZ":"swahili (Tanzanie)","tl":"tagalog","tl_PH":"tagalog (Philippines)","ta":"tamoul","ta_IN":"tamoul (Inde)","ta_MY":"tamoul (Malaisie)","ta_SG":"tamoul (Singapour)","ta_LK":"tamoul (Sri Lanka)","cs":"tch\u00e8que","cs_CZ":"tch\u00e8que (R\u00e9publique tch\u00e8que)","te":"t\u00e9lougou","te_IN":"t\u00e9lougou (Inde)","th":"tha\u00ef","th_TH":"tha\u00ef (Tha\u00eflande)","bo":"tib\u00e9tain","bo_CN":"tib\u00e9tain (Chine)","bo_IN":"tib\u00e9tain (Inde)","ti":"tigrigna","ti_ER":"tigrigna (\u00c9rythr\u00e9e)","ti_ET":"tigrigna (\u00c9thiopie)","to":"tonguien","to_TO":"tonguien (Tonga)","tr":"turc","tr_CY":"turc (Chypre)","tr_TR":"turc (Turquie)","uk":"ukrainien","uk_UA":"ukrainien (Ukraine)","vi":"vietnamien","vi_VN":"vietnamien (Vietnam)","ii":"yi du Sichuan","ii_CN":"yi du Sichuan (Chine)","yi":"yiddish","yo":"yoruba","yo_BJ":"yoruba (B\u00e9nin)","yo_NG":"yoruba (Nig\u00e9ria)","zu":"zoulou","zu_ZA":"zoulou (Afrique du Sud)"}