{"af":"Afrikaansk","af_NA":"Afrikaansk (Namibi\u00eb)","af_ZA":"Afrikaansk (S\u00fbd-Afrika)","ak":"Akan","ak_GH":"Akan (Ghana)","sq":"Albaneesk","sq_AL":"Albaneesk (Albani\u00eb)","sq_XK":"Albaneesk (Kosovo)","sq_MK":"Albaneesk (Macedoni\u00eb)","am":"Amhaarsk","am_ET":"Amhaarsk (Ethiopi\u00eb)","ar":"Arabysk","ar_DZ":"Arabysk (Algerije)","ar_BH":"Arabysk (Bahrein)","ar_KM":"Arabysk (Comoren)","ar_DJ":"Arabysk (Djibouti)","ar_EG":"Arabysk (Egypte)","ar_ER":"Arabysk (Eritrea)","ar_IQ":"Arabysk (Irak)","ar_IL":"Arabysk (Isra\u00ebl)","ar_YE":"Arabysk (Jemen)","ar_JO":"Arabysk (Jordani\u00eb)","ar_KW":"Arabysk (Koeweit)","ar_LB":"Arabysk (Libanon)","ar_LY":"Arabysk (Libi\u00eb)","ar_MA":"Arabysk (Marokko)","ar_MR":"Arabysk (Mauritani\u00eb)","ar_OM":"Arabysk (Oman)","ar_PS":"Arabysk (Palestynske gebieten)","ar_QA":"Arabysk (Qatar)","ar_SA":"Arabysk (Saoedi-Arabi\u00eb)","ar_SD":"Arabysk (Soedan)","ar_SO":"Arabysk (Somali\u00eb)","ar_SS":"Arabysk (S\u00fbd-Soedan)","ar_SY":"Arabysk (Syri\u00eb)","ar_TD":"Arabysk (Tsjaad)","ar_TN":"Arabysk (Tunesi\u00eb)","ar_AE":"Arabysk (Verenigde Arabyske Emiraten)","ar_EH":"Arabysk (Westelijke Sahara)","hy":"Armeensk","hy_AM":"Armeensk (Armeni\u00eb)","as":"Assameesk","as_IN":"Assameesk (India)","az":"Azerbeidzjaansk","az_AZ":"Azerbeidzjaansk (Azerbeidzjan)","az_Latn_AZ":"Azerbeidzjaansk (Latyn, Azerbeidzjan)","az_Latn":"Azerbeidzjaansk (Latyn)","az_Cyrl_AZ":"Azerbeidzjaansk (Syrillysk, Azerbeidzjan)","az_Cyrl":"Azerbeidzjaansk (Syrillysk)","bm":"Bambara","bm_Latn_ML":"Bambara (Latyn, Mali)","bm_Latn":"Bambara (Latyn)","eu":"Baskysk","eu_ES":"Baskysk (Spanje)","bn":"Bengaalsk","bn_BD":"Bengaalsk (Bangladesh)","bn_IN":"Bengaalsk (India)","my":"Birmees","my_MM":"Birmees (Myanmar (Birma))","bs":"Bosnysk","bs_BA":"Bosnysk (Bosni\u00eb en Herzegovina)","bs_Latn_BA":"Bosnysk (Latyn, Bosni\u00eb en Herzegovina)","bs_Latn":"Bosnysk (Latyn)","bs_Cyrl_BA":"Bosnysk (Syrillysk, Bosni\u00eb en Herzegovina)","bs_Cyrl":"Bosnysk (Syrillysk)","br":"Bretonsk","br_FR":"Bretonsk (Frankrijk)","bg":"Bulgaarsk","bg_BG":"Bulgaarsk (Bulgarije)","kw":"Cornish","kw_GB":"Cornish (Verenigd Koninkrijk)","da":"Deensk","da_DK":"Deensk (Denemarken)","da_GL":"Deensk (Grienl\u00e2n)","de":"D\u00fatsk","de_BE":"D\u00fatsk (Belgi\u00eb)","de_DE":"D\u00fatsk (D\u00fatsl\u00e2n)","de_AT":"D\u00fatsk (Eastenryk)","de_LI":"D\u00fatsk (Liechtenstein)","de_LU":"D\u00fatsk (Luxemburg)","de_CH":"D\u00fatsk (Switserl\u00e2n)","dz":"Dzongkha","dz_BT":"Dzongkha (Bhutan)","eo":"Esperanto","et":"Estl\u00e2nsk","et_EE":"Estl\u00e2nsk (Estl\u00e2n)","ee":"Ewe","ee_GH":"Ewe (Ghana)","ee_TG":"Ewe (Togo)","fo":"Faer\u00f6ersk","fo_FO":"Faer\u00f6ersk (Faer\u00f6er)","fi":"Finsk","fi_FI":"Finsk (Finl\u00e2n)","fr":"Fr\u00e2nsk","fr_DZ":"Fr\u00e2nsk (Algerije)","fr_BE":"Fr\u00e2nsk (Belgi\u00eb)","fr_BJ":"Fr\u00e2nsk (Benin)","fr_BF":"Fr\u00e2nsk (Burkina Faso)","fr_BI":"Fr\u00e2nsk (Burundi)","fr_CA":"Fr\u00e2nsk (Canada)","fr_KM":"Fr\u00e2nsk (Comoren)","fr_CG":"Fr\u00e2nsk (Congo-Brazzaville)","fr_CD":"Fr\u00e2nsk (Congo-Kinshasa)","fr_DJ":"Fr\u00e2nsk (Djibouti)","fr_GQ":"Fr\u00e2nsk (Equatoriaal-Guinea)","fr_FR":"Fr\u00e2nsk (Frankrijk)","fr_GF":"Fr\u00e2nsk (Frans-Guyana)","fr_PF":"Fr\u00e2nsk (Frans-Polynesi\u00eb)","fr_GA":"Fr\u00e2nsk (Gabon)","fr_GP":"Fr\u00e2nsk (Guadeloupe)","fr_GN":"Fr\u00e2nsk (Guinee)","fr_HT":"Fr\u00e2nsk (Ha\u00efti)","fr_CI":"Fr\u00e2nsk (Ivoorkust)","fr_CM":"Fr\u00e2nsk (Kameroen)","fr_LU":"Fr\u00e2nsk (Luxemburg)","fr_MG":"Fr\u00e2nsk (Madeiaskar)","fr_ML":"Fr\u00e2nsk (Mali)","fr_MA":"Fr\u00e2nsk (Marokko)","fr_MQ":"Fr\u00e2nsk (Martinique)","fr_MR":"Fr\u00e2nsk (Mauritani\u00eb)","fr_MU":"Fr\u00e2nsk (Mauritius)","fr_YT":"Fr\u00e2nsk (Mayotte)","fr_MC":"Fr\u00e2nsk (Monaco)","fr_NE":"Fr\u00e2nsk (Niger)","fr_NC":"Fr\u00e2nsk (Nij-Caledoni\u00eb)","fr_RE":"Fr\u00e2nsk (R\u00e9union)","fr_RW":"Fr\u00e2nsk (Rwanda)","fr_BL":"Fr\u00e2nsk (Saint Barth\u00e9lemy)","fr_MF":"Fr\u00e2nsk (Saint-Martin)","fr_PM":"Fr\u00e2nsk (Saint-Pierre en Miquelon)","fr_SN":"Fr\u00e2nsk (Senegal)","fr_SC":"Fr\u00e2nsk (Seychellen)","fr_CF":"Fr\u00e2nsk (Sintraal-Afrikaanske Republyk)","fr_CH":"Fr\u00e2nsk (Switserl\u00e2n)","fr_SY":"Fr\u00e2nsk (Syri\u00eb)","fr_TG":"Fr\u00e2nsk (Togo)","fr_TD":"Fr\u00e2nsk (Tsjaad)","fr_TN":"Fr\u00e2nsk (Tunesi\u00eb)","fr_VU":"Fr\u00e2nsk (Vanuatu)","fr_WF":"Fr\u00e2nsk (Wallis en Futuna)","ff":"Fulah","ff_GN":"Fulah (Guinee)","ff_CM":"Fulah (Kameroen)","ff_MR":"Fulah (Mauritani\u00eb)","ff_SN":"Fulah (Senegal)","gl":"Galisysk","gl_ES":"Galisysk (Spanje)","lg":"Ganda","lg_UG":"Ganda (Oeganda)","ka":"Georgysk","ka_GE":"Georgysk (Georgi\u00eb)","kl":"Grienl\u00e2ns","kl_GL":"Grienl\u00e2ns (Grienl\u00e2n)","el":"Gryks","el_GR":"Gryks (Grikel\u00e2n)","el_CY":"Gryks (Syprus)","gu":"Gujarati","gu_IN":"Gujarati (India)","ha":"Hausa","ha_GH":"Hausa (Ghana)","ha_Latn_GH":"Hausa (Latyn, Ghana)","ha_Latn_NE":"Hausa (Latyn, Niger)","ha_Latn_NG":"Hausa (Latyn, Nigeria)","ha_Latn":"Hausa (Latyn)","ha_NE":"Hausa (Niger)","ha_NG":"Hausa (Nigeria)","he":"Hebreeuwsk","he_IL":"Hebreeuwsk (Isra\u00ebl)","hi":"Hindi","hi_IN":"Hindi (India)","hu":"Hongaarsk","hu_HU":"Hongaarsk (Hongarije)","ga":"Iersk","ga_IE":"Iersk (Ierl\u00e2n)","ig":"Igbo","ig_NG":"Igbo (Nigeria)","en":"Ingelsk","en_AS":"Ingelsk (Amerikaansk Samoa)","en_VI":"Ingelsk (Amerikaanske Maagdeneilannen)","en_AI":"Ingelsk (Anguilla)","en_AG":"Ingelsk (Antigua en Barbuda)","en_AU":"Ingelsk (Australi\u00eb)","en_BS":"Ingelsk (Bahama\u2019s)","en_BB":"Ingelsk (Barbados)","en_BE":"Ingelsk (Belgi\u00eb)","en_BZ":"Ingelsk (Belize)","en_BM":"Ingelsk (Bermuda)","en_BW":"Ingelsk (Botswana)","en_IO":"Ingelsk (Britse Gebieden yn de Indyske Oseaan)","en_VG":"Ingelsk (Britse Maagdeneilannen)","en_CA":"Ingelsk (Canada)","en_KY":"Ingelsk (Caymaneilannen)","en_CK":"Ingelsk (Cookeilannen)","en_DG":"Ingelsk (Diego Garcia)","en_DM":"Ingelsk (Dominika)","en_ER":"Ingelsk (Eritrea)","en_FK":"Ingelsk (Falkl\u00e2neilannen)","en_US":"Ingelsk (Ferienigde Staten)","en_FJ":"Ingelsk (Fiji)","en_PH":"Ingelsk (Filipijnen)","en_GM":"Ingelsk (Gambia)","en_GH":"Ingelsk (Ghana)","en_GI":"Ingelsk (Gibraltar)","en_GD":"Ingelsk (Grenada)","en_GU":"Ingelsk (Guam)","en_GG":"Ingelsk (Guernsey)","en_GY":"Ingelsk (Guyana)","en_HK":"Ingelsk (Hongkong SAR van Sina)","en_IE":"Ingelsk (Ierl\u00e2n)","en_IN":"Ingelsk (India)","en_IM":"Ingelsk (Isle of Man)","en_JM":"Ingelsk (Jamaica)","en_JE":"Ingelsk (Jersey)","en_CM":"Ingelsk (Kameroen)","en_KE":"Ingelsk (Kenia)","en_KI":"Ingelsk (Kiribati)","en_CC":"Ingelsk (Kokosilanen)","en_CX":"Ingelsk (Krysteilan)","en_LS":"Ingelsk (Lesotho)","en_LR":"Ingelsk (Liberia)","en_UM":"Ingelsk (Lyts \u00f4flizzen eilannen fan de Ferienigde Staten)","en_MO":"Ingelsk (Macao SAR van Sina)","en_MG":"Ingelsk (Madeiaskar)","en_MW":"Ingelsk (Malawi)","en_MY":"Ingelsk (Maleisi\u00eb)","en_MT":"Ingelsk (Malta)","en_MH":"Ingelsk (Marshalleilannen)","en_MU":"Ingelsk (Mauritius)","en_FM":"Ingelsk (Micronesi\u00eb)","en_MS":"Ingelsk (Montserrat)","en_NA":"Ingelsk (Namibi\u00eb)","en_NR":"Ingelsk (Nauru)","en_NG":"Ingelsk (Nigeria)","en_NZ":"Ingelsk (Nij-Seel\u00e2n)","en_NU":"Ingelsk (Niue)","en_MP":"Ingelsk (Noardlike Marianeneilannen)","en_NF":"Ingelsk (Norfolkeil\u00e2n)","en_UG":"Ingelsk (Oeganda)","en_PK":"Ingelsk (Pakistan)","en_PW":"Ingelsk (Palau)","en_PG":"Ingelsk (Papoea-Nij-Guinea)","en_PN":"Ingelsk (Pitcairneilannen)","en_PR":"Ingelsk (Puerto Rico)","en_RW":"Ingelsk (Rwanda)","en_KN":"Ingelsk (Saint Kitts en Nevis)","en_LC":"Ingelsk (Saint Lucia)","en_VC":"Ingelsk (Saint Vincent en de Grenadines)","en_SB":"Ingelsk (Salomonseilannen)","en_WS":"Ingelsk (Samoa)","en_SC":"Ingelsk (Seychellen)","en_SL":"Ingelsk (Sierra Leone)","en_SG":"Ingelsk (Singapore)","en_SH":"Ingelsk (Sint-Helena)","en_SX":"Ingelsk (Sint-Maarten)","en_SD":"Ingelsk (Soedan)","en_ZA":"Ingelsk (S\u00fbd-Afrika)","en_SS":"Ingelsk (S\u00fbd-Soedan)","en_SZ":"Ingelsk (Swazil\u00e2n)","en_TZ":"Ingelsk (Tanzania)","en_TK":"Ingelsk (Tokelau)","en_TO":"Ingelsk (Tonga)","en_TT":"Ingelsk (Trinidad en Tobago)","en_TC":"Ingelsk (Turks- en Caicoseilannen)","en_TV":"Ingelsk (Tuvalu)","en_VU":"Ingelsk (Vanuatu)","en_GB":"Ingelsk (Verenigd Koninkrijk)","en_ZM":"Ingelsk (Zambia)","en_ZW":"Ingelsk (Zimbabwe)","it":"Italiaansk","it_IT":"Italiaansk (Itali\u00eb)","it_SM":"Italiaansk (San Marino)","it_CH":"Italiaansk (Switserl\u00e2n)","ja":"Japans","ja_JP":"Japans (Japan)","yi":"Jiddysk","kn":"Kannada","kn_IN":"Kannada (India)","ks":"Kasjmiri","ks_Arab_IN":"Kasjmiri (Arabysk, India)","ks_Arab":"Kasjmiri (Arabysk)","ks_IN":"Kasjmiri (India)","ca":"Katalaansk","ca_AD":"Katalaansk (Andorra)","ca_FR":"Katalaansk (Frankrijk)","ca_IT":"Katalaansk (Itali\u00eb)","ca_ES":"Katalaansk (Spanje)","kk":"Kazachs","kk_KZ":"Kazachs (Kazachstan)","kk_Cyrl_KZ":"Kazachs (Syrillysk, Kazachstan)","kk_Cyrl":"Kazachs (Syrillysk)","km":"Khmer","km_KH":"Khmer (Cambodja)","ki":"Kikuyu","ki_KE":"Kikuyu (Kenia)","rw":"Kinyarwanda","rw_RW":"Kinyarwanda (Rwanda)","ky":"Kirgizysk","ky_KG":"Kirgizysk (Kirgizi\u00eb)","ky_Cyrl_KG":"Kirgizysk (Syrillysk, Kirgizi\u00eb)","ky_Cyrl":"Kirgizysk (Syrillysk)","rn":"Kirundi","rn_BI":"Kirundi (Burundi)","ko":"Koreaansk","ko_KP":"Koreaansk (Noard-Korea)","ko_KR":"Koreaansk (S\u00fbd-Korea)","hr":"Kroatysk","hr_BA":"Kroatysk (Bosni\u00eb en Herzegovina)","hr_HR":"Kroatysk (Kroati\u00eb)","lo":"Laotiaansk","lo_LA":"Laotiaansk (Laos)","lv":"Letl\u00e2ns","lv_LV":"Letl\u00e2ns (Letl\u00e2n)","ln":"Lingala","ln_AO":"Lingala (Angola)","ln_CG":"Lingala (Congo-Brazzaville)","ln_CD":"Lingala (Congo-Kinshasa)","ln_CF":"Lingala (Sintraal-Afrikaanske Republyk)","lt":"Litouws","lt_LT":"Litouws (Litouwen)","lu":"Luba-Katanga","lu_CD":"Luba-Katanga (Congo-Kinshasa)","lb":"Luxemburgs","lb_LU":"Luxemburgs (Luxemburg)","mk":"Macedonysk","mk_MK":"Macedonysk (Macedoni\u00eb)","mg":"Malagasysk","mg_MG":"Malagasysk (Madeiaskar)","ml":"Malayalam","ml_IN":"Malayalam (India)","ms":"Maleis","ms_BN":"Maleis (Brunei)","ms_Latn_BN":"Maleis (Latyn, Brunei)","ms_Latn_MY":"Maleis (Latyn, Maleisi\u00eb)","ms_Latn_SG":"Maleis (Latyn, Singapore)","ms_Latn":"Maleis (Latyn)","ms_MY":"Maleis (Maleisi\u00eb)","ms_SG":"Maleis (Singapore)","mt":"Maltees","mt_MT":"Maltees (Malta)","gv":"Manks","gv_IM":"Manks (Isle of Man)","mr":"Marathi","mr_IN":"Marathi (India)","mn":"Mongools","mn_MN":"Mongools (Mongoli\u00eb)","mn_Cyrl_MN":"Mongools (Syrillysk, Mongoli\u00eb)","mn_Cyrl":"Mongools (Syrillysk)","nl":"Nederl\u00e2nsk","nl_AW":"Nederl\u00e2nsk (Aruba)","nl_BE":"Nederl\u00e2nsk (Belgi\u00eb)","nl_CW":"Nederl\u00e2nsk (Cura\u00e7ao)","nl_BQ":"Nederl\u00e2nsk (Karibysk Nederl\u00e2n)","nl_NL":"Nederl\u00e2nsk (Nederl\u00e2n)","nl_SX":"Nederl\u00e2nsk (Sint-Maarten)","nl_SR":"Nederl\u00e2nsk (Suriname)","ne":"Nepalees","ne_IN":"Nepalees (India)","ne_NP":"Nepalees (Nepal)","nd":"Noard-Ndbele","nd_ZW":"Noard-Ndbele (Zimbabwe)","se":"Noard-Samysk","se_FI":"Noard-Samysk (Finl\u00e2n)","se_NO":"Noard-Samysk (Noarwegen)","se_SE":"Noard-Samysk (Zweden)","no":"Noors","nb":"Noors - Bokm\u00e5l","nb_NO":"Noors - Bokm\u00e5l (Noarwegen)","nb_SJ":"Noors - Bokm\u00e5l (Spitsbergen en Jan Mayen)","nn":"Noors - Nynorsk","nn_NO":"Noors - Nynorsk (Noarwegen)","no_NO":"Noors (Noarwegen)","or":"Odia","or_IN":"Odia (India)","ug":"Oeigoers","ug_Arab_CN":"Oeigoers (Arabysk, Sina)","ug_Arab":"Oeigoers (Arabysk)","ug_CN":"Oeigoers (Sina)","uk":"Oekra\u00efens","uk_UA":"Oekra\u00efens (Oekra\u00efne)","uz":"Oezbeeks","uz_AF":"Oezbeeks (Afghanistan)","uz_Arab_AF":"Oezbeeks (Arabysk, Afghanistan)","uz_Arab":"Oezbeeks (Arabysk)","uz_Latn_UZ":"Oezbeeks (Latyn, Oezbekistan)","uz_Latn":"Oezbeeks (Latyn)","uz_UZ":"Oezbeeks (Oezbekistan)","uz_Cyrl_UZ":"Oezbeeks (Syrillysk, Oezbekistan)","uz_Cyrl":"Oezbeeks (Syrillysk)","om":"Oromo","om_ET":"Oromo (Ethiopi\u00eb)","om_KE":"Oromo (Kenia)","os":"Ossetysk","os_GE":"Ossetysk (Georgi\u00eb)","os_RU":"Ossetysk (Rusl\u00e2n)","ps":"Pasjtoe","ps_AF":"Pasjtoe (Afghanistan)","fa":"Perzysk","fa_AF":"Perzysk (Afghanistan)","fa_IR":"Perzysk (Iran)","pl":"Poalsk","pl_PL":"Poalsk (Polen)","pt":"Portugeesk","pt_AO":"Portugeesk (Angola)","pt_BR":"Portugeesk (Brazili\u00eb)","pt_TL":"Portugeesk (East-Timor)","pt_GW":"Portugeesk (Guinee-Bissau)","pt_CV":"Portugeesk (Kaapverdi\u00eb)","pt_MO":"Portugeesk (Macao SAR van Sina)","pt_MZ":"Portugeesk (Mozambique)","pt_PT":"Portugeesk (Portugal)","pt_ST":"Portugeesk (Sao Tom\u00e9 en Principe)","pa":"Punjabi","pa_Arab_PK":"Punjabi (Arabysk, Pakistan)","pa_Arab":"Punjabi (Arabysk)","pa_Guru_IN":"Punjabi (Gurmukhi, India)","pa_Guru":"Punjabi (Gurmukhi)","pa_IN":"Punjabi (India)","pa_PK":"Punjabi (Pakistan)","qu":"Quechua","qu_BO":"Quechua (Bolivia)","qu_EC":"Quechua (Ecuador)","qu_PE":"Quechua (Peru)","rm":"Reto-Romaansk","rm_CH":"Reto-Romaansk (Switserl\u00e2n)","ro":"Roemeensk","ro_MD":"Roemeensk (Moldavi\u00eb)","ro_RO":"Roemeensk (Roemeni\u00eb)","ru":"Russysk","ru_KZ":"Russysk (Kazachstan)","ru_KG":"Russysk (Kirgizi\u00eb)","ru_MD":"Russysk (Moldavi\u00eb)","ru_UA":"Russysk (Oekra\u00efne)","ru_RU":"Russysk (Rusl\u00e2n)","ru_BY":"Russysk (Wit-Rusl\u00e2n)","sg":"Sango","sg_CF":"Sango (Sintraal-Afrikaanske Republyk)","gd":"Schotsk Gaelic","gd_GB":"Schotsk Gaelic (Verenigd Koninkrijk)","sh":"Servokroatysk","sh_BA":"Servokroatysk (Bosni\u00eb en Herzegovina)","sr":"Servysk","sr_BA":"Servysk (Bosni\u00eb en Herzegovina)","sr_XK":"Servysk (Kosovo)","sr_Latn_BA":"Servysk (Latyn, Bosni\u00eb en Herzegovina)","sr_Latn_XK":"Servysk (Latyn, Kosovo)","sr_Latn_ME":"Servysk (Latyn, Montenegro)","sr_Latn_RS":"Servysk (Latyn, Servi\u00eb)","sr_Latn":"Servysk (Latyn)","sr_ME":"Servysk (Montenegro)","sr_RS":"Servysk (Servi\u00eb)","sr_Cyrl_BA":"Servysk (Syrillysk, Bosni\u00eb en Herzegovina)","sr_Cyrl_XK":"Servysk (Syrillysk, Kosovo)","sr_Cyrl_ME":"Servysk (Syrillysk, Montenegro)","sr_Cyrl_RS":"Servysk (Syrillysk, Servi\u00eb)","sr_Cyrl":"Servysk (Syrillysk)","sn":"Shona","sn_ZW":"Shona (Zimbabwe)","ii":"Sichuan Yi","ii_CN":"Sichuan Yi (Sina)","zh":"Sineesk","zh_Hans_HK":"Sineesk (Ferienf\u00e2ldigd, Hongkong SAR van Sina)","zh_Hans_MO":"Sineesk (Ferienf\u00e2ldigd, Macao SAR van Sina)","zh_Hans_CN":"Sineesk (Ferienf\u00e2ldigd, Sina)","zh_Hans_SG":"Sineesk (Ferienf\u00e2ldigd, Singapore)","zh_Hans":"Sineesk (Ferienf\u00e2ldigd)","zh_HK":"Sineesk (Hongkong SAR van Sina)","zh_MO":"Sineesk (Macao SAR van Sina)","zh_CN":"Sineesk (Sina)","zh_SG":"Sineesk (Singapore)","zh_TW":"Sineesk (Taiwan)","zh_Hant_HK":"Sineesk (Traditjoneel, Hongkong SAR van Sina)","zh_Hant_MO":"Sineesk (Traditjoneel, Macao SAR van Sina)","zh_Hant_TW":"Sineesk (Traditjoneel, Taiwan)","zh_Hant":"Sineesk (Traditjoneel)","si":"Singalees","si_LK":"Singalees (Sri Lanka)","sl":"Sloveensk","sl_SI":"Sloveensk (Sloveni\u00eb)","sk":"Slowaaks","sk_SK":"Slowaaks (Slowakije)","so":"Somalysk","so_DJ":"Somalysk (Djibouti)","so_ET":"Somalysk (Ethiopi\u00eb)","so_KE":"Somalysk (Kenia)","so_SO":"Somalysk (Somali\u00eb)","es":"Spaansk","es_AR":"Spaansk (Argentini\u00eb)","es_BO":"Spaansk (Bolivia)","es_EA":"Spaansk (Ceuta en Melilla)","es_CL":"Spaansk (Chili)","es_CR":"Spaansk (Costa Rica)","es_DO":"Spaansk (Dominikaanske Republyk)","es_EC":"Spaansk (Ecuador)","es_SV":"Spaansk (El Salvador)","es_GQ":"Spaansk (Equatoriaal-Guinea)","es_US":"Spaansk (Ferienigde Staten)","es_PH":"Spaansk (Filipijnen)","es_GT":"Spaansk (Guatemala)","es_HN":"Spaansk (Honduras)","es_IC":"Spaansk (Kanaryske Eil\u00e2nnen)","es_CO":"Spaansk (Kolombia)","es_CU":"Spaansk (Kuba)","es_MX":"Spaansk (Mexico)","es_NI":"Spaansk (Nicaragua)","es_PA":"Spaansk (Panama)","es_PY":"Spaansk (Paraguay)","es_PE":"Spaansk (Peru)","es_PR":"Spaansk (Puerto Rico)","es_ES":"Spaansk (Spanje)","es_UY":"Spaansk (Uruguay)","es_VE":"Spaansk (Venezuela)","sw":"Swahili","sw_KE":"Swahili (Kenia)","sw_UG":"Swahili (Oeganda)","sw_TZ":"Swahili (Tanzania)","tl":"Tagalog","tl_PH":"Tagalog (Filipijnen)","ta":"Tamil","ta_IN":"Tamil (India)","ta_MY":"Tamil (Maleisi\u00eb)","ta_SG":"Tamil (Singapore)","ta_LK":"Tamil (Sri Lanka)","te":"Telugu","te_IN":"Telugu (India)","th":"Thais","th_TH":"Thais (Thail\u00e2n)","bo":"Tibetaansk","bo_IN":"Tibetaansk (India)","bo_CN":"Tibetaansk (Sina)","ti":"Tigrinya","ti_ER":"Tigrinya (Eritrea)","ti_ET":"Tigrinya (Ethiopi\u00eb)","to":"Tongaansk","to_TO":"Tongaansk (Tonga)","cs":"Tsjechysk","cs_CZ":"Tsjechysk (Tsjechje)","tr":"Turks","tr_CY":"Turks (Syprus)","tr_TR":"Turks (Turkije)","ur":"Urdu","ur_IN":"Urdu (India)","ur_PK":"Urdu (Pakistan)","vi":"Vietnamees","vi_VN":"Vietnamees (Vietnam)","cy":"Welsk","cy_GB":"Welsk (Verenigd Koninkrijk)","fy":"West-Frysk","fy_NL":"West-Frysk (Nederl\u00e2n)","be":"Wyt-Russysk","be_BY":"Wyt-Russysk (Wit-Rusl\u00e2n)","id":"Yndonezysk","id_ID":"Yndonezysk (Yndonesi\u00eb)","yo":"Yoruba","yo_BJ":"Yoruba (Benin)","yo_NG":"Yoruba (Nigeria)","is":"Ysl\u00e2ns","is_IS":"Ysl\u00e2ns (Ysl\u00e2n)","zu":"Zulu","zu_ZA":"Zulu (S\u00fbd-Afrika)","sv":"Zweeds","sv_AX":"Zweeds (\u00c5l\u00e2n)","sv_FI":"Zweeds (Finl\u00e2n)","sv_SE":"Zweeds (Zweden)"}