{"ak":"Ac\u00e1inis","ak_GH":"Ac\u00e1inis (G\u00e1na)","af":"Afrac\u00e1inis","af_ZA":"Afrac\u00e1inis (An Afraic Theas)","af_NA":"Afrac\u00e1inis (An Namaib)","hy":"Airm\u00e9inis","hy_AM":"Airm\u00e9inis (An Airm\u00e9in)","sq":"Alb\u00e1inis","sq_AL":"Alb\u00e1inis (An Alb\u00e1in)","sq_XK":"Alb\u00e1inis (An Chosaiv)","sq_MK":"Alb\u00e1inis (An Mhacad\u00f3in)","am":"Am\u00e1iris","am_ET":"Am\u00e1iris (An Aet\u00f3ip)","ar":"Araibis","ar_DZ":"Araibis (An Ailg\u00e9ir)","ar_SA":"Araibis (An Araib Sh\u00e1dach)","ar_EG":"Araibis (An \u00c9igipt)","ar_ER":"Araibis (An Eiritr\u00e9)","ar_IQ":"Araibis (An Iar\u00e1ic)","ar_JO":"Araibis (An Iord\u00e1in)","ar_LY":"Araibis (An Libia)","ar_LB":"Araibis (An Liob\u00e1in)","ar_MR":"Araibis (An Mh\u00e1rat\u00e1in)","ar_EH":"Araibis (An Sah\u00e1ra Thiar)","ar_SY":"Araibis (An tSiria)","ar_SO":"Araibis (An tSom\u00e1il)","ar_SS":"Araibis (An tS\u00fad\u00e1in Theas)","ar_SD":"Araibis (An tS\u00fad\u00e1in)","ar_TN":"Araibis (An T\u00fain\u00e9is)","ar_AE":"Araibis (Aontas na n\u00c9im\u00edr\u00edochta\u00ed Arabacha)","ar_BH":"Araibis (Bair\u00e9in)","ar_QA":"Araibis (Catar)","ar_KW":"Araibis (Cu\u00e1it)","ar_DJ":"Araibis (Djibouti)","ar_YE":"Araibis (\u00c9imin)","ar_IL":"Araibis (Iosrael)","ar_MA":"Araibis (Marac\u00f3)","ar_PS":"Araibis (Na Cr\u00edocha Palaist\u00edneacha)","ar_KM":"Araibis (Oile\u00e1in Chom\u00f3ra)","ar_OM":"Araibis (\u00d3man)","ar_TD":"Araibis (Sead)","as":"Asaimis","as_IN":"Asaimis (An India)","az":"Asarbaise\u00e1inis","az_AZ":"Asarbaise\u00e1inis (An Asarbaise\u00e1in)","az_Cyrl_AZ":"Asarbaise\u00e1inis (Coireallach, An Asarbaise\u00e1in)","az_Cyrl":"Asarbaise\u00e1inis (Coireallach)","az_Latn_AZ":"Asarbaise\u00e1inis (Laidineach, An Asarbaise\u00e1in)","az_Latn":"Asarbaise\u00e1inis (Laidineach)","bm":"Bambara","bm_Latn_ML":"Bambara (Latin, Mali)","bm_Latn":"Bambara (Latin)","eu":"Bascais","eu_ES":"Bascais (An Sp\u00e1inn)","be":"Bealar\u00faisis","be_BY":"Bealar\u00faisis (An Bhealar\u00fais)","bn":"Beang\u00e1ilis","bn_BD":"Beang\u00e1ilis (An Bhanglaid\u00e9is)","bn_IN":"Beang\u00e1ilis (An India)","en":"B\u00e9arla","en_ZA":"B\u00e9arla (An Afraic Theas)","en_AU":"B\u00e9arla (An Astr\u00e1il)","en_BE":"B\u00e9arla (An Bheilg)","en_BZ":"B\u00e9arla (An Bheil\u00eds)","en_BW":"B\u00e9arla (An Bhotsu\u00e1in)","en_KE":"B\u00e9arla (An Ch\u00e9inia)","en_ER":"B\u00e9arla (An Eiritr\u00e9)","en_GM":"B\u00e9arla (An Ghaimbia)","en_GY":"B\u00e9arla (An Ghu\u00e1in)","en_IN":"B\u00e9arla (An India)","en_LR":"B\u00e9arla (An Lib\u00e9ir)","en_MY":"B\u00e9arla (An Mhalaeisia)","en_MW":"B\u00e9arla (An Mhal\u00e1iv)","en_FM":"B\u00e9arla (An Mhicrin\u00e9is)","en_NA":"B\u00e9arla (An Namaib)","en_NG":"B\u00e9arla (An Nig\u00e9ir)","en_NZ":"B\u00e9arla (An Nua-Sh\u00e9alainn)","en_PK":"B\u00e9arla (An Phacast\u00e1in)","en_GB":"B\u00e9arla (An R\u00edocht Aontaithe)","en_TZ":"B\u00e9arla (An Tans\u00e1in)","en_ZM":"B\u00e9arla (An tSaimbia)","en_ZW":"B\u00e9arla (An tSiomb\u00e1ib)","en_SZ":"B\u00e9arla (An tSuasalainn)","en_SS":"B\u00e9arla (An tS\u00fad\u00e1in Theas)","en_SD":"B\u00e9arla (An tS\u00fad\u00e1in)","en_AI":"B\u00e9arla (Anga\u00edle)","en_AG":"B\u00e9arla (Antigua agus Barb\u00fada)","en_BB":"B\u00e9arla (Barbad\u00f3s)","en_BM":"B\u00e9arla (Beirmi\u00fada)","en_CM":"B\u00e9arla (Camar\u00fan)","en_CA":"B\u00e9arla (Ceanada)","en_KI":"B\u00e9arla (Cireabait\u00ed)","en_IO":"B\u00e9arla (Cr\u00edoch Aig\u00e9an Indiach na Breataine)","en_DG":"B\u00e9arla (Diego Garcia)","en_DM":"B\u00e9arla (Doiminice)","en_IE":"B\u00e9arla (\u00c9ire)","en_FJ":"B\u00e9arla (Fids\u00ed)","en_GH":"B\u00e9arla (G\u00e1na)","en_GG":"B\u00e9arla (Geansa\u00ed)","en_JE":"B\u00e9arla (Geirs\u00ed)","en_GI":"B\u00e9arla (Giobr\u00e1ltar)","en_GD":"B\u00e9arla (Grean\u00e1da)","en_GU":"B\u00e9arla (Guam)","en_JM":"B\u00e9arla (Iam\u00e1ice)","en_LS":"B\u00e9arla (Leos\u00f3ta)","en_MG":"B\u00e9arla (Madagascar)","en_MT":"B\u00e9arla (M\u00e1lta)","en_MS":"B\u00e9arla (Montsarat)","en_BS":"B\u00e9arla (Na Bah\u00e1ma\u00ed)","en_PH":"B\u00e9arla (Na hOile\u00e1in Fhilip\u00edneacha)","en_MP":"B\u00e9arla (Na hOile\u00e1in Mh\u00e1irianacha Thuaidh)","en_SC":"B\u00e9arla (Na S\u00e9is\u00e9il)","en_NR":"B\u00e9arla (N\u00e1r\u00fa)","en_NU":"B\u00e9arla (Niue)","en_PG":"B\u00e9arla (Nua-Ghuine Phapua)","en_VG":"B\u00e9arla (Oile\u00e1in Bhriotanacha na Maighdean)","en_KY":"B\u00e9arla (Oile\u00e1in Cayman)","en_CC":"B\u00e9arla (Oile\u00e1in Cocos (Keeling))","en_CK":"B\u00e9arla (Oile\u00e1in Cook)","en_FK":"B\u00e9arla (Oile\u00e1in Fh\u00e1clainne)","en_UM":"B\u00e9arla (Oile\u00e1in Imeallacha S.A.M.)","en_MH":"B\u00e9arla (Oile\u00e1in Marshall)","en_VI":"B\u00e9arla (Oile\u00e1in Mheirice\u00e1nacha na Maighdean)","en_TC":"B\u00e9arla (Oile\u00e1in na dTurcach agus Caicos)","en_PN":"B\u00e9arla (Oile\u00e1in Pitcairn)","en_SB":"B\u00e9arla (Oile\u00e1in Sholom\u00f3n)","en_IM":"B\u00e9arla (Oile\u00e1n Mhanann)","en_MU":"B\u00e9arla (Oile\u00e1n Mhuir\u00eds)","en_CX":"B\u00e9arla (Oile\u00e1n na Nollag)","en_TT":"B\u00e9arla (Oile\u00e1n na Tr\u00edon\u00f3ide agus Tob\u00e1ga)","en_NF":"B\u00e9arla (Oile\u00e1n Norfolk)","en_PW":"B\u00e9arla (Palau)","en_PR":"B\u00e9arla (Port\u00f3 R\u00edce)","en_RW":"B\u00e9arla (Ruanda)","en_HK":"B\u00e9arla (S.R.R. na S\u00edne Hong Cong)","en_MO":"B\u00e9arla (S.R.R. na S\u00edne Macao)","en_LC":"B\u00e9arla (Saint Lucia)","en_AS":"B\u00e9arla (Sam\u00f3 Meirice\u00e1nach)","en_WS":"B\u00e9arla (Sam\u00f3)","en_KN":"B\u00e9arla (San Cr\u00edost\u00f3ir-Nimheas)","en_SH":"B\u00e9arla (San H\u00e9ilin)","en_VC":"B\u00e9arla (San Uinseann agus na Grean\u00e1id\u00edn\u00ed)","en_SL":"B\u00e9arla (Siarra Leon)","en_SG":"B\u00e9arla (Singeap\u00f3r)","en_SX":"B\u00e9arla (Sint Maarten)","en_US":"B\u00e9arla (St\u00e1it Aontaithe Mheirice\u00e1)","en_TK":"B\u00e9arla (T\u00f3cal\u00e1)","en_TO":"B\u00e9arla (Tonga)","en_TV":"B\u00e9arla (Tuvalu)","en_UG":"B\u00e9arla (Uganda)","en_VU":"B\u00e9arla (Vanuat\u00fa)","bs":"Boisnis","bs_BA":"Boisnis (An Bhoisnia agus An Heirseagaiv\u00e9in)","bs_Cyrl_BA":"Boisnis (Coireallach, An Bhoisnia agus An Heirseagaiv\u00e9in)","bs_Cyrl":"Boisnis (Coireallach)","bs_Latn_BA":"Boisnis (Laidineach, An Bhoisnia agus An Heirseagaiv\u00e9in)","bs_Latn":"Boisnis (Laidineach)","cy":"Breatnais","cy_GB":"Breatnais (An R\u00edocht Aontaithe)","br":"Briot\u00e1inis","br_FR":"Briot\u00e1inis (An Fhrainc)","bg":"Bulg\u00e1iris","bg_BG":"Bulg\u00e1iris (An Bhulg\u00e1ir)","my":"Burmais","my_MM":"Burmais (Maenmar (Burma))","ks":"Caism\u00edris","ks_IN":"Caism\u00edris (An India)","ks_Arab_IN":"Caism\u00edris (Arabach, An India)","ks_Arab":"Caism\u00edris (Arabach)","kn":"Cannadais","kn_IN":"Cannadais (An India)","kk":"Casaicis","kk_KZ":"Casaicis (An Chasacst\u00e1in)","kk_Cyrl_KZ":"Casaicis (Coireallach, An Chasacst\u00e1in)","kk_Cyrl":"Casaicis (Coireallach)","ca":"Catal\u00f3inis","ca_FR":"Catal\u00f3inis (An Fhrainc)","ca_IT":"Catal\u00f3inis (An Iod\u00e1il)","ca_ES":"Catal\u00f3inis (An Sp\u00e1inn)","ca_AD":"Catal\u00f3inis (And\u00f3ra)","qu":"Ceatsuais","qu_BO":"Ceatsuais (An Bholaiv)","qu_EC":"Ceatsuais (Eacuad\u00f3r)","qu_PE":"Ceatsuais (Peiri\u00fa)","km":"Cim\u00e9iris","km_KH":"Cim\u00e9iris (An Chamb\u00f3id)","rw":"Ciniaruaindis","rw_RW":"Ciniaruaindis (Ruanda)","ki":"Cioc\u00fais","ki_KE":"Cioc\u00fais (An Ch\u00e9inia)","ky":"Cirgisis","ky_KG":"Cirgisis (An Chirgeast\u00e1in)","ky_Cyrl_KG":"Cirgisis (Coireallach, An Chirgeast\u00e1in)","ky_Cyrl":"Cirgisis (Coireallach)","ko":"C\u00f3ir\u00e9is","ko_KR":"C\u00f3ir\u00e9is (An Ch\u00f3ir\u00e9 Theas)","ko_KP":"C\u00f3ir\u00e9is (An Ch\u00f3ir\u00e9 Thuaidh)","kw":"Coirnis","kw_GB":"Coirnis (An R\u00edocht Aontaithe)","hr":"Cr\u00f3itis","hr_BA":"Cr\u00f3itis (An Bhoisnia agus An Heirseagaiv\u00e9in)","hr_HR":"Cr\u00f3itis (An Chr\u00f3it)","da":"Danmhairgis","da_DK":"Danmhairgis (An Danmhairg)","da_GL":"Danmhairgis (An Ghraonlainn)","he":"Eabhrais","he_IL":"Eabhrais (Iosrael)","et":"East\u00f3inis","et_EE":"East\u00f3inis (An East\u00f3in)","eo":"Esperanto","ee":"Ewe","ee_GH":"Ewe (Ghana)","ee_TG":"Ewe (Togo)","fo":"Far\u00f3is","fo_FO":"Far\u00f3is (Oile\u00e1in Fhar\u00f3)","fi":"Fionlainnis","fi_FI":"Fionlainnis (An Fhionlainn)","fr":"Fraincis","fr_DZ":"Fraincis (An Ailg\u00e9ir)","fr_BE":"Fraincis (An Bheilg)","fr_BI":"Fraincis (An Bhur\u00fain)","fr_CG":"Fraincis (An Cong\u00f3)","fr_CI":"Fraincis (An C\u00f3sta Eabhair)","fr_CH":"Fraincis (An Eilv\u00e9is)","fr_FR":"Fraincis (An Fhrainc)","fr_GA":"Fraincis (An Ghab\u00fain)","fr_GQ":"Fraincis (An Ghuine Mhe\u00e1nchriosach)","fr_GN":"Fraincis (An Ghuine)","fr_MR":"Fraincis (An Mh\u00e1rat\u00e1in)","fr_NE":"Fraincis (An N\u00edgir)","fr_NC":"Fraincis (An Nua-Chalad\u00f3in)","fr_SN":"Fraincis (An tSeineag\u00e1il)","fr_SY":"Fraincis (An tSiria)","fr_TN":"Fraincis (An T\u00fain\u00e9is)","fr_BJ":"Fraincis (Beinin)","fr_BF":"Fraincis (Buirc\u00edne Fas\u00f3)","fr_CM":"Fraincis (Camar\u00fan)","fr_CA":"Fraincis (Ceanada)","fr_DJ":"Fraincis (Djibouti)","fr_GP":"Fraincis (Guadal\u00faip)","fr_GF":"Fraincis (Gu\u00e1in na Fraince)","fr_HT":"Fraincis (H\u00e1\u00edt\u00ed)","fr_LU":"Fraincis (Lucsamburg)","fr_MG":"Fraincis (Madagascar)","fr_ML":"Fraincis (Mail\u00ed)","fr_MA":"Fraincis (Marac\u00f3)","fr_MQ":"Fraincis (Martinique)","fr_YT":"Fraincis (Mayotte)","fr_MC":"Fraincis (Monac\u00f3)","fr_SC":"Fraincis (Na S\u00e9is\u00e9il)","fr_KM":"Fraincis (Oile\u00e1in Chom\u00f3ra)","fr_MU":"Fraincis (Oile\u00e1n Mhuir\u00eds)","fr_CD":"Fraincis (Poblacht Dhaonlathach an Chong\u00f3)","fr_CF":"Fraincis (Poblacht na hAfraice L\u00e1ir)","fr_PF":"Fraincis (Polain\u00e9is na Fraince)","fr_RE":"Fraincis (R\u00e9union)","fr_RW":"Fraincis (Ruanda)","fr_BL":"Fraincis (Saint Barth\u00e9lemy)","fr_MF":"Fraincis (Saint-Martin)","fr_PM":"Fraincis (Saint-Pierre-et-Miquelon)","fr_TD":"Fraincis (Sead)","fr_TG":"Fraincis (T\u00f3ga)","fr_WF":"Fraincis (Vail\u00eds agus Fut\u00fana)","fr_VU":"Fraincis (Vanuat\u00fa)","fy":"Freaslainnis Iartharach","fy_NL":"Freaslainnis Iartharach (An \u00cdsilt\u00edr)","ff":"Ful\u00e1inis","ff_GN":"Ful\u00e1inis (An Ghuine)","ff_MR":"Ful\u00e1inis (An Mh\u00e1rat\u00e1in)","ff_SN":"Ful\u00e1inis (An tSeineag\u00e1il)","ff_CM":"Ful\u00e1inis (Camar\u00fan)","ga":"Gaeilge","ga_IE":"Gaeilge (\u00c9ire)","gd":"Gaeilge na hAlban","gd_GB":"Gaeilge na hAlban (An R\u00edocht Aontaithe)","gl":"Gail\u00edsis","gl_ES":"Gail\u00edsis (An Sp\u00e1inn)","de":"Gearm\u00e1inis","de_BE":"Gearm\u00e1inis (An Bheilg)","de_CH":"Gearm\u00e1inis (An Eilv\u00e9is)","de_DE":"Gearm\u00e1inis (An Ghearm\u00e1in)","de_AT":"Gearm\u00e1inis (An Ostair)","de_LI":"Gearm\u00e1inis (Lichtinst\u00e9in)","de_LU":"Gearm\u00e1inis (Lucsamburg)","yi":"Gi\u00fadais","el":"Gr\u00e9igis","el_CY":"Gr\u00e9igis (An Chipir)","el_GR":"Gr\u00e9igis (An Ghr\u00e9ig)","gu":"G\u00faisear\u00e1itis","gu_IN":"G\u00faisear\u00e1itis (An India)","ha":"H\u00e1sais","ha_NG":"H\u00e1sais (An Nig\u00e9ir)","ha_NE":"H\u00e1sais (An N\u00edgir)","ha_GH":"H\u00e1sais (G\u00e1na)","ha_Latn_NG":"H\u00e1sais (Laidineach, An Nig\u00e9ir)","ha_Latn_NE":"H\u00e1sais (Laidineach, An N\u00edgir)","ha_Latn_GH":"H\u00e1sais (Laidineach, G\u00e1na)","ha_Latn":"H\u00e1sais (Laidineach)","hi":"Hiond\u00fais","hi_IN":"Hiond\u00fais (An India)","yo":"Iar\u00faibis","yo_NG":"Iar\u00faibis (An Nig\u00e9ir)","yo_BJ":"Iar\u00faibis (Beinin)","id":"Indin\u00e9isis","id_ID":"Indin\u00e9isis (An Indin\u00e9is)","it":"Iod\u00e1ilis","it_CH":"Iod\u00e1ilis (An Eilv\u00e9is)","it_IT":"Iod\u00e1ilis (An Iod\u00e1il)","it_SM":"Iod\u00e1ilis (San Mair\u00edne)","ig":"\u00cdogb\u00f3is","ig_NG":"\u00cdogb\u00f3is (An Nig\u00e9ir)","no":"Ioruais","no_NO":"Ioruais (An Iorua)","nb":"Ioruais Bokm\u00e5l","nb_NO":"Ioruais Bokm\u00e5l (An Iorua)","nb_SJ":"Ioruais Bokm\u00e5l (Svalbard agus Jan Mayen)","is":"\u00cdoslainnis","is_IS":"\u00cdoslainnis (An \u00cdoslainn)","kl":"Kalaallisut","kl_GL":"Kalaallisut (An Ghraonlainn)","lv":"Laitvis","lv_LV":"Laitvis (An Laitvia)","lo":"Laoisis","lo_LA":"Laoisis (Laos)","ln":"Liong\u00e1ilis","ln_CG":"Liong\u00e1ilis (An Cong\u00f3)","ln_AO":"Liong\u00e1ilis (Ang\u00f3la)","ln_CD":"Liong\u00e1ilis (Poblacht Dhaonlathach an Chong\u00f3)","ln_CF":"Liong\u00e1ilis (Poblacht na hAfraice L\u00e1ir)","lt":"Liotu\u00e1inis","lt_LT":"Liotu\u00e1inis (An Liotu\u00e1in)","lu":"L\u00faba-Cataingis","lu_CD":"L\u00faba-Cataingis (Poblacht Dhaonlathach an Chong\u00f3)","lb":"Lucsambuirgis","lb_LU":"Lucsambuirgis (Lucsamburg)","lg":"Lugandais","lg_UG":"Lugandais (Uganda)","mk":"Macad\u00f3inis","mk_MK":"Macad\u00f3inis (An Mhacad\u00f3in)","ml":"Mail\u00e9alaimis","ml_IN":"Mail\u00e9alaimis (An India)","ms":"Malaeis","ms_MY":"Malaeis (An Mhalaeisia)","ms_BN":"Malaeis (Br\u00fain\u00e9)","ms_Latn_MY":"Malaeis (Laidineach, An Mhalaeisia)","ms_Latn_BN":"Malaeis (Laidineach, Br\u00fain\u00e9)","ms_Latn_SG":"Malaeis (Laidineach, Singeap\u00f3r)","ms_Latn":"Malaeis (Laidineach)","ms_SG":"Malaeis (Singeap\u00f3r)","mg":"Malag\u00e1isis","mg_MG":"Malag\u00e1isis (Madagascar)","mt":"M\u00e1ltais","mt_MT":"M\u00e1ltais (M\u00e1lta)","gv":"Manainnis","gv_IM":"Manainnis (Oile\u00e1n Mhanann)","mr":"Maraitis","mr_IN":"Maraitis (An India)","mn":"Mong\u00f3ilis","mn_MN":"Mong\u00f3ilis (An Mhong\u00f3il)","mn_Cyrl_MN":"Mong\u00f3ilis (Coireallach, An Mhong\u00f3il)","mn_Cyrl":"Mong\u00f3ilis (Coireallach)","nd":"Ndeib\u00e9ilis an Tuaiscirt","nd_ZW":"Ndeib\u00e9ilis an Tuaiscirt (An tSiomb\u00e1ib)","ne":"Neipeailis","ne_IN":"Neipeailis (An India)","ne_NP":"Neipeailis (Neipeal)","nn":"Nua-Ioruais","nn_NO":"Nua-Ioruais (An Iorua)","or":"Oir\u00edsis","or_IN":"Oir\u00edsis (An India)","os":"Ois\u00e9itis","os_RU":"Ois\u00e9itis (An R\u00fais)","os_GE":"Ois\u00e9itis (An tSeoirsia)","nl":"Ollainnis","nl_BE":"Ollainnis (An Bheilg)","nl_BQ":"Ollainnis (An \u00cdsilt\u00edr Chairibeach)","nl_NL":"Ollainnis (An \u00cdsilt\u00edr)","nl_AW":"Ollainnis (Ar\u00faba)","nl_CW":"Ollainnis (Cura\u00e7ao)","nl_SX":"Ollainnis (Sint Maarten)","nl_SR":"Ollainnis (Suranam)","om":"Oraimis","om_ET":"Oraimis (An Aet\u00f3ip)","om_KE":"Oraimis (An Ch\u00e9inia)","ps":"Paistis","ps_AF":"Paistis (An Afganast\u00e1in)","fa":"Peirsis","fa_AF":"Peirsis (An Afganast\u00e1in)","fa_IR":"Peirsis (An Iar\u00e1in)","pl":"Polainnis","pl_PL":"Polainnis (An Pholainn)","pt":"Portaing\u00e9ilis","pt_BR":"Portaing\u00e9ilis (An Bhrasa\u00edl)","pt_PT":"Portaing\u00e9ilis (An Phortaing\u00e9il)","pt_AO":"Portaing\u00e9ilis (Ang\u00f3la)","pt_GW":"Portaing\u00e9ilis (Guine Bissau)","pt_MZ":"Portaing\u00e9ilis (M\u00f3saimb\u00edc)","pt_CV":"Portaing\u00e9ilis (Rinn Verde)","pt_MO":"Portaing\u00e9ilis (S.R.R. na S\u00edne Macao)","pt_ST":"Portaing\u00e9ilis (S\u00e3o Tom\u00e9 agus Pr\u00edncipe)","pt_TL":"Portaing\u00e9ilis (T\u00edom\u00f3r Thoir)","pa":"Puinse\u00e1ibis","pa_IN":"Puinse\u00e1ibis (An India)","pa_PK":"Puinse\u00e1ibis (An Phacast\u00e1in)","pa_Arab_PK":"Puinse\u00e1ibis (Arabach, An Phacast\u00e1in)","pa_Arab":"Puinse\u00e1ibis (Arabach)","pa_Guru_IN":"Puinse\u00e1ibis (Gurm\u00facach, An India)","pa_Guru":"Puinse\u00e1ibis (Gurm\u00facach)","rm":"R\u00f3mainis","ro":"R\u00f3m\u00e1inis","rm_CH":"R\u00f3mainis (An Eilv\u00e9is)","ro_MD":"R\u00f3m\u00e1inis (An Mhold\u00f3iv)","ro_RO":"R\u00f3m\u00e1inis (An R\u00f3m\u00e1in)","rn":"R\u00faindis","rn_BI":"R\u00faindis (An Bhur\u00fain)","ru":"R\u00faisis","ru_BY":"R\u00faisis (An Bhealar\u00fais)","ru_KZ":"R\u00faisis (An Chasacst\u00e1in)","ru_KG":"R\u00faisis (An Chirgeast\u00e1in)","ru_MD":"R\u00faisis (An Mhold\u00f3iv)","ru_RU":"R\u00faisis (An R\u00fais)","ru_UA":"R\u00faisis (An \u00dacr\u00e1in)","se":"S\u00e1imis Thuaidh","se_FI":"S\u00e1imis Thuaidh (An Fhionlainn)","se_NO":"S\u00e1imis Thuaidh (An Iorua)","se_SE":"S\u00e1imis Thuaidh (An tSualainn)","sg":"Sang\u00f3is","sg_CF":"Sang\u00f3is (Poblacht na hAfraice L\u00e1ir)","ja":"Seap\u00e1inis","ja_JP":"Seap\u00e1inis (An tSeap\u00e1in)","cs":"Seicis","cs_CZ":"Seicis (Poblacht na Seice)","sh":"Seirbea-Chr\u00f3itis","sh_BA":"Seirbea-Chr\u00f3itis (An Bhoisnia agus An Heirseagaiv\u00e9in)","sr":"Seirbis","sr_BA":"Seirbis (An Bhoisnia agus An Heirseagaiv\u00e9in)","sr_XK":"Seirbis (An Chosaiv)","sr_RS":"Seirbis (An tSeirbia)","sr_Cyrl_BA":"Seirbis (Coireallach, An Bhoisnia agus An Heirseagaiv\u00e9in)","sr_Cyrl_XK":"Seirbis (Coireallach, An Chosaiv)","sr_Cyrl_RS":"Seirbis (Coireallach, An tSeirbia)","sr_Cyrl_ME":"Seirbis (Coireallach, Montain\u00e9agr\u00f3)","sr_Cyrl":"Seirbis (Coireallach)","sr_Latn_BA":"Seirbis (Laidineach, An Bhoisnia agus An Heirseagaiv\u00e9in)","sr_Latn_XK":"Seirbis (Laidineach, An Chosaiv)","sr_Latn_RS":"Seirbis (Laidineach, An tSeirbia)","sr_Latn_ME":"Seirbis (Laidineach, Montain\u00e9agr\u00f3)","sr_Latn":"Seirbis (Laidineach)","sr_ME":"Seirbis (Montain\u00e9agr\u00f3)","dz":"Seoinicis","dz_BT":"Seoinicis (An Bh\u00fat\u00e1in)","sn":"Seoinis","sn_ZW":"Seoinis (An tSiomb\u00e1ib)","ka":"Seoirsis","ka_GE":"Seoirsis (An tSeoirsia)","ii":"Sichuan Yi","ii_CN":"Sichuan Yi (China)","zh":"S\u00ednis","zh_TW":"S\u00ednis (An T\u00e9av\u00e1in)","zh_CN":"S\u00ednis (An tS\u00edn)","zh_HK":"S\u00ednis (S.R.R. na S\u00edne Hong Cong)","zh_MO":"S\u00ednis (S.R.R. na S\u00edne Macao)","zh_Hans_CN":"S\u00ednis (Simplithe, An tS\u00edn)","zh_Hans_HK":"S\u00ednis (Simplithe, S.R.R. na S\u00edne Hong Cong)","zh_Hans_MO":"S\u00ednis (Simplithe, S.R.R. na S\u00edne Macao)","zh_Hans_SG":"S\u00ednis (Simplithe, Singeap\u00f3r)","zh_Hans":"S\u00ednis (Simplithe)","zh_SG":"S\u00ednis (Singeap\u00f3r)","zh_Hant_TW":"S\u00ednis (Traidisi\u00fanta, An T\u00e9av\u00e1in)","zh_Hant_HK":"S\u00ednis (Traidisi\u00fanta, S.R.R. na S\u00edne Hong Cong)","zh_Hant_MO":"S\u00ednis (Traidisi\u00fanta, S.R.R. na S\u00edne Macao)","zh_Hant":"S\u00ednis (Traidisi\u00fanta)","si":"Siol\u00f3inis","si_LK":"Siol\u00f3inis (Sr\u00ed Lanca)","sl":"Sl\u00f3iv\u00e9inis","sl_SI":"Sl\u00f3iv\u00e9inis (An tSl\u00f3iv\u00e9in)","sk":"Sl\u00f3vaicis","sk_SK":"Sl\u00f3vaicis (An tSl\u00f3vaic)","so":"Som\u00e1ilis","so_ET":"Som\u00e1ilis (An Aet\u00f3ip)","so_KE":"Som\u00e1ilis (An Ch\u00e9inia)","so_SO":"Som\u00e1ilis (An tSom\u00e1il)","so_DJ":"Som\u00e1ilis (Djibouti)","es":"Sp\u00e1innis","es_AR":"Sp\u00e1innis (An Airgint\u00edn)","es_BO":"Sp\u00e1innis (An Bholaiv)","es_CO":"Sp\u00e1innis (An Chol\u00f3im)","es_GQ":"Sp\u00e1innis (An Ghuine Mhe\u00e1nchriosach)","es_DO":"Sp\u00e1innis (An Phoblacht Dhoiminiceach)","es_ES":"Sp\u00e1innis (An Sp\u00e1inn)","es_SV":"Sp\u00e1innis (An tSalvad\u00f3ir)","es_CL":"Sp\u00e1innis (An tSile)","es_EA":"Sp\u00e1innis (Ceuta agus Melilla)","es_CR":"Sp\u00e1innis (C\u00f3sta R\u00edce)","es_CU":"Sp\u00e1innis (C\u00faba)","es_EC":"Sp\u00e1innis (Eacuad\u00f3r)","es_GT":"Sp\u00e1innis (Guatamala)","es_HN":"Sp\u00e1innis (Hond\u00faras)","es_MX":"Sp\u00e1innis (Meicsiceo)","es_IC":"Sp\u00e1innis (Na hOile\u00e1in Chan\u00e1racha)","es_PH":"Sp\u00e1innis (Na hOile\u00e1in Fhilip\u00edneacha)","es_NI":"Sp\u00e1innis (Nicearagua)","es_PA":"Sp\u00e1innis (Panama)","es_PY":"Sp\u00e1innis (Paragua)","es_PE":"Sp\u00e1innis (Peiri\u00fa)","es_PR":"Sp\u00e1innis (Port\u00f3 R\u00edce)","es_US":"Sp\u00e1innis (St\u00e1it Aontaithe Mheirice\u00e1)","es_UY":"Sp\u00e1innis (Urugua)","es_VE":"Sp\u00e1innis (Veinis\u00e9ala)","sv":"Sualainnis","sv_FI":"Sualainnis (An Fhionlainn)","sv_SE":"Sualainnis (An tSualainn)","sv_AX":"Sualainnis (Oile\u00e1in \u00c5land)","zu":"S\u00fal\u00fais","zu_ZA":"S\u00fal\u00fais (An Afraic Theas)","sw":"Svaha\u00edlis","sw_KE":"Svaha\u00edlis (An Ch\u00e9inia)","sw_TZ":"Svaha\u00edlis (An Tans\u00e1in)","sw_UG":"Svaha\u00edlis (Uganda)","tl":"Tag\u00e1laigis","tl_PH":"Tag\u00e1laigis (Na hOile\u00e1in Fhilip\u00edneacha)","ta":"Tamailis","ta_IN":"Tamailis (An India)","ta_MY":"Tamailis (An Mhalaeisia)","ta_SG":"Tamailis (Singeap\u00f3r)","ta_LK":"Tamailis (Sr\u00ed Lanca)","th":"T\u00e9alainnis","th_TH":"T\u00e9alainnis (An T\u00e9alainn)","te":"Teileag\u00fais","te_IN":"Teileag\u00fais (An India)","bo":"Tib\u00e9idis","bo_IN":"Tib\u00e9idis (An India)","bo_CN":"Tib\u00e9idis (An tS\u00edn)","ti":"Tigrinis","ti_ET":"Tigrinis (An Aet\u00f3ip)","ti_ER":"Tigrinis (An Eiritr\u00e9)","to":"Tongais","to_TO":"Tongais (Tonga)","tr":"Tuircis","tr_CY":"Tuircis (An Chipir)","tr_TR":"Tuircis (An Tuirc)","uk":"\u00dacr\u00e1inis","uk_UA":"\u00dacr\u00e1inis (An \u00dacr\u00e1in)","ug":"Uigi\u00fairis","ug_CN":"Uigi\u00fairis (An tS\u00edn)","ug_Arab_CN":"Uigi\u00fairis (Arabach, An tS\u00edn)","ug_Arab":"Uigi\u00fairis (Arabach)","uz":"\u00daisb\u00e9iceast\u00e1inis","uz_AF":"\u00daisb\u00e9iceast\u00e1inis (An Afganast\u00e1in)","uz_UZ":"\u00daisb\u00e9iceast\u00e1inis (An \u00daisb\u00e9iceast\u00e1in)","uz_Arab_AF":"\u00daisb\u00e9iceast\u00e1inis (Arabach, An Afganast\u00e1in)","uz_Arab":"\u00daisb\u00e9iceast\u00e1inis (Arabach)","uz_Cyrl_UZ":"\u00daisb\u00e9iceast\u00e1inis (Coireallach, An \u00daisb\u00e9iceast\u00e1in)","uz_Cyrl":"\u00daisb\u00e9iceast\u00e1inis (Coireallach)","uz_Latn_UZ":"\u00daisb\u00e9iceast\u00e1inis (Laidineach, An \u00daisb\u00e9iceast\u00e1in)","uz_Latn":"\u00daisb\u00e9iceast\u00e1inis (Laidineach)","hu":"Ung\u00e1iris","hu_HU":"Ung\u00e1iris (An Ung\u00e1ir)","ur":"Urd\u00fais","ur_IN":"Urd\u00fais (An India)","ur_PK":"Urd\u00fais (An Phacast\u00e1in)","vi":"V\u00edtneaimis","vi_VN":"V\u00edtneaimis (V\u00edtneam)"}