{"af":"Afraganais","af_ZA":"Afraganais (Afraga a Deas)","af_NA":"Afraganais (An Namaib)","hy":"Airmeinis","hy_AM":"Airmeinis (Airmeinia)","ak":"Akan","ak_GH":"Akan (G\u00e0na)","sq":"Alb\u00e0inis","sq_XK":"Alb\u00e0inis (A\u2019 Chosobho)","sq_MK":"Alb\u00e0inis (A\u2019 Mhasadon)","sq_AL":"Alb\u00e0inis (Alb\u00e0inia)","am":"Amtharais","am_ET":"Amtharais (An Itiop)","ar":"Arabais","ar_DZ":"Arabais (Aildiria)","ar_YE":"Arabais (An Eaman)","ar_EG":"Arabais (An \u00c8iphit)","ar_TD":"Arabais (An t-Se\u00e0d)","ar_SA":"Arabais (Ar\u00e0ibia nan Sabhd)","ar_BH":"Arabais (Bachrain)","ar_QA":"Arabais (Catar)","ar_KM":"Arabais (Comoros)","ar_KW":"Arabais (Cuibh\u00e8it)","ar_DJ":"Arabais (Diob\u00f9taidh)","ar_ER":"Arabais (Eartra)","ar_IQ":"Arabais (Ior\u00e0c)","ar_JO":"Arabais (I\u00f2rdan)","ar_IL":"Arabais (Iosrael)","ar_LB":"Arabais (Leabanon)","ar_LY":"Arabais (Libia)","ar_MR":"Arabais (Morat\u00e0inea)","ar_MA":"Arabais (Moroco)","ar_AE":"Arabais (Na h-Iomaratan Arabach Aonaichte)","ar_PS":"Arabais (Na Ranntairean Palastaineach)","ar_OM":"Arabais (Om\u00e0n)","ar_EH":"Arabais (Sathara an Iar)","ar_SY":"Arabais (Siridhea)","ar_SO":"Arabais (Som\u00e0ilia)","ar_SS":"Arabais (Sud\u00e0n a Deas)","ar_SD":"Arabais (Sud\u00e0n)","ar_TN":"Arabais (Tuinisea)","as":"Asamais","as_IN":"Asamais (Na h-Innseachan)","az":"Asarbaide\u00e0nais","az_AZ":"Asarbaide\u00e0nais (Asarbaide\u00e0n)","az_Cyrl_AZ":"Asarbaide\u00e0nais (Cirilis, Asarbaide\u00e0n)","az_Cyrl":"Asarbaide\u00e0nais (Cirilis)","az_Latn_AZ":"Asarbaide\u00e0nais (Laideann, Asarbaide\u00e0n)","az_Latn":"Asarbaide\u00e0nais (Laideann)","bm":"Bambara","bm_Latn_ML":"Bambara (Laideann, M\u00e0ili)","bm_Latn":"Bambara (Laideann)","eu":"Basgais","eu_ES":"Basgais (An Sp\u00e0inn)","be":"Bealaruisis","be_BY":"Bealaruisis (A\u2019 Bhealaruis)","bn":"Beangailis","bn_BD":"Beangailis (Bangladais)","bn_IN":"Beangailis (Na h-Innseachan)","en":"Beurla","en_BE":"Beurla (A\u2019 Bheilg)","en_BZ":"Beurla (A\u2019 Bheil\u00ecs)","en_GM":"Beurla (A\u2019 Ghaimbia)","en_ZA":"Beurla (Afraga a Deas)","en_AG":"Beurla (Aint\u00ecoga is Barbuda)","en_NA":"Beurla (An Namaib)","en_GB":"Beurla (An R\u00ecoghachd Aonaichte)","en_ZW":"Beurla (An t-S\u00ecombab)","en_TZ":"Beurla (An Tansan)","en_AI":"Beurla (Anguilla)","en_AU":"Beurla (Astr\u00e0ilia)","en_BB":"Beurla (Barbados)","en_BM":"Beurla (Bearm\u00f9da)","en_BW":"Beurla (Botsuana)","en_CM":"Beurla (Camarun)","en_CA":"Beurla (Canada)","en_KE":"Beurla (Ceinia)","en_KI":"Beurla (Ciribeas)","en_JE":"Beurla (De\u00e0rsaidh)","en_JM":"Beurla (Diameuga)","en_DG":"Beurla (Diego Garcia)","en_GI":"Beurla (Diobraltar)","en_DM":"Beurla (Doiminicea)","en_SZ":"Beurla (D\u00f9thaich nan Suasaidh)","en_ER":"Beurla (Eartra)","en_IM":"Beurla (Eilean Mhanainn)","en_CX":"Beurla (Eilean na Nollaig)","en_SH":"Beurla (Eilean Naomh Eilidh)","en_NF":"Beurla (Eilean Norfolk)","en_PN":"Beurla (Eilean Peit a\u2019 Ch\u00e0irn)","en_VI":"Beurla (Eileanan Aimeireagach na Maighdinn)","en_VG":"Beurla (Eileanan Breatannach na Maighdinn)","en_CK":"Beurla (Eileanan Cook)","en_MH":"Beurla (Eileanan Mharshall)","en_SB":"Beurla (Eileanan Sholaimh)","en_IE":"Beurla (\u00c8irinn)","en_FJ":"Beurla (F\u00ecdi)","en_GH":"Beurla (G\u00e0na)","en_GG":"Beurla (Ge\u00e0rnsaidh)","en_PG":"Beurla (Gini Nuadh Phaputhach)","en_GD":"Beurla (Grean\u00e0da)","en_GU":"Beurla (Guam)","en_GY":"Beurla (Guidhe\u00e0na)","en_HK":"Beurla (Hong Kong SAR na S\u00ecne)","en_LS":"Beurla (Leasoto)","en_LR":"Beurla (Lib\u00e8ir)","en_MO":"Beurla (Mac\u00e0thu SAR na S\u00ecne)","en_MG":"Beurla (Madagasgar)","en_MW":"Beurla (Malabhaidh)","en_MY":"Beurla (Malaidhsea)","en_MT":"Beurla (Malta)","en_UM":"Beurla (Meanbh-Eileanan Iomallach nan St\u00e0itean Aonaichte)","en_MS":"Beurla (Montsarat)","en_BS":"Beurla (Na h-Eileanan Bhathama)","en_KY":"Beurla (Na h-Eileanan Caimean)","en_CC":"Beurla (Na h-Eileanan Cocos (Keeling))","en_FK":"Beurla (Na h-Eileanan F\u00e0clannach)","en_PH":"Beurla (Na h-Eileanan Filipineach)","en_MP":"Beurla (Na h-Eileanan Mairianach a Tuath)","en_MU":"Beurla (Na h-Eileanan Mhoiriseas)","en_SC":"Beurla (Na h-Eileanan Sheiseall)","en_TC":"Beurla (Na h-Eileanan Turcach is Caiceo)","en_IN":"Beurla (Na h-Innseachan)","en_FM":"Beurla (Na Meanbh-Eileanan)","en_US":"Beurla (Na St\u00e0itean Aonaichte)","en_NR":"Beurla (Nabhru)","en_VC":"Beurla (Naomh Bhionsant agus Eileanan Greanadach)","en_KN":"Beurla (Naomh Cr\u00ecstean is Nibheis)","en_LC":"Beurla (Naomh L\u00f9isea)","en_NG":"Beurla (Nig\u00e8iria)","en_NU":"Beurla (Niue)","en_PK":"Beurla (Pagast\u00e0n)","en_PW":"Beurla (Palabh)","en_PR":"Beurla (Porto R\u00ecceo)","en_IO":"Beurla (Ranntair Breatannach Cuan nan Innseachan)","en_RW":"Beurla (Rubhanda)","en_ZM":"Beurla (S\u00e0imbia)","en_AS":"Beurla (Samotha na h-Aimeireaga)","en_WS":"Beurla (Samotha)","en_NZ":"Beurla (Sealainn Nuadh)","en_SL":"Beurla (Siarra Le\u00f2mhann)","en_SG":"Beurla (Singeap\u00f2r)","en_SX":"Beurla (Sint Maarten)","en_SS":"Beurla (Sud\u00e0n a Deas)","en_SD":"Beurla (Sud\u00e0n)","en_TK":"Beurla (Tokelau)","en_TO":"Beurla (Tonga)","en_TT":"Beurla (Trianaid agus Tobago)","en_TV":"Beurla (Tubhalu)","en_UG":"Beurla (Uganda)","en_VU":"Beurla (Vanuatu)","vi":"Bhiet-Namais","vi_VN":"Bhiet-Namais (Bhiet-Nam)","nb":"Bokm\u00e5l na Nirribhidh","nb_NO":"Bokm\u00e5l na Nirribhidh (An Nirribhidh)","nb_SJ":"Bokm\u00e5l na Nirribhidh (Svalbard agus Jan Mayen)","bs":"Bosnais","bs_BA":"Bosnais (Bosna agus Hearsagobhana)","bs_Cyrl_BA":"Bosnais (Cirilis, Bosna agus Hearsagobhana)","bs_Cyrl":"Bosnais (Cirilis)","bs_Latn_BA":"Bosnais (Laideann, Bosna agus Hearsagobhana)","bs_Latn":"Bosnais (Laideann)","br":"Breatnais","br_FR":"Breatnais (An Fhraing)","bg":"Bulgarais","bg_BG":"Bulgarais (A\u2019 Bhulgair)","my":"Burmais","my_MM":"Burmais (Mi\u00e0nmar (Burma))","ka":"Cairtbheilis","ka_GE":"Cairtbheilis (A\u2019 Chairtbheil)","ks":"Caismiris","ks_Arab_IN":"Caismiris (Arabais, Na h-Innseachan)","ks_Arab":"Caismiris (Arabais)","ks_IN":"Caismiris (Na h-Innseachan)","kk":"Casachais","kk_KZ":"Casachais (Casachst\u00e0n)","kk_Cyrl_KZ":"Casachais (Cirilis, Casachst\u00e0n)","kk_Cyrl":"Casachais (Cirilis)","ca":"Catalanais","ca_IT":"Catalanais (An Eadailt)","ca_FR":"Catalanais (An Fhraing)","ca_ES":"Catalanais (An Sp\u00e0inn)","ca_AD":"Catalanais (Andorra)","qu":"Ceatsua","qu_BO":"Ceatsua (Boilibhia)","qu_EC":"Ceatsua (Eacuador)","qu_PE":"Ceatsua (Pear\u00f9)","ky":"C\u00ecorgasais","ky_KG":"C\u00ecorgasais (C\u00ecorgastan)","ky_Cyrl_KG":"C\u00ecorgasais (Cirilis, C\u00ecorgastan)","ky_Cyrl":"C\u00ecorgasais (Cirilis)","km":"Cm\u00e8ar","km_KH":"Cm\u00e8ar (Cambuidea)","ko":"Coir\u00e8anais","ko_KR":"Coir\u00e8anais (Coir\u00e8a a Deas)","ko_KP":"Coir\u00e8anais (Coir\u00e8a a Tuath)","kw":"C\u00f2rnais","kw_GB":"C\u00f2rnais (An R\u00ecoghachd Aonaichte)","hr":"Cr\u00f2thaisis","hr_HR":"Cr\u00f2thaisis (A\u2019 Chr\u00f2thais)","hr_BA":"Cr\u00f2thaisis (Bosna agus Hearsagobhana)","cy":"Cuimris","cy_GB":"Cuimris (An R\u00ecoghachd Aonaichte)","da":"Danmhairgis","da_GL":"Danmhairgis (A\u2019 Ghraonlann)","da_DK":"Danmhairgis (An Danmhairg)","nl":"Duitsis","nl_BE":"Duitsis (A\u2019 Bheilg)","nl_AW":"Duitsis (Ar\u00f9ba)","nl_CW":"Duitsis (Cura\u00e7ao)","nl_BQ":"Duitsis (Na T\u00ecrean \u00ccsle Caraibeach)","nl_NL":"Duitsis (Na T\u00ecrean \u00ccsle)","nl_SX":"Duitsis (Sint Maarten)","nl_SR":"Duitsis (Suranam)","dz":"Dzongkha","dz_BT":"Dzongkha (But\u00e0n)","he":"Eabhra","he_IL":"Eabhra (Iosrael)","it":"Eadailtis","it_IT":"Eadailtis (An Eadailt)","it_CH":"Eadailtis (An Eilbheis)","it_SM":"Eadailtis (San Marino)","et":"Eastoinis","et_EE":"Eastoinis (An Eastoin)","eo":"Esperanto","ee":"Ewe","ee_GH":"Ewe (G\u00e0na)","ee_TG":"Ewe (Togo)","fo":"F\u00e0rothais","fo_FO":"F\u00e0rothais (Na h-Eileanan F\u00e0ro)","fa":"Farsaidh","fa_AF":"Farsaidh (Afghanast\u00e0n)","fa_IR":"Farsaidh (Ior\u00e0n)","fi":"Fionnlannais","fi_FI":"Fionnlannais (An Fhionnlann)","fr":"Fraingis","fr_BE":"Fraingis (A\u2019 Bheilg)","fr_CG":"Fraingis (A\u2019 Chongo - Brazzaville)","fr_DZ":"Fraingis (Aildiria)","fr_CH":"Fraingis (An Eilbheis)","fr_FR":"Fraingis (An Fhraing)","fr_TD":"Fraingis (An t-Se\u00e0d)","fr_BJ":"Fraingis (Beinin)","fr_BF":"Fraingis (Buirciona Faso)","fr_BI":"Fraingis (Burundaidh)","fr_NC":"Fraingis (Cailleann Nuadh)","fr_CM":"Fraingis (Camarun)","fr_CA":"Fraingis (Canada)","fr_KM":"Fraingis (Comoros)","fr_CD":"Fraingis (Congo - Kinshasa)","fr_CI":"Fraingis (C\u00f4te d\u2019Ivoire)","fr_DJ":"Fraingis (Diob\u00f9taidh)","fr_GA":"Fraingis (Gabon)","fr_GQ":"Fraingis (Gini Mheadhan-Chriosach)","fr_GN":"Fraingis (Gini)","fr_GP":"Fraingis (Guadalup)","fr_GF":"Fraingis (Guidhe\u00e0na na Frainge)","fr_HT":"Fraingis (Haidhti)","fr_LU":"Fraingis (Lugsamburg)","fr_MG":"Fraingis (Madagasgar)","fr_ML":"Fraingis (M\u00e0ili)","fr_MQ":"Fraingis (Mairtinic)","fr_YT":"Fraingis (Mayotte)","fr_MC":"Fraingis (Monaco)","fr_MR":"Fraingis (Morat\u00e0inea)","fr_MA":"Fraingis (Moroco)","fr_MU":"Fraingis (Na h-Eileanan Mhoiriseas)","fr_SC":"Fraingis (Na h-Eileanan Sheiseall)","fr_MF":"Fraingis (Naomh M\u00e0rtainn)","fr_NE":"Fraingis (N\u00ecgeir)","fr_CF":"Fraingis (Poblachd Meadhan Afraga)","fr_PF":"Fraingis (Poilin\u00e8is na Frainge)","fr_RE":"Fraingis (R\u00e9union)","fr_RW":"Fraingis (Rubhanda)","fr_BL":"Fraingis (Saint Barth\u00e9lemy)","fr_PM":"Fraingis (Saint Pierre agus Miquelon)","fr_SN":"Fraingis (Seanagal)","fr_SY":"Fraingis (Siridhea)","fr_TG":"Fraingis (Togo)","fr_TN":"Fraingis (Tuinisea)","fr_WF":"Fraingis (Uallas agus Futuna)","fr_VU":"Fraingis (Vanuatu)","fy":"Fr\u00ecoslannais Siarach","fy_NL":"Fr\u00ecoslannais Siarach (Na T\u00ecrean \u00ccsle)","ff":"Fulah","ff_CM":"Fulah (Cameroon)","ff_GN":"Fulah (Guinea)","ff_MR":"Fulah (Mauritania)","ff_SN":"Fulah (Senegal)","ga":"Gaeilge","ga_IE":"Gaeilge (\u00c8irinn)","gv":"Gaelg","gv_IM":"Gaelg (Eilean Mhanainn)","gd":"G\u00e0idhlig","gd_GB":"G\u00e0idhlig (An R\u00ecoghachd Aonaichte)","gl":"Gail\u00ecsis","gl_ES":"Gail\u00ecsis (An Sp\u00e0inn)","lg":"Ganda","lg_UG":"Ganda (Uganda)","de":"Gearmailtis","de_BE":"Gearmailtis (A\u2019 Bheilg)","de_DE":"Gearmailtis (A\u2019 Ghearmailt)","de_CH":"Gearmailtis (An Eilbheis)","de_AT":"Gearmailtis (An Ostair)","de_LI":"Gearmailtis (Lichtenstein)","de_LU":"Gearmailtis (Lugsamburg)","el":"Greugais","el_GR":"Greugais (A\u2019 Ghreug)","el_CY":"Greugais (C\u00ecopras)","gu":"Gujarati","gu_IN":"Gujarati (Na h-Innseachan)","ha":"Hausa","ha_GH":"Hausa (G\u00e0na)","ha_Latn_GH":"Hausa (Laideann, G\u00e0na)","ha_Latn_NE":"Hausa (Laideann, N\u00ecgeir)","ha_Latn_NG":"Hausa (Laideann, Nig\u00e8iria)","ha_Latn":"Hausa (Laideann)","ha_NE":"Hausa (N\u00ecgeir)","ha_NG":"Hausa (Nig\u00e8iria)","hi":"Hindis","hi_IN":"Hindis (Na h-Innseachan)","ig":"Igbo","ig_NG":"Igbo (Nig\u00e8iria)","id":"Innd-Innsis","id_ID":"Innd-Innsis (Na h-Innd Innse)","is":"Innis T\u00eclis","is_IS":"Innis T\u00eclis (Innis T\u00ecle)","yo":"Ioruba","yo_BJ":"Ioruba (Beinin)","yo_NG":"Ioruba (Nig\u00e8iria)","yi":"I\u00f9dhais","kl":"Kalaallisut","kl_GL":"Kalaallisut (A\u2019 Ghraonlann)","kn":"Kannada","kn_IN":"Kannada (Na h-Innseachan)","ki":"Kikuyu","ki_KE":"Kikuyu (Ceinia)","rw":"Kinyarwanda","rw_RW":"Kinyarwanda (Rubhanda)","rn":"Kirundi","rn_BI":"Kirundi (Burundaidh)","sw":"Kiswahili","sw_TZ":"Kiswahili (An Tansan)","sw_KE":"Kiswahili (Ceinia)","sw_UG":"Kiswahili (Uganda)","lv":"Laitbheis","lv_LV":"Laitbheis (An Laitbhe)","lo":"L\u00e0tho","lo_LA":"L\u00e0tho (L\u00e0thos)","ln":"Lingala","ln_CG":"Lingala (A\u2019 Chongo - Brazzaville)","ln_AO":"Lingala (Ang\u00f2la)","ln_CD":"Lingala (Congo - Kinshasa)","ln_CF":"Lingala (Poblachd Meadhan Afraga)","lt":"Liotuainis","lt_LT":"Liotuainis (An Liotuain)","lu":"Luba-Katanga","lu_CD":"Luba-Katanga (Congo - Kinshasa)","lb":"Lugsamburgais","lb_LU":"Lugsamburgais (Lugsamburg)","mg":"Malagasais","mg_MG":"Malagasais (Madagasgar)","ms":"Malaidhis","ms_BN":"Malaidhis (Br\u00f9naigh)","ms_Latn_BN":"Malaidhis (Laideann, Br\u00f9naigh)","ms_Latn_MY":"Malaidhis (Laideann, Malaidhsea)","ms_Latn_SG":"Malaidhis (Laideann, Singeap\u00f2r)","ms_Latn":"Malaidhis (Laideann)","ms_MY":"Malaidhis (Malaidhsea)","ms_SG":"Malaidhis (Singeap\u00f2r)","ml":"Malayalam","ml_IN":"Malayalam (Na h-Innseachan)","mt":"Maltais","mt_MT":"Maltais (Malta)","mr":"Marathi","mr_IN":"Marathi (Na h-Innseachan)","mk":"Masadonais","mk_MK":"Masadonais (A\u2019 Mhasadon)","mn":"Mongolais","mn_Cyrl_MN":"Mongolais (Cirilis, D\u00f9thaich nam Mongol)","mn_Cyrl":"Mongolais (Cirilis)","mn_MN":"Mongolais (D\u00f9thaich nam Mongol)","nd":"Ndebele Thuathach","nd_ZW":"Ndebele Thuathach (An t-S\u00ecombab)","ne":"Neap\u00e0ilis","ne_IN":"Neap\u00e0ilis (Na h-Innseachan)","ne_NP":"Neap\u00e0ilis (Neap\u00e0l)","no":"Nirribhis","no_NO":"Nirribhis (An Nirribhidh)","nn":"Nynorsk na Nirribhidh","nn_NO":"Nynorsk na Nirribhidh (An Nirribhidh)","or":"Oriya","or_IN":"Oriya (Na h-Innseachan)","om":"Oromo","om_ET":"Oromo (An Itiop)","om_KE":"Oromo (Ceinia)","os":"Ossetic","os_GE":"Ossetic (A\u2019 Chairtbheil)","os_RU":"Ossetic (An Ruis)","ps":"Pachtu","ps_AF":"Pachtu (Afghanast\u00e0n)","pa":"Panjabi","pa_Arab_PK":"Panjabi (Arabais, Pagast\u00e0n)","pa_Arab":"Panjabi (Arabais)","pa_Guru_IN":"Panjabi (Gurmukhi, Na h-Innseachan)","pa_Guru":"Panjabi (Gurmukhi)","pa_IN":"Panjabi (Na h-Innseachan)","pa_PK":"Panjabi (Pagast\u00e0n)","pl":"P\u00f2lainnis","pl_PL":"P\u00f2lainnis (A\u2019 Ph\u00f2lainn)","pt":"Portagailis","pt_PT":"Portagailis (A\u2019 Phortagail)","pt_CV":"Portagailis (An Ceap Uaine)","pt_AO":"Portagailis (Ang\u00f2la)","pt_BR":"Portagailis (Braisil)","pt_GW":"Portagailis (Gini-Bioso)","pt_MO":"Portagailis (Mac\u00e0thu SAR na S\u00ecne)","pt_MZ":"Portagailis (M\u00f2saimbic)","pt_ST":"Portagailis (S\u00e3o Tom\u00e9 agus Pr\u00edncipe)","pt_TL":"Portagailis (Timor-Leste)","ro":"Rom\u00e0inis","ro_MD":"Rom\u00e0inis (A\u2019 Mholdobha)","ro_RO":"Rom\u00e0inis (Rom\u00e0inia)","ru":"Ruisis","ru_BY":"Ruisis (A\u2019 Bhealaruis)","ru_MD":"Ruisis (A\u2019 Mholdobha)","ru_RU":"Ruisis (An Ruis)","ru_UA":"Ruisis (An Ucr\u00e0in)","ru_KZ":"Ruisis (Casachst\u00e0n)","ru_KG":"Ruisis (C\u00ecorgastan)","rm":"Rumains","rm_CH":"Rumains (An Eilbheis)","se":"S\u00e0mais Thuathach","se_FI":"S\u00e0mais Thuathach (An Fhionnlann)","se_NO":"S\u00e0mais Thuathach (An Nirribhidh)","se_SE":"S\u00e0mais Thuathach (An t-Suain)","sg":"Sango","sg_CF":"Sango (Poblachd Meadhan Afraga)","cs":"Seacais","cs_CZ":"Seacais (Poblachd na Seice)","ja":"Seapanais","ja_JP":"Seapanais (An t-Seapan)","sr":"S\u00e8irbis","sr_XK":"S\u00e8irbis (A\u2019 Chosobho)","sr_ME":"S\u00e8irbis (Am Monadh Neagrach)","sr_RS":"S\u00e8irbis (An t-S\u00e8irb)","sr_BA":"S\u00e8irbis (Bosna agus Hearsagobhana)","sr_Cyrl_XK":"S\u00e8irbis (Cirilis, A\u2019 Chosobho)","sr_Cyrl_ME":"S\u00e8irbis (Cirilis, Am Monadh Neagrach)","sr_Cyrl_RS":"S\u00e8irbis (Cirilis, An t-S\u00e8irb)","sr_Cyrl_BA":"S\u00e8irbis (Cirilis, Bosna agus Hearsagobhana)","sr_Cyrl":"S\u00e8irbis (Cirilis)","sr_Latn_XK":"S\u00e8irbis (Laideann, A\u2019 Chosobho)","sr_Latn_ME":"S\u00e8irbis (Laideann, Am Monadh Neagrach)","sr_Latn_RS":"S\u00e8irbis (Laideann, An t-S\u00e8irb)","sr_Latn_BA":"S\u00e8irbis (Laideann, Bosna agus Hearsagobhana)","sr_Latn":"S\u00e8irbis (Laideann)","sh":"Serbo-Croatian","sh_BA":"Serbo-Croatian (Bosnia & Herzegovina)","sn":"Shona","sn_ZW":"Shona (An t-S\u00ecombab)","si":"Sinhala","si_LK":"Sinhala (Sri Lanca)","zh":"S\u00ecnis","zh_CN":"S\u00ecnis (An t-S\u00ecn)","zh_HK":"S\u00ecnis (Hong Kong SAR na S\u00ecne)","zh_MO":"S\u00ecnis (Mac\u00e0thu SAR na S\u00ecne)","zh_Hans_CN":"S\u00ecnis (Simplichte, An t-S\u00ecn)","zh_Hans_HK":"S\u00ecnis (Simplichte, Hong Kong SAR na S\u00ecne)","zh_Hans_MO":"S\u00ecnis (Simplichte, Mac\u00e0thu SAR na S\u00ecne)","zh_Hans_SG":"S\u00ecnis (Simplichte, Singeap\u00f2r)","zh_Hans":"S\u00ecnis (Simplichte)","zh_SG":"S\u00ecnis (Singeap\u00f2r)","zh_TW":"S\u00ecnis (Taidh-Bh\u00e0n)","zh_Hant_HK":"S\u00ecnis (Tradaiseanta, Hong Kong SAR na S\u00ecne)","zh_Hant_MO":"S\u00ecnis (Tradaiseanta, Mac\u00e0thu SAR na S\u00ecne)","zh_Hant_TW":"S\u00ecnis (Tradaiseanta, Taidh-Bh\u00e0n)","zh_Hant":"S\u00ecnis (Tradaiseanta)","sk":"Sl\u00f2bhacais","sk_SK":"Sl\u00f2bhacais (An t-Sl\u00f2bhac)","sl":"Sl\u00f2bhainis","sl_SI":"Sl\u00f2bhainis (An t-Sl\u00f2bhain)","so":"Som\u00e0ilis","so_ET":"Som\u00e0ilis (An Itiop)","so_KE":"Som\u00e0ilis (Ceinia)","so_DJ":"Som\u00e0ilis (Diob\u00f9taidh)","so_SO":"Som\u00e0ilis (Som\u00e0ilia)","es":"Sp\u00e0inntis","es_VE":"Sp\u00e0inntis (A\u2019 Bheiniseala)","es_DO":"Sp\u00e0inntis (A\u2019 Phoblachd Dhoiminiceach)","es_AR":"Sp\u00e0inntis (An Argantain)","es_SV":"Sp\u00e0inntis (An Salbhador)","es_ES":"Sp\u00e0inntis (An Sp\u00e0inn)","es_CL":"Sp\u00e0inntis (An t-Sile)","es_BO":"Sp\u00e0inntis (Boilibhia)","es_EA":"Sp\u00e0inntis (Ceuta agus Melilla)","es_CO":"Sp\u00e0inntis (Coloimbia)","es_CR":"Sp\u00e0inntis (Costa R\u00eccea)","es_CU":"Sp\u00e0inntis (C\u00f9ba)","es_EC":"Sp\u00e0inntis (Eacuador)","es_GQ":"Sp\u00e0inntis (Gini Mheadhan-Chriosach)","es_GT":"Sp\u00e0inntis (Guatamala)","es_HN":"Sp\u00e0inntis (Hond\u00f9ras)","es_MX":"Sp\u00e0inntis (Meagsago)","es_IC":"Sp\u00e0inntis (Na h-Eileanan Can\u00e0rach)","es_PH":"Sp\u00e0inntis (Na h-Eileanan Filipineach)","es_US":"Sp\u00e0inntis (Na St\u00e0itean Aonaichte)","es_NI":"Sp\u00e0inntis (Niocaragua)","es_PA":"Sp\u00e0inntis (Panama)","es_PY":"Sp\u00e0inntis (Paraguaidh)","es_PE":"Sp\u00e0inntis (Pear\u00f9)","es_PR":"Sp\u00e0inntis (Porto R\u00ecceo)","es_UY":"Sp\u00e0inntis (Uruguaidh)","sv":"Suainis","sv_FI":"Suainis (An Fhionnlann)","sv_SE":"Suainis (An t-Suain)","sv_AX":"Suainis (Na h-Eileanan \u00c5land)","tl":"Tagalog","tl_PH":"Tagalog (Na h-Eileanan Filipineach)","th":"T\u00e0idh","th_TH":"T\u00e0idh (D\u00f9thaich nan T\u00e0idh)","ta":"Taimilis","ta_MY":"Taimilis (Malaidhsea)","ta_IN":"Taimilis (Na h-Innseachan)","ta_SG":"Taimilis (Singeap\u00f2r)","ta_LK":"Taimilis (Sri Lanca)","te":"Telugu","te_IN":"Telugu (Na h-Innseachan)","bo":"Tibeitis","bo_CN":"Tibeitis (An t-S\u00ecn)","bo_IN":"Tibeitis (Na h-Innseachan)","ti":"Tigrinya","ti_ET":"Tigrinya (An Itiop)","ti_ER":"Tigrinya (Eartra)","to":"Tongais","to_TO":"Tongais (Tonga)","tr":"Turcais","tr_TR":"Turcais (An Tuirc)","tr_CY":"Turcais (C\u00ecopras)","uk":"Ucr\u00e0inis","uk_UA":"Ucr\u00e0inis (An Ucr\u00e0in)","ug":"\u00d9igiurais","ug_CN":"\u00d9igiurais (An t-S\u00ecn)","ug_Arab_CN":"\u00d9igiurais (Arabais, An t-S\u00ecn)","ug_Arab":"\u00d9igiurais (Arabais)","hu":"Ungairis","hu_HU":"Ungairis (An Ungair)","ur":"\u00d9rdu","ur_IN":"\u00d9rdu (Na h-Innseachan)","ur_PK":"\u00d9rdu (Pagast\u00e0n)","uz":"Usbagais","uz_AF":"Usbagais (Afghanast\u00e0n)","uz_Arab_AF":"Usbagais (Arabais, Afghanast\u00e0n)","uz_Arab":"Usbagais (Arabais)","uz_Cyrl_UZ":"Usbagais (Cirilis, Usbagast\u00e0n)","uz_Cyrl":"Usbagais (Cirilis)","uz_Latn_UZ":"Usbagais (Laideann, Usbagast\u00e0n)","uz_Latn":"Usbagais (Laideann)","uz_UZ":"Usbagais (Usbagast\u00e0n)","ii":"Yi Sichuan","ii_CN":"Yi Sichuan (An t-S\u00ecn)","zu":"Zulu","zu_ZA":"Zulu (Afraga a Deas)"}