{"az":"acerbaixano","az_AZ":"acerbaixano (Acerbaix\u00e1n)","az_Cyrl_AZ":"acerbaixano (Cir\u00edlico, Acerbaix\u00e1n)","az_Cyrl":"acerbaixano (Cir\u00edlico)","az_Latn_AZ":"acerbaixano (Latino, Acerbaix\u00e1n)","az_Latn":"acerbaixano (Latino)","af":"afrikaans","af_NA":"afrikaans (Namibia)","af_ZA":"afrikaans (Sud\u00e1frica)","ak":"ak\u00e1n","ak_GH":"ak\u00e1n (Gana)","sq":"alban\u00e9s","sq_AL":"alban\u00e9s (Albania)","sq_XK":"alban\u00e9s (Kosovo)","sq_MK":"alban\u00e9s (Macedonia)","de":"alem\u00e1n","de_DE":"alem\u00e1n (Alema\u00f1a)","de_AT":"alem\u00e1n (Austria)","de_BE":"alem\u00e1n (B\u00e9lxica)","de_LI":"alem\u00e1n (Liechtenstein)","de_LU":"alem\u00e1n (Luxemburgo)","de_CH":"alem\u00e1n (Su\u00edza)","am":"am\u00e1rico","am_ET":"am\u00e1rico (Etiop\u00eda)","ar":"\u00e1rabe","ar_SA":"\u00e1rabe (Arabia Saudita)","ar_DZ":"\u00e1rabe (Arxelia)","ar_BH":"\u00e1rabe (Bahrein)","ar_TD":"\u00e1rabe (Chad)","ar_KM":"\u00e1rabe (Comores)","ar_AE":"\u00e1rabe (Emiratos \u00c1rabes Unidos)","ar_ER":"\u00e1rabe (Eritrea)","ar_EG":"\u00e1rabe (Exipto)","ar_YE":"\u00e1rabe (Iemen)","ar_IQ":"\u00e1rabe (Iraq)","ar_IL":"\u00e1rabe (Israel)","ar_KW":"\u00e1rabe (Kuwait)","ar_LB":"\u00e1rabe (L\u00edbano)","ar_LY":"\u00e1rabe (Libia)","ar_MA":"\u00e1rabe (Marrocos)","ar_MR":"\u00e1rabe (Mauritania)","ar_OM":"\u00e1rabe (Om\u00e1n)","ar_QA":"\u00e1rabe (Qatar)","ar_EH":"\u00e1rabe (Sahara Occidental)","ar_SY":"\u00e1rabe (Siria)","ar_SO":"\u00e1rabe (Somalia)","ar_SS":"\u00e1rabe (Sud\u00e1n do sur)","ar_SD":"\u00e1rabe (Sud\u00e1n)","ar_PS":"\u00e1rabe (Territorios palestinos)","ar_TN":"\u00e1rabe (Tunisia)","ar_DJ":"\u00e1rabe (Xibuti)","ar_JO":"\u00e1rabe (Xordania)","hy":"armenio","hy_AM":"armenio (Armenia)","as":"assam\u00e9s","as_IN":"assam\u00e9s (India)","bm":"bambara","bm_Latn_ML":"bambara (Latino, Mali)","bm_Latn":"bambara (Latino)","bn":"bengal\u00ed","bn_BD":"bengal\u00ed (Bangladesh)","bn_IN":"bengal\u00ed (India)","be":"bielorruso","be_BY":"bielorruso (Bielorrusia)","my":"birmano","my_MM":"birmano (Myanmar (Birmania))","bs":"bosnio","bs_BA":"bosnio (Bosnia e Hercegovina)","bs_Cyrl_BA":"bosnio (Cir\u00edlico, Bosnia e Hercegovina)","bs_Cyrl":"bosnio (Cir\u00edlico)","bs_Latn_BA":"bosnio (Latino, Bosnia e Hercegovina)","bs_Latn":"bosnio (Latino)","br":"bret\u00f3n","br_FR":"bret\u00f3n (Francia)","bg":"b\u00falgaro","bg_BG":"b\u00falgaro (Bulgaria)","ks":"cachemir","ks_Arab_IN":"cachemir (\u00c1rabe, India)","ks_Arab":"cachemir (\u00c1rabe)","ks_IN":"cachemir (India)","km":"cambodiano","km_KH":"cambodiano (Cambodia)","kk":"casaco","kk_Cyrl_KZ":"casaco (Cir\u00edlico, Kazakhstan)","kk_Cyrl":"casaco (Cir\u00edlico)","kk_KZ":"casaco (Kazakhstan)","ca":"catal\u00e1n","ca_AD":"catal\u00e1n (Andorra)","ca_ES":"catal\u00e1n (Espa\u00f1a)","ca_FR":"catal\u00e1n (Francia)","ca_IT":"catal\u00e1n (Italia)","cs":"checo","cs_CZ":"checo (Rep\u00fablica Checa)","zh":"chin\u00e9s","zh_CN":"chin\u00e9s (China)","zh_HK":"chin\u00e9s (Hong Kong RAE de China)","zh_MO":"chin\u00e9s (Macau RAE de China)","zh_Hans_CN":"chin\u00e9s (Simplificado, China)","zh_Hans_HK":"chin\u00e9s (Simplificado, Hong Kong RAE de China)","zh_Hans_MO":"chin\u00e9s (Simplificado, Macau RAE de China)","zh_Hans_SG":"chin\u00e9s (Simplificado, Singapur)","zh_Hans":"chin\u00e9s (Simplificado)","zh_SG":"chin\u00e9s (Singapur)","zh_TW":"chin\u00e9s (Taiw\u00e1n)","zh_Hant_HK":"chin\u00e9s (Tradicional, Hong Kong RAE de China)","zh_Hant_MO":"chin\u00e9s (Tradicional, Macau RAE de China)","zh_Hant_TW":"chin\u00e9s (Tradicional, Taiw\u00e1n)","zh_Hant":"chin\u00e9s (Tradicional)","si":"cingal\u00e9s","si_LK":"cingal\u00e9s (Sri Lanka)","ko":"coreano","ko_KP":"coreano (Corea do Norte)","ko_KR":"coreano (Corea do Sur)","kw":"c\u00f3rnico","kw_GB":"c\u00f3rnico (Reino Unido)","hr":"croata","hr_BA":"croata (Bosnia e Hercegovina)","hr_HR":"croata (Croacia)","da":"dinamarqu\u00e9s","da_DK":"dinamarqu\u00e9s (Dinamarca)","da_GL":"dinamarqu\u00e9s (Grenlandia)","dz":"dzongkha","dz_BT":"dzongkha (But\u00e1n)","sk":"eslovaco","sk_SK":"eslovaco (Eslovaquia)","sl":"esloveno","sl_SI":"esloveno (Eslovenia)","es":"espa\u00f1ol","es_AR":"espa\u00f1ol (Arxentina)","es_BO":"espa\u00f1ol (Bolivia)","es_EA":"espa\u00f1ol (Ceuta e Melilla)","es_CL":"espa\u00f1ol (Chile)","es_CO":"espa\u00f1ol (Colombia)","es_CR":"espa\u00f1ol (Costa Rica)","es_CU":"espa\u00f1ol (Cuba)","es_EC":"espa\u00f1ol (Ecuador)","es_SV":"espa\u00f1ol (El Salvador)","es_ES":"espa\u00f1ol (Espa\u00f1a)","es_US":"espa\u00f1ol (Estados Unidos de Am\u00e9rica)","es_PH":"espa\u00f1ol (Filipinas)","es_GT":"espa\u00f1ol (Guatemala)","es_GQ":"espa\u00f1ol (Guinea Ecuatorial)","es_HN":"espa\u00f1ol (Honduras)","es_IC":"espa\u00f1ol (Illas Canarias)","es_MX":"espa\u00f1ol (M\u00e9xico)","es_NI":"espa\u00f1ol (Nicaragua)","es_PA":"espa\u00f1ol (Panam\u00e1)","es_PY":"espa\u00f1ol (Paraguai)","es_PE":"espa\u00f1ol (Per\u00fa)","es_PR":"espa\u00f1ol (Porto Rico)","es_DO":"espa\u00f1ol (Rep\u00fablica Dominicana)","es_UY":"espa\u00f1ol (Uruguai)","es_VE":"espa\u00f1ol (Venezuela)","eo":"esperanto","et":"estoniano","et_EE":"estoniano (Estonia)","eu":"\u00e9uscaro","eu_ES":"\u00e9uscaro (Espa\u00f1a)","ee":"ew\u00e9","ee_GH":"ew\u00e9 (Gana)","ee_TG":"ew\u00e9 (Togo)","fo":"faro\u00e9s","fo_FO":"faro\u00e9s (Illas Feroe)","fi":"fin\u00e9s","fi_FI":"fin\u00e9s (Finlandia)","fr":"franc\u00e9s","fr_DZ":"franc\u00e9s (Arxelia)","fr_BE":"franc\u00e9s (B\u00e9lxica)","fr_BJ":"franc\u00e9s (Benin)","fr_BF":"franc\u00e9s (Burkina Faso)","fr_BI":"franc\u00e9s (Burundi)","fr_CM":"franc\u00e9s (Camer\u00fan)","fr_CA":"franc\u00e9s (Canad\u00e1)","fr_TD":"franc\u00e9s (Chad)","fr_KM":"franc\u00e9s (Comores)","fr_CG":"franc\u00e9s (Congo)","fr_CI":"franc\u00e9s (Costa de Marfil)","fr_FR":"franc\u00e9s (Francia)","fr_GA":"franc\u00e9s (Gab\u00f3n)","fr_GP":"franc\u00e9s (Guadalupe)","fr_GF":"franc\u00e9s (G\u00fciana Francesa)","fr_GQ":"franc\u00e9s (Guinea Ecuatorial)","fr_GN":"franc\u00e9s (Guinea)","fr_HT":"franc\u00e9s (Hait\u00ed)","fr_LU":"franc\u00e9s (Luxemburgo)","fr_MG":"franc\u00e9s (Madagascar)","fr_ML":"franc\u00e9s (Mali)","fr_MA":"franc\u00e9s (Marrocos)","fr_MQ":"franc\u00e9s (Martinica)","fr_MU":"franc\u00e9s (Mauricio)","fr_MR":"franc\u00e9s (Mauritania)","fr_YT":"franc\u00e9s (Mayotte)","fr_MC":"franc\u00e9s (M\u00f3naco)","fr_NE":"franc\u00e9s (N\u00edxer)","fr_NC":"franc\u00e9s (Nova Caledonia)","fr_PF":"franc\u00e9s (Polinesia Francesa)","fr_CF":"franc\u00e9s (Rep\u00fablica Africana Central)","fr_CD":"franc\u00e9s (Rep\u00fablica Democr\u00e1tica do Congo)","fr_RE":"franc\u00e9s (Reuni\u00f3n)","fr_RW":"franc\u00e9s (Ruanda)","fr_BL":"franc\u00e9s (San Bartolom\u00e9)","fr_MF":"franc\u00e9s (San Marti\u00f1o)","fr_PM":"franc\u00e9s (San Pedro e Miguel\u00f3n)","fr_SC":"franc\u00e9s (Seixeles)","fr_SN":"franc\u00e9s (Senegal)","fr_SY":"franc\u00e9s (Siria)","fr_CH":"franc\u00e9s (Su\u00edza)","fr_TG":"franc\u00e9s (Togo)","fr_TN":"franc\u00e9s (Tunisia)","fr_VU":"franc\u00e9s (Vanuatu)","fr_WF":"franc\u00e9s (Wallis e Futuna)","fr_DJ":"franc\u00e9s (Xibuti)","fy":"fris\u00f3n","fy_NL":"fris\u00f3n (Pa\u00edses Baixos)","ff":"Fulah","ff_CM":"Fulah (Cameroon)","ff_GN":"Fulah (Guinea)","ff_MR":"Fulah (Mauritania)","ff_SN":"Fulah (Senegal)","gd":"ga\u00e9lico escoc\u00e9s","gd_GB":"ga\u00e9lico escoc\u00e9s (Reino Unido)","gl":"galego","gl_ES":"galego (Espa\u00f1a)","cy":"gal\u00e9s","cy_GB":"gal\u00e9s (Reino Unido)","lg":"ganda","lg_UG":"ganda (Uganda)","el":"grego","el_CY":"grego (Chipre)","el_GR":"grego (Grecia)","kl":"groenland\u00e9s","kl_GL":"groenland\u00e9s (Grenlandia)","gu":"guxaratiano","gu_IN":"guxaratiano (India)","ha":"hausa","ha_GH":"hausa (Gana)","ha_Latn_GH":"hausa (Latino, Gana)","ha_Latn_NE":"hausa (Latino, N\u00edxer)","ha_Latn_NG":"hausa (Latino, Nixeria)","ha_Latn":"hausa (Latino)","ha_NE":"hausa (N\u00edxer)","ha_NG":"hausa (Nixeria)","he":"hebreo","he_IL":"hebreo (Israel)","hi":"hindi","hi_IN":"hindi (India)","nl":"holand\u00e9s","nl_AW":"holand\u00e9s (Aruba)","nl_BE":"holand\u00e9s (B\u00e9lxica)","nl_BQ":"holand\u00e9s (Caribe neerland\u00e9s)","nl_CW":"holand\u00e9s (Cura\u00e7ao)","nl_NL":"holand\u00e9s (Pa\u00edses Baixos)","nl_SX":"holand\u00e9s (Sint Maarten)","nl_SR":"holand\u00e9s (Surinam)","hu":"h\u00fangaro","hu_HU":"h\u00fangaro (Hungr\u00eda)","ig":"ibo","ig_NG":"ibo (Nixeria)","id":"indonesio","id_ID":"indonesio (Indonesia)","en":"ingl\u00e9s","en_AI":"ingl\u00e9s (Anguila)","en_AG":"ingl\u00e9s (Antiga e Barbuda)","en_AU":"ingl\u00e9s (Australia)","en_BS":"ingl\u00e9s (Bahamas)","en_BB":"ingl\u00e9s (Barbados)","en_BZ":"ingl\u00e9s (Belice)","en_BE":"ingl\u00e9s (B\u00e9lxica)","en_BM":"ingl\u00e9s (Bermudas)","en_BW":"ingl\u00e9s (Botsuana)","en_CM":"ingl\u00e9s (Camer\u00fan)","en_CA":"ingl\u00e9s (Canad\u00e1)","en_ZW":"ingl\u00e9s (Cimbabue)","en_DG":"ingl\u00e9s (Diego Garc\u00eda)","en_DM":"ingl\u00e9s (Dominica)","en_ER":"ingl\u00e9s (Eritrea)","en_US":"ingl\u00e9s (Estados Unidos de Am\u00e9rica)","en_PH":"ingl\u00e9s (Filipinas)","en_FJ":"ingl\u00e9s (Fixi)","en_GM":"ingl\u00e9s (Gambia)","en_GH":"ingl\u00e9s (Gana)","en_GD":"ingl\u00e9s (Granada)","en_GU":"ingl\u00e9s (Guam)","en_GG":"ingl\u00e9s (Guernsey)","en_GY":"ingl\u00e9s (G\u00fciana)","en_HK":"ingl\u00e9s (Hong Kong RAE de China)","en_CX":"ingl\u00e9s (Illa Christmas)","en_IM":"ingl\u00e9s (Illa de Man)","en_NF":"ingl\u00e9s (Illa Norfolk)","en_KY":"ingl\u00e9s (Illas Caim\u00e1n)","en_CC":"ingl\u00e9s (Illas Cocos (Keeling))","en_CK":"ingl\u00e9s (Illas Cook)","en_FK":"ingl\u00e9s (Illas Malvinas)","en_MP":"ingl\u00e9s (Illas Marianas do norte)","en_MH":"ingl\u00e9s (Illas Marshall)","en_UM":"ingl\u00e9s (Illas Menores Distantes dos EUA.)","en_PN":"ingl\u00e9s (Illas Pitcairn)","en_SB":"ingl\u00e9s (Illas Salom\u00f3n)","en_TC":"ingl\u00e9s (Illas Turks e Caicos)","en_VG":"ingl\u00e9s (Illas Virxes Brit\u00e1nicas)","en_VI":"ingl\u00e9s (Illas Virxes Estadounidenses)","en_IN":"ingl\u00e9s (India)","en_IE":"ingl\u00e9s (Irlanda)","en_JE":"ingl\u00e9s (Jersey)","en_KI":"ingl\u00e9s (Kiribati)","en_LS":"ingl\u00e9s (Lesotho)","en_LR":"ingl\u00e9s (Liberia)","en_MO":"ingl\u00e9s (Macau RAE de China)","en_MG":"ingl\u00e9s (Madagascar)","en_MY":"ingl\u00e9s (Malaisia)","en_MW":"ingl\u00e9s (Malaui)","en_MT":"ingl\u00e9s (Malta)","en_MU":"ingl\u00e9s (Mauricio)","en_FM":"ingl\u00e9s (Micronesia)","en_MS":"ingl\u00e9s (Montserrat)","en_NA":"ingl\u00e9s (Namibia)","en_NR":"ingl\u00e9s (Nauru)","en_NU":"ingl\u00e9s (Niue)","en_NG":"ingl\u00e9s (Nixeria)","en_NZ":"ingl\u00e9s (Nova Celandia)","en_PW":"ingl\u00e9s (Palau)","en_PG":"ingl\u00e9s (Pap\u00faa Nova Guinea)","en_PK":"ingl\u00e9s (Paquist\u00e1n)","en_PR":"ingl\u00e9s (Porto Rico)","en_KE":"ingl\u00e9s (Quenia)","en_GB":"ingl\u00e9s (Reino Unido)","en_RW":"ingl\u00e9s (Ruanda)","en_AS":"ingl\u00e9s (Samoa Americana)","en_WS":"ingl\u00e9s (Samoa)","en_KN":"ingl\u00e9s (San Cristovo e Nevis)","en_VC":"ingl\u00e9s (San Vicente e Granadinas)","en_SH":"ingl\u00e9s (Santa Helena)","en_LC":"ingl\u00e9s (Santa Luc\u00eda)","en_SC":"ingl\u00e9s (Seixeles)","en_SL":"ingl\u00e9s (Serra Leoa)","en_SG":"ingl\u00e9s (Singapur)","en_SX":"ingl\u00e9s (Sint Maarten)","en_SZ":"ingl\u00e9s (Suacilandia)","en_ZA":"ingl\u00e9s (Sud\u00e1frica)","en_SS":"ingl\u00e9s (Sud\u00e1n do sur)","en_SD":"ingl\u00e9s (Sud\u00e1n)","en_TZ":"ingl\u00e9s (Tanzania)","en_IO":"ingl\u00e9s (Territorio Brit\u00e1nico do Oc\u00e9ano \u00cdndico)","en_TK":"ingl\u00e9s (Tokelau)","en_TO":"ingl\u00e9s (Tonga)","en_TT":"ingl\u00e9s (Trindade e Tobago)","en_TV":"ingl\u00e9s (Tuvalu)","en_UG":"ingl\u00e9s (Uganda)","en_VU":"ingl\u00e9s (Vanuatu)","en_JM":"ingl\u00e9s (Xamaica)","en_GI":"ingl\u00e9s (Xibraltar)","en_ZM":"ingl\u00e9s (Zambia)","yo":"ioruba","yo_BJ":"ioruba (Benin)","yo_NG":"ioruba (Nixeria)","ga":"irland\u00e9s","ga_IE":"irland\u00e9s (Irlanda)","is":"island\u00e9s","is_IS":"island\u00e9s (Islandia)","it":"italiano","it_IT":"italiano (Italia)","it_SM":"italiano (San Marino)","it_CH":"italiano (Su\u00edza)","kn":"kannada","kn_IN":"kannada (India)","ki":"kikuyu","ki_KE":"kikuyu (Quenia)","lo":"laotiano","lo_LA":"laotiano (Laos)","lv":"let\u00f3n","lv_LV":"let\u00f3n (Letonia)","ln":"lingala","ln_AO":"lingala (Angola)","ln_CG":"lingala (Congo)","ln_CF":"lingala (Rep\u00fablica Africana Central)","ln_CD":"lingala (Rep\u00fablica Democr\u00e1tica do Congo)","lt":"lituano","lt_LT":"lituano (Lituania)","lu":"luba-katanga","lu_CD":"luba-katanga (Rep\u00fablica Democr\u00e1tica do Congo)","lb":"luxemburgu\u00e9s","lb_LU":"luxemburgu\u00e9s (Luxemburgo)","mk":"macedonio","mk_MK":"macedonio (Macedonia)","ml":"malabar","ml_IN":"malabar (India)","ms":"malaio","ms_BN":"malaio (Brunei)","ms_Latn_BN":"malaio (Latino, Brunei)","ms_Latn_MY":"malaio (Latino, Malaisia)","ms_Latn_SG":"malaio (Latino, Singapur)","ms_Latn":"malaio (Latino)","ms_MY":"malaio (Malaisia)","ms_SG":"malaio (Singapur)","mg":"malgaxe","mg_MG":"malgaxe (Madagascar)","mt":"malt\u00e9s","mt_MT":"malt\u00e9s (Malta)","gv":"manx","gv_IM":"manx (Illa de Man)","mr":"marathi","mr_IN":"marathi (India)","mn":"mongol","mn_Cyrl_MN":"mongol (Cir\u00edlico, Mongolia)","mn_Cyrl":"mongol (Cir\u00edlico)","mn_MN":"mongol (Mongolia)","nd":"ndebele do norte","nd_ZW":"ndebele do norte (Cimbabue)","ne":"nepal\u00ed","ne_IN":"nepal\u00ed (India)","ne_NP":"nepal\u00ed (Nepal)","no":"noruegu\u00e9s","no_NO":"noruegu\u00e9s (Noruega)","nb":"noruegu\u00e9s bokmal","nb_NO":"noruegu\u00e9s bokmal (Noruega)","nb_SJ":"noruegu\u00e9s bokmal (Svalbard e Jan Mayen)","nn":"noruegu\u00e9s nynorsk","nn_NO":"noruegu\u00e9s nynorsk (Noruega)","or":"oriya","or_IN":"oriya (India)","om":"oromo","om_ET":"oromo (Etiop\u00eda)","om_KE":"oromo (Quenia)","os":"osetio","os_RU":"osetio (Rusia)","os_GE":"osetio (Xeorxia)","ps":"paxt\u00fan","ps_AF":"paxt\u00fan (Afganist\u00e1n)","fa":"persa","fa_AF":"persa (Afganist\u00e1n)","fa_IR":"persa (Ir\u00e1n)","pl":"polaco","pl_PL":"polaco (Polonia)","pt":"portugu\u00e9s","pt_AO":"portugu\u00e9s (Angola)","pt_BR":"portugu\u00e9s (Brasil)","pt_CV":"portugu\u00e9s (Cabo Verde)","pt_GW":"portugu\u00e9s (Guinea-Bissau)","pt_MO":"portugu\u00e9s (Macau RAE de China)","pt_MZ":"portugu\u00e9s (Mozambique)","pt_PT":"portugu\u00e9s (Portugal)","pt_ST":"portugu\u00e9s (San Tom\u00e9 e Pr\u00edncipe)","pt_TL":"portugu\u00e9s (Timor Leste)","pa":"punjabi","pa_Arab_PK":"punjabi (\u00c1rabe, Paquist\u00e1n)","pa_Arab":"punjabi (\u00c1rabe)","pa_Guru_IN":"punjabi (Gurmukhi, India)","pa_Guru":"punjabi (Gurmukhi)","pa_IN":"punjabi (India)","pa_PK":"punjabi (Paquist\u00e1n)","qu":"quechua","qu_BO":"quechua (Bolivia)","qu_EC":"quechua (Ecuador)","qu_PE":"quechua (Per\u00fa)","ky":"quirguiz","ky_Cyrl_KG":"quirguiz (Cir\u00edlico, Quirguicist\u00e1n)","ky_Cyrl":"quirguiz (Cir\u00edlico)","ky_KG":"quirguiz (Quirguicist\u00e1n)","rm":"romanche","rm_CH":"romanche (Su\u00edza)","ro":"roman\u00e9s","ro_MD":"roman\u00e9s (Moldova)","ro_RO":"roman\u00e9s (Roman\u00eda)","rw":"ruand\u00e9s","rw_RW":"ruand\u00e9s (Ruanda)","rn":"rundi","rn_BI":"rundi (Burundi)","ru":"ruso","ru_BY":"ruso (Bielorrusia)","ru_KZ":"ruso (Kazakhstan)","ru_MD":"ruso (Moldova)","ru_KG":"ruso (Quirguicist\u00e1n)","ru_RU":"ruso (Rusia)","ru_UA":"ruso (Ucra\u00edna)","se":"sami do norte","se_FI":"sami do norte (Finlandia)","se_NO":"sami do norte (Noruega)","se_SE":"sami do norte (Suecia)","sg":"sango","sg_CF":"sango (Rep\u00fablica Africana Central)","sr":"serbio","sr_BA":"serbio (Bosnia e Hercegovina)","sr_Cyrl_BA":"serbio (Cir\u00edlico, Bosnia e Hercegovina)","sr_Cyrl_XK":"serbio (Cir\u00edlico, Kosovo)","sr_Cyrl_ME":"serbio (Cir\u00edlico, Montenegro)","sr_Cyrl_RS":"serbio (Cir\u00edlico, Serbia)","sr_Cyrl":"serbio (Cir\u00edlico)","sr_XK":"serbio (Kosovo)","sr_Latn_BA":"serbio (Latino, Bosnia e Hercegovina)","sr_Latn_XK":"serbio (Latino, Kosovo)","sr_Latn_ME":"serbio (Latino, Montenegro)","sr_Latn_RS":"serbio (Latino, Serbia)","sr_Latn":"serbio (Latino)","sr_ME":"serbio (Montenegro)","sr_RS":"serbio (Serbia)","sh":"serbocroata","sh_BA":"serbocroata (Bosnia e Hercegovina)","sn":"shona","sn_ZW":"shona (Cimbabue)","so":"somal\u00ed","so_ET":"somal\u00ed (Etiop\u00eda)","so_KE":"somal\u00ed (Quenia)","so_SO":"somal\u00ed (Somalia)","so_DJ":"somal\u00ed (Xibuti)","sv":"sueco","sv_FI":"sueco (Finlandia)","sv_AX":"sueco (Illas Aland)","sv_SE":"sueco (Suecia)","sw":"swahili","sw_KE":"swahili (Quenia)","sw_TZ":"swahili (Tanzania)","sw_UG":"swahili (Uganda)","tl":"tagalo","tl_PH":"tagalo (Filipinas)","th":"tailand\u00e9s","th_TH":"tailand\u00e9s (Tailandia)","ta":"tamil","ta_IN":"tamil (India)","ta_MY":"tamil (Malaisia)","ta_SG":"tamil (Singapur)","ta_LK":"tamil (Sri Lanka)","te":"telugu","te_IN":"telugu (India)","bo":"tibetano","bo_CN":"tibetano (China)","bo_IN":"tibetano (India)","ti":"tigri\u00f1a","ti_ER":"tigri\u00f1a (Eritrea)","ti_ET":"tigri\u00f1a (Etiop\u00eda)","to":"tongan\u00e9s","to_TO":"tongan\u00e9s (Tonga)","tr":"turco","tr_CY":"turco (Chipre)","tr_TR":"turco (Turqu\u00eda)","uk":"ucra\u00edno","uk_UA":"ucra\u00edno (Ucra\u00edna)","ug":"uigur","ug_Arab_CN":"uigur (\u00c1rabe, China)","ug_Arab":"uigur (\u00c1rabe)","ug_CN":"uigur (China)","ur":"urd\u00fa","ur_IN":"urd\u00fa (India)","ur_PK":"urd\u00fa (Paquist\u00e1n)","uz":"uzbeco","uz_AF":"uzbeco (Afganist\u00e1n)","uz_Arab_AF":"uzbeco (\u00c1rabe, Afganist\u00e1n)","uz_Arab":"uzbeco (\u00c1rabe)","uz_Cyrl_UZ":"uzbeco (Cir\u00edlico, Uzbekist\u00e1n)","uz_Cyrl":"uzbeco (Cir\u00edlico)","uz_Latn_UZ":"uzbeco (Latino, Uzbekist\u00e1n)","uz_Latn":"uzbeco (Latino)","uz_UZ":"uzbeco (Uzbekist\u00e1n)","vi":"vietnamita","vi_VN":"vietnamita (Vietnam)","ja":"xapon\u00e9s","ja_JP":"xapon\u00e9s (Xap\u00f3n)","ka":"xeorxiano","ka_GE":"xeorxiano (Xeorxia)","ii":"yi sichuan\u00e9s","ii_CN":"yi sichuan\u00e9s (China)","yi":"yiddish","zu":"zul\u00fa","zu_ZA":"zul\u00fa (Sud\u00e1frica)"}