{"en":"\u0a85\u0a82\u0a97\u0acd\u0ab0\u0ac7\u0a9c\u0ac0","en_AS":"\u0a85\u0a82\u0a97\u0acd\u0ab0\u0ac7\u0a9c\u0ac0 (\u0a85\u0aae\u0ac7\u0ab0\u0ac0\u0a95\u0aa8 \u0ab8\u0aae\u0acb\u0a86)","en_IM":"\u0a85\u0a82\u0a97\u0acd\u0ab0\u0ac7\u0a9c\u0ac0 (\u0a86\u0a88\u0ab2 \u0a93\u0aab \u0aae\u0ac5\u0aa8)","en_IE":"\u0a85\u0a82\u0a97\u0acd\u0ab0\u0ac7\u0a9c\u0ac0 (\u0a86\u0aaf\u0ab0\u0acd\u0ab2\u0ac7\u0a82\u0aa1)","en_MP":"\u0a85\u0a82\u0a97\u0acd\u0ab0\u0ac7\u0a9c\u0ac0 (\u0a89\u0aa4\u0acd\u0aa4\u0ab0\u0ac0\u0aaf \u0aae\u0abe\u0ab0\u0abf\u0aaf\u0abe\u0aa8\u0abe \u0a86\u0a87\u0ab2\u0ac7\u0aa8\u0acd\u0aa1\u0acd\u0ab8)","en_AI":"\u0a85\u0a82\u0a97\u0acd\u0ab0\u0ac7\u0a9c\u0ac0 (\u0a8d\u0a82\u0a97\u0acd\u0ab5\u0abf\u0ab2\u0abe)","en_AG":"\u0a85\u0a82\u0a97\u0acd\u0ab0\u0ac7\u0a9c\u0ac0 (\u0a8f\u0aa8\u0acd\u0a9f\u0ac0\u0a97\u0ac1\u0a86 \u0a85\u0aa8\u0ac7 \u0aac\u0ab0\u0aac\u0ac1\u0aa1\u0abe)","en_ER":"\u0a85\u0a82\u0a97\u0acd\u0ab0\u0ac7\u0a9c\u0ac0 (\u0a8f\u0ab0\u0abf\u0a9f\u0acd\u0ab0\u0abf\u0aaf\u0abe)","en_AU":"\u0a85\u0a82\u0a97\u0acd\u0ab0\u0ac7\u0a9c\u0ac0 (\u0a91\u0ab8\u0acd\u0a9f\u0acd\u0ab0\u0ac7\u0ab2\u0abf\u0aaf\u0abe)","en_KI":"\u0a85\u0a82\u0a97\u0acd\u0ab0\u0ac7\u0a9c\u0ac0 (\u0a95\u0abf\u0ab0\u0abf\u0aac\u0abe\u0a9f\u0ac0)","en_CK":"\u0a85\u0a82\u0a97\u0acd\u0ab0\u0ac7\u0a9c\u0ac0 (\u0a95\u0ac1\u0a95 \u0a86\u0a87\u0ab2\u0ac7\u0aa8\u0acd\u0aa1\u0acd\u0ab8)","en_CM":"\u0a85\u0a82\u0a97\u0acd\u0ab0\u0ac7\u0a9c\u0ac0 (\u0a95\u0ac5\u0aae\u0ab0\u0ac2\u0aa8)","en_CA":"\u0a85\u0a82\u0a97\u0acd\u0ab0\u0ac7\u0a9c\u0ac0 (\u0a95\u0ac7\u0aa8\u0ac7\u0aa1\u0abe)","en_KE":"\u0a85\u0a82\u0a97\u0acd\u0ab0\u0ac7\u0a9c\u0ac0 (\u0a95\u0ac7\u0aa8\u0acd\u0aaf\u0abe)","en_KY":"\u0a85\u0a82\u0a97\u0acd\u0ab0\u0ac7\u0a9c\u0ac0 (\u0a95\u0ac7\u0aaf\u0aae\u0ac7\u0aa8 \u0a86\u0a87\u0ab2\u0ac7\u0aa8\u0acd\u0aa1\u0acd\u0ab8)","en_CC":"\u0a85\u0a82\u0a97\u0acd\u0ab0\u0ac7\u0a9c\u0ac0 (\u0a95\u0acb\u0a95\u0acb\u0a9d (\u0a95\u0ac0\u0ab2\u0ac0\u0a82\u0a97) \u0a86\u0a87\u0ab2\u0ac7\u0aa8\u0acd\u0aa1\u0acd\u0ab8)","en_CX":"\u0a85\u0a82\u0a97\u0acd\u0ab0\u0ac7\u0a9c\u0ac0 (\u0a95\u0acd\u0ab0\u0abf\u0ab8\u0aae\u0ab8 \u0a86\u0a87\u0ab2\u0ac7\u0aa8\u0acd\u0aa1)","en_GY":"\u0a85\u0a82\u0a97\u0acd\u0ab0\u0ac7\u0a9c\u0ac0 (\u0a97\u0aaf\u0abe\u0aa8\u0abe)","en_GM":"\u0a85\u0a82\u0a97\u0acd\u0ab0\u0ac7\u0a9c\u0ac0 (\u0a97\u0ac7\u0aae\u0acd\u0aac\u0abf\u0aaf\u0abe)","en_GD":"\u0a85\u0a82\u0a97\u0acd\u0ab0\u0ac7\u0a9c\u0ac0 (\u0a97\u0acd\u0ab0\u0ac7\u0aa8\u0ac7\u0aa1\u0abe)","en_GU":"\u0a85\u0a82\u0a97\u0acd\u0ab0\u0ac7\u0a9c\u0ac0 (\u0a97\u0acd\u0ab5\u0abe\u0aae)","en_GG":"\u0a85\u0a82\u0a97\u0acd\u0ab0\u0ac7\u0a9c\u0ac0 (\u0a97\u0acd\u0ab5\u0ac7\u0ab0\u0acd\u0aa8\u0ab8\u0ac7)","en_GH":"\u0a85\u0a82\u0a97\u0acd\u0ab0\u0ac7\u0a9c\u0ac0 (\u0a98\u0abe\u0aa8\u0abe)","en_JM":"\u0a85\u0a82\u0a97\u0acd\u0ab0\u0ac7\u0a9c\u0ac0 (\u0a9c\u0aae\u0ac8\u0a95\u0abe)","en_JE":"\u0a85\u0a82\u0a97\u0acd\u0ab0\u0ac7\u0a9c\u0ac0 (\u0a9c\u0ab0\u0acd\u0ab8\u0ac0)","en_GI":"\u0a85\u0a82\u0a97\u0acd\u0ab0\u0ac7\u0a9c\u0ac0 (\u0a9c\u0ac0\u0aac\u0acd\u0ab0\u0abe\u0ab2\u0acd\u0a9f\u0ab0)","en_ZM":"\u0a85\u0a82\u0a97\u0acd\u0ab0\u0ac7\u0a9c\u0ac0 (\u0a9d\u0abe\u0aae\u0acd\u0aac\u0abf\u0aaf\u0abe)","en_ZW":"\u0a85\u0a82\u0a97\u0acd\u0ab0\u0ac7\u0a9c\u0ac0 (\u0a9d\u0abf\u0aae\u0acd\u0aac\u0abe\u0aac\u0acd\u0ab5\u0ac7)","en_TC":"\u0a85\u0a82\u0a97\u0acd\u0ab0\u0ac7\u0a9c\u0ac0 (\u0a9f\u0ab0\u0acd\u0a95\u0acd\u0ab8 \u0a8f\u0aa8\u0acd\u0aa1 \u0a95\u0ac8\u0a95\u0acb\u0ab8 \u0a86\u0a87\u0ab2\u0ac7\u0aa8\u0acd\u0aa1\u0acd\u0ab8)","en_TO":"\u0a85\u0a82\u0a97\u0acd\u0ab0\u0ac7\u0a9c\u0ac0 (\u0a9f\u0acb\u0a82\u0a97\u0abe)","en_TK":"\u0a85\u0a82\u0a97\u0acd\u0ab0\u0ac7\u0a9c\u0ac0 (\u0a9f\u0acb\u0a95\u0ac7\u0ab2\u0abe\u0a89)","en_DG":"\u0a85\u0a82\u0a97\u0acd\u0ab0\u0ac7\u0a9c\u0ac0 (\u0aa1\u0abf\u0a8f\u0a97\u0acb \u0a97\u0abe\u0ab0\u0ab8\u0abf\u0a86)","en_DM":"\u0a85\u0a82\u0a97\u0acd\u0ab0\u0ac7\u0a9c\u0ac0 (\u0aa1\u0acb\u0aae\u0abf\u0aa8\u0abf\u0a95\u0abe)","en_TZ":"\u0a85\u0a82\u0a97\u0acd\u0ab0\u0ac7\u0a9c\u0ac0 (\u0aa4\u0abe\u0a82\u0a9d\u0abe\u0aa8\u0abf\u0aaf\u0abe)","en_TV":"\u0a85\u0a82\u0a97\u0acd\u0ab0\u0ac7\u0a9c\u0ac0 (\u0aa4\u0ac1\u0ab5\u0abe\u0ab2\u0ac1)","en_TT":"\u0a85\u0a82\u0a97\u0acd\u0ab0\u0ac7\u0a9c\u0ac0 (\u0aa4\u0acd\u0ab0\u0abf\u0aa8\u0abf\u0aa6\u0abe\u0aa6 \u0a85\u0aa8\u0ac7 \u0a9f\u0acb\u0aac\u0ac7\u0a97\u0acb)","en_ZA":"\u0a85\u0a82\u0a97\u0acd\u0ab0\u0ac7\u0a9c\u0ac0 (\u0aa6\u0a95\u0acd\u0ab7\u0abf\u0aa3 \u0a86\u0aab\u0acd\u0ab0\u0abf\u0a95\u0abe)","en_SS":"\u0a85\u0a82\u0a97\u0acd\u0ab0\u0ac7\u0a9c\u0ac0 (\u0aa6\u0a95\u0acd\u0ab7\u0abf\u0aa3 \u0ab8\u0ac1\u0aa6\u0abe\u0aa8)","en_NG":"\u0a85\u0a82\u0a97\u0acd\u0ab0\u0ac7\u0a9c\u0ac0 (\u0aa8\u0abe\u0a87\u0a9c\u0ac0\u0ab0\u0ac0\u0aaf\u0abe)","en_NA":"\u0a85\u0a82\u0a97\u0acd\u0ab0\u0ac7\u0a9c\u0ac0 (\u0aa8\u0abe\u0aae\u0abf\u0aac\u0abf\u0aaf\u0abe)","en_NU":"\u0a85\u0a82\u0a97\u0acd\u0ab0\u0ac7\u0a9c\u0ac0 (\u0aa8\u0ac0\u0aaf\u0ac1)","en_NF":"\u0a85\u0a82\u0a97\u0acd\u0ab0\u0ac7\u0a9c\u0ac0 (\u0aa8\u0acb\u0ab0\u0aab\u0ac9\u0a95 \u0a86\u0a87\u0ab2\u0ac7\u0aa8\u0acd\u0aa1)","en_NR":"\u0a85\u0a82\u0a97\u0acd\u0ab0\u0ac7\u0a9c\u0ac0 (\u0aa8\u0acc\u0ab0\u0ac1)","en_NZ":"\u0a85\u0a82\u0a97\u0acd\u0ab0\u0ac7\u0a9c\u0ac0 (\u0aa8\u0acd\u0aaf\u0ac1\u0a9d\u0ac0\u0ab2\u0ac7\u0aa8\u0acd\u0aa1)","en_PW":"\u0a85\u0a82\u0a97\u0acd\u0ab0\u0ac7\u0a9c\u0ac0 (\u0aaa\u0ab2\u0abe\u0a89)","en_PK":"\u0a85\u0a82\u0a97\u0acd\u0ab0\u0ac7\u0a9c\u0ac0 (\u0aaa\u0abe\u0a95\u0abf\u0ab8\u0acd\u0aa4\u0abe\u0aa8)","en_PG":"\u0a85\u0a82\u0a97\u0acd\u0ab0\u0ac7\u0a9c\u0ac0 (\u0aaa\u0abe\u0aaa\u0ac1\u0a86 \u0aa8\u0acd\u0aaf\u0ac2 \u0a97\u0abf\u0aa8\u0ac0)","en_PN":"\u0a85\u0a82\u0a97\u0acd\u0ab0\u0ac7\u0a9c\u0ac0 (\u0aaa\u0ac0\u0a9f\u0a95\u0ac8\u0ab0\u0acd\u0aa8 \u0a86\u0a87\u0ab2\u0ac7\u0aa8\u0acd\u0aa1\u0acd\u0ab8)","en_PR":"\u0a85\u0a82\u0a97\u0acd\u0ab0\u0ac7\u0a9c\u0ac0 (\u0aaa\u0acd\u0aaf\u0ac1\u0a85\u0ab0\u0acd\u0a9f\u0acb \u0ab0\u0abf\u0a95\u0acb)","en_PH":"\u0a85\u0a82\u0a97\u0acd\u0ab0\u0ac7\u0a9c\u0ac0 (\u0aab\u0abf\u0ab2\u0ac0\u0aaa\u0abe\u0a87\u0aa8\u0acd\u0ab8)","en_FJ":"\u0a85\u0a82\u0a97\u0acd\u0ab0\u0ac7\u0a9c\u0ac0 (\u0aab\u0ac0\u0a9c\u0ac0)","en_FK":"\u0a85\u0a82\u0a97\u0acd\u0ab0\u0ac7\u0a9c\u0ac0 (\u0aab\u0ac9\u0a95\u0ab2\u0ac7\u0aa8\u0acd\u0aa1 \u0a86\u0a87\u0ab2\u0ac7\u0aa8\u0acd\u0aa1\u0acd\u0ab8)","en_BM":"\u0a85\u0a82\u0a97\u0acd\u0ab0\u0ac7\u0a9c\u0ac0 (\u0aac\u0ab0\u0acd\u0aae\u0ac1\u0aa1\u0abe)","en_BS":"\u0a85\u0a82\u0a97\u0acd\u0ab0\u0ac7\u0a9c\u0ac0 (\u0aac\u0ab9\u0abe\u0aae\u0abe\u0ab8)","en_BB":"\u0a85\u0a82\u0a97\u0acd\u0ab0\u0ac7\u0a9c\u0ac0 (\u0aac\u0abe\u0ab0\u0acd\u0aac\u0abe\u0aa1\u0acb\u0ab8)","en_BZ":"\u0a85\u0a82\u0a97\u0acd\u0ab0\u0ac7\u0a9c\u0ac0 (\u0aac\u0ac7\u0ab2\u0ac0\u0a9d)","en_BE":"\u0a85\u0a82\u0a97\u0acd\u0ab0\u0ac7\u0a9c\u0ac0 (\u0aac\u0ac7\u0ab2\u0acd\u0a9c\u0ac0\u0aaf\u0aae)","en_BW":"\u0a85\u0a82\u0a97\u0acd\u0ab0\u0ac7\u0a9c\u0ac0 (\u0aac\u0acb\u0aa4\u0acd\u0ab8\u0acd\u0ab5\u0abe\u0aa8\u0abe)","en_IO":"\u0a85\u0a82\u0a97\u0acd\u0ab0\u0ac7\u0a9c\u0ac0 (\u0aac\u0acd\u0ab0\u0abf\u0a9f\u0abf\u0ab6 \u0a87\u0aa8\u0acd\u0aa1\u0abf\u0aaf\u0aa8 \u0a93\u0ab6\u0aa8 \u0a9f\u0ac7\u0ab0\u0abf\u0a9f\u0ab0\u0ac0)","en_VG":"\u0a85\u0a82\u0a97\u0acd\u0ab0\u0ac7\u0a9c\u0ac0 (\u0aac\u0acd\u0ab0\u0abf\u0a9f\u0abf\u0ab6 \u0ab5\u0ab0\u0acd\u0a9c\u0abf\u0aa8 \u0a86\u0a87\u0ab2\u0ac7\u0aa8\u0acd\u0aa1\u0acd\u0ab8)","en_IN":"\u0a85\u0a82\u0a97\u0acd\u0ab0\u0ac7\u0a9c\u0ac0 (\u0aad\u0abe\u0ab0\u0aa4)","en_MO":"\u0a85\u0a82\u0a97\u0acd\u0ab0\u0ac7\u0a9c\u0ac0 (\u0aae\u0a95\u0abe\u0a89 SAR \u0a9a\u0ac0\u0aa8)","en_MY":"\u0a85\u0a82\u0a97\u0acd\u0ab0\u0ac7\u0a9c\u0ac0 (\u0aae\u0ab2\u0ac7\u0ab6\u0abf\u0aaf\u0abe)","en_FM":"\u0a85\u0a82\u0a97\u0acd\u0ab0\u0ac7\u0a9c\u0ac0 (\u0aae\u0abe\u0a87\u0a95\u0acd\u0ab0\u0acb\u0aa8\u0ac7\u0ab6\u0abf\u0aaf\u0abe)","en_MH":"\u0a85\u0a82\u0a97\u0acd\u0ab0\u0ac7\u0a9c\u0ac0 (\u0aae\u0abe\u0ab0\u0acd\u0ab6\u0ab2 \u0a86\u0a87\u0ab2\u0ac7\u0aa8\u0acd\u0aa1\u0acd\u0ab8)","en_MW":"\u0a85\u0a82\u0a97\u0acd\u0ab0\u0ac7\u0a9c\u0ac0 (\u0aae\u0abe\u0ab2\u0abe\u0ab5\u0ac0)","en_MT":"\u0a85\u0a82\u0a97\u0acd\u0ab0\u0ac7\u0a9c\u0ac0 (\u0aae\u0abe\u0ab2\u0acd\u0a9f\u0abe)","en_MG":"\u0a85\u0a82\u0a97\u0acd\u0ab0\u0ac7\u0a9c\u0ac0 (\u0aae\u0ac7\u0aa1\u0abe\u0a97\u0abe\u0ab8\u0acd\u0a95\u0ab0)","en_MS":"\u0a85\u0a82\u0a97\u0acd\u0ab0\u0ac7\u0a9c\u0ac0 (\u0aae\u0acb\u0a82\u0a9f\u0ab8\u0ac7\u0ab0\u0abe\u0aa4)","en_MU":"\u0a85\u0a82\u0a97\u0acd\u0ab0\u0ac7\u0a9c\u0ac0 (\u0aae\u0acb\u0ab0\u0abf\u0ab6\u0abf\u0aaf\u0ab8)","en_VI":"\u0a85\u0a82\u0a97\u0acd\u0ab0\u0ac7\u0a9c\u0ac0 (\u0aaf\u0ac1.\u0a8f\u0ab8 \u0ab5\u0ab0\u0acd\u0a9c\u0abf\u0aa8 \u0a86\u0a87\u0ab2\u0ac7\u0aa8\u0acd\u0aa1\u0acd\u0ab8)","en_UG":"\u0a85\u0a82\u0a97\u0acd\u0ab0\u0ac7\u0a9c\u0ac0 (\u0aaf\u0ac1\u0a97\u0abe\u0a82\u0aa1\u0abe)","en_GB":"\u0a85\u0a82\u0a97\u0acd\u0ab0\u0ac7\u0a9c\u0ac0 (\u0aaf\u0ac1\u0aa8\u0abe\u0a87\u0a9f\u0ac7\u0aa1 \u0a95\u0abf\u0a82\u0a97\u0aa1\u0aae)","en_RW":"\u0a85\u0a82\u0a97\u0acd\u0ab0\u0ac7\u0a9c\u0ac0 (\u0ab0\u0ab5\u0abe\u0a82\u0aa1\u0abe)","en_LR":"\u0a85\u0a82\u0a97\u0acd\u0ab0\u0ac7\u0a9c\u0ac0 (\u0ab2\u0abe\u0a87\u0aac\u0ac7\u0ab0\u0abf\u0aaf\u0abe)","en_LS":"\u0a85\u0a82\u0a97\u0acd\u0ab0\u0ac7\u0a9c\u0ac0 (\u0ab2\u0ac7\u0ab8\u0acb\u0aa5\u0acb)","en_VU":"\u0a85\u0a82\u0a97\u0acd\u0ab0\u0ac7\u0a9c\u0ac0 (\u0ab5\u0abe\u0aa8\u0ac1\u0a86\u0aa4\u0ac1)","en_SC":"\u0a85\u0a82\u0a97\u0acd\u0ab0\u0ac7\u0a9c\u0ac0 (\u0ab6\u0ac7\u0ab6\u0ac7\u0ab2\u0acd\u0ab8)","en_US":"\u0a85\u0a82\u0a97\u0acd\u0ab0\u0ac7\u0a9c\u0ac0 (\u0ab8\u0a82\u0aaf\u0ac1\u0a95\u0aa4 \u0ab0\u0abe\u0a9c\u0acd\u0aaf \u0a85\u0aae\u0ac7\u0ab0\u0abf\u0a95\u0abe)","en_UM":"\u0a85\u0a82\u0a97\u0acd\u0ab0\u0ac7\u0a9c\u0ac0 (\u0ab8\u0a82\u0aaf\u0ac1\u0a95\u0acd\u0aa4 \u0ab0\u0abe\u0a9c\u0acd\u0aaf \u0a86\u0a89\u0a9f\u0ab2\u0abe\u0a87\u0a82\u0a97 \u0a86\u0aaf\u0ab2\u0ac7\u0aa8\u0acd\u0aa1\u0acd\u0ab8)","en_WS":"\u0a85\u0a82\u0a97\u0acd\u0ab0\u0ac7\u0a9c\u0ac0 (\u0ab8\u0aae\u0acb\u0a86)","en_SG":"\u0a85\u0a82\u0a97\u0acd\u0ab0\u0ac7\u0a9c\u0ac0 (\u0ab8\u0abf\u0a82\u0a97\u0abe\u0aaa\u0ac1\u0ab0)","en_SX":"\u0a85\u0a82\u0a97\u0acd\u0ab0\u0ac7\u0a9c\u0ac0 (\u0ab8\u0abf\u0a82\u0a9f \u0aae\u0abe\u0ab0\u0acd\u0a9f\u0ac7\u0aa8)","en_SL":"\u0a85\u0a82\u0a97\u0acd\u0ab0\u0ac7\u0a9c\u0ac0 (\u0ab8\u0ac0\u0a8f\u0ab0\u0abe \u0ab2\u0ac7\u0a93\u0aa8)","en_SD":"\u0a85\u0a82\u0a97\u0acd\u0ab0\u0ac7\u0a9c\u0ac0 (\u0ab8\u0ac1\u0aa6\u0abe\u0aa8)","en_KN":"\u0a85\u0a82\u0a97\u0acd\u0ab0\u0ac7\u0a9c\u0ac0 (\u0ab8\u0ac7\u0a82\u0a9f \u0a95\u0abf\u0a9f\u0acd\u0ab8 \u0a8f\u0a82\u0aa1 \u0aa8\u0ac7\u0ab5\u0abf\u0ab8)","en_LC":"\u0a85\u0a82\u0a97\u0acd\u0ab0\u0ac7\u0a9c\u0ac0 (\u0ab8\u0ac7\u0a82\u0a9f \u0ab2\u0ac1\u0ab8\u0abf\u0aaf\u0abe)","en_SH":"\u0a85\u0a82\u0a97\u0acd\u0ab0\u0ac7\u0a9c\u0ac0 (\u0ab8\u0ac7\u0a82\u0a9f \u0ab9\u0ac7\u0ab2\u0ac7\u0aa8\u0abe)","en_VC":"\u0a85\u0a82\u0a97\u0acd\u0ab0\u0ac7\u0a9c\u0ac0 (\u0ab8\u0ac7\u0aa8\u0acd\u0a9f \u0ab5\u0abf\u0aa8\u0acd\u0ab8\u0ac7\u0aa8\u0acd\u0a9f \u0a8f\u0aa8\u0acd\u0aa1 \u0a97\u0acd\u0ab0\u0ac7\u0aa8\u0ac7\u0aa1\u0ac0\u0aa8\u0acd\u0ab8)","en_SB":"\u0a85\u0a82\u0a97\u0acd\u0ab0\u0ac7\u0a9c\u0ac0 (\u0ab8\u0acb\u0ab2\u0acb\u0aae\u0aa8 \u0a86\u0a87\u0ab2\u0ac7\u0aa8\u0acd\u0aa1\u0acd\u0ab8)","en_SZ":"\u0a85\u0a82\u0a97\u0acd\u0ab0\u0ac7\u0a9c\u0ac0 (\u0ab8\u0acd\u0ab5\u0abe\u0a9d\u0abf\u0ab2\u0ac7\u0aa8\u0acd\u0aa1)","en_HK":"\u0a85\u0a82\u0a97\u0acd\u0ab0\u0ac7\u0a9c\u0ac0 (\u0ab9\u0acb\u0a82\u0a97\u0a95\u0acb\u0a82\u0a97 SAR \u0a9a\u0ac0\u0aa8)","ak":"\u0a85\u0a95\u0abe\u0aa8","ak_GH":"\u0a85\u0a95\u0abe\u0aa8 (\u0a98\u0abe\u0aa8\u0abe)","az":"\u0a85\u0a9d\u0ab0\u0aac\u0ac8\u0a9c\u0abe\u0aa8\u0ac0","az_AZ":"\u0a85\u0a9d\u0ab0\u0aac\u0ac8\u0a9c\u0abe\u0aa8\u0ac0 (\u0a85\u0a9d\u0ab0\u0aac\u0ac8\u0a9c\u0abe\u0aa8)","az_Latn_AZ":"\u0a85\u0a9d\u0ab0\u0aac\u0ac8\u0a9c\u0abe\u0aa8\u0ac0 (\u0ab2\u0ac7\u0a9f\u0abf\u0aa8, \u0a85\u0a9d\u0ab0\u0aac\u0ac8\u0a9c\u0abe\u0aa8)","az_Latn":"\u0a85\u0a9d\u0ab0\u0aac\u0ac8\u0a9c\u0abe\u0aa8\u0ac0 (\u0ab2\u0ac7\u0a9f\u0abf\u0aa8)","az_Cyrl_AZ":"\u0a85\u0a9d\u0ab0\u0aac\u0ac8\u0a9c\u0abe\u0aa8\u0ac0 (\u0ab8\u0abf\u0ab0\u0abf\u0ab2\u0abf\u0a95, \u0a85\u0a9d\u0ab0\u0aac\u0ac8\u0a9c\u0abe\u0aa8)","az_Cyrl":"\u0a85\u0a9d\u0ab0\u0aac\u0ac8\u0a9c\u0abe\u0aa8\u0ac0 (\u0ab8\u0abf\u0ab0\u0abf\u0ab2\u0abf\u0a95)","ar":"\u0a85\u0ab0\u0aac\u0ac0","ar_DZ":"\u0a85\u0ab0\u0aac\u0ac0 (\u0a85\u0ab2\u0acd\u0a9c\u0ac0\u0ab0\u0abf\u0aaf\u0abe)","ar_EG":"\u0a85\u0ab0\u0aac\u0ac0 (\u0a87\u0a9c\u0abf\u0aaa\u0acd\u0aa4)","ar_IL":"\u0a85\u0ab0\u0aac\u0ac0 (\u0a87\u0a9d\u0ab0\u0abe\u0a87\u0ab2)","ar_IQ":"\u0a85\u0ab0\u0aac\u0ac0 (\u0a87\u0ab0\u0abe\u0a95)","ar_ER":"\u0a85\u0ab0\u0aac\u0ac0 (\u0a8f\u0ab0\u0abf\u0a9f\u0acd\u0ab0\u0abf\u0aaf\u0abe)","ar_OM":"\u0a85\u0ab0\u0aac\u0ac0 (\u0a93\u0aae\u0abe\u0aa8)","ar_QA":"\u0a85\u0ab0\u0aac\u0ac0 (\u0a95\u0aa4\u0abe\u0ab0)","ar_KW":"\u0a85\u0ab0\u0aac\u0ac0 (\u0a95\u0ac1\u0ab5\u0ac8\u0aa4)","ar_KM":"\u0a85\u0ab0\u0aac\u0ac0 (\u0a95\u0acb\u0aae\u0acb\u0ab0\u0ab8)","ar_TD":"\u0a85\u0ab0\u0aac\u0ac0 (\u0a9a\u0abe\u0aa1)","ar_DJ":"\u0a85\u0ab0\u0aac\u0ac0 (\u0a9c\u0ac0\u0aac\u0acc\u0a9f\u0ac0)","ar_JO":"\u0a85\u0ab0\u0aac\u0ac0 (\u0a9c\u0acb\u0ab0\u0acd\u0aa1\u0aa8)","ar_TN":"\u0a85\u0ab0\u0aac\u0ac0 (\u0a9f\u0acd\u0aaf\u0ac1\u0aa8\u0abf\u0ab6\u0abf\u0aaf\u0abe)","ar_SS":"\u0a85\u0ab0\u0aac\u0ac0 (\u0aa6\u0a95\u0acd\u0ab7\u0abf\u0aa3 \u0ab8\u0ac1\u0aa6\u0abe\u0aa8)","ar_EH":"\u0a85\u0ab0\u0aac\u0ac0 (\u0aaa\u0ab6\u0acd\u0a9a\u0abf\u0aae\u0ac0 \u0ab8\u0ab9\u0abe\u0ab0\u0abe)","ar_PS":"\u0a85\u0ab0\u0aac\u0ac0 (\u0aaa\u0ac7\u0ab2\u0ac7\u0ab8\u0acd\u0a9f\u0abf\u0aa8\u0abf\u0aaf\u0aa8 \u0a9f\u0ac7\u0ab0\u0abf\u0a9f\u0ab0\u0ac0)","ar_BH":"\u0a85\u0ab0\u0aac\u0ac0 (\u0aac\u0ac7\u0ab9\u0ab0\u0ac0\u0aa8)","ar_MA":"\u0a85\u0ab0\u0aac\u0ac0 (\u0aae\u0acb\u0ab0\u0acb\u0a95\u0acd\u0a95\u0acb)","ar_MR":"\u0a85\u0ab0\u0aac\u0ac0 (\u0aae\u0acc\u0ab0\u0abf\u0a9f\u0abe\u0aa8\u0abf\u0aaf\u0abe)","ar_AE":"\u0a85\u0ab0\u0aac\u0ac0 (\u0aaf\u0ac1\u0aa8\u0abe\u0a87\u0a9f\u0ac7\u0aa1 \u0a86\u0ab0\u0aac \u0a85\u0aae\u0ac0\u0ab0\u0abe\u0aa4)","ar_YE":"\u0a85\u0ab0\u0aac\u0ac0 (\u0aaf\u0ac7\u0aae\u0ac7\u0aa8)","ar_LY":"\u0a85\u0ab0\u0aac\u0ac0 (\u0ab2\u0abf\u0aac\u0abf\u0aaf\u0abe)","ar_LB":"\u0a85\u0ab0\u0aac\u0ac0 (\u0ab2\u0ac7\u0aac\u0aa8\u0acb\u0aa8)","ar_SA":"\u0a85\u0ab0\u0aac\u0ac0 (\u0ab8\u0abe\u0a89\u0aa6\u0ac0 \u0a85\u0ab0\u0ac7\u0aac\u0abf\u0aaf\u0abe)","ar_SY":"\u0a85\u0ab0\u0aac\u0ac0 (\u0ab8\u0ac0\u0ab0\u0abf\u0aaf\u0abe)","ar_SD":"\u0a85\u0ab0\u0aac\u0ac0 (\u0ab8\u0ac1\u0aa6\u0abe\u0aa8)","ar_SO":"\u0a85\u0ab0\u0aac\u0ac0 (\u0ab8\u0acb\u0aae\u0abe\u0ab2\u0abf\u0aaf\u0abe)","sq":"\u0a85\u0ab2\u0acd\u0aac\u0ac7\u0aa8\u0abf\u0aaf\u0aa8","sq_AL":"\u0a85\u0ab2\u0acd\u0aac\u0ac7\u0aa8\u0abf\u0aaf\u0aa8 (\u0a85\u0ab2\u0acd\u0aac\u0ac7\u0aa8\u0abf\u0aaf\u0abe)","sq_XK":"\u0a85\u0ab2\u0acd\u0aac\u0ac7\u0aa8\u0abf\u0aaf\u0aa8 (\u0a95\u0acb\u0ab8\u0acb\u0ab5\u0acb)","sq_MK":"\u0a85\u0ab2\u0acd\u0aac\u0ac7\u0aa8\u0abf\u0aaf\u0aa8 (\u0aae\u0ac7\u0ab8\u0ac7\u0aa1\u0acb\u0aa8\u0abf\u0aaf\u0abe)","ga":"\u0a86\u0a87\u0ab0\u0abf\u0ab6","ga_IE":"\u0a86\u0a87\u0ab0\u0abf\u0ab6 (\u0a86\u0aaf\u0ab0\u0acd\u0ab2\u0ac7\u0a82\u0aa1)","is":"\u0a86\u0a87\u0ab8\u0ab2\u0ac7\u0aa8\u0acd\u0aa1\u0abf\u0a95","is_IS":"\u0a86\u0a87\u0ab8\u0ab2\u0ac7\u0aa8\u0acd\u0aa1\u0abf\u0a95 (\u0a86\u0a87\u0ab8\u0ab2\u0ac7\u0aa8\u0acd\u0aa1)","af":"\u0a86\u0aab\u0acd\u0ab0\u0abf\u0a95\u0aa8\u0acd\u0ab8","af_ZA":"\u0a86\u0aab\u0acd\u0ab0\u0abf\u0a95\u0aa8\u0acd\u0ab8 (\u0aa6\u0a95\u0acd\u0ab7\u0abf\u0aa3 \u0a86\u0aab\u0acd\u0ab0\u0abf\u0a95\u0abe)","af_NA":"\u0a86\u0aab\u0acd\u0ab0\u0abf\u0a95\u0aa8\u0acd\u0ab8 (\u0aa8\u0abe\u0aae\u0abf\u0aac\u0abf\u0aaf\u0abe)","hy":"\u0a86\u0ab0\u0acd\u0aae\u0ac7\u0aa8\u0abf\u0aaf\u0aa8","hy_AM":"\u0a86\u0ab0\u0acd\u0aae\u0ac7\u0aa8\u0abf\u0aaf\u0aa8 (\u0a86\u0ab0\u0acd\u0aae\u0ac7\u0aa8\u0abf\u0aaf\u0abe)","as":"\u0a86\u0ab8\u0abe\u0aae\u0ac0","as_IN":"\u0a86\u0ab8\u0abe\u0aae\u0ac0 (\u0aad\u0abe\u0ab0\u0aa4)","ig":"\u0a87\u0a97\u0acd\u0aac\u0acb","ig_NG":"\u0a87\u0a97\u0acd\u0aac\u0acb (\u0aa8\u0abe\u0a87\u0a9c\u0ac0\u0ab0\u0ac0\u0aaf\u0abe)","it":"\u0a87\u0a9f\u0abe\u0ab2\u0abf\u0aaf\u0aa8","it_IT":"\u0a87\u0a9f\u0abe\u0ab2\u0abf\u0aaf\u0aa8 (\u0a87\u0a9f\u0abe\u0ab2\u0ac0)","it_SM":"\u0a87\u0a9f\u0abe\u0ab2\u0abf\u0aaf\u0aa8 (\u0ab8\u0ac5\u0aa8 \u0aae\u0ac7\u0ab0\u0abf\u0aa8\u0acb)","it_CH":"\u0a87\u0a9f\u0abe\u0ab2\u0abf\u0aaf\u0aa8 (\u0ab8\u0acd\u0ab5\u0abf\u0a9f\u0acd\u0a9d\u0ab0\u0acd\u0ab2\u0ac5\u0aa8\u0acd\u0aa1)","id":"\u0a87\u0aa8\u0acd\u0aa1\u0acb\u0aa8\u0ac7\u0ab6\u0abf\u0aaf\u0aa8","id_ID":"\u0a87\u0aa8\u0acd\u0aa1\u0acb\u0aa8\u0ac7\u0ab6\u0abf\u0aaf\u0aa8 (\u0a87\u0aa8\u0acd\u0aa1\u0acb\u0aa8\u0ac7\u0ab6\u0abf\u0aaf\u0abe)","ee":"\u0a88\u0ab5","ee_GH":"\u0a88\u0ab5 (\u0a98\u0abe\u0aa8\u0abe)","ee_TG":"\u0a88\u0ab5 (\u0a9f\u0acb\u0a97\u0acb)","ug":"\u0a89\u0a87\u0a97\u0ac1\u0ab0","ug_Arab_CN":"\u0a89\u0a87\u0a97\u0ac1\u0ab0 (\u0a85\u0ab0\u0aac\u0ac0, \u0a9a\u0ac0\u0aa8)","ug_Arab":"\u0a89\u0a87\u0a97\u0ac1\u0ab0 (\u0a85\u0ab0\u0aac\u0ac0)","ug_CN":"\u0a89\u0a87\u0a97\u0ac1\u0ab0 (\u0a9a\u0ac0\u0aa8)","uz":"\u0a89\u0a9d\u0acd\u0aac\u0ac7\u0a95","uz_AF":"\u0a89\u0a9d\u0acd\u0aac\u0ac7\u0a95 (\u0a85\u0aab\u0a98\u0abe\u0aa8\u0abf\u0ab8\u0acd\u0aa4\u0abe\u0aa8)","uz_Arab_AF":"\u0a89\u0a9d\u0acd\u0aac\u0ac7\u0a95 (\u0a85\u0ab0\u0aac\u0ac0, \u0a85\u0aab\u0a98\u0abe\u0aa8\u0abf\u0ab8\u0acd\u0aa4\u0abe\u0aa8)","uz_Arab":"\u0a89\u0a9d\u0acd\u0aac\u0ac7\u0a95 (\u0a85\u0ab0\u0aac\u0ac0)","uz_UZ":"\u0a89\u0a9d\u0acd\u0aac\u0ac7\u0a95 (\u0a89\u0a9d\u0acd\u0aac\u0ac7\u0a95\u0abf\u0ab8\u0acd\u0aa4\u0abe\u0aa8)","uz_Latn_UZ":"\u0a89\u0a9d\u0acd\u0aac\u0ac7\u0a95 (\u0ab2\u0ac7\u0a9f\u0abf\u0aa8, \u0a89\u0a9d\u0acd\u0aac\u0ac7\u0a95\u0abf\u0ab8\u0acd\u0aa4\u0abe\u0aa8)","uz_Latn":"\u0a89\u0a9d\u0acd\u0aac\u0ac7\u0a95 (\u0ab2\u0ac7\u0a9f\u0abf\u0aa8)","uz_Cyrl_UZ":"\u0a89\u0a9d\u0acd\u0aac\u0ac7\u0a95 (\u0ab8\u0abf\u0ab0\u0abf\u0ab2\u0abf\u0a95, \u0a89\u0a9d\u0acd\u0aac\u0ac7\u0a95\u0abf\u0ab8\u0acd\u0aa4\u0abe\u0aa8)","uz_Cyrl":"\u0a89\u0a9d\u0acd\u0aac\u0ac7\u0a95 (\u0ab8\u0abf\u0ab0\u0abf\u0ab2\u0abf\u0a95)","or":"\u0a89\u0aa1\u0abf\u0aaf\u0abe","or_IN":"\u0a89\u0aa1\u0abf\u0aaf\u0abe (\u0aad\u0abe\u0ab0\u0aa4)","nd":"\u0a89\u0aa4\u0ab0 \u0aa6\u0ac7\u0aac\u0ac7\u0ab2","nd_ZW":"\u0a89\u0aa4\u0ab0 \u0aa6\u0ac7\u0aac\u0ac7\u0ab2 (\u0a9d\u0abf\u0aae\u0acd\u0aac\u0abe\u0aac\u0acd\u0ab5\u0ac7)","se":"\u0a89\u0aa4\u0acd\u0aa4\u0ab0\u0ac0\u0aaf \u0ab8\u0abe\u0aae\u0ac0","se_NO":"\u0a89\u0aa4\u0acd\u0aa4\u0ab0\u0ac0\u0aaf \u0ab8\u0abe\u0aae\u0ac0 (\u0aa8\u0ac9\u0ab0\u0acd\u0ab5\u0ac7)","se_FI":"\u0a89\u0aa4\u0acd\u0aa4\u0ab0\u0ac0\u0aaf \u0ab8\u0abe\u0aae\u0ac0 (\u0aab\u0abf\u0aa8\u0ab2\u0ac7\u0aa8\u0acd\u0aa1)","se_SE":"\u0a89\u0aa4\u0acd\u0aa4\u0ab0\u0ac0\u0aaf \u0ab8\u0abe\u0aae\u0ac0 (\u0ab8\u0acd\u0ab5\u0ac0\u0aa1\u0aa8)","ur":"\u0a89\u0ab0\u0acd\u0aa6\u0ac2","ur_PK":"\u0a89\u0ab0\u0acd\u0aa6\u0ac2 (\u0aaa\u0abe\u0a95\u0abf\u0ab8\u0acd\u0aa4\u0abe\u0aa8)","ur_IN":"\u0a89\u0ab0\u0acd\u0aa6\u0ac2 (\u0aad\u0abe\u0ab0\u0aa4)","am":"\u0a8f\u0aae\u0acd\u0ab9\u0abe\u0ab0\u0abf\u0a95","am_ET":"\u0a8f\u0aae\u0acd\u0ab9\u0abe\u0ab0\u0abf\u0a95 (\u0a87\u0aa5\u0abf\u0a93\u0aaa\u0abf\u0aaf\u0abe)","et":"\u0a8f\u0ab8\u0acd\u0a9f\u0acb\u0aa8\u0abf\u0aaf\u0aa8","et_EE":"\u0a8f\u0ab8\u0acd\u0a9f\u0acb\u0aa8\u0abf\u0aaf\u0aa8 (\u0a8f\u0ab8\u0acd\u0a9f\u0acb\u0aa8\u0abf\u0aaf\u0abe)","eo":"\u0a8f\u0ab8\u0acd\u0aaa\u0ac7\u0ab0\u0abe\u0aa8\u0acd\u0a9f\u0acb","om":"\u0a93\u0ab0\u0acb\u0aae\u0acb","om_ET":"\u0a93\u0ab0\u0acb\u0aae\u0acb (\u0a87\u0aa5\u0abf\u0a93\u0aaa\u0abf\u0aaf\u0abe)","om_KE":"\u0a93\u0ab0\u0acb\u0aae\u0acb (\u0a95\u0ac7\u0aa8\u0acd\u0aaf\u0abe)","os":"\u0a93\u0ab8\u0acd\u0ab8\u0ac7\u0a9f\u0abf\u0a95","os_GE":"\u0a93\u0ab8\u0acd\u0ab8\u0ac7\u0a9f\u0abf\u0a95 (\u0a9c\u0acd\u0aaf\u0acb\u0ab0\u0acd\u0a9c\u0ac0\u0aaf\u0abe)","os_RU":"\u0a93\u0ab8\u0acd\u0ab8\u0ac7\u0a9f\u0abf\u0a95 (\u0ab0\u0ab6\u0abf\u0aaf\u0abe)","kk":"\u0a95\u0a9d\u0abe\u0a96","kk_KZ":"\u0a95\u0a9d\u0abe\u0a96 (\u0a95\u0a9d\u0abe\u0a95\u0abf\u0ab8\u0acd\u0aa4\u0abe\u0aa8)","kk_Cyrl_KZ":"\u0a95\u0a9d\u0abe\u0a96 (\u0ab8\u0abf\u0ab0\u0abf\u0ab2\u0abf\u0a95, \u0a95\u0a9d\u0abe\u0a95\u0abf\u0ab8\u0acd\u0aa4\u0abe\u0aa8)","kk_Cyrl":"\u0a95\u0a9d\u0abe\u0a96 (\u0ab8\u0abf\u0ab0\u0abf\u0ab2\u0abf\u0a95)","ca":"\u0a95\u0aa4\u0ab2\u0abe\u0aa8","ca_IT":"\u0a95\u0aa4\u0ab2\u0abe\u0aa8 (\u0a87\u0a9f\u0abe\u0ab2\u0ac0)","ca_AD":"\u0a95\u0aa4\u0ab2\u0abe\u0aa8 (\u0a8d\u0a82\u0aa1\u0acb\u0ab0\u0abe)","ca_FR":"\u0a95\u0aa4\u0ab2\u0abe\u0aa8 (\u0aab\u0acd\u0ab0\u0abe\u0a82\u0ab8)","ca_ES":"\u0a95\u0aa4\u0ab2\u0abe\u0aa8 (\u0ab8\u0acd\u0aaa\u0ac7\u0aa8)","kn":"\u0a95\u0aa8\u0acd\u0aa8\u0aa1","kn_IN":"\u0a95\u0aa8\u0acd\u0aa8\u0aa1 (\u0aad\u0abe\u0ab0\u0aa4)","kl":"\u0a95\u0ab2\u0abe\u0ab2\u0acd\u0ab2\u0abf\u0ab8\u0ac1\u0aa4","kl_GL":"\u0a95\u0ab2\u0abe\u0ab2\u0acd\u0ab2\u0abf\u0ab8\u0ac1\u0aa4 (\u0a97\u0acd\u0ab0\u0ac0\u0aa8\u0ab2\u0ac7\u0aa8\u0acd\u0aa1)","ks":"\u0a95\u0abe\u0ab6\u0acd\u0aae\u0ac0\u0ab0\u0ac0","ks_Arab_IN":"\u0a95\u0abe\u0ab6\u0acd\u0aae\u0ac0\u0ab0\u0ac0 (\u0a85\u0ab0\u0aac\u0ac0, \u0aad\u0abe\u0ab0\u0aa4)","ks_Arab":"\u0a95\u0abe\u0ab6\u0acd\u0aae\u0ac0\u0ab0\u0ac0 (\u0a85\u0ab0\u0aac\u0ac0)","ks_IN":"\u0a95\u0abe\u0ab6\u0acd\u0aae\u0ac0\u0ab0\u0ac0 (\u0aad\u0abe\u0ab0\u0aa4)","ki":"\u0a95\u0abf\u0a95\u0ac1\u0aaf\u0ac2","ki_KE":"\u0a95\u0abf\u0a95\u0ac1\u0aaf\u0ac2 (\u0a95\u0ac7\u0aa8\u0acd\u0aaf\u0abe)","rw":"\u0a95\u0abf\u0aa8\u0acd\u0aaf\u0abe\u0ab0\u0ab5\u0abe\u0aa8\u0acd\u0aa1\u0abe","rw_RW":"\u0a95\u0abf\u0aa8\u0acd\u0aaf\u0abe\u0ab0\u0ab5\u0abe\u0aa8\u0acd\u0aa1\u0abe (\u0ab0\u0ab5\u0abe\u0a82\u0aa1\u0abe)","ky":"\u0a95\u0abf\u0ab0\u0acd\u0a97\u0ac0\u0a9d","ky_KG":"\u0a95\u0abf\u0ab0\u0acd\u0a97\u0ac0\u0a9d (\u0a95\u0abf\u0ab0\u0acd\u0a97\u0abf\u0a9d\u0acd\u0ab8\u0acd\u0aa4\u0abe\u0aa8)","ky_Cyrl_KG":"\u0a95\u0abf\u0ab0\u0acd\u0a97\u0ac0\u0a9d (\u0ab8\u0abf\u0ab0\u0abf\u0ab2\u0abf\u0a95, \u0a95\u0abf\u0ab0\u0acd\u0a97\u0abf\u0a9d\u0acd\u0ab8\u0acd\u0aa4\u0abe\u0aa8)","ky_Cyrl":"\u0a95\u0abf\u0ab0\u0acd\u0a97\u0ac0\u0a9d (\u0ab8\u0abf\u0ab0\u0abf\u0ab2\u0abf\u0a95)","ko":"\u0a95\u0acb\u0ab0\u0abf\u0aaf\u0aa8","ko_KP":"\u0a95\u0acb\u0ab0\u0abf\u0aaf\u0aa8 (\u0a89\u0aa4\u0acd\u0aa4\u0ab0 \u0a95\u0acb\u0ab0\u0abf\u0aaf\u0abe)","ko_KR":"\u0a95\u0acb\u0ab0\u0abf\u0aaf\u0aa8 (\u0aa6\u0a95\u0acd\u0ab7\u0abf\u0aa3 \u0a95\u0acb\u0ab0\u0abf\u0aaf\u0abe)","kw":"\u0a95\u0acb\u0ab0\u0acd\u0aa8\u0abf\u0ab6","kw_GB":"\u0a95\u0acb\u0ab0\u0acd\u0aa8\u0abf\u0ab6 (\u0aaf\u0ac1\u0aa8\u0abe\u0a87\u0a9f\u0ac7\u0aa1 \u0a95\u0abf\u0a82\u0a97\u0aa1\u0aae)","hr":"\u0a95\u0acd\u0ab0\u0acb\u0a8f\u0ab6\u0abf\u0aaf\u0aa8","hr_HR":"\u0a95\u0acd\u0ab0\u0acb\u0a8f\u0ab6\u0abf\u0aaf\u0aa8 (\u0a95\u0acd\u0ab0\u0acb\u0a8f\u0ab6\u0abf\u0aaf\u0abe)","hr_BA":"\u0a95\u0acd\u0ab0\u0acb\u0a8f\u0ab6\u0abf\u0aaf\u0aa8 (\u0aac\u0acb\u0ab8\u0acd\u0aa8\u0abf\u0aaf\u0abe \u0a85\u0aa8\u0ac7 \u0ab9\u0ab0\u0acd\u0a9d\u0ac7\u0a97\u0acb\u0ab5\u0abf\u0aa8\u0abe)","qu":"\u0a95\u0acd\u0ab5\u0ac7\u0a9a\u0ac1\u0a86","qu_EC":"\u0a95\u0acd\u0ab5\u0ac7\u0a9a\u0ac1\u0a86 (\u0a8f\u0a95\u0acd\u0ab5\u0abe\u0aa1\u0acb\u0ab0)","qu_PE":"\u0a95\u0acd\u0ab5\u0ac7\u0a9a\u0ac1\u0a86 (\u0aaa\u0ac7\u0ab0\u0ac1)","qu_BO":"\u0a95\u0acd\u0ab5\u0ac7\u0a9a\u0ac1\u0a86 (\u0aac\u0acb\u0ab2\u0abf\u0ab5\u0abf\u0aaf\u0abe)","km":"\u0a96\u0acd\u0aae\u0ac7\u0ab0","km_KH":"\u0a96\u0acd\u0aae\u0ac7\u0ab0 (\u0a95\u0a82\u0aac\u0acb\u0aa1\u0abf\u0aaf\u0abe)","lg":"\u0a97\u0abe\u0a82\u0aa1\u0abe","lg_UG":"\u0a97\u0abe\u0a82\u0aa1\u0abe (\u0aaf\u0ac1\u0a97\u0abe\u0a82\u0aa1\u0abe)","gu":"\u0a97\u0ac1\u0a9c\u0ab0\u0abe\u0aa4\u0ac0","gu_IN":"\u0a97\u0ac1\u0a9c\u0ab0\u0abe\u0aa4\u0ac0 (\u0aad\u0abe\u0ab0\u0aa4)","gl":"\u0a97\u0ac7\u0ab2\u0abf\u0ab6\u0abf\u0aaf\u0aa8","gl_ES":"\u0a97\u0ac7\u0ab2\u0abf\u0ab6\u0abf\u0aaf\u0aa8 (\u0ab8\u0acd\u0aaa\u0ac7\u0aa8)","el":"\u0a97\u0acd\u0ab0\u0ac0\u0a95","el_GR":"\u0a97\u0acd\u0ab0\u0ac0\u0a95 (\u0a97\u0acd\u0ab0\u0ac0\u0ab8)","el_CY":"\u0a97\u0acd\u0ab0\u0ac0\u0a95 (\u0ab8\u0abe\u0aaf\u0aaa\u0acd\u0ab0\u0ab8)","zh":"\u0a9a\u0abe\u0a87\u0aa8\u0ac0\u0a9d","zh_CN":"\u0a9a\u0abe\u0a87\u0aa8\u0ac0\u0a9d (\u0a9a\u0ac0\u0aa8)","zh_TW":"\u0a9a\u0abe\u0a87\u0aa8\u0ac0\u0a9d (\u0aa4\u0abe\u0a87\u0ab5\u0abe\u0aa8)","zh_Hant_TW":"\u0a9a\u0abe\u0a87\u0aa8\u0ac0\u0a9d (\u0aaa\u0ab0\u0a82\u0aaa\u0ab0\u0abe\u0a97\u0aa4, \u0aa4\u0abe\u0a87\u0ab5\u0abe\u0aa8)","zh_Hant_MO":"\u0a9a\u0abe\u0a87\u0aa8\u0ac0\u0a9d (\u0aaa\u0ab0\u0a82\u0aaa\u0ab0\u0abe\u0a97\u0aa4, \u0aae\u0a95\u0abe\u0a89 SAR \u0a9a\u0ac0\u0aa8)","zh_Hant_HK":"\u0a9a\u0abe\u0a87\u0aa8\u0ac0\u0a9d (\u0aaa\u0ab0\u0a82\u0aaa\u0ab0\u0abe\u0a97\u0aa4, \u0ab9\u0acb\u0a82\u0a97\u0a95\u0acb\u0a82\u0a97 SAR \u0a9a\u0ac0\u0aa8)","zh_Hant":"\u0a9a\u0abe\u0a87\u0aa8\u0ac0\u0a9d (\u0aaa\u0ab0\u0a82\u0aaa\u0ab0\u0abe\u0a97\u0aa4)","zh_MO":"\u0a9a\u0abe\u0a87\u0aa8\u0ac0\u0a9d (\u0aae\u0a95\u0abe\u0a89 SAR \u0a9a\u0ac0\u0aa8)","zh_Hans_CN":"\u0a9a\u0abe\u0a87\u0aa8\u0ac0\u0a9d (\u0ab8\u0ab0\u0ab3\u0ac0\u0a95\u0ac3\u0aa4, \u0a9a\u0ac0\u0aa8)","zh_Hans_MO":"\u0a9a\u0abe\u0a87\u0aa8\u0ac0\u0a9d (\u0ab8\u0ab0\u0ab3\u0ac0\u0a95\u0ac3\u0aa4, \u0aae\u0a95\u0abe\u0a89 SAR \u0a9a\u0ac0\u0aa8)","zh_Hans_SG":"\u0a9a\u0abe\u0a87\u0aa8\u0ac0\u0a9d (\u0ab8\u0ab0\u0ab3\u0ac0\u0a95\u0ac3\u0aa4, \u0ab8\u0abf\u0a82\u0a97\u0abe\u0aaa\u0ac1\u0ab0)","zh_Hans_HK":"\u0a9a\u0abe\u0a87\u0aa8\u0ac0\u0a9d (\u0ab8\u0ab0\u0ab3\u0ac0\u0a95\u0ac3\u0aa4, \u0ab9\u0acb\u0a82\u0a97\u0a95\u0acb\u0a82\u0a97 SAR \u0a9a\u0ac0\u0aa8)","zh_Hans":"\u0a9a\u0abe\u0a87\u0aa8\u0ac0\u0a9d (\u0ab8\u0ab0\u0ab3\u0ac0\u0a95\u0ac3\u0aa4)","zh_SG":"\u0a9a\u0abe\u0a87\u0aa8\u0ac0\u0a9d (\u0ab8\u0abf\u0a82\u0a97\u0abe\u0aaa\u0ac1\u0ab0)","zh_HK":"\u0a9a\u0abe\u0a87\u0aa8\u0ac0\u0a9d (\u0ab9\u0acb\u0a82\u0a97\u0a95\u0acb\u0a82\u0a97 SAR \u0a9a\u0ac0\u0aa8)","cs":"\u0a9a\u0ac7\u0a95","cs_CZ":"\u0a9a\u0ac7\u0a95 (\u0a9a\u0ac7\u0a95 \u0ab0\u0ac0\u0aaa\u0aac\u0acd\u0ab2\u0abf\u0a95)","de":"\u0a9c\u0ab0\u0acd\u0aae\u0aa8","de_AT":"\u0a9c\u0ab0\u0acd\u0aae\u0aa8 (\u0a91\u0ab8\u0acd\u0a9f\u0acd\u0ab0\u0abf\u0aaf\u0abe)","de_DE":"\u0a9c\u0ab0\u0acd\u0aae\u0aa8 (\u0a9c\u0ab0\u0acd\u0aae\u0aa8\u0ac0)","de_BE":"\u0a9c\u0ab0\u0acd\u0aae\u0aa8 (\u0aac\u0ac7\u0ab2\u0acd\u0a9c\u0ac0\u0aaf\u0aae)","de_LU":"\u0a9c\u0ab0\u0acd\u0aae\u0aa8 (\u0ab2\u0a95\u0acd\u0a9d\u0aae\u0aac\u0ab0\u0acd\u0a97)","de_LI":"\u0a9c\u0ab0\u0acd\u0aae\u0aa8 (\u0ab2\u0ac8\u0a9a\u0a9f\u0ac7\u0a82\u0ab8\u0acd\u0a9f\u0ac7\u0a87\u0aa8)","de_CH":"\u0a9c\u0ab0\u0acd\u0aae\u0aa8 (\u0ab8\u0acd\u0ab5\u0abf\u0a9f\u0acd\u0a9d\u0ab0\u0acd\u0ab2\u0ac5\u0aa8\u0acd\u0aa1)","ja":"\u0a9c\u0abe\u0aaa\u0abe\u0aa8\u0ac0\u0a9d","ja_JP":"\u0a9c\u0abe\u0aaa\u0abe\u0aa8\u0ac0\u0a9d (\u0a9c\u0abe\u0aaa\u0abe\u0aa8)","ka":"\u0a9c\u0acd\u0aaf\u0acb\u0ab0\u0acd\u0a9c\u0abf\u0a85\u0aa8","ka_GE":"\u0a9c\u0acd\u0aaf\u0acb\u0ab0\u0acd\u0a9c\u0abf\u0a85\u0aa8 (\u0a9c\u0acd\u0aaf\u0acb\u0ab0\u0acd\u0a9c\u0ac0\u0aaf\u0abe)","zu":"\u0a9d\u0ac1\u0ab2\u0ac1","zu_ZA":"\u0a9d\u0ac1\u0ab2\u0ac1 (\u0aa6\u0a95\u0acd\u0ab7\u0abf\u0aa3 \u0a86\u0aab\u0acd\u0ab0\u0abf\u0a95\u0abe)","tr":"\u0a9f\u0ab0\u0acd\u0a95\u0ac0\u0ab6","tr_TR":"\u0a9f\u0ab0\u0acd\u0a95\u0ac0\u0ab6 (\u0aa4\u0ac1\u0ab0\u0acd\u0a95\u0ac0)","tr_CY":"\u0a9f\u0ab0\u0acd\u0a95\u0ac0\u0ab6 (\u0ab8\u0abe\u0aaf\u0aaa\u0acd\u0ab0\u0ab8)","ti":"\u0a9f\u0abe\u0a87\u0a97\u0acd\u0ab0\u0abf\u0aa8\u0abf\u0aaf\u0abe","ti_ET":"\u0a9f\u0abe\u0a87\u0a97\u0acd\u0ab0\u0abf\u0aa8\u0abf\u0aaf\u0abe (\u0a87\u0aa5\u0abf\u0a93\u0aaa\u0abf\u0aaf\u0abe)","ti_ER":"\u0a9f\u0abe\u0a87\u0a97\u0acd\u0ab0\u0abf\u0aa8\u0abf\u0aaf\u0abe (\u0a8f\u0ab0\u0abf\u0a9f\u0acd\u0ab0\u0abf\u0aaf\u0abe)","tl":"\u0a9f\u0abe\u0a97\u0abe\u0ab2\u0acb\u0a97","tl_PH":"\u0a9f\u0abe\u0a97\u0abe\u0ab2\u0acb\u0a97 (\u0aab\u0abf\u0ab2\u0ac0\u0aaa\u0abe\u0a87\u0aa8\u0acd\u0ab8)","to":"\u0a9f\u0acb\u0a82\u0a97\u0abe\u0aa8","to_TO":"\u0a9f\u0acb\u0a82\u0a97\u0abe\u0aa8 (\u0a9f\u0acb\u0a82\u0a97\u0abe)","nl":"\u0aa1\u0a9a","nl_AW":"\u0aa1\u0a9a (\u0a85\u0ab0\u0ac1\u0aac\u0abe)","nl_CW":"\u0aa1\u0a9a (\u0a95\u0ac1\u0ab0\u0abe\u0a95\u0abe\u0a93)","nl_BQ":"\u0aa1\u0a9a (\u0a95\u0ac7\u0ab0\u0ac7\u0aac\u0abf\u0aaf\u0aa8 \u0aa8\u0ac7\u0aa7\u0ab0\u0ab2\u0ac7\u0aa8\u0acd\u0aa1\u0acd\u0a9d)","nl_NL":"\u0aa1\u0a9a (\u0aa8\u0ac7\u0aa7\u0ab0\u0ab2\u0ac7\u0aa8\u0acd\u0aa1)","nl_BE":"\u0aa1\u0a9a (\u0aac\u0ac7\u0ab2\u0acd\u0a9c\u0ac0\u0aaf\u0aae)","nl_SX":"\u0aa1\u0a9a (\u0ab8\u0abf\u0a82\u0a9f \u0aae\u0abe\u0ab0\u0acd\u0a9f\u0ac7\u0aa8)","nl_SR":"\u0aa1\u0a9a (\u0ab8\u0ac1\u0ab0\u0ac0\u0aa8\u0abe\u0aae)","da":"\u0aa1\u0ac7\u0aa8\u0abf\u0ab6","da_GL":"\u0aa1\u0ac7\u0aa8\u0abf\u0ab6 (\u0a97\u0acd\u0ab0\u0ac0\u0aa8\u0ab2\u0ac7\u0aa8\u0acd\u0aa1)","da_DK":"\u0aa1\u0ac7\u0aa8\u0abf\u0ab6 (\u0aa1\u0ac7\u0aa8\u0aae\u0abe\u0ab0\u0acd\u0a95)","dz":"\u0aa1\u0acd\u0a9d\u0acb\u0a82\u0a97\u0acd\u0a96\u0abe","dz_BT":"\u0aa1\u0acd\u0a9d\u0acb\u0a82\u0a97\u0acd\u0a96\u0abe (\u0aad\u0ac2\u0a9f\u0abe\u0aa8)","ta":"\u0aa4\u0aae\u0abf\u0ab2","ta_IN":"\u0aa4\u0aae\u0abf\u0ab2 (\u0aad\u0abe\u0ab0\u0aa4)","ta_MY":"\u0aa4\u0aae\u0abf\u0ab2 (\u0aae\u0ab2\u0ac7\u0ab6\u0abf\u0aaf\u0abe)","ta_LK":"\u0aa4\u0aae\u0abf\u0ab2 (\u0ab6\u0acd\u0ab0\u0ac0\u0ab2\u0a82\u0a95\u0abe)","ta_SG":"\u0aa4\u0aae\u0abf\u0ab2 (\u0ab8\u0abf\u0a82\u0a97\u0abe\u0aaa\u0ac1\u0ab0)","bo":"\u0aa4\u0abf\u0aac\u0ac7\u0a9f\u0ac0\u0aaf\u0aa8","bo_CN":"\u0aa4\u0abf\u0aac\u0ac7\u0a9f\u0ac0\u0aaf\u0aa8 (\u0a9a\u0ac0\u0aa8)","bo_IN":"\u0aa4\u0abf\u0aac\u0ac7\u0a9f\u0ac0\u0aaf\u0aa8 (\u0aad\u0abe\u0ab0\u0aa4)","te":"\u0aa4\u0ac7\u0ab2\u0ac1\u0a97\u0ac1","te_IN":"\u0aa4\u0ac7\u0ab2\u0ac1\u0a97\u0ac1 (\u0aad\u0abe\u0ab0\u0aa4)","th":"\u0aa5\u0abe\u0a88","th_TH":"\u0aa5\u0abe\u0a88 (\u0aa5\u0abe\u0a87\u0ab2\u0ac7\u0a82\u0aa1)","ne":"\u0aa8\u0ac7\u0aaa\u0abe\u0ab3\u0ac0","ne_NP":"\u0aa8\u0ac7\u0aaa\u0abe\u0ab3\u0ac0 (\u0aa8\u0ac7\u0aaa\u0abe\u0ab3)","ne_IN":"\u0aa8\u0ac7\u0aaa\u0abe\u0ab3\u0ac0 (\u0aad\u0abe\u0ab0\u0aa4)","no":"\u0aa8\u0ac9\u0ab0\u0acd\u0ab5\u0ac7\u0a9c\u0ac0\u0aaf\u0aa8","no_NO":"\u0aa8\u0ac9\u0ab0\u0acd\u0ab5\u0ac7\u0a9c\u0ac0\u0aaf\u0aa8 (\u0aa8\u0ac9\u0ab0\u0acd\u0ab5\u0ac7)","nn":"\u0aa8\u0ac9\u0ab0\u0acd\u0ab5\u0ac7\u0a9c\u0ac0\u0aaf\u0aa8 \u0aa8\u0abe\u0aaf\u0aa8\u0ac9\u0ab0\u0acd\u0ab8\u0acd\u0a95","nn_NO":"\u0aa8\u0ac9\u0ab0\u0acd\u0ab5\u0ac7\u0a9c\u0ac0\u0aaf\u0aa8 \u0aa8\u0abe\u0aaf\u0aa8\u0ac9\u0ab0\u0acd\u0ab8\u0acd\u0a95 (\u0aa8\u0ac9\u0ab0\u0acd\u0ab5\u0ac7)","nb":"\u0aa8\u0acb\u0ab0\u0acd\u0ab5\u0ac7\u0a9c\u0ac0\u0aaf\u0aa8 \u0aac\u0acb\u0a95\u0aae\u0abe\u0ab2","nb_NO":"\u0aa8\u0acb\u0ab0\u0acd\u0ab5\u0ac7\u0a9c\u0ac0\u0aaf\u0aa8 \u0aac\u0acb\u0a95\u0aae\u0abe\u0ab2 (\u0aa8\u0ac9\u0ab0\u0acd\u0ab5\u0ac7)","nb_SJ":"\u0aa8\u0acb\u0ab0\u0acd\u0ab5\u0ac7\u0a9c\u0ac0\u0aaf\u0aa8 \u0aac\u0acb\u0a95\u0aae\u0abe\u0ab2 (\u0ab8\u0acd\u0ab5\u0abe\u0ab2\u0aac\u0ab0\u0acd\u0aa1 \u0a8f\u0aa8\u0acd\u0aa1 \u0a9c\u0ac7\u0aa8 \u0aae\u0ac7\u0aaf\u0aa8)","pa":"\u0aaa\u0a82\u0a9c\u0abe\u0aac\u0ac0","pa_Arab_PK":"\u0aaa\u0a82\u0a9c\u0abe\u0aac\u0ac0 (\u0a85\u0ab0\u0aac\u0ac0, \u0aaa\u0abe\u0a95\u0abf\u0ab8\u0acd\u0aa4\u0abe\u0aa8)","pa_Arab":"\u0aaa\u0a82\u0a9c\u0abe\u0aac\u0ac0 (\u0a85\u0ab0\u0aac\u0ac0)","pa_Guru_IN":"\u0aaa\u0a82\u0a9c\u0abe\u0aac\u0ac0 (\u0a97\u0ac1\u0ab0\u0ac2\u0aae\u0ac1\u0a96\u0ac0, \u0aad\u0abe\u0ab0\u0aa4)","pa_Guru":"\u0aaa\u0a82\u0a9c\u0abe\u0aac\u0ac0 (\u0a97\u0ac1\u0ab0\u0ac2\u0aae\u0ac1\u0a96\u0ac0)","pa_PK":"\u0aaa\u0a82\u0a9c\u0abe\u0aac\u0ac0 (\u0aaa\u0abe\u0a95\u0abf\u0ab8\u0acd\u0aa4\u0abe\u0aa8)","pa_IN":"\u0aaa\u0a82\u0a9c\u0abe\u0aac\u0ac0 (\u0aad\u0abe\u0ab0\u0aa4)","fy":"\u0aaa\u0ab6\u0acd\u0a9a\u0abf\u0aae\u0ac0 \u0aab\u0acd\u0ab0\u0abf\u0ab6\u0abf\u0aaf\u0aa8","fy_NL":"\u0aaa\u0ab6\u0acd\u0a9a\u0abf\u0aae\u0ac0 \u0aab\u0acd\u0ab0\u0abf\u0ab6\u0abf\u0aaf\u0aa8 (\u0aa8\u0ac7\u0aa7\u0ab0\u0ab2\u0ac7\u0aa8\u0acd\u0aa1)","ps":"\u0aaa\u0ab6\u0acd\u0aa4\u0acb","ps_AF":"\u0aaa\u0ab6\u0acd\u0aa4\u0acb (\u0a85\u0aab\u0a98\u0abe\u0aa8\u0abf\u0ab8\u0acd\u0aa4\u0abe\u0aa8)","pt":"\u0aaa\u0acb\u0ab0\u0acd\u0a9f\u0ac1\u0a97\u0ac0\u0a9d","pt_AO":"\u0aaa\u0acb\u0ab0\u0acd\u0a9f\u0ac1\u0a97\u0ac0\u0a9d (\u0a85\u0a82\u0a97\u0acb\u0ab2\u0abe)","pt_CV":"\u0aaa\u0acb\u0ab0\u0acd\u0a9f\u0ac1\u0a97\u0ac0\u0a9d (\u0a95\u0ac5\u0aaa \u0ab5\u0ab0\u0acd\u0aa1\u0ac7)","pt_GW":"\u0aaa\u0acb\u0ab0\u0acd\u0a9f\u0ac1\u0a97\u0ac0\u0a9d (\u0a97\u0abf\u0aa8\u0ac0-\u0aac\u0abf\u0ab8\u0abe\u0a89)","pt_TL":"\u0aaa\u0acb\u0ab0\u0acd\u0a9f\u0ac1\u0a97\u0ac0\u0a9d (\u0aa4\u0abf\u0aae\u0acb\u0ab0-\u0ab2\u0ac7\u0ab8\u0acd\u0aa4\u0ac7)","pt_PT":"\u0aaa\u0acb\u0ab0\u0acd\u0a9f\u0ac1\u0a97\u0ac0\u0a9d (\u0aaa\u0acb\u0ab0\u0acd\u0a9f\u0ac1\u0a97\u0ab2)","pt_BR":"\u0aaa\u0acb\u0ab0\u0acd\u0a9f\u0ac1\u0a97\u0ac0\u0a9d (\u0aac\u0acd\u0ab0\u0abe\u0a9d\u0abf\u0ab2)","pt_MO":"\u0aaa\u0acb\u0ab0\u0acd\u0a9f\u0ac1\u0a97\u0ac0\u0a9d (\u0aae\u0a95\u0abe\u0a89 SAR \u0a9a\u0ac0\u0aa8)","pt_MZ":"\u0aaa\u0acb\u0ab0\u0acd\u0a9f\u0ac1\u0a97\u0ac0\u0a9d (\u0aae\u0acb\u0a9d\u0abe\u0aae\u0acd\u0aac\u0abf\u0a95)","pt_ST":"\u0aaa\u0acb\u0ab0\u0acd\u0a9f\u0ac1\u0a97\u0ac0\u0a9d (\u0ab8\u0abe\u0a93 \u0a9f\u0ac9\u0aae \u0a85\u0aa8\u0ac7 \u0aaa\u0acd\u0ab0\u0abf\u0a82\u0ab8\u0abf\u0aaa\u0ac7)","pl":"\u0aaa\u0acb\u0ab2\u0ac0\u0ab6","pl_PL":"\u0aaa\u0acb\u0ab2\u0ac0\u0ab6 (\u0aaa\u0acb\u0ab2\u0ac7\u0a82\u0aa1)","fa":"\u0aab\u0abe\u0ab0\u0ab8\u0ac0","fa_AF":"\u0aab\u0abe\u0ab0\u0ab8\u0ac0 (\u0a85\u0aab\u0a98\u0abe\u0aa8\u0abf\u0ab8\u0acd\u0aa4\u0abe\u0aa8)","fa_IR":"\u0aab\u0abe\u0ab0\u0ab8\u0ac0 (\u0a88\u0ab0\u0abe\u0aa8)","fi":"\u0aab\u0abf\u0aa8\u0abf\u0ab6","fi_FI":"\u0aab\u0abf\u0aa8\u0abf\u0ab6 (\u0aab\u0abf\u0aa8\u0ab2\u0ac7\u0aa8\u0acd\u0aa1)","ff":"\u0aab\u0ac1\u0ab2\u0abe\u0ab9","ff_CM":"\u0aab\u0ac1\u0ab2\u0abe\u0ab9 (\u0a95\u0ac5\u0aae\u0ab0\u0ac2\u0aa8)","ff_GN":"\u0aab\u0ac1\u0ab2\u0abe\u0ab9 (\u0a97\u0abf\u0aa8\u0ac0)","ff_MR":"\u0aab\u0ac1\u0ab2\u0abe\u0ab9 (\u0aae\u0acc\u0ab0\u0abf\u0a9f\u0abe\u0aa8\u0abf\u0aaf\u0abe)","ff_SN":"\u0aab\u0ac1\u0ab2\u0abe\u0ab9 (\u0ab8\u0ac7\u0aa8\u0ac7\u0a97\u0ab2)","fo":"\u0aab\u0acb\u0ab0\u0abf\u0ab8\u0acd\u0aa4","fo_FO":"\u0aab\u0acb\u0ab0\u0abf\u0ab8\u0acd\u0aa4 (\u0aab\u0ac5\u0ab0\u0acb \u0a86\u0a87\u0ab2\u0ac7\u0aa8\u0acd\u0aa1\u0acd\u0ab8)","fr":"\u0aab\u0acd\u0ab0\u0ac7\u0aa8\u0acd\u0a9a","fr_DZ":"\u0aab\u0acd\u0ab0\u0ac7\u0aa8\u0acd\u0a9a (\u0a85\u0ab2\u0acd\u0a9c\u0ac0\u0ab0\u0abf\u0aaf\u0abe)","fr_GQ":"\u0aab\u0acd\u0ab0\u0ac7\u0aa8\u0acd\u0a9a (\u0a87\u0a95\u0acd\u0ab5\u0ac7\u0a9f\u0acb\u0ab0\u0abf\u0aaf\u0ab2 \u0a97\u0abf\u0aa8\u0ac0)","fr_CM":"\u0aab\u0acd\u0ab0\u0ac7\u0aa8\u0acd\u0a9a (\u0a95\u0ac5\u0aae\u0ab0\u0ac2\u0aa8)","fr_CA":"\u0aab\u0acd\u0ab0\u0ac7\u0aa8\u0acd\u0a9a (\u0a95\u0ac7\u0aa8\u0ac7\u0aa1\u0abe)","fr_CD":"\u0aab\u0acd\u0ab0\u0ac7\u0aa8\u0acd\u0a9a (\u0a95\u0acb\u0a82\u0a97\u0acb - \u0a95\u0abf\u0a82\u0ab6\u0abe\u0ab8\u0abe)","fr_CG":"\u0aab\u0acd\u0ab0\u0ac7\u0aa8\u0acd\u0a9a (\u0a95\u0acb\u0a82\u0a97\u0acb - \u0aac\u0acd\u0ab0\u0abe\u0a9d\u0abe\u0ab5\u0abf\u0ab2\u0ac7)","fr_CI":"\u0aab\u0acd\u0ab0\u0ac7\u0aa8\u0acd\u0a9a (\u0a95\u0acb\u0a9f \u0aa1\u0ac0 \u0a86\u0a87\u0ab5\u0ab0\u0ac0)","fr_KM":"\u0aab\u0acd\u0ab0\u0ac7\u0aa8\u0acd\u0a9a (\u0a95\u0acb\u0aae\u0acb\u0ab0\u0ab8)","fr_GN":"\u0aab\u0acd\u0ab0\u0ac7\u0aa8\u0acd\u0a9a (\u0a97\u0abf\u0aa8\u0ac0)","fr_GA":"\u0aab\u0acd\u0ab0\u0ac7\u0aa8\u0acd\u0a9a (\u0a97\u0ac7\u0aac\u0aa8)","fr_GP":"\u0aab\u0acd\u0ab0\u0ac7\u0aa8\u0acd\u0a9a (\u0a97\u0acd\u0ab5\u0abe\u0aa1\u0ac7\u0ab2\u0acb\u0aaa)","fr_TD":"\u0aab\u0acd\u0ab0\u0ac7\u0aa8\u0acd\u0a9a (\u0a9a\u0abe\u0aa1)","fr_DJ":"\u0aab\u0acd\u0ab0\u0ac7\u0aa8\u0acd\u0a9a (\u0a9c\u0ac0\u0aac\u0acc\u0a9f\u0ac0)","fr_TG":"\u0aab\u0acd\u0ab0\u0ac7\u0aa8\u0acd\u0a9a (\u0a9f\u0acb\u0a97\u0acb)","fr_TN":"\u0aab\u0acd\u0ab0\u0ac7\u0aa8\u0acd\u0a9a (\u0a9f\u0acd\u0aaf\u0ac1\u0aa8\u0abf\u0ab6\u0abf\u0aaf\u0abe)","fr_NE":"\u0aab\u0acd\u0ab0\u0ac7\u0aa8\u0acd\u0a9a (\u0aa8\u0abe\u0a87\u0a9c\u0ab0)","fr_NC":"\u0aab\u0acd\u0ab0\u0ac7\u0aa8\u0acd\u0a9a (\u0aa8\u0acd\u0aaf\u0ac1 \u0ab8\u0ac7\u0ab2\u0ac7\u0aa1\u0acb\u0aa8\u0abf\u0aaf\u0abe)","fr_FR":"\u0aab\u0acd\u0ab0\u0ac7\u0aa8\u0acd\u0a9a (\u0aab\u0acd\u0ab0\u0abe\u0a82\u0ab8)","fr_GF":"\u0aab\u0acd\u0ab0\u0ac7\u0aa8\u0acd\u0a9a (\u0aab\u0acd\u0ab0\u0ac7\u0a82\u0a9a \u0a97\u0aaf\u0abe\u0aa8\u0abe)","fr_PF":"\u0aab\u0acd\u0ab0\u0ac7\u0aa8\u0acd\u0a9a (\u0aab\u0acd\u0ab0\u0ac7\u0a82\u0a9a \u0aaa\u0acb\u0ab2\u0abf\u0aa8\u0ac7\u0ab6\u0abf\u0aaf\u0abe)","fr_BI":"\u0aab\u0acd\u0ab0\u0ac7\u0aa8\u0acd\u0a9a (\u0aac\u0ac1\u0ab0\u0ac1\u0a82\u0aa1\u0ac0)","fr_BF":"\u0aab\u0acd\u0ab0\u0ac7\u0aa8\u0acd\u0a9a (\u0aac\u0ac1\u0ab0\u0acd\u0a95\u0abf\u0aa8\u0abe \u0aab\u0abe\u0ab8\u0acb)","fr_BJ":"\u0aab\u0acd\u0ab0\u0ac7\u0aa8\u0acd\u0a9a (\u0aac\u0ac7\u0aa8\u0abf\u0aa8)","fr_BE":"\u0aab\u0acd\u0ab0\u0ac7\u0aa8\u0acd\u0a9a (\u0aac\u0ac7\u0ab2\u0acd\u0a9c\u0ac0\u0aaf\u0aae)","fr_MQ":"\u0aab\u0acd\u0ab0\u0ac7\u0aa8\u0acd\u0a9a (\u0aae\u0abe\u0ab0\u0acd\u0a9f\u0ac0\u0aa8\u0ac0\u0a95)","fr_ML":"\u0aab\u0acd\u0ab0\u0ac7\u0aa8\u0acd\u0a9a (\u0aae\u0abe\u0ab2\u0ac0)","fr_MG":"\u0aab\u0acd\u0ab0\u0ac7\u0aa8\u0acd\u0a9a (\u0aae\u0ac7\u0aa1\u0abe\u0a97\u0abe\u0ab8\u0acd\u0a95\u0ab0)","fr_YT":"\u0aab\u0acd\u0ab0\u0ac7\u0aa8\u0acd\u0a9a (\u0aae\u0ac7\u0aaf\u0acb\u0a9f)","fr_MC":"\u0aab\u0acd\u0ab0\u0ac7\u0aa8\u0acd\u0a9a (\u0aae\u0acb\u0aa8\u0abe\u0a95\u0acb)","fr_MU":"\u0aab\u0acd\u0ab0\u0ac7\u0aa8\u0acd\u0a9a (\u0aae\u0acb\u0ab0\u0abf\u0ab6\u0abf\u0aaf\u0ab8)","fr_MA":"\u0aab\u0acd\u0ab0\u0ac7\u0aa8\u0acd\u0a9a (\u0aae\u0acb\u0ab0\u0acb\u0a95\u0acd\u0a95\u0acb)","fr_MR":"\u0aab\u0acd\u0ab0\u0ac7\u0aa8\u0acd\u0a9a (\u0aae\u0acc\u0ab0\u0abf\u0a9f\u0abe\u0aa8\u0abf\u0aaf\u0abe)","fr_RW":"\u0aab\u0acd\u0ab0\u0ac7\u0aa8\u0acd\u0a9a (\u0ab0\u0ab5\u0abe\u0a82\u0aa1\u0abe)","fr_RE":"\u0aab\u0acd\u0ab0\u0ac7\u0aa8\u0acd\u0a9a (\u0ab0\u0ac0\u0aaf\u0ac1\u0aa8\u0abf\u0aaf\u0aa8)","fr_LU":"\u0aab\u0acd\u0ab0\u0ac7\u0aa8\u0acd\u0a9a (\u0ab2\u0a95\u0acd\u0a9d\u0aae\u0aac\u0ab0\u0acd\u0a97)","fr_VU":"\u0aab\u0acd\u0ab0\u0ac7\u0aa8\u0acd\u0a9a (\u0ab5\u0abe\u0aa8\u0ac1\u0a86\u0aa4\u0ac1)","fr_WF":"\u0aab\u0acd\u0ab0\u0ac7\u0aa8\u0acd\u0a9a (\u0ab5\u0ac9\u0ab2\u0abf\u0ab8 \u0a8f\u0a82\u0aa1 \u0aab\u0acd\u0aaf\u0ac1\u0a9a\u0ac1\u0aa8\u0abe)","fr_SC":"\u0aab\u0acd\u0ab0\u0ac7\u0aa8\u0acd\u0a9a (\u0ab6\u0ac7\u0ab6\u0ac7\u0ab2\u0acd\u0ab8)","fr_SY":"\u0aab\u0acd\u0ab0\u0ac7\u0aa8\u0acd\u0a9a (\u0ab8\u0ac0\u0ab0\u0abf\u0aaf\u0abe)","fr_PM":"\u0aab\u0acd\u0ab0\u0ac7\u0aa8\u0acd\u0a9a (\u0ab8\u0ac7\u0a82\u0a9f \u0aaa\u0ac0\u0a8f\u0ab0\u0ac7 \u0a8f\u0aa8\u0acd\u0aa1 \u0aae\u0abf\u0a95\u0ac0\u0ab2\u0acb\u0aa8)","fr_BL":"\u0aab\u0acd\u0ab0\u0ac7\u0aa8\u0acd\u0a9a (\u0ab8\u0ac7\u0a82\u0a9f \u0aac\u0abe\u0ab0\u0acd\u0aa5\u0ab2\u0ac7\u0aae\u0ac0)","fr_MF":"\u0aab\u0acd\u0ab0\u0ac7\u0aa8\u0acd\u0a9a (\u0ab8\u0ac7\u0a82\u0a9f \u0aae\u0abe\u0ab0\u0acd\u0a9f\u0abf\u0aa8)","fr_CF":"\u0aab\u0acd\u0ab0\u0ac7\u0aa8\u0acd\u0a9a (\u0ab8\u0ac7\u0a82\u0a9f\u0acd\u0ab0\u0ab2 \u0a86\u0aab\u0acd\u0ab0\u0abf\u0a95\u0aa8 \u0ab0\u0ac0\u0aaa\u0aac\u0acd\u0ab2\u0abf\u0a95)","fr_SN":"\u0aab\u0acd\u0ab0\u0ac7\u0aa8\u0acd\u0a9a (\u0ab8\u0ac7\u0aa8\u0ac7\u0a97\u0ab2)","fr_CH":"\u0aab\u0acd\u0ab0\u0ac7\u0aa8\u0acd\u0a9a (\u0ab8\u0acd\u0ab5\u0abf\u0a9f\u0acd\u0a9d\u0ab0\u0acd\u0ab2\u0ac5\u0aa8\u0acd\u0aa1)","fr_HT":"\u0aab\u0acd\u0ab0\u0ac7\u0aa8\u0acd\u0a9a (\u0ab9\u0ac8\u0aa4\u0abf)","bn":"\u0aac\u0a82\u0a97\u0abe\u0ab3\u0ac0","bn_BD":"\u0aac\u0a82\u0a97\u0abe\u0ab3\u0ac0 (\u0aac\u0abe\u0a82\u0a97\u0acd\u0ab2\u0abe\u0aa6\u0ac7\u0ab6)","bn_IN":"\u0aac\u0a82\u0a97\u0abe\u0ab3\u0ac0 (\u0aad\u0abe\u0ab0\u0aa4)","my":"\u0aac\u0ab0\u0acd\u0aae\u0ac0\u0a9d","my_MM":"\u0aac\u0ab0\u0acd\u0aae\u0ac0\u0a9d (\u0aae\u0acd\u0aaf\u0abe\u0a82\u0aae\u0abe\u0ab0 (\u0aac\u0ab0\u0acd\u0aae\u0abe))","bg":"\u0aac\u0ab2\u0acd\u0a97\u0ac7\u0ab0\u0abf\u0aaf\u0aa8","bg_BG":"\u0aac\u0ab2\u0acd\u0a97\u0ac7\u0ab0\u0abf\u0aaf\u0aa8 (\u0aac\u0ab2\u0acd\u0a97\u0ac7\u0ab0\u0abf\u0aaf\u0abe)","bm":"\u0aac\u0abe\u0aae\u0acd\u0aac\u0abe\u0ab0\u0abe","bm_Latn_ML":"\u0aac\u0abe\u0aae\u0acd\u0aac\u0abe\u0ab0\u0abe (\u0ab2\u0ac7\u0a9f\u0abf\u0aa8, \u0aae\u0abe\u0ab2\u0ac0)","bm_Latn":"\u0aac\u0abe\u0aae\u0acd\u0aac\u0abe\u0ab0\u0abe (\u0ab2\u0ac7\u0a9f\u0abf\u0aa8)","eu":"\u0aac\u0abe\u0ab8\u0acd\u0a95","eu_ES":"\u0aac\u0abe\u0ab8\u0acd\u0a95 (\u0ab8\u0acd\u0aaa\u0ac7\u0aa8)","be":"\u0aac\u0ac7\u0ab2\u0abe\u0ab0\u0ac1\u0ab6\u0abf\u0aaf\u0aa8","be_BY":"\u0aac\u0ac7\u0ab2\u0abe\u0ab0\u0ac1\u0ab6\u0abf\u0aaf\u0aa8 (\u0aac\u0ac7\u0ab2\u0abe\u0ab0\u0ac1\u0ab8)","bs":"\u0aac\u0acb\u0ab8\u0acd\u0aa8\u0abf\u0aaf\u0aa8","bs_BA":"\u0aac\u0acb\u0ab8\u0acd\u0aa8\u0abf\u0aaf\u0aa8 (\u0aac\u0acb\u0ab8\u0acd\u0aa8\u0abf\u0aaf\u0abe \u0a85\u0aa8\u0ac7 \u0ab9\u0ab0\u0acd\u0a9d\u0ac7\u0a97\u0acb\u0ab5\u0abf\u0aa8\u0abe)","bs_Latn_BA":"\u0aac\u0acb\u0ab8\u0acd\u0aa8\u0abf\u0aaf\u0aa8 (\u0ab2\u0ac7\u0a9f\u0abf\u0aa8, \u0aac\u0acb\u0ab8\u0acd\u0aa8\u0abf\u0aaf\u0abe \u0a85\u0aa8\u0ac7 \u0ab9\u0ab0\u0acd\u0a9d\u0ac7\u0a97\u0acb\u0ab5\u0abf\u0aa8\u0abe)","bs_Latn":"\u0aac\u0acb\u0ab8\u0acd\u0aa8\u0abf\u0aaf\u0aa8 (\u0ab2\u0ac7\u0a9f\u0abf\u0aa8)","bs_Cyrl_BA":"\u0aac\u0acb\u0ab8\u0acd\u0aa8\u0abf\u0aaf\u0aa8 (\u0ab8\u0abf\u0ab0\u0abf\u0ab2\u0abf\u0a95, \u0aac\u0acb\u0ab8\u0acd\u0aa8\u0abf\u0aaf\u0abe \u0a85\u0aa8\u0ac7 \u0ab9\u0ab0\u0acd\u0a9d\u0ac7\u0a97\u0acb\u0ab5\u0abf\u0aa8\u0abe)","bs_Cyrl":"\u0aac\u0acb\u0ab8\u0acd\u0aa8\u0abf\u0aaf\u0aa8 (\u0ab8\u0abf\u0ab0\u0abf\u0ab2\u0abf\u0a95)","br":"\u0aac\u0acd\u0ab0\u0ac7\u0a9f\u0acb\u0aa8","br_FR":"\u0aac\u0acd\u0ab0\u0ac7\u0a9f\u0acb\u0aa8 (\u0aab\u0acd\u0ab0\u0abe\u0a82\u0ab8)","mr":"\u0aae\u0ab0\u0abe\u0aa0\u0ac0","mr_IN":"\u0aae\u0ab0\u0abe\u0aa0\u0ac0 (\u0aad\u0abe\u0ab0\u0aa4)","ms":"\u0aae\u0ab2\u0aaf","ms_BN":"\u0aae\u0ab2\u0aaf (\u0aac\u0acd\u0ab0\u0ac1\u0aa8\u0ac7\u0a87)","ms_MY":"\u0aae\u0ab2\u0aaf (\u0aae\u0ab2\u0ac7\u0ab6\u0abf\u0aaf\u0abe)","ms_Latn_BN":"\u0aae\u0ab2\u0aaf (\u0ab2\u0ac7\u0a9f\u0abf\u0aa8, \u0aac\u0acd\u0ab0\u0ac1\u0aa8\u0ac7\u0a87)","ms_Latn_MY":"\u0aae\u0ab2\u0aaf (\u0ab2\u0ac7\u0a9f\u0abf\u0aa8, \u0aae\u0ab2\u0ac7\u0ab6\u0abf\u0aaf\u0abe)","ms_Latn_SG":"\u0aae\u0ab2\u0aaf (\u0ab2\u0ac7\u0a9f\u0abf\u0aa8, \u0ab8\u0abf\u0a82\u0a97\u0abe\u0aaa\u0ac1\u0ab0)","ms_Latn":"\u0aae\u0ab2\u0aaf (\u0ab2\u0ac7\u0a9f\u0abf\u0aa8)","ms_SG":"\u0aae\u0ab2\u0aaf (\u0ab8\u0abf\u0a82\u0a97\u0abe\u0aaa\u0ac1\u0ab0)","ml":"\u0aae\u0ab2\u0aaf\u0abe\u0ab2\u0aae","ml_IN":"\u0aae\u0ab2\u0aaf\u0abe\u0ab2\u0aae (\u0aad\u0abe\u0ab0\u0aa4)","mg":"\u0aae\u0ab2\u0abe\u0a97\u0ab8\u0ac0","mg_MG":"\u0aae\u0ab2\u0abe\u0a97\u0ab8\u0ac0 (\u0aae\u0ac7\u0aa1\u0abe\u0a97\u0abe\u0ab8\u0acd\u0a95\u0ab0)","gv":"\u0aae\u0abe\u0a82\u0a95\u0acd\u0ab8","gv_IM":"\u0aae\u0abe\u0a82\u0a95\u0acd\u0ab8 (\u0a86\u0a88\u0ab2 \u0a93\u0aab \u0aae\u0ac5\u0aa8)","mt":"\u0aae\u0abe\u0ab2\u0acd\u0a9f\u0abf\u0a9d","mt_MT":"\u0aae\u0abe\u0ab2\u0acd\u0a9f\u0abf\u0a9d (\u0aae\u0abe\u0ab2\u0acd\u0a9f\u0abe)","mk":"\u0aae\u0ac7\u0ab8\u0ac7\u0aa1\u0acb\u0aa8\u0abf\u0aaf\u0aa8","mk_MK":"\u0aae\u0ac7\u0ab8\u0ac7\u0aa1\u0acb\u0aa8\u0abf\u0aaf\u0aa8 (\u0aae\u0ac7\u0ab8\u0ac7\u0aa1\u0acb\u0aa8\u0abf\u0aaf\u0abe)","mn":"\u0aae\u0acb\u0a82\u0a97\u0acb\u0ab2\u0abf\u0aaf\u0aa8","mn_MN":"\u0aae\u0acb\u0a82\u0a97\u0acb\u0ab2\u0abf\u0aaf\u0aa8 (\u0aae\u0a82\u0a97\u0acb\u0ab2\u0abf\u0aaf\u0abe)","mn_Cyrl_MN":"\u0aae\u0acb\u0a82\u0a97\u0acb\u0ab2\u0abf\u0aaf\u0aa8 (\u0ab8\u0abf\u0ab0\u0abf\u0ab2\u0abf\u0a95, \u0aae\u0a82\u0a97\u0acb\u0ab2\u0abf\u0aaf\u0abe)","mn_Cyrl":"\u0aae\u0acb\u0a82\u0a97\u0acb\u0ab2\u0abf\u0aaf\u0aa8 (\u0ab8\u0abf\u0ab0\u0abf\u0ab2\u0abf\u0a95)","yi":"\u0aaf\u0abf\u0aa6\u0acd\u0aa6\u0abf\u0ab6","uk":"\u0aaf\u0ac1\u0a95\u0acd\u0ab0\u0ac7\u0aa8\u0abf\u0aaf\u0aa8","uk_UA":"\u0aaf\u0ac1\u0a95\u0acd\u0ab0\u0ac7\u0aa8\u0abf\u0aaf\u0aa8 (\u0aaf\u0ac1\u0a95\u0acd\u0ab0\u0ac7\u0aa8)","yo":"\u0aaf\u0acb\u0ab0\u0ac2\u0aac\u0abe","yo_NG":"\u0aaf\u0acb\u0ab0\u0ac2\u0aac\u0abe (\u0aa8\u0abe\u0a87\u0a9c\u0ac0\u0ab0\u0ac0\u0aaf\u0abe)","yo_BJ":"\u0aaf\u0acb\u0ab0\u0ac2\u0aac\u0abe (\u0aac\u0ac7\u0aa8\u0abf\u0aa8)","ru":"\u0ab0\u0ab6\u0abf\u0aaf\u0aa8","ru_KZ":"\u0ab0\u0ab6\u0abf\u0aaf\u0aa8 (\u0a95\u0a9d\u0abe\u0a95\u0abf\u0ab8\u0acd\u0aa4\u0abe\u0aa8)","ru_KG":"\u0ab0\u0ab6\u0abf\u0aaf\u0aa8 (\u0a95\u0abf\u0ab0\u0acd\u0a97\u0abf\u0a9d\u0acd\u0ab8\u0acd\u0aa4\u0abe\u0aa8)","ru_BY":"\u0ab0\u0ab6\u0abf\u0aaf\u0aa8 (\u0aac\u0ac7\u0ab2\u0abe\u0ab0\u0ac1\u0ab8)","ru_MD":"\u0ab0\u0ab6\u0abf\u0aaf\u0aa8 (\u0aae\u0acb\u0ab2\u0aa1\u0acb\u0ab5\u0abe)","ru_UA":"\u0ab0\u0ab6\u0abf\u0aaf\u0aa8 (\u0aaf\u0ac1\u0a95\u0acd\u0ab0\u0ac7\u0aa8)","ru_RU":"\u0ab0\u0ab6\u0abf\u0aaf\u0aa8 (\u0ab0\u0ab6\u0abf\u0aaf\u0abe)","rn":"\u0ab0\u0ac2\u0aa8\u0acd\u0aa6\u0ac0","rn_BI":"\u0ab0\u0ac2\u0aa8\u0acd\u0aa6\u0ac0 (\u0aac\u0ac1\u0ab0\u0ac1\u0a82\u0aa1\u0ac0)","ro":"\u0ab0\u0acb\u0aae\u0abe\u0aa8\u0abf\u0aaf\u0aa8","ro_MD":"\u0ab0\u0acb\u0aae\u0abe\u0aa8\u0abf\u0aaf\u0aa8 (\u0aae\u0acb\u0ab2\u0aa1\u0acb\u0ab5\u0abe)","ro_RO":"\u0ab0\u0acb\u0aae\u0abe\u0aa8\u0abf\u0aaf\u0aa8 (\u0ab0\u0acb\u0aae\u0abe\u0aa8\u0abf\u0aaf\u0abe)","rm":"\u0ab0\u0acb\u0aae\u0abe\u0aa8\u0acd\u0ab6","rm_CH":"\u0ab0\u0acb\u0aae\u0abe\u0aa8\u0acd\u0ab6 (\u0ab8\u0acd\u0ab5\u0abf\u0a9f\u0acd\u0a9d\u0ab0\u0acd\u0ab2\u0ac5\u0aa8\u0acd\u0aa1)","lb":"\u0ab2\u0a95\u0acd\u0a9d\u0ac7\u0aae\u0aac\u0ab0\u0acd\u0a97\u0abf\u0ab6","lb_LU":"\u0ab2\u0a95\u0acd\u0a9d\u0ac7\u0aae\u0aac\u0ab0\u0acd\u0a97\u0abf\u0ab6 (\u0ab2\u0a95\u0acd\u0a9d\u0aae\u0aac\u0ab0\u0acd\u0a97)","lo":"\u0ab2\u0abe\u0a93\u0aa5\u0abf\u0aaf\u0aa8","lo_LA":"\u0ab2\u0abe\u0a93\u0aa5\u0abf\u0aaf\u0aa8 (\u0ab2\u0abe\u0a93\u0ab8)","lv":"\u0ab2\u0abe\u0aa4\u0ab5\u0abf\u0aaf\u0aa8","lv_LV":"\u0ab2\u0abe\u0aa4\u0ab5\u0abf\u0aaf\u0aa8 (\u0ab2\u0abe\u0aa4\u0acd\u0ab5\u0abf\u0aaf\u0abe)","ln":"\u0ab2\u0abf\u0a82\u0a97\u0abe\u0ab2\u0abe","ln_AO":"\u0ab2\u0abf\u0a82\u0a97\u0abe\u0ab2\u0abe (\u0a85\u0a82\u0a97\u0acb\u0ab2\u0abe)","ln_CD":"\u0ab2\u0abf\u0a82\u0a97\u0abe\u0ab2\u0abe (\u0a95\u0acb\u0a82\u0a97\u0acb - \u0a95\u0abf\u0a82\u0ab6\u0abe\u0ab8\u0abe)","ln_CG":"\u0ab2\u0abf\u0a82\u0a97\u0abe\u0ab2\u0abe (\u0a95\u0acb\u0a82\u0a97\u0acb - \u0aac\u0acd\u0ab0\u0abe\u0a9d\u0abe\u0ab5\u0abf\u0ab2\u0ac7)","ln_CF":"\u0ab2\u0abf\u0a82\u0a97\u0abe\u0ab2\u0abe (\u0ab8\u0ac7\u0a82\u0a9f\u0acd\u0ab0\u0ab2 \u0a86\u0aab\u0acd\u0ab0\u0abf\u0a95\u0aa8 \u0ab0\u0ac0\u0aaa\u0aac\u0acd\u0ab2\u0abf\u0a95)","lt":"\u0ab2\u0abf\u0aa5\u0ac1\u0aa8\u0abf\u0aaf\u0aa8","lt_LT":"\u0ab2\u0abf\u0aa5\u0ac1\u0aa8\u0abf\u0aaf\u0aa8 (\u0ab2\u0abf\u0aa5\u0ac1\u0a86\u0aa8\u0abf\u0aaf\u0abe)","lu":"\u0ab2\u0acd\u0aaf\u0ac2\u0aac\u0abe \u0a95\u0a9f\u0abe\u0a82\u0a97\u0abe","lu_CD":"\u0ab2\u0acd\u0aaf\u0ac2\u0aac\u0abe \u0a95\u0a9f\u0abe\u0a82\u0a97\u0abe (\u0a95\u0acb\u0a82\u0a97\u0acb - \u0a95\u0abf\u0a82\u0ab6\u0abe\u0ab8\u0abe)","vi":"\u0ab5\u0abf\u0aaf\u0ac7\u0aa4\u0aa8\u0abe\u0aae\u0ac0\u0ab8","vi_VN":"\u0ab5\u0abf\u0aaf\u0ac7\u0aa4\u0aa8\u0abe\u0aae\u0ac0\u0ab8 (\u0ab5\u0abf\u0aaf\u0ac7\u0aa4\u0aa8\u0abe\u0aae)","cy":"\u0ab5\u0ac7\u0ab2\u0acd\u0ab6","cy_GB":"\u0ab5\u0ac7\u0ab2\u0acd\u0ab6 (\u0aaf\u0ac1\u0aa8\u0abe\u0a87\u0a9f\u0ac7\u0aa1 \u0a95\u0abf\u0a82\u0a97\u0aa1\u0aae)","sn":"\u0ab6\u0acb\u0aa8\u0abe","sn_ZW":"\u0ab6\u0acb\u0aa8\u0abe (\u0a9d\u0abf\u0aae\u0acd\u0aac\u0abe\u0aac\u0acd\u0ab5\u0ac7)","sr":"\u0ab8\u0ab0\u0acd\u0aac\u0abf\u0aaf\u0aa8","sr_XK":"\u0ab8\u0ab0\u0acd\u0aac\u0abf\u0aaf\u0aa8 (\u0a95\u0acb\u0ab8\u0acb\u0ab5\u0acb)","sr_BA":"\u0ab8\u0ab0\u0acd\u0aac\u0abf\u0aaf\u0aa8 (\u0aac\u0acb\u0ab8\u0acd\u0aa8\u0abf\u0aaf\u0abe \u0a85\u0aa8\u0ac7 \u0ab9\u0ab0\u0acd\u0a9d\u0ac7\u0a97\u0acb\u0ab5\u0abf\u0aa8\u0abe)","sr_ME":"\u0ab8\u0ab0\u0acd\u0aac\u0abf\u0aaf\u0aa8 (\u0aae\u0ac9\u0aa8\u0acd\u0a9f\u0ac7\u0a82\u0aa8\u0ac7\u0a97\u0acd\u0ab0\u0acb)","sr_Latn_XK":"\u0ab8\u0ab0\u0acd\u0aac\u0abf\u0aaf\u0aa8 (\u0ab2\u0ac7\u0a9f\u0abf\u0aa8, \u0a95\u0acb\u0ab8\u0acb\u0ab5\u0acb)","sr_Latn_BA":"\u0ab8\u0ab0\u0acd\u0aac\u0abf\u0aaf\u0aa8 (\u0ab2\u0ac7\u0a9f\u0abf\u0aa8, \u0aac\u0acb\u0ab8\u0acd\u0aa8\u0abf\u0aaf\u0abe \u0a85\u0aa8\u0ac7 \u0ab9\u0ab0\u0acd\u0a9d\u0ac7\u0a97\u0acb\u0ab5\u0abf\u0aa8\u0abe)","sr_Latn_ME":"\u0ab8\u0ab0\u0acd\u0aac\u0abf\u0aaf\u0aa8 (\u0ab2\u0ac7\u0a9f\u0abf\u0aa8, \u0aae\u0ac9\u0aa8\u0acd\u0a9f\u0ac7\u0a82\u0aa8\u0ac7\u0a97\u0acd\u0ab0\u0acb)","sr_Latn_RS":"\u0ab8\u0ab0\u0acd\u0aac\u0abf\u0aaf\u0aa8 (\u0ab2\u0ac7\u0a9f\u0abf\u0aa8, \u0ab8\u0ab0\u0acd\u0aac\u0abf\u0aaf\u0abe)","sr_Latn":"\u0ab8\u0ab0\u0acd\u0aac\u0abf\u0aaf\u0aa8 (\u0ab2\u0ac7\u0a9f\u0abf\u0aa8)","sr_RS":"\u0ab8\u0ab0\u0acd\u0aac\u0abf\u0aaf\u0aa8 (\u0ab8\u0ab0\u0acd\u0aac\u0abf\u0aaf\u0abe)","sr_Cyrl_XK":"\u0ab8\u0ab0\u0acd\u0aac\u0abf\u0aaf\u0aa8 (\u0ab8\u0abf\u0ab0\u0abf\u0ab2\u0abf\u0a95, \u0a95\u0acb\u0ab8\u0acb\u0ab5\u0acb)","sr_Cyrl_BA":"\u0ab8\u0ab0\u0acd\u0aac\u0abf\u0aaf\u0aa8 (\u0ab8\u0abf\u0ab0\u0abf\u0ab2\u0abf\u0a95, \u0aac\u0acb\u0ab8\u0acd\u0aa8\u0abf\u0aaf\u0abe \u0a85\u0aa8\u0ac7 \u0ab9\u0ab0\u0acd\u0a9d\u0ac7\u0a97\u0acb\u0ab5\u0abf\u0aa8\u0abe)","sr_Cyrl_ME":"\u0ab8\u0ab0\u0acd\u0aac\u0abf\u0aaf\u0aa8 (\u0ab8\u0abf\u0ab0\u0abf\u0ab2\u0abf\u0a95, \u0aae\u0ac9\u0aa8\u0acd\u0a9f\u0ac7\u0a82\u0aa8\u0ac7\u0a97\u0acd\u0ab0\u0acb)","sr_Cyrl_RS":"\u0ab8\u0ab0\u0acd\u0aac\u0abf\u0aaf\u0aa8 (\u0ab8\u0abf\u0ab0\u0abf\u0ab2\u0abf\u0a95, \u0ab8\u0ab0\u0acd\u0aac\u0abf\u0aaf\u0abe)","sr_Cyrl":"\u0ab8\u0ab0\u0acd\u0aac\u0abf\u0aaf\u0aa8 (\u0ab8\u0abf\u0ab0\u0abf\u0ab2\u0abf\u0a95)","sh":"\u0ab8\u0ab0\u0acd\u0aac\u0acb-\u0a95\u0acd\u0ab0\u0acb\u0a8f\u0ab6\u0abf\u0aaf\u0aa8","sh_BA":"\u0ab8\u0ab0\u0acd\u0aac\u0acb-\u0a95\u0acd\u0ab0\u0acb\u0a8f\u0ab6\u0abf\u0aaf\u0aa8 (\u0aac\u0acb\u0ab8\u0acd\u0aa8\u0abf\u0aaf\u0abe \u0a85\u0aa8\u0ac7 \u0ab9\u0ab0\u0acd\u0a9d\u0ac7\u0a97\u0acb\u0ab5\u0abf\u0aa8\u0abe)","sg":"\u0ab8\u0abe\u0a82\u0a97\u0acb","sg_CF":"\u0ab8\u0abe\u0a82\u0a97\u0acb (\u0ab8\u0ac7\u0a82\u0a9f\u0acd\u0ab0\u0ab2 \u0a86\u0aab\u0acd\u0ab0\u0abf\u0a95\u0aa8 \u0ab0\u0ac0\u0aaa\u0aac\u0acd\u0ab2\u0abf\u0a95)","si":"\u0ab8\u0abf\u0a82\u0ab9\u0abe\u0ab2\u0ac0","si_LK":"\u0ab8\u0abf\u0a82\u0ab9\u0abe\u0ab2\u0ac0 (\u0ab6\u0acd\u0ab0\u0ac0\u0ab2\u0a82\u0a95\u0abe)","ii":"\u0ab8\u0abf\u0a9a\u0ac1\u0a86\u0aa8 \u0aaf\u0ac0","ii_CN":"\u0ab8\u0abf\u0a9a\u0ac1\u0a86\u0aa8 \u0aaf\u0ac0 (\u0a9a\u0ac0\u0aa8)","so":"\u0ab8\u0acb\u0aae\u0abe\u0ab2\u0ac0","so_ET":"\u0ab8\u0acb\u0aae\u0abe\u0ab2\u0ac0 (\u0a87\u0aa5\u0abf\u0a93\u0aaa\u0abf\u0aaf\u0abe)","so_KE":"\u0ab8\u0acb\u0aae\u0abe\u0ab2\u0ac0 (\u0a95\u0ac7\u0aa8\u0acd\u0aaf\u0abe)","so_DJ":"\u0ab8\u0acb\u0aae\u0abe\u0ab2\u0ac0 (\u0a9c\u0ac0\u0aac\u0acc\u0a9f\u0ac0)","so_SO":"\u0ab8\u0acb\u0aae\u0abe\u0ab2\u0ac0 (\u0ab8\u0acb\u0aae\u0abe\u0ab2\u0abf\u0aaf\u0abe)","gd":"\u0ab8\u0acd\u0a95\u0acb\u0a9f\u0acd\u0ab8 \u0a97\u0ac7\u0ab2\u0abf\u0a95","gd_GB":"\u0ab8\u0acd\u0a95\u0acb\u0a9f\u0acd\u0ab8 \u0a97\u0ac7\u0ab2\u0abf\u0a95 (\u0aaf\u0ac1\u0aa8\u0abe\u0a87\u0a9f\u0ac7\u0aa1 \u0a95\u0abf\u0a82\u0a97\u0aa1\u0aae)","es":"\u0ab8\u0acd\u0aaa\u0ac7\u0aa8\u0abf\u0ab6","es_AR":"\u0ab8\u0acd\u0aaa\u0ac7\u0aa8\u0abf\u0ab6 (\u0a86\u0ab0\u0acd\u0a9c\u0ac7\u0aa8\u0acd\u0a9f\u0ac0\u0aa8\u0abe)","es_GQ":"\u0ab8\u0acd\u0aaa\u0ac7\u0aa8\u0abf\u0ab6 (\u0a87\u0a95\u0acd\u0ab5\u0ac7\u0a9f\u0acb\u0ab0\u0abf\u0aaf\u0ab2 \u0a97\u0abf\u0aa8\u0ac0)","es_UY":"\u0ab8\u0acd\u0aaa\u0ac7\u0aa8\u0abf\u0ab6 (\u0a89\u0ab0\u0ac1\u0a97\u0acd\u0ab5\u0ac7)","es_EC":"\u0ab8\u0acd\u0aaa\u0ac7\u0aa8\u0abf\u0ab6 (\u0a8f\u0a95\u0acd\u0ab5\u0abe\u0aa1\u0acb\u0ab0)","es_SV":"\u0ab8\u0acd\u0aaa\u0ac7\u0aa8\u0abf\u0ab6 (\u0a8f\u0ab2 \u0ab8\u0ac7\u0ab2\u0acd\u0ab5\u0abe\u0aa1\u0acb\u0ab0)","es_IC":"\u0ab8\u0acd\u0aaa\u0ac7\u0aa8\u0abf\u0ab6 (\u0a95\u0ac5\u0aa8\u0ac7\u0ab0\u0ac0 \u0a86\u0a87\u0ab2\u0ac7\u0aa8\u0acd\u0aa1\u0acd\u0ab8)","es_CO":"\u0ab8\u0acd\u0aaa\u0ac7\u0aa8\u0abf\u0ab6 (\u0a95\u0acb\u0ab2\u0aae\u0acd\u0aac\u0abf\u0aaf\u0abe)","es_CR":"\u0ab8\u0acd\u0aaa\u0ac7\u0aa8\u0abf\u0ab6 (\u0a95\u0acb\u0ab8\u0acd\u0a9f\u0abe \u0ab0\u0abf\u0a95\u0abe)","es_CU":"\u0ab8\u0acd\u0aaa\u0ac7\u0aa8\u0abf\u0ab6 (\u0a95\u0acd\u0aaf\u0ac1\u0aac\u0abe)","es_GT":"\u0ab8\u0acd\u0aaa\u0ac7\u0aa8\u0abf\u0ab6 (\u0a97\u0acd\u0ab5\u0abe\u0a9f\u0ac7\u0aae\u0abe\u0ab2\u0abe)","es_CL":"\u0ab8\u0acd\u0aaa\u0ac7\u0aa8\u0abf\u0ab6 (\u0a9a\u0abf\u0ab2\u0ac0)","es_DO":"\u0ab8\u0acd\u0aaa\u0ac7\u0aa8\u0abf\u0ab6 (\u0aa1\u0acb\u0aae\u0abf\u0aa8\u0abf\u0a95\u0aa8 \u0ab0\u0ac0\u0aaa\u0aac\u0acd\u0ab2\u0abf\u0a95)","es_NI":"\u0ab8\u0acd\u0aaa\u0ac7\u0aa8\u0abf\u0ab6 (\u0aa8\u0abf\u0a95\u0abe\u0ab0\u0abe\u0a97\u0ac1\u0a86)","es_PA":"\u0ab8\u0acd\u0aaa\u0ac7\u0aa8\u0abf\u0ab6 (\u0aaa\u0aa8\u0abe\u0aae\u0abe)","es_PY":"\u0ab8\u0acd\u0aaa\u0ac7\u0aa8\u0abf\u0ab6 (\u0aaa\u0ac7\u0ab0\u0abe\u0a97\u0acd\u0ab5\u0ac7)","es_PE":"\u0ab8\u0acd\u0aaa\u0ac7\u0aa8\u0abf\u0ab6 (\u0aaa\u0ac7\u0ab0\u0ac1)","es_PR":"\u0ab8\u0acd\u0aaa\u0ac7\u0aa8\u0abf\u0ab6 (\u0aaa\u0acd\u0aaf\u0ac1\u0a85\u0ab0\u0acd\u0a9f\u0acb \u0ab0\u0abf\u0a95\u0acb)","es_PH":"\u0ab8\u0acd\u0aaa\u0ac7\u0aa8\u0abf\u0ab6 (\u0aab\u0abf\u0ab2\u0ac0\u0aaa\u0abe\u0a87\u0aa8\u0acd\u0ab8)","es_BO":"\u0ab8\u0acd\u0aaa\u0ac7\u0aa8\u0abf\u0ab6 (\u0aac\u0acb\u0ab2\u0abf\u0ab5\u0abf\u0aaf\u0abe)","es_MX":"\u0ab8\u0acd\u0aaa\u0ac7\u0aa8\u0abf\u0ab6 (\u0aae\u0ac7\u0a95\u0acd\u0ab8\u0abf\u0a95\u0acb)","es_VE":"\u0ab8\u0acd\u0aaa\u0ac7\u0aa8\u0abf\u0ab6 (\u0ab5\u0ac7\u0aa8\u0ac7\u0a9d\u0ac1\u0a8f\u0ab2\u0abe)","es_US":"\u0ab8\u0acd\u0aaa\u0ac7\u0aa8\u0abf\u0ab6 (\u0ab8\u0a82\u0aaf\u0ac1\u0a95\u0aa4 \u0ab0\u0abe\u0a9c\u0acd\u0aaf \u0a85\u0aae\u0ac7\u0ab0\u0abf\u0a95\u0abe)","es_ES":"\u0ab8\u0acd\u0aaa\u0ac7\u0aa8\u0abf\u0ab6 (\u0ab8\u0acd\u0aaa\u0ac7\u0aa8)","es_EA":"\u0ab8\u0acd\u0aaa\u0ac7\u0aa8\u0abf\u0ab6 (\u0ab8\u0acd\u0aaf\u0ac1\u0a9f\u0abe \u0a85\u0aa8\u0ac7 \u0aae\u0ac7\u0ab2\u0abf\u0ab2\u0abe)","es_HN":"\u0ab8\u0acd\u0aaa\u0ac7\u0aa8\u0abf\u0ab6 (\u0ab9\u0acb\u0aa8\u0acd\u0aa1\u0ac1\u0ab0\u0ab8)","sk":"\u0ab8\u0acd\u0ab2\u0acb\u0ab5\u0ac5\u0a95","sk_SK":"\u0ab8\u0acd\u0ab2\u0acb\u0ab5\u0ac5\u0a95 (\u0ab8\u0acd\u0ab2\u0acb\u0ab5\u0ac7\u0a95\u0abf\u0aaf\u0abe)","sl":"\u0ab8\u0acd\u0ab2\u0acb\u0ab5\u0ac7\u0aa8\u0abf\u0aaf\u0aa8","sl_SI":"\u0ab8\u0acd\u0ab2\u0acb\u0ab5\u0ac7\u0aa8\u0abf\u0aaf\u0aa8 (\u0ab8\u0acd\u0ab2\u0acb\u0ab5\u0ac7\u0aa8\u0abf\u0aaf\u0abe)","sw":"\u0ab8\u0acd\u0ab5\u0abe\u0ab9\u0abf\u0ab2\u0ac0","sw_KE":"\u0ab8\u0acd\u0ab5\u0abe\u0ab9\u0abf\u0ab2\u0ac0 (\u0a95\u0ac7\u0aa8\u0acd\u0aaf\u0abe)","sw_TZ":"\u0ab8\u0acd\u0ab5\u0abe\u0ab9\u0abf\u0ab2\u0ac0 (\u0aa4\u0abe\u0a82\u0a9d\u0abe\u0aa8\u0abf\u0aaf\u0abe)","sw_UG":"\u0ab8\u0acd\u0ab5\u0abe\u0ab9\u0abf\u0ab2\u0ac0 (\u0aaf\u0ac1\u0a97\u0abe\u0a82\u0aa1\u0abe)","sv":"\u0ab8\u0acd\u0ab5\u0ac0\u0aa1\u0abf\u0ab6","sv_AX":"\u0ab8\u0acd\u0ab5\u0ac0\u0aa1\u0abf\u0ab6 (\u0a8f\u0ab2\u0ac7\u0a82\u0aa1 \u0a86\u0a87\u0ab2\u0ac7\u0aa8\u0acd\u0aa1\u0acd\u0ab8)","sv_FI":"\u0ab8\u0acd\u0ab5\u0ac0\u0aa1\u0abf\u0ab6 (\u0aab\u0abf\u0aa8\u0ab2\u0ac7\u0aa8\u0acd\u0aa1)","sv_SE":"\u0ab8\u0acd\u0ab5\u0ac0\u0aa1\u0abf\u0ab6 (\u0ab8\u0acd\u0ab5\u0ac0\u0aa1\u0aa8)","hu":"\u0ab9\u0a82\u0a97\u0ac7\u0ab0\u0abf\u0aaf\u0aa8","hu_HU":"\u0ab9\u0a82\u0a97\u0ac7\u0ab0\u0abf\u0aaf\u0aa8 (\u0ab9\u0a82\u0a97\u0ac7\u0ab0\u0ac0)","hi":"\u0ab9\u0abf\u0aa8\u0acd\u0aa6\u0ac0","hi_IN":"\u0ab9\u0abf\u0aa8\u0acd\u0aa6\u0ac0 (\u0aad\u0abe\u0ab0\u0aa4)","he":"\u0ab9\u0ac0\u0aac\u0acd\u0ab0\u0ac1","he_IL":"\u0ab9\u0ac0\u0aac\u0acd\u0ab0\u0ac1 (\u0a87\u0a9d\u0ab0\u0abe\u0a87\u0ab2)","ha":"\u0ab9\u0acc\u0ab8\u0abe","ha_GH":"\u0ab9\u0acc\u0ab8\u0abe (\u0a98\u0abe\u0aa8\u0abe)","ha_NE":"\u0ab9\u0acc\u0ab8\u0abe (\u0aa8\u0abe\u0a87\u0a9c\u0ab0)","ha_NG":"\u0ab9\u0acc\u0ab8\u0abe (\u0aa8\u0abe\u0a87\u0a9c\u0ac0\u0ab0\u0ac0\u0aaf\u0abe)","ha_Latn_GH":"\u0ab9\u0acc\u0ab8\u0abe (\u0ab2\u0ac7\u0a9f\u0abf\u0aa8, \u0a98\u0abe\u0aa8\u0abe)","ha_Latn_NE":"\u0ab9\u0acc\u0ab8\u0abe (\u0ab2\u0ac7\u0a9f\u0abf\u0aa8, \u0aa8\u0abe\u0a87\u0a9c\u0ab0)","ha_Latn_NG":"\u0ab9\u0acc\u0ab8\u0abe (\u0ab2\u0ac7\u0a9f\u0abf\u0aa8, \u0aa8\u0abe\u0a87\u0a9c\u0ac0\u0ab0\u0ac0\u0aaf\u0abe)","ha_Latn":"\u0ab9\u0acc\u0ab8\u0abe (\u0ab2\u0ac7\u0a9f\u0abf\u0aa8)"}