{"af":"Afrikaans","af_NA":"Afrikaans (Namibia)","af_ZA":"Afrikaans (South Africa)","ak":"Akan","ak_GH":"Akan (Gana)","sq":"Albanian","sq_AL":"Albanian (Albania)","sq_XK":"Albanian (Kosovo)","sq_MK":"Albanian (Macedonia)","am":"Amharik","am_ET":"Amharik (Habasha)","ar_SS":"Arabic (South Sudan)","ar_EH":"Arabic (Western Sahara)","hy":"Armenian","hy_AM":"Armenian (Armenia)","as":"Assamese","as_IN":"Assamese (India)","az":"Azerbaijani","az_AZ":"Azerbaijani (Azerbaijan)","az_Cyrl_AZ":"Azerbaijani (Cyrillic, Azerbaijan)","az_Cyrl":"Azerbaijani (Cyrillic)","az_Latn_AZ":"Azerbaijani (Latin, Azerbaijan)","az_Latn":"Azerbaijani (Latin)","bm":"Bambara","bm_Latn_ML":"Bambara (Latin, Mali)","bm_Latn":"Bambara (Latin)","eu":"Basque","eu_ES":"Basque (Spain)","be":"Belarusanci","be_BY":"Belarusanci (Belarus)","bn":"Bengali","bn_BD":"Bengali (Bangiladas)","bn_IN":"Bengali (Indiya)","bs":"Bosnian","bs_BA":"Bosnian (Bosnia & Herzegovina)","bs_Cyrl_BA":"Bosnian (Cyrillic, Bosnia & Herzegovina)","bs_Cyrl":"Bosnian (Cyrillic)","bs_Latn_BA":"Bosnian (Latin, Bosnia & Herzegovina)","bs_Latn":"Bosnian (Latin)","br":"Breton","br_FR":"Breton (France)","bg":"Bulgaranci","bg_BG":"Bulgaranci (Bulgariya)","my":"Burmanci","my_MM":"Burmanci (Burma, Miyamar)","ca":"Catalan","ca_AD":"Catalan (Andorra)","ca_FR":"Catalan (France)","ca_IT":"Catalan (Italy)","ca_ES":"Catalan (Spain)","zh_HK":"Chinese (Hong Kong SAR China)","zh_MO":"Chinese (Macau SAR China)","zh_Hans_CN":"Chinese (Simplified, China)","zh_Hans_HK":"Chinese (Simplified, Hong Kong SAR China)","zh_Hans_MO":"Chinese (Simplified, Macau SAR China)","zh_Hans_SG":"Chinese (Simplified, Singapore)","zh_Hans":"Chinese (Simplified)","zh_Hant_HK":"Chinese (Traditional, Hong Kong SAR China)","zh_Hant_MO":"Chinese (Traditional, Macau SAR China)","zh_Hant_TW":"Chinese (Traditional, Taiwan)","zh_Hant":"Chinese (Traditional)","kw":"Cornish","kw_GB":"Cornish (United Kingdom)","hr":"Croatian","hr_BA":"Croatian (Bosnia & Herzegovina)","hr_HR":"Croatian (Croatia)","da":"Danish","da_DK":"Danish (Denmark)","da_GL":"Danish (Greenland)","nl_BQ":"Dutch (Caribbean Netherlands)","nl_CW":"Dutch (Cura\u00e7ao)","nl_SX":"Dutch (Sint Maarten)","dz":"Dzongkha","dz_BT":"Dzongkha (Bhutan)","en_CX":"English (Christmas Island)","en_CC":"English (Cocos (Keeling) Islands)","en_DG":"English (Diego Garcia)","en_GG":"English (Guernsey)","en_HK":"English (Hong Kong SAR China)","en_IM":"English (Isle of Man)","en_JE":"English (Jersey)","en_MO":"English (Macau SAR China)","en_SX":"English (Sint Maarten)","en_SS":"English (South Sudan)","en_UM":"English (U.S. Outlying Islands)","eo":"Esperanto","et":"Estonian","et_EE":"Estonian (Estonia)","ee":"Ewe","ee_GH":"Ewe (Ghana)","ee_TG":"Ewe (Togo)","fr":"Faransanci","fr_CI":"Faransanci (Aibari Kwas)","fr_DZ":"Faransanci (Aljeriya)","fr_VU":"Faransanci (Banuwatu)","fr_BE":"Faransanci (Belgiyom)","fr_BJ":"Faransanci (Binin)","fr_BF":"Faransanci (Burkina Faso)","fr_BI":"Faransanci (Burundi)","fr_TD":"Faransanci (Cadi)","fr_FR":"Faransanci (Faransa)","fr_PF":"Faransanci (Folinesiya Ta Faransa)","fr_GA":"Faransanci (Gabon)","fr_GF":"Faransanci (Gini Ta Faransa)","fr_GQ":"Faransanci (Gini Ta Ikwaita)","fr_GN":"Faransanci (Gini)","fr_GP":"Faransanci (Gwadaluf)","fr_HT":"Faransanci (Haiti)","fr_CF":"Faransanci (Jamhuriyar Afirka Ta Tsakiya)","fr_CD":"Faransanci (Jamhuriyar Dimokura\u0257iyyar Kongo)","fr_DJ":"Faransanci (Jibuti)","fr_NC":"Faransanci (Kaledoniya Sabuwa)","fr_CM":"Faransanci (Kamaru)","fr_CA":"Faransanci (Kanada)","fr_CG":"Faransanci (Kongo)","fr_KM":"Faransanci (Kwamoras)","fr_LU":"Faransanci (Lukusambur)","fr_MG":"Faransanci (Madagaskar)","fr_ML":"Faransanci (Mali)","fr_MA":"Faransanci (Maroko)","fr_MQ":"Faransanci (Martinik)","fr_YT":"Faransanci (Mayoti)","fr_MC":"Faransanci (Monako)","fr_MR":"Faransanci (Moritaniya)","fr_MU":"Faransanci (Moritus)","fr_NE":"Faransanci (Nijar)","fr_RE":"Faransanci (Rawuniyan)","fr_RW":"Faransanci (Ruwanda)","fr_SC":"Faransanci (Saishal)","fr_PM":"Faransanci (San Piyar Da Mikelan)","fr_SN":"Faransanci (Sinigal)","fr_CH":"Faransanci (Suwizalan)","fr_SY":"Faransanci (Sham, Siriya)","fr_TG":"Faransanci (Togo)","fr_TN":"Faransanci (Tunisiya)","fr_WF":"Faransanci (Walis Da Futuna)","fo":"Faroese","fo_FO":"Faroese (Faroe Islands)","fi":"Finnish","fi_FI":"Finnish (Finland)","fr_BL":"French (St. Barth\u00e9lemy)","fr_MF":"French (St. Martin)","ff":"Fulah","ff_CM":"Fulah (Cameroon)","ff_GN":"Fulah (Guinea)","ff_MR":"Fulah (Mauritania)","ff_SN":"Fulah (Senegal)","gl":"Galician","gl_ES":"Galician (Spain)","lg":"Ganda","lg_UG":"Ganda (Uganda)","ka":"Georgian","ka_GE":"Georgian (Georgia)","el":"Girkanci","el_GR":"Girkanci (Girka)","el_CY":"Girkanci (Sifurus)","gu":"Gujarati","gu_IN":"Gujarati (India)","vi":"Harshen Biyetinam","vi_VN":"Harshen Biyetinam (Biyetinam)","cs":"Harshen Cak","cs_CZ":"Harshen Cak (Jamhuriyar Cak)","hi":"Harshen Hindi","hi_IN":"Harshen Hindi (Indiya)","hu":"Harshen Hungari","hu_HU":"Harshen Hungari (Hungari)","id":"Harshen Indunusiya","id_ID":"Harshen Indunusiya (Indunusiya)","km":"Harshen Kimar","km_KH":"Harshen Kimar (Kambodiya)","ko":"Harshen Koreya","ko_KP":"Harshen Koreya (Koreya Ta Arewa)","ko_KR":"Harshen Koreya (Koreya Ta Kudu)","ms":"Harshen Malai","ms_BN":"Harshen Malai (Burune)","ms_MY":"Harshen Malai (Malaisiya)","ms_SG":"Harshen Malai (Singapur)","pl":"Harshen Polan","pl_PL":"Harshen Polan (Polan)","pt":"Harshen Portugal","pt_AO":"Harshen Portugal (Angola)","pt_BR":"Harshen Portugal (Birazil)","pt_GW":"Harshen Portugal (Gini Bisau)","pt_MZ":"Harshen Portugal (Mozambik)","pt_PT":"Harshen Portugal (Portugal)","pt_ST":"Harshen Portugal (Sawo Tome Da Paransip)","pt_TL":"Harshen Portugal (Timor Ta Gabas)","pt_CV":"Harshen Portugal (Tsibiran Kap Barde)","zh":"Harshen Sin","zh_CN":"Harshen Sin (Caina, Sin)","zh_SG":"Harshen Sin (Singapur)","zh_TW":"Harshen Sin (Taiwan)","sv":"Harshen Suwedan","sv_FI":"Harshen Suwedan (Finlan)","sv_SE":"Harshen Suwedan (Suwedan)","tr":"Harshen Turkiyya","tr_CY":"Harshen Turkiyya (Sifurus)","tr_TR":"Harshen Turkiyya (Turkiyya)","ur":"Harshen Urdu","ur_IN":"Harshen Urdu (Indiya)","ur_PK":"Harshen Urdu (Pakistan)","uk":"Harshen Yukuren","uk_UA":"Harshen Yukuren (Yukaran)","zu":"Harshen Zulu","zu_ZA":"Harshen Zulu (Afirka Ta Kudu)","ha":"Hausa","ha_GH":"Hausa (Gana)","ha_Latn_GH":"Hausa (Latin, Ghana)","ha_Latn_NE":"Hausa (Latin, Niger)","ha_Latn_NG":"Hausa (Latin, Nigeria)","ha_Latn":"Hausa (Latin)","ha_NG":"Hausa (Najeriya)","ha_NE":"Hausa (Nijar)","he":"Hebrew","he_IL":"Hebrew (Israel)","nl":"Holanci","nl_AW":"Holanci (Aruba)","nl_BE":"Holanci (Belgiyom)","nl_NL":"Holanci (Holan)","nl_SR":"Holanci (Suriname)","is":"Icelandic","is_IS":"Icelandic (Iceland)","ig":"Inyamuranci","ig_NG":"Inyamuranci (Najeriya)","ga":"Irish","ga_IE":"Irish (Ireland)","es":"Ispaniyanci","es_US":"Ispaniyanci (Amurka)","es_AR":"Ispaniyanci (Arjantiniya)","es_VE":"Ispaniyanci (Benezuwela)","es_BO":"Ispaniyanci (Bolibiya)","es_CL":"Ispaniyanci (Cayile)","es_EC":"Ispaniyanci (Ekwador)","es_SV":"Ispaniyanci (El Salbador)","es_PH":"Ispaniyanci (Filipin)","es_GQ":"Ispaniyanci (Gini Ta Ikwaita)","es_GT":"Ispaniyanci (Gwatamala)","es_HN":"Ispaniyanci (Honduras)","es_DO":"Ispaniyanci (Jamhuriyar Dominika)","es_CO":"Ispaniyanci (Kolambiya)","es_CR":"Ispaniyanci (Kwasta Rika)","es_CU":"Ispaniyanci (Kyuba)","es_MX":"Ispaniyanci (Makasiko)","es_NI":"Ispaniyanci (Nikaraguwa)","es_PA":"Ispaniyanci (Panama)","es_PY":"Ispaniyanci (Paragai)","es_PE":"Ispaniyanci (Peru)","es_PR":"Ispaniyanci (Porto Riko)","es_ES":"Ispaniyanci (Sipen)","es_UY":"Ispaniyanci (Yurugai)","it":"Italiyanci","it_IT":"Italiyanci (Italiya)","it_SM":"Italiyanci (San Marino)","it_CH":"Italiyanci (Suwizalan)","de":"Jamusanci","de_BE":"Jamusanci (Belgiyom)","de_DE":"Jamusanci (Jamus)","de_LI":"Jamusanci (Licansitan)","de_LU":"Jamusanci (Lukusambur)","de_AT":"Jamusanci (Ostiriya)","de_CH":"Jamusanci (Suwizalan)","ja":"Japananci","ja_JP":"Japananci (Japan)","kl":"Kalaallisut","kl_GL":"Kalaallisut (Greenland)","kn":"Kannada","kn_IN":"Kannada (India)","ks":"Kashmiri","ks_Arab_IN":"Kashmiri (Arabic, India)","ks_Arab":"Kashmiri (Arabic)","ks_IN":"Kashmiri (India)","kk":"Kazakh","kk_Cyrl_KZ":"Kazakh (Cyrillic, Kazakhstan)","kk_Cyrl":"Kazakh (Cyrillic)","kk_KZ":"Kazakh (Kazakhstan)","ki":"Kikuyu","ki_KE":"Kikuyu (Kenya)","rw":"Kiniyaruwanda","rw_RW":"Kiniyaruwanda (Ruwanda)","ky":"Kyrgyz","ky_Cyrl_KG":"Kyrgyz (Cyrillic, Kyrgyzstan)","ky_Cyrl":"Kyrgyz (Cyrillic)","ky_KG":"Kyrgyz (Kyrgyzstan)","lo":"Lao","lo_LA":"Lao (Laos)","ar":"Larabci","ar_DZ":"Larabci (Aljeriya)","ar_BH":"Larabci (Baharan)","ar_TD":"Larabci (Cadi)","ar_ER":"Larabci (Eritireya)","ar_AE":"Larabci (Ha\u0257a\u0257\u0257iyar Daular Larabawa)","ar_IQ":"Larabci (Ira\u0199i)","ar_IL":"Larabci (Izira\u02bcila)","ar_DJ":"Larabci (Jibuti)","ar_JO":"Larabci (Jordan)","ar_KM":"Larabci (Kwamoras)","ar_QA":"Larabci (Kwatar)","ar_KW":"Larabci (Kwiyat)","ar_SA":"Larabci (\u0198asar Makka)","ar_LB":"Larabci (Labanan)","ar_LY":"Larabci (Libiya)","ar_MA":"Larabci (Maroko)","ar_EG":"Larabci (Masar, Misira)","ar_MR":"Larabci (Moritaniya)","ar_OM":"Larabci (Oman)","ar_PS":"Larabci (Palas\u0257inu)","ar_SO":"Larabci (Somaliya)","ar_SD":"Larabci (Sudan)","ar_SY":"Larabci (Sham, Siriya)","ar_TN":"Larabci (Tunisiya)","ar_YE":"Larabci (Yamal)","lv":"Latvian","lv_LV":"Latvian (Latvia)","ln":"Lingala","ln_AO":"Lingala (Angola)","ln_CF":"Lingala (Central African Republic)","ln_CG":"Lingala (Congo - Brazzaville)","ln_CD":"Lingala (Congo - Kinshasa)","lt":"Lithuanian","lt_LT":"Lithuanian (Lithuania)","lu":"Luba-Katanga","lu_CD":"Luba-Katanga (Congo - Kinshasa)","lb":"Luxembourgish","lb_LU":"Luxembourgish (Luxembourg)","mk":"Macedonian","mk_MK":"Macedonian (Macedonia)","mg":"Malagasy","mg_MG":"Malagasy (Madagascar)","ms_Latn_BN":"Malay (Latin, Brunei)","ms_Latn_MY":"Malay (Latin, Malaysia)","ms_Latn_SG":"Malay (Latin, Singapore)","ms_Latn":"Malay (Latin)","ml":"Malayalam","ml_IN":"Malayalam (India)","mt":"Maltese","mt_MT":"Maltese (Malta)","gv":"Manx","gv_IM":"Manx (Isle of Man)","mr":"Marathi","mr_IN":"Marathi (India)","mn":"Mongolian","mn_Cyrl_MN":"Mongolian (Cyrillic, Mongolia)","mn_Cyrl":"Mongolian (Cyrillic)","mn_MN":"Mongolian (Mongolia)","ne":"Nepali","ne_IN":"Nepali (Indiya)","ne_NP":"Nepali (Nefal)","nd":"North Ndebele","nd_ZW":"North Ndebele (Zimbabwe)","se":"Northern Sami","se_FI":"Northern Sami (Finland)","se_NO":"Northern Sami (Norway)","se_SE":"Northern Sami (Sweden)","no":"Norwegian","no_NO":"Norwegian (Norway)","nb":"Norwegian Bokm\u00e5l","nb_NO":"Norwegian Bokm\u00e5l (Norway)","nb_SJ":"Norwegian Bokm\u00e5l (Svalbard & Jan Mayen)","nn":"Norwegian Nynorsk","nn_NO":"Norwegian Nynorsk (Norway)","or":"Oriya","or_IN":"Oriya (India)","om":"Oromo","om_ET":"Oromo (Ethiopia)","om_KE":"Oromo (Kenya)","os":"Ossetic","os_GE":"Ossetic (Georgia)","os_RU":"Ossetic (Russia)","fa":"Parisanci","fa_AF":"Parisanci (Afaganistan)","fa_IR":"Parisanci (Iran)","ps":"Pashto","ps_AF":"Pashto (Afghanistan)","pt_MO":"Portuguese (Macau SAR China)","pa":"Punjabi","pa_Arab_PK":"Punjabi (Arabic, Pakistan)","pa_Arab":"Punjabi (Arabic)","pa_Guru_IN":"Punjabi (Gurmukhi, India)","pa_Guru":"Punjabi (Gurmukhi)","pa_IN":"Punjabi (Indiya)","pa_PK":"Punjabi (Pakistan)","qu":"Quechua","qu_BO":"Quechua (Bolivia)","qu_EC":"Quechua (Ecuador)","qu_PE":"Quechua (Peru)","ru":"Rashanci","ru_BY":"Rashanci (Belarus)","ru_KZ":"Rashanci (Kazakistan)","ru_KG":"Rashanci (Kirgizistan)","ru_MD":"Rashanci (Maldoba)","ru_RU":"Rashanci (Rasha)","ru_UA":"Rashanci (Yukaran)","ro":"Romaniyanci","ro_MD":"Romaniyanci (Maldoba)","ro_RO":"Romaniyanci (Romaniya)","rm":"Romansh","rm_CH":"Romansh (Switzerland)","rn":"Rundi","rn_BI":"Rundi (Burundi)","sg":"Sango","sg_CF":"Sango (Central African Republic)","gd":"Scottish Gaelic","gd_GB":"Scottish Gaelic (United Kingdom)","sr":"Serbian","sr_BA":"Serbian (Bosnia & Herzegovina)","sr_Cyrl_BA":"Serbian (Cyrillic, Bosnia & Herzegovina)","sr_Cyrl_XK":"Serbian (Cyrillic, Kosovo)","sr_Cyrl_ME":"Serbian (Cyrillic, Montenegro)","sr_Cyrl_RS":"Serbian (Cyrillic, Serbia)","sr_Cyrl":"Serbian (Cyrillic)","sr_XK":"Serbian (Kosovo)","sr_Latn_BA":"Serbian (Latin, Bosnia & Herzegovina)","sr_Latn_XK":"Serbian (Latin, Kosovo)","sr_Latn_ME":"Serbian (Latin, Montenegro)","sr_Latn_RS":"Serbian (Latin, Serbia)","sr_Latn":"Serbian (Latin)","sr_ME":"Serbian (Montenegro)","sr_RS":"Serbian (Serbia)","sh":"Serbo-Croatian","sh_BA":"Serbo-Croatian (Bosnia & Herzegovina)","ii":"Sichuan Yi","ii_CN":"Sichuan Yi (China)","si":"Sinhala","si_LK":"Sinhala (Sri Lanka)","sk":"Slovak","sk_SK":"Slovak (Slovakia)","sl":"Slovenian","sl_SI":"Slovenian (Slovenia)","so":"Somali","so_ET":"Somali (Habasha)","so_DJ":"Somali (Jibuti)","so_KE":"Somali (Kenya)","so_SO":"Somali (Somaliya)","es_IC":"Spanish (Canary Islands)","es_EA":"Spanish (Ceuta & Melilla)","sw":"Swahili","sw_KE":"Swahili (Kenya)","sw_TZ":"Swahili (Tanzania)","sw_UG":"Swahili (Uganda)","sv_AX":"Swedish (\u00c5land Islands)","sn":"Shona","sn_ZW":"Shona (Zimbabwe)","tl":"Tagalog","tl_PH":"Tagalog (Philippines)","ta":"Tamil","ta_IN":"Tamil (Indiya)","ta_MY":"Tamil (Malaisiya)","ta_SG":"Tamil (Singapur)","ta_LK":"Tamil (Siri Lanka)","te":"Telugu","te_IN":"Telugu (India)","th":"Thai","th_TH":"Thai (Tailan)","bo":"Tibetan","bo_CN":"Tibetan (China)","bo_IN":"Tibetan (India)","ti":"Tigrinya","ti_ER":"Tigrinya (Eritrea)","ti_ET":"Tigrinya (Ethiopia)","to":"Tongan","to_TO":"Tongan (Tonga)","en":"Turanci","en_ZA":"Turanci (Afirka Ta Kudu)","en_US":"Turanci (Amurka)","en_AI":"Turanci (Angila)","en_AG":"Turanci (Antigwa da Barbuba)","en_IE":"Turanci (Ayalan)","en_BS":"Turanci (Bahamas)","en_VU":"Turanci (Banuwatu)","en_BB":"Turanci (Barbadas)","en_BM":"Turanci (Barmuda)","en_BW":"Turanci (Baswana)","en_BE":"Turanci (Belgiyom)","en_BZ":"Turanci (Beliz)","en_GB":"Turanci (Birtaniya)","en_DM":"Turanci (Dominika)","en_ER":"Turanci (Eritireya)","en_FJ":"Turanci (Fiji)","en_PH":"Turanci (Filipin)","en_GM":"Turanci (Gambiya)","en_GH":"Turanci (Gana)","en_GD":"Turanci (Girnada)","en_GY":"Turanci (Guyana)","en_GU":"Turanci (Gwam)","en_IN":"Turanci (Indiya)","en_JM":"Turanci (Jamaika)","en_GI":"Turanci (Jibaraltar)","en_CM":"Turanci (Kamaru)","en_CA":"Turanci (Kanada)","en_KE":"Turanci (Kenya)","en_KI":"Turanci (Kiribati)","en_LR":"Turanci (Laberiya)","en_LS":"Turanci (Lesoto)","en_MG":"Turanci (Madagaskar)","en_MY":"Turanci (Malaisiya)","en_MW":"Turanci (Malawi)","en_MT":"Turanci (Malta)","en_MS":"Turanci (Manserati)","en_FM":"Turanci (Mikuronesiya)","en_MU":"Turanci (Moritus)","en_NG":"Turanci (Najeriya)","en_NA":"Turanci (Namibiya)","en_NR":"Turanci (Nauru)","en_NU":"Turanci (Niyu)","en_NZ":"Turanci (Nuzilan)","en_AU":"Turanci (Ostareliya)","en_PK":"Turanci (Pakistan)","en_PW":"Turanci (Palau)","en_PG":"Turanci (Papuwa Nugini)","en_PN":"Turanci (Pitakarin)","en_PR":"Turanci (Porto Riko)","en_RW":"Turanci (Ruwanda)","en_SC":"Turanci (Saishal)","en_SL":"Turanci (Salewo)","en_AS":"Turanci (Samowa Ta Amurka)","en_WS":"Turanci (Samowa)","en_VC":"Turanci (San Binsan Da Girnadin)","en_SH":"Turanci (San Helena)","en_KN":"Turanci (San Kiti Da Nebis)","en_LC":"Turanci (San Lusiya)","en_SG":"Turanci (Singapur)","en_SD":"Turanci (Sudan)","en_SZ":"Turanci (Suwazilan)","en_TK":"Turanci (Takelau)","en_TO":"Turanci (Tanga)","en_TZ":"Turanci (Tanzaniya)","en_TT":"Turanci (Tirinidad Da Tobago)","en_TV":"Turanci (Tubalu)","en_TC":"Turanci (Turkis Da Tsibiran Kaikwas)","en_VI":"Turanci (Tsibiran Birjin Ta Amurka)","en_FK":"Turanci (Tsibiran Falkilan)","en_KY":"Turanci (Tsibiran Kaiman)","en_CK":"Turanci (Tsibiran Kuku)","en_MP":"Turanci (Tsibiran Mariyana Na Arewa)","en_MH":"Turanci (Tsibiran Marshal)","en_SB":"Turanci (Tsibiran Salaman)","en_VG":"Turanci (Tsibirin Birjin Na Birtaniya)","en_NF":"Turanci (Tsibirin Narfalk)","en_IO":"Turanci (Yankin Birtaniya Na Tekun Indiya)","en_UG":"Turanci (Yuganda)","en_ZM":"Turanci (Zambiya)","en_ZW":"Turanci (Zimbabuwe)","ug":"Uyghur","ug_Arab_CN":"Uyghur (Arabic, China)","ug_Arab":"Uyghur (Arabic)","ug_CN":"Uyghur (China)","uz":"Uzbek","uz_AF":"Uzbek (Afghanistan)","uz_Arab_AF":"Uzbek (Arabic, Afghanistan)","uz_Arab":"Uzbek (Arabic)","uz_Cyrl_UZ":"Uzbek (Cyrillic, Uzbekistan)","uz_Cyrl":"Uzbek (Cyrillic)","uz_Latn_UZ":"Uzbek (Latin, Uzbekistan)","uz_Latn":"Uzbek (Latin)","uz_UZ":"Uzbek (Uzbekistan)","cy":"Welsh","cy_GB":"Welsh (United Kingdom)","fy":"Western Frisian","fy_NL":"Western Frisian (Netherlands)","yo":"Yarbanci","yo_BJ":"Yarbanci (Binin)","yo_NG":"Yarbanci (Najeriya)","yi":"Yiddish"}