{"af":"afrikaans","af_ZA":"afrikaans (Ju\u017enoafri\u010dka Republika)","af_NA":"afrikaans (Namibija)","ak":"akanski","ak_GH":"akanski (Gana)","sq":"albanski","sq_AL":"albanski (Albanija)","sq_XK":"albanski (Kosovo)","sq_MK":"albanski (Makedonija)","am":"amharski","am_ET":"amharski (Etiopija)","ar":"arapski","ar_DZ":"arapski (Al\u017eir)","ar_BH":"arapski (Bahrein)","ar_TD":"arapski (\u010cad)","ar_DJ":"arapski (D\u017eibuti)","ar_EG":"arapski (Egipat)","ar_ER":"arapski (Eritreja)","ar_IQ":"arapski (Irak)","ar_IL":"arapski (Izrael)","ar_YE":"arapski (Jemen)","ar_JO":"arapski (Jordan)","ar_SS":"arapski (Ju\u017eni Sudan)","ar_QA":"arapski (Katar)","ar_KM":"arapski (Komori)","ar_KW":"arapski (Kuvajt)","ar_LB":"arapski (Libanon)","ar_LY":"arapski (Libija)","ar_MA":"arapski (Maroko)","ar_MR":"arapski (Mauritanija)","ar_OM":"arapski (Oman)","ar_PS":"arapski (Palestinsko Podru\u010dje)","ar_SA":"arapski (Saudijska Arabija)","ar_SY":"arapski (Sirija)","ar_SO":"arapski (Somalija)","ar_SD":"arapski (Sudan)","ar_TN":"arapski (Tunis)","ar_AE":"arapski (Ujedinjeni Arapski Emirati)","ar_EH":"arapski (Zapadna Sahara)","hy":"armenski","hy_AM":"armenski (Armenija)","as":"asamski","as_IN":"asamski (Indija)","az":"azerbajd\u017eanski","az_AZ":"azerbajd\u017eanski (Azerbajd\u017ean)","az_Cyrl_AZ":"azerbajd\u017eanski (\u0107irilica, Azerbajd\u017ean)","az_Cyrl":"azerbajd\u017eanski (\u0107irilica)","az_Latn_AZ":"azerbajd\u017eanski (latinica, Azerbajd\u017ean)","az_Latn":"azerbajd\u017eanski (latinica)","bm":"bambara","bm_Latn_ML":"bambara (latinica, Mali)","bm_Latn":"bambara (latinica)","eu":"baskijski","eu_ES":"baskijski (\u0160panjolska)","bn":"bengalski","bn_BD":"bengalski (Banglade\u0161)","bn_IN":"bengalski (Indija)","be":"bjeloruski","be_BY":"bjeloruski (Bjelorusija)","bs":"bosanski","bs_BA":"bosanski (Bosna i Hercegovina)","bs_Cyrl_BA":"bosanski (\u0107irilica, Bosna i Hercegovina)","bs_Cyrl":"bosanski (\u0107irilica)","bs_Latn_BA":"bosanski (latinica, Bosna i Hercegovina)","bs_Latn":"bosanski (latinica)","br":"bretonski","br_FR":"bretonski (Francuska)","bg":"bugarski","bg_BG":"bugarski (Bugarska)","my":"burmanski","my_MM":"burmanski (Mijanmar (Burma))","cs":"\u010de\u0161ki","cs_CZ":"\u010de\u0161ki (\u010ce\u0161ka Republika)","da":"danski","da_DK":"danski (Danska)","da_GL":"danski (Grenland)","dz":"dzongkha","dz_BT":"dzongkha (Butan)","en":"engleski","en_AS":"engleski (Ameri\u010dka Samoa)","en_VI":"engleski (Ameri\u010dki Djevi\u010danski Otoci)","en_AI":"engleski (Angvila)","en_AG":"engleski (Antigua i Barbuda)","en_AU":"engleski (Australija)","en_BS":"engleski (Bahami)","en_BB":"engleski (Barbados)","en_BE":"engleski (Belgija)","en_BZ":"engleski (Belize)","en_BM":"engleski (Bermuda)","en_BW":"engleski (Bocvana)","en_CX":"engleski (Bo\u017ei\u0107ni Otok)","en_VG":"engleski (Britanski Djevi\u010danski Otoci)","en_IO":"engleski (Britanski Indijskooceanski Teritorij)","en_CK":"engleski (Cookovi Otoci)","en_DG":"engleski (Diego Garcia)","en_DM":"engleski (Dominika)","en_ER":"engleski (Eritreja)","en_FK":"engleski (Falklandski Otoci)","en_FJ":"engleski (Fid\u017ei)","en_PH":"engleski (Filipini)","en_GM":"engleski (Gambija)","en_GH":"engleski (Gana)","en_GI":"engleski (Gibraltar)","en_GD":"engleski (Grenada)","en_GU":"engleski (Guam)","en_GG":"engleski (Guernsey)","en_GY":"engleski (Gvajana)","en_HK":"engleski (Hong Kong PUP Kina)","en_IN":"engleski (Indija)","en_IE":"engleski (Irska)","en_JM":"engleski (Jamajka)","en_JE":"engleski (Jersey)","en_SS":"engleski (Ju\u017eni Sudan)","en_ZA":"engleski (Ju\u017enoafri\u010dka Republika)","en_KY":"engleski (Kajmanski Otoci)","en_CM":"engleski (Kamerun)","en_CA":"engleski (Kanada)","en_KE":"engleski (Kenija)","en_KI":"engleski (Kiribati)","en_CC":"engleski (Kokosovi (Keeling) Otoci)","en_LS":"engleski (Lesoto)","en_LR":"engleski (Liberija)","en_MG":"engleski (Madagaskar)","en_MO":"engleski (Makao PUP Kina)","en_MW":"engleski (Malavi)","en_MY":"engleski (Malezija)","en_UM":"engleski (Mali udaljeni otoci SAD-a)","en_MT":"engleski (Malta)","en_MH":"engleski (Mar\u0161alovi Otoci)","en_MU":"engleski (Mauricijus)","en_FM":"engleski (Mikronezija)","en_MS":"engleski (Montserrat)","en_NA":"engleski (Namibija)","en_NR":"engleski (Nauru)","en_NG":"engleski (Nigerija)","en_NU":"engleski (Niue)","en_NZ":"engleski (Novi Zeland)","en_PN":"engleski (Otoci Pitcairn)","en_TC":"engleski (Otoci Turks i Caicos)","en_IM":"engleski (Otok Man)","en_NF":"engleski (Otok Norfolk)","en_PK":"engleski (Pakistan)","en_PW":"engleski (Palau)","en_PG":"engleski (Papua Nova Gvineja)","en_PR":"engleski (Portoriko)","en_RW":"engleski (Ruanda)","en_SB":"engleski (Salomonski Otoci)","en_WS":"engleski (Samoa)","en_SC":"engleski (Sej\u0161eli)","en_SL":"engleski (Sijera Leone)","en_SG":"engleski (Singapur)","en_SX":"engleski (Sint Maarten)","en_US":"engleski (Sjedinjene Ameri\u010dke Dr\u017eave)","en_MP":"engleski (Sjeverni Marijanski Otoci)","en_SD":"engleski (Sudan)","en_SZ":"engleski (Svazi)","en_SH":"engleski (Sveta Helena)","en_LC":"engleski (Sveta Lucija)","en_KN":"engleski (Sveti Kristofor i Nevis)","en_VC":"engleski (Sveti Vincent i Grenadini)","en_TZ":"engleski (Tanzanija)","en_TK":"engleski (Tokelau)","en_TO":"engleski (Tonga)","en_TT":"engleski (Trinidad i Tobago)","en_TV":"engleski (Tuvalu)","en_UG":"engleski (Uganda)","en_VU":"engleski (Vanuatu)","en_GB":"engleski (Velika Britanija)","en_ZM":"engleski (Zambija)","en_ZW":"engleski (Zimbabve)","eo":"esperanto","et":"estonski","et_EE":"estonski (Estonija)","ee":"ewe","ee_GH":"ewe (Gana)","ee_TG":"ewe (Togo)","fo":"ferojski","fo_FO":"ferojski (Farski Otoci)","fi":"finski","fi_FI":"finski (Finska)","fr":"francuski","fr_DZ":"francuski (Al\u017eir)","fr_BE":"francuski (Belgija)","fr_BJ":"francuski (Benin)","fr_BF":"francuski (Burkina Faso)","fr_BI":"francuski (Burundi)","fr_TD":"francuski (\u010cad)","fr_DJ":"francuski (D\u017eibuti)","fr_GQ":"francuski (Ekvatorska Gvineja)","fr_GF":"francuski (Francuska Gvajana)","fr_PF":"francuski (Francuska Polinezija)","fr_FR":"francuski (Francuska)","fr_GA":"francuski (Gabon)","fr_GP":"francuski (Guadalupa)","fr_GN":"francuski (Gvineja)","fr_HT":"francuski (Haiti)","fr_CM":"francuski (Kamerun)","fr_CA":"francuski (Kanada)","fr_KM":"francuski (Komori)","fr_CG":"francuski (Kongo - Brazzaville)","fr_CD":"francuski (Kongo - Kinshasa)","fr_LU":"francuski (Luksemburg)","fr_MG":"francuski (Madagaskar)","fr_ML":"francuski (Mali)","fr_MA":"francuski (Maroko)","fr_MQ":"francuski (Martinique)","fr_MU":"francuski (Mauricijus)","fr_MR":"francuski (Mauritanija)","fr_YT":"francuski (Mayotte)","fr_MC":"francuski (Monako)","fr_NE":"francuski (Niger)","fr_NC":"francuski (Nova Kaledonija)","fr_CI":"francuski (Obala Bjelokosti)","fr_RE":"francuski (Reunion)","fr_RW":"francuski (Ruanda)","fr_SC":"francuski (Sej\u0161eli)","fr_SN":"francuski (Senegal)","fr_SY":"francuski (Sirija)","fr_CF":"francuski (Srednjoafri\u010dka Republika)","fr_BL":"francuski (Sveti Bartolomej)","fr_MF":"francuski (Sveti Martin)","fr_PM":"francuski (Sveti Petar i Mikelon)","fr_CH":"francuski (\u0160vicarska)","fr_TG":"francuski (Togo)","fr_TN":"francuski (Tunis)","fr_VU":"francuski (Vanuatu)","fr_WF":"francuski (Wallis i Futuna)","ff":"fulah","ff_GN":"fulah (Gvineja)","ff_CM":"fulah (Kamerun)","ff_MR":"fulah (Mauritanija)","ff_SN":"fulah (Senegal)","gl":"galicijski","gl_ES":"galicijski (\u0160panjolska)","lg":"ganda","lg_UG":"ganda (Uganda)","el":"gr\u010dki","el_CY":"gr\u010dki (Cipar)","el_GR":"gr\u010dki (Gr\u010dka)","ka":"gruzijski","ka_GE":"gruzijski (Gruzija)","gu":"gud\u017earatski","gu_IN":"gud\u017earatski (Indija)","ha":"hausa","ha_GH":"hausa (Gana)","ha_Latn_GH":"hausa (latinica, Gana)","ha_Latn_NE":"hausa (latinica, Niger)","ha_Latn_NG":"hausa (latinica, Nigerija)","ha_Latn":"hausa (latinica)","ha_NE":"hausa (Niger)","ha_NG":"hausa (Nigerija)","he":"hebrejski","he_IL":"hebrejski (Izrael)","hi":"hindski","hi_IN":"hindski (Indija)","hr":"hrvatski","hr_BA":"hrvatski (Bosna i Hercegovina)","hr_HR":"hrvatski (Hrvatska)","ig":"igbo","ig_NG":"igbo (Nigerija)","id":"indonezijski","id_ID":"indonezijski (Indonezija)","ga":"irski","ga_IE":"irski (Irska)","is":"islandski","is_IS":"islandski (Island)","ja":"japanski","ja_JP":"japanski (Japan)","yi":"jidi\u0161","yo":"joruba","yo_BJ":"joruba (Benin)","yo_NG":"joruba (Nigerija)","se":"ju\u017eni sami","se_FI":"ju\u017eni sami (Finska)","se_NO":"ju\u017eni sami (Norve\u0161ka)","se_SE":"ju\u017eni sami (\u0160vedska)","kl":"kalaallisut","kl_GL":"kalaallisut (Grenland)","kn":"kannadski","kn_IN":"kannadski (Indija)","ks":"ka\u0161mirski","ks_Arab_IN":"ka\u0161mirski (arapsko pismo, Indija)","ks_Arab":"ka\u0161mirski (arapsko pismo)","ks_IN":"ka\u0161mirski (Indija)","ca":"katalonski","ca_AD":"katalonski (Andora)","ca_FR":"katalonski (Francuska)","ca_IT":"katalonski (Italija)","ca_ES":"katalonski (\u0160panjolska)","kk":"kaza\u0161ki","kk_Cyrl_KZ":"kaza\u0161ki (\u0107irilica, Kazahstan)","kk_Cyrl":"kaza\u0161ki (\u0107irilica)","kk_KZ":"kaza\u0161ki (Kazahstan)","qu":"ke\u010dua","qu_BO":"ke\u010dua (Bolivija)","qu_EC":"ke\u010dua (Ekvador)","qu_PE":"ke\u010dua (Peru)","ki":"kikuyu","ki_KE":"kikuyu (Kenija)","zh":"kineski","zh_HK":"kineski (Hong Kong PUP Kina)","zh_CN":"kineski (Kina)","zh_MO":"kineski (Makao PUP Kina)","zh_Hans_HK":"kineski (pojednostavljeno pismo, Hong Kong PUP Kina)","zh_Hans_CN":"kineski (pojednostavljeno pismo, Kina)","zh_Hans_MO":"kineski (pojednostavljeno pismo, Makao PUP Kina)","zh_Hans_SG":"kineski (pojednostavljeno pismo, Singapur)","zh_Hans":"kineski (pojednostavljeno pismo)","zh_SG":"kineski (Singapur)","zh_TW":"kineski (Tajvan)","zh_Hant_HK":"kineski (tradicionalno pismo, Hong Kong PUP Kina)","zh_Hant_MO":"kineski (tradicionalno pismo, Makao PUP Kina)","zh_Hant_TW":"kineski (tradicionalno pismo, Tajvan)","zh_Hant":"kineski (tradicionalno pismo)","rw":"kinyarwanda","rw_RW":"kinyarwanda (Ruanda)","ky":"kirgi\u0161ki","ky_Cyrl_KG":"kirgi\u0161ki (\u0107irilica, Kirgistan)","ky_Cyrl":"kirgi\u0161ki (\u0107irilica)","ky_KG":"kirgi\u0161ki (Kirgistan)","km":"kmerski","km_KH":"kmerski (Kambod\u017ea)","nb":"knji\u017eevni norve\u0161ki","nb_NO":"knji\u017eevni norve\u0161ki (Norve\u0161ka)","nb_SJ":"knji\u017eevni norve\u0161ki (Svalbard i Jan Mayen)","ko":"korejski","ko_KR":"korejski (Ju\u017ena Koreja)","ko_KP":"korejski (Sjeverna Koreja)","kw":"kornski","kw_GB":"kornski (Velika Britanija)","lo":"laoski","lo_LA":"laoski (Laos)","lv":"latvijski","lv_LV":"latvijski (Latvija)","ln":"lingala","ln_AO":"lingala (Angola)","ln_CG":"lingala (Kongo - Brazzaville)","ln_CD":"lingala (Kongo - Kinshasa)","ln_CF":"lingala (Srednjoafri\u010dka Republika)","lt":"litavski","lt_LT":"litavski (Litva)","lu":"luba-katanga","lu_CD":"luba-katanga (Kongo - Kinshasa)","lb":"luksembur\u0161ki","lb_LU":"luksembur\u0161ki (Luksemburg)","hu":"ma\u0111arski","hu_HU":"ma\u0111arski (Ma\u0111arska)","mk":"makedonski","mk_MK":"makedonski (Makedonija)","ml":"malajalamski","ml_IN":"malajalamski (Indija)","ms":"malajski","ms_BN":"malajski (Brunej)","ms_Latn_BN":"malajski (latinica, Brunej)","ms_Latn_MY":"malajski (latinica, Malezija)","ms_Latn_SG":"malajski (latinica, Singapur)","ms_Latn":"malajski (latinica)","ms_MY":"malajski (Malezija)","ms_SG":"malajski (Singapur)","mg":"malga\u0161ki","mg_MG":"malga\u0161ki (Madagaskar)","mt":"malte\u0161ki","mt_MT":"malte\u0161ki (Malta)","gv":"manski","gv_IM":"manski (Otok Man)","mr":"marathski","mr_IN":"marathski (Indija)","mn":"mongolski","mn_Cyrl_MN":"mongolski (\u0107irilica, Mongolija)","mn_Cyrl":"mongolski (\u0107irilica)","mn_MN":"mongolski (Mongolija)","ne":"nepalski","ne_IN":"nepalski (Indija)","ne_NP":"nepalski (Nepal)","nl":"nizozemski","nl_AW":"nizozemski (Aruba)","nl_BE":"nizozemski (Belgija)","nl_CW":"nizozemski (Cura\u00e7ao)","nl_BQ":"nizozemski (Karipski otoci Nizozemske)","nl_NL":"nizozemski (Nizozemska)","nl_SX":"nizozemski (Sint Maarten)","nl_SR":"nizozemski (Surinam)","no":"norve\u0161ki","no_NO":"norve\u0161ki (Norve\u0161ka)","nn":"novonorve\u0161ki","nn_NO":"novonorve\u0161ki (Norve\u0161ka)","de":"njema\u010dki","de_AT":"njema\u010dki (Austrija)","de_BE":"njema\u010dki (Belgija)","de_LI":"njema\u010dki (Lihten\u0161tajn)","de_LU":"njema\u010dki (Luksemburg)","de_DE":"njema\u010dki (Njema\u010dka)","de_CH":"njema\u010dki (\u0160vicarska)","or":"orijski","or_IN":"orijski (Indija)","om":"oromski","om_ET":"oromski (Etiopija)","om_KE":"oromski (Kenija)","os":"osetski","os_GE":"osetski (Gruzija)","os_RU":"osetski (Rusija)","pa":"pand\u017eapski","pa_Arab_PK":"pand\u017eapski (arapsko pismo, Pakistan)","pa_Arab":"pand\u017eapski (arapsko pismo)","pa_Guru_IN":"pand\u017eapski (gurmukhi pismo, Indija)","pa_Guru":"pand\u017eapski (gurmukhi pismo)","pa_IN":"pand\u017eapski (Indija)","pa_PK":"pand\u017eapski (Pakistan)","ps":"pa\u0161tu","ps_AF":"pa\u0161tu (Afganistan)","fa":"perzijski","fa_AF":"perzijski (Afganistan)","fa_IR":"perzijski (Iran)","pl":"poljski","pl_PL":"poljski (Poljska)","pt":"portugalski","pt_AO":"portugalski (Angola)","pt_BR":"portugalski (Brazil)","pt_GW":"portugalski (Gvineja Bisau)","pt_TL":"portugalski (Isto\u010dni Timor)","pt_MO":"portugalski (Makao PUP Kina)","pt_MZ":"portugalski (Mozambik)","pt_PT":"portugalski (Portugal)","pt_ST":"portugalski (Sveti Toma i Princip)","pt_CV":"portugalski (Zelenortska Republika)","rm":"roman\u0161","rm_CH":"roman\u0161 (\u0160vicarska)","ro":"rumunjski","ro_MD":"rumunjski (Moldavija)","ro_RO":"rumunjski (Rumunjska)","rn":"rundi","rn_BI":"rundi (Burundi)","ru":"ruski","ru_BY":"ruski (Bjelorusija)","ru_KZ":"ruski (Kazahstan)","ru_KG":"ruski (Kirgistan)","ru_MD":"ruski (Moldavija)","ru_RU":"ruski (Rusija)","ru_UA":"ruski (Ukrajina)","sg":"sango","sg_CF":"sango (Srednjoafri\u010dka Republika)","sn":"shona","sn_ZW":"shona (Zimbabve)","ii":"sichuan yi","ii_CN":"sichuan yi (Kina)","si":"sinhale\u0161ki","si_LK":"sinhale\u0161ki (\u0160ri Lanka)","nd":"sjeverni ndebele","nd_ZW":"sjeverni ndebele (Zimbabve)","sk":"slova\u010dki","sk_SK":"slova\u010dki (Slova\u010dka)","sl":"slovenski","sl_SI":"slovenski (Slovenija)","so":"somalski","so_DJ":"somalski (D\u017eibuti)","so_ET":"somalski (Etiopija)","so_KE":"somalski (Kenija)","so_SO":"somalski (Somalija)","sr":"srpski","sr_BA":"srpski (Bosna i Hercegovina)","sr_ME":"srpski (Crna Gora)","sr_Cyrl_BA":"srpski (\u0107irilica, Bosna i Hercegovina)","sr_Cyrl_ME":"srpski (\u0107irilica, Crna Gora)","sr_Cyrl_XK":"srpski (\u0107irilica, Kosovo)","sr_Cyrl_RS":"srpski (\u0107irilica, Srbija)","sr_Cyrl":"srpski (\u0107irilica)","sr_XK":"srpski (Kosovo)","sr_Latn_BA":"srpski (latinica, Bosna i Hercegovina)","sr_Latn_ME":"srpski (latinica, Crna Gora)","sr_Latn_XK":"srpski (latinica, Kosovo)","sr_Latn_RS":"srpski (latinica, Srbija)","sr_Latn":"srpski (latinica)","sr_RS":"srpski (Srbija)","sh":"srpsko-hrvatski","sh_BA":"srpsko-hrvatski (Bosna i Hercegovina)","sw":"svahili","sw_KE":"svahili (Kenija)","sw_TZ":"svahili (Tanzanija)","sw_UG":"svahili (Uganda)","gd":"\u0161kotski-galski","gd_GB":"\u0161kotski-galski (Velika Britanija)","es":"\u0161panjolski","es_AR":"\u0161panjolski (Argentina)","es_BO":"\u0161panjolski (Bolivija)","es_EA":"\u0161panjolski (Ceuta i Melilla)","es_CL":"\u0161panjolski (\u010cile)","es_DO":"\u0161panjolski (Dominikanska Republika)","es_EC":"\u0161panjolski (Ekvador)","es_GQ":"\u0161panjolski (Ekvatorska Gvineja)","es_PH":"\u0161panjolski (Filipini)","es_GT":"\u0161panjolski (Gvatemala)","es_HN":"\u0161panjolski (Honduras)","es_IC":"\u0161panjolski (Kanarski Otoci)","es_CO":"\u0161panjolski (Kolumbija)","es_CR":"\u0161panjolski (Kostarika)","es_CU":"\u0161panjolski (Kuba)","es_MX":"\u0161panjolski (Meksiko)","es_NI":"\u0161panjolski (Nikaragva)","es_PA":"\u0161panjolski (Panama)","es_PY":"\u0161panjolski (Paragvaj)","es_PE":"\u0161panjolski (Peru)","es_PR":"\u0161panjolski (Portoriko)","es_SV":"\u0161panjolski (Salvador)","es_US":"\u0161panjolski (Sjedinjene Ameri\u010dke Dr\u017eave)","es_ES":"\u0161panjolski (\u0160panjolska)","es_UY":"\u0161panjolski (Urugvaj)","es_VE":"\u0161panjolski (Venezuela)","sv":"\u0161vedski","sv_FI":"\u0161vedski (Finska)","sv_AX":"\u0161vedski (Otoci Aland)","sv_SE":"\u0161vedski (\u0160vedska)","tl":"tagalog","tl_PH":"tagalog (Filipini)","th":"tajlandski","th_TH":"tajlandski (Tajland)","it":"talijanski","it_IT":"talijanski (Italija)","it_SM":"talijanski (San Marino)","it_CH":"talijanski (\u0160vicarska)","ta":"tamilski","ta_IN":"tamilski (Indija)","ta_MY":"tamilski (Malezija)","ta_SG":"tamilski (Singapur)","ta_LK":"tamilski (\u0160ri Lanka)","te":"telugu","te_IN":"telugu (Indija)","bo":"tibetanski","bo_IN":"tibetanski (Indija)","bo_CN":"tibetanski (Kina)","ti":"tigrinja","ti_ER":"tigrinja (Eritreja)","ti_ET":"tigrinja (Etiopija)","to":"tonganski","to_TO":"tonganski (Tonga)","tr":"turski","tr_CY":"turski (Cipar)","tr_TR":"turski (Turska)","ug":"ujgurski","ug_Arab_CN":"ujgurski (arapsko pismo, Kina)","ug_Arab":"ujgurski (arapsko pismo)","ug_CN":"ujgurski (Kina)","uk":"ukrajinski","uk_UA":"ukrajinski (Ukrajina)","ur":"urdski","ur_IN":"urdski (Indija)","ur_PK":"urdski (Pakistan)","uz":"uzbe\u010dki","uz_AF":"uzbe\u010dki (Afganistan)","uz_Arab_AF":"uzbe\u010dki (arapsko pismo, Afganistan)","uz_Arab":"uzbe\u010dki (arapsko pismo)","uz_Cyrl_UZ":"uzbe\u010dki (\u0107irilica, Uzbekistan)","uz_Cyrl":"uzbe\u010dki (\u0107irilica)","uz_Latn_UZ":"uzbe\u010dki (latinica, Uzbekistan)","uz_Latn":"uzbe\u010dki (latinica)","uz_UZ":"uzbe\u010dki (Uzbekistan)","cy":"vel\u0161ki","cy_GB":"vel\u0161ki (Velika Britanija)","vi":"vijetnamski","vi_VN":"vijetnamski (Vijetnam)","fy":"zapadnofrizijski","fy_NL":"zapadnofrizijski (Nizozemska)","zu":"zulu","zu_ZA":"zulu (Ju\u017enoafri\u010dka Republika)"}