{"af":"afrikaans","af_ZA":"afrikaans (D\u00e9l-afrikai K\u00f6zt\u00e1rsas\u00e1g)","af_NA":"afrikaans (Nam\u00edbia)","ak":"akan","ak_GH":"akan (Gh\u00e1na)","sq":"alb\u00e1n","sq_AL":"alb\u00e1n (Alb\u00e1nia)","sq_XK":"alb\u00e1n (Koszov\u00f3)","sq_MK":"alb\u00e1n (Maced\u00f3nia)","am":"amhara","am_ET":"amhara (Eti\u00f3pia)","en":"angol","en_UM":"angol (Amerikai Csendes-\u00f3ce\u00e1ni Szigetek)","en_AS":"angol (Amerikai Szamoa)","en_VI":"angol (Amerikai Virgin-szigetek)","en_AI":"angol (Anguilla)","en_AG":"angol (Antigua \u00e9s Barbuda)","en_AU":"angol (Ausztr\u00e1lia)","en_BS":"angol (Bahama-szigetek)","en_BB":"angol (Barbados)","en_BE":"angol (Belgium)","en_BZ":"angol (Belize)","en_BM":"angol (Bermuda)","en_BW":"angol (Botswana)","en_IO":"angol (Brit Indiai-\u00f3ce\u00e1ni Ter\u00fclet)","en_VG":"angol (Brit Virgin-szigetek)","en_CK":"angol (Cook-szigetek)","en_ZA":"angol (D\u00e9l-afrikai K\u00f6zt\u00e1rsas\u00e1g)","en_SS":"angol (D\u00e9l-Szud\u00e1n)","en_DG":"angol (Diego Garcia)","en_DM":"angol (Dominika)","en_US":"angol (Egyes\u00fclt \u00c1llamok)","en_GB":"angol (Egyes\u00fclt Kir\u00e1lys\u00e1g)","en_ER":"angol (Eritrea)","en_MP":"angol (\u00c9szaki Mariana-szigetek)","en_FK":"angol (Falkland-szigetek)","en_FJ":"angol (Fidzsi-szigetek)","en_PH":"angol (F\u00fcl\u00f6p-szigetek)","en_GM":"angol (Gambia)","en_GH":"angol (Gh\u00e1na)","en_GI":"angol (Gibralt\u00e1r)","en_GD":"angol (Grenada)","en_GU":"angol (Guam)","en_GG":"angol (Guernsey)","en_GY":"angol (Guyana)","en_HK":"angol (Hongkong SAR K\u00edna)","en_IN":"angol (India)","en_IE":"angol (\u00cdrorsz\u00e1g)","en_JM":"angol (Jamaica)","en_JE":"angol (Jersey)","en_KY":"angol (Kajm\u00e1n-szigetek)","en_CM":"angol (Kamerun)","en_CA":"angol (Kanada)","en_CX":"angol (Kar\u00e1csony-sziget)","en_KE":"angol (Kenya)","en_KI":"angol (Kiribati)","en_CC":"angol (K\u00f3kusz-szigetek)","en_LS":"angol (Lesotho)","en_LR":"angol (Lib\u00e9ria)","en_MG":"angol (Madagaszk\u00e1r)","en_MO":"angol (Maka\u00f3 SAR K\u00edna)","en_MY":"angol (Malajzia)","en_MW":"angol (Malawi)","en_MT":"angol (M\u00e1lta)","en_IM":"angol (Man-sziget)","en_MH":"angol (Marshall-szigetek)","en_MU":"angol (Mauritius)","en_FM":"angol (Mikron\u00e9zia)","en_MS":"angol (Montserrat)","en_NA":"angol (Nam\u00edbia)","en_NR":"angol (Nauru)","en_NG":"angol (Nig\u00e9ria)","en_NU":"angol (Niue)","en_NF":"angol (Norfolk-sziget)","en_PK":"angol (Pakiszt\u00e1n)","en_PW":"angol (Palau)","en_PG":"angol (P\u00e1pua \u00daj-Guinea)","en_PN":"angol (Pitcairn-szigetek)","en_PR":"angol (Puerto Rico)","en_RW":"angol (Ruanda)","en_KN":"angol (Saint Kitts \u00e9s Nevis)","en_VC":"angol (Saint Vincent \u00e9s a Grenadine-szigetek)","en_SB":"angol (Salamon-szigetek)","en_LC":"angol (Santa Lucia)","en_SC":"angol (Seychelle-szigetek)","en_SL":"angol (Sierra Leone)","en_SX":"angol (Sint Maarten)","en_WS":"angol (Szamoa)","en_SH":"angol (Szent Ilona)","en_SG":"angol (Szingap\u00far)","en_SD":"angol (Szud\u00e1n)","en_SZ":"angol (Szv\u00e1zif\u00f6ld)","en_TZ":"angol (Tanz\u00e1nia)","en_TK":"angol (Tokelau)","en_TO":"angol (Tonga)","en_TT":"angol (Trinidad \u00e9s Tobago)","en_TC":"angol (Turks- \u00e9s Caicos-szigetek)","en_TV":"angol (Tuvalu)","en_UG":"angol (Uganda)","en_NZ":"angol (\u00daj-Z\u00e9land)","en_VU":"angol (Vanuatu)","en_ZM":"angol (Zambia)","en_ZW":"angol (Zimbabwe)","ar":"arab","ar_DZ":"arab (Alg\u00e9ria)","ar_BH":"arab (Bahrein)","ar_KM":"arab (Comore-szigetek)","ar_TD":"arab (Cs\u00e1d)","ar_SS":"arab (D\u00e9l-Szud\u00e1n)","ar_DJ":"arab (Dzsibuti)","ar_AE":"arab (Egyes\u00fclt Arab Emir\u00e1tus)","ar_EG":"arab (Egyiptom)","ar_ER":"arab (Eritrea)","ar_IQ":"arab (Irak)","ar_IL":"arab (Izrael)","ar_YE":"arab (Jemen)","ar_JO":"arab (Jord\u00e1nia)","ar_QA":"arab (Katar)","ar_KW":"arab (Kuvait)","ar_LB":"arab (Libanon)","ar_LY":"arab (L\u00edbia)","ar_MA":"arab (Marokk\u00f3)","ar_MR":"arab (Maurit\u00e1nia)","ar_EH":"arab (Nyugat-Szahara)","ar_OM":"arab (Om\u00e1n)","ar_PS":"arab (Palesztin Ter\u00fclet)","ar_SA":"arab (Sza\u00fad-Ar\u00e1bia)","ar_SY":"arab (Sz\u00edria)","ar_SO":"arab (Szom\u00e1lia)","ar_SD":"arab (Szud\u00e1n)","ar_TN":"arab (Tun\u00e9zia)","as":"assz\u00e1mi","as_IN":"assz\u00e1mi (India)","az":"azerbajdzs\u00e1ni","az_AZ":"azerbajdzs\u00e1ni (Azerbajdzs\u00e1n)","az_Cyrl_AZ":"azerbajdzs\u00e1ni (Cirill, Azerbajdzs\u00e1n)","az_Cyrl":"azerbajdzs\u00e1ni (Cirill)","az_Latn_AZ":"azerbajdzs\u00e1ni (Latin, Azerbajdzs\u00e1n)","az_Latn":"azerbajdzs\u00e1ni (Latin)","bm":"bambara","bm_Latn_ML":"bambara (Latin, Mali)","bm_Latn":"bambara (Latin)","eu":"baszk","eu_ES":"baszk (Spanyolorsz\u00e1g)","be":"belorusz","be_BY":"belorusz (Feh\u00e9roroszorsz\u00e1g)","bn":"beng\u00e1li","bn_BD":"beng\u00e1li (Banglades)","bn_IN":"beng\u00e1li (India)","bg":"bolg\u00e1r","bg_BG":"bolg\u00e1r (Bulg\u00e1ria)","bs":"bosny\u00e1k","bs_BA":"bosny\u00e1k (Bosznia-Hercegovina)","bs_Cyrl_BA":"bosny\u00e1k (Cirill, Bosznia-Hercegovina)","bs_Cyrl":"bosny\u00e1k (Cirill)","bs_Latn_BA":"bosny\u00e1k (Latin, Bosznia-Hercegovina)","bs_Latn":"bosny\u00e1k (Latin)","br":"breton","br_FR":"breton (Franciaorsz\u00e1g)","my":"burmai","my_MM":"burmai (Mianmar (Burma))","dz":"but\u00e1ni","dz_BT":"but\u00e1ni (Bhut\u00e1n)","cs":"cseh","cs_CZ":"cseh (Csehorsz\u00e1g)","da":"d\u00e1n","da_DK":"d\u00e1n (D\u00e1nia)","da_GL":"d\u00e1n (Gr\u00f6nland)","nd":"\u00e9szaki ndebele","nd_ZW":"\u00e9szaki ndebele (Zimbabwe)","se":"\u00e9szaki sz\u00e1mi","se_FI":"\u00e9szaki sz\u00e1mi (Finnorsz\u00e1g)","se_NO":"\u00e9szaki sz\u00e1mi (Norv\u00e9gia)","se_SE":"\u00e9szaki sz\u00e1mi (Sv\u00e9dorsz\u00e1g)","eo":"eszperant\u00f3","et":"\u00e9szt","et_EE":"\u00e9szt (\u00c9sztorsz\u00e1g)","ee":"eve","ee_GH":"eve (Gh\u00e1na)","ee_TG":"eve (Togo)","fo":"fer\u00f6eri","fo_FO":"fer\u00f6eri (Fer\u00f6er-szigetek)","fi":"finn","fi_FI":"finn (Finnorsz\u00e1g)","fr":"francia","fr_DZ":"francia (Alg\u00e9ria)","fr_BE":"francia (Belgium)","fr_BJ":"francia (Benin)","fr_BF":"francia (Burkina Faso)","fr_BI":"francia (Burundi)","fr_KM":"francia (Comore-szigetek)","fr_TD":"francia (Cs\u00e1d)","fr_DJ":"francia (Dzsibuti)","fr_GQ":"francia (Egyenl\u00edt\u0151i-Guinea)","fr_CI":"francia (Elef\u00e1ntcsontpart)","fr_GF":"francia (Francia Guyana)","fr_PF":"francia (Francia Polin\u00e9zia)","fr_FR":"francia (Franciaorsz\u00e1g)","fr_GA":"francia (Gabon)","fr_GP":"francia (Guadeloupe)","fr_GN":"francia (Guinea)","fr_HT":"francia (Haiti)","fr_CM":"francia (Kamerun)","fr_CA":"francia (Kanada)","fr_CG":"francia (Kong\u00f3 - Brazzaville)","fr_CD":"francia (Kong\u00f3 - Kinshasa)","fr_CF":"francia (K\u00f6z\u00e9p-afrikai K\u00f6zt\u00e1rsas\u00e1g)","fr_LU":"francia (Luxemburg)","fr_MG":"francia (Madagaszk\u00e1r)","fr_ML":"francia (Mali)","fr_MA":"francia (Marokk\u00f3)","fr_MQ":"francia (Martinique)","fr_MR":"francia (Maurit\u00e1nia)","fr_MU":"francia (Mauritius)","fr_YT":"francia (Mayotte)","fr_MC":"francia (Monaco)","fr_NE":"francia (Niger)","fr_RE":"francia (Reunion)","fr_RW":"francia (Ruanda)","fr_MF":"francia (Saint Martin)","fr_PM":"francia (Saint Pierre \u00e9s Miquelon)","fr_BL":"francia (Saint-Barth\u00e9lemy)","fr_SC":"francia (Seychelle-szigetek)","fr_CH":"francia (Sv\u00e1jc)","fr_SN":"francia (Szeneg\u00e1l)","fr_SY":"francia (Sz\u00edria)","fr_TG":"francia (Togo)","fr_TN":"francia (Tun\u00e9zia)","fr_NC":"francia (\u00daj-Kaled\u00f3nia)","fr_VU":"francia (Vanuatu)","fr_WF":"francia (Wallis- \u00e9s Futuna-szigetek)","fy":"fr\u00edz","fy_NL":"fr\u00edz (Hollandia)","ff":"fulani","ff_GN":"fulani (Guinea)","ff_CM":"fulani (Kamerun)","ff_MR":"fulani (Maurit\u00e1nia)","ff_SN":"fulani (Szeneg\u00e1l)","gl":"gal\u00edciai","gl_ES":"gal\u00edciai (Spanyolorsz\u00e1g)","lg":"ganda","lg_UG":"ganda (Uganda)","el":"g\u00f6r\u00f6g","el_CY":"g\u00f6r\u00f6g (Ciprus)","el_GR":"g\u00f6r\u00f6g (G\u00f6r\u00f6gorsz\u00e1g)","kl":"gr\u00f6nlandi","kl_GL":"gr\u00f6nlandi (Gr\u00f6nland)","ka":"gr\u00faz","ka_GE":"gr\u00faz (Gr\u00fazia)","gu":"gudzsarati","gu_IN":"gudzsarati (India)","ha":"hausza","ha_GH":"hausza (Gh\u00e1na)","ha_Latn_GH":"hausza (Latin, Gh\u00e1na)","ha_Latn_NE":"hausza (Latin, Niger)","ha_Latn_NG":"hausza (Latin, Nig\u00e9ria)","ha_Latn":"hausza (Latin)","ha_NE":"hausza (Niger)","ha_NG":"hausza (Nig\u00e9ria)","he":"h\u00e9ber","he_IL":"h\u00e9ber (Izrael)","hi":"hindi","hi_IN":"hindi (India)","nl":"holland","nl_AW":"holland (Aruba)","nl_BE":"holland (Belgium)","nl_CW":"holland (Cura\u00e7ao)","nl_BQ":"holland (Holland Karib-t\u00e9rs\u00e9g)","nl_NL":"holland (Hollandia)","nl_SX":"holland (Sint Maarten)","nl_SR":"holland (Suriname)","hr":"horv\u00e1t","hr_BA":"horv\u00e1t (Bosznia-Hercegovina)","hr_HR":"horv\u00e1t (Horv\u00e1torsz\u00e1g)","ig":"igb\u00f3","ig_NG":"igb\u00f3 (Nig\u00e9ria)","id":"indon\u00e9z","id_ID":"indon\u00e9z (Indon\u00e9zia)","ga":"\u00edr","ga_IE":"\u00edr (\u00cdrorsz\u00e1g)","is":"izlandi","is_IS":"izlandi (Izland)","ja":"jap\u00e1n","ja_JP":"jap\u00e1n (Jap\u00e1n)","yi":"jiddis","yo":"joruba","yo_BJ":"joruba (Benin)","yo_NG":"joruba (Nig\u00e9ria)","km":"kambodzsai","km_KH":"kambodzsai (Kambodzsa)","kn":"kannada","kn_IN":"kannada (India)","ks":"k\u00e1sm\u00edri","ks_Arab_IN":"k\u00e1sm\u00edri (Arab, India)","ks_Arab":"k\u00e1sm\u00edri (Arab)","ks_IN":"k\u00e1sm\u00edri (India)","ca":"katal\u00e1n","ca_AD":"katal\u00e1n (Andorra)","ca_FR":"katal\u00e1n (Franciaorsz\u00e1g)","ca_IT":"katal\u00e1n (Olaszorsz\u00e1g)","ca_ES":"katal\u00e1n (Spanyolorsz\u00e1g)","kk":"kazah","kk_Cyrl_KZ":"kazah (Cirill, Kazahszt\u00e1n)","kk_Cyrl":"kazah (Cirill)","kk_KZ":"kazah (Kazahszt\u00e1n)","qu":"kecsua","qu_BO":"kecsua (Bol\u00edvia)","qu_EC":"kecsua (Ecuador)","qu_PE":"kecsua (Peru)","ki":"kikuju","ki_KE":"kikuju (Kenya)","zh":"k\u00ednai","zh_Hans_HK":"k\u00ednai (Egyszer\u0171s\u00edtett, Hongkong SAR K\u00edna)","zh_Hans_CN":"k\u00ednai (Egyszer\u0171s\u00edtett, K\u00edna)","zh_Hans_MO":"k\u00ednai (Egyszer\u0171s\u00edtett, Maka\u00f3 SAR K\u00edna)","zh_Hans_SG":"k\u00ednai (Egyszer\u0171s\u00edtett, Szingap\u00far)","zh_Hans":"k\u00ednai (Egyszer\u0171s\u00edtett)","zh_Hant_HK":"k\u00ednai (Hagyom\u00e1nyos, Hongkong SAR K\u00edna)","zh_Hant_MO":"k\u00ednai (Hagyom\u00e1nyos, Maka\u00f3 SAR K\u00edna)","zh_Hant_TW":"k\u00ednai (Hagyom\u00e1nyos, Tajvan)","zh_Hant":"k\u00ednai (Hagyom\u00e1nyos)","zh_HK":"k\u00ednai (Hongkong SAR K\u00edna)","zh_CN":"k\u00ednai (K\u00edna)","zh_MO":"k\u00ednai (Maka\u00f3 SAR K\u00edna)","zh_SG":"k\u00ednai (Szingap\u00far)","zh_TW":"k\u00ednai (Tajvan)","ky":"kirgiz","ky_Cyrl_KG":"kirgiz (Cirill, Kirgiziszt\u00e1n)","ky_Cyrl":"kirgiz (Cirill)","ky_KG":"kirgiz (Kirgiziszt\u00e1n)","rw":"kiruanda","rw_RW":"kiruanda (Ruanda)","rn":"kirundi","rn_BI":"kirundi (Burundi)","ko":"koreai","ko_KR":"koreai (D\u00e9l-Korea)","ko_KP":"koreai (\u00c9szak-Korea)","kw":"korni","kw_GB":"korni (Egyes\u00fclt Kir\u00e1lys\u00e1g)","lo":"laoszi","lo_LA":"laoszi (Laosz)","pl":"lengyel","pl_PL":"lengyel (Lengyelorsz\u00e1g)","lv":"lett","lv_LV":"lett (Lettorsz\u00e1g)","ln":"lingala","ln_AO":"lingala (Angola)","ln_CG":"lingala (Kong\u00f3 - Brazzaville)","ln_CD":"lingala (Kong\u00f3 - Kinshasa)","ln_CF":"lingala (K\u00f6z\u00e9p-afrikai K\u00f6zt\u00e1rsas\u00e1g)","lt":"litv\u00e1n","lt_LT":"litv\u00e1n (Litv\u00e1nia)","lu":"luba-katanga","lu_CD":"luba-katanga (Kong\u00f3 - Kinshasa)","lb":"luxemburgi","lb_LU":"luxemburgi (Luxemburg)","mk":"maced\u00f3n","mk_MK":"maced\u00f3n (Maced\u00f3nia)","hu":"magyar","hu_HU":"magyar (Magyarorsz\u00e1g)","ms":"mal\u00e1j","ms_BN":"mal\u00e1j (Brunei)","ms_Latn_BN":"mal\u00e1j (Latin, Brunei)","ms_Latn_MY":"mal\u00e1j (Latin, Malajzia)","ms_Latn_SG":"mal\u00e1j (Latin, Szingap\u00far)","ms_Latn":"mal\u00e1j (Latin)","ms_MY":"mal\u00e1j (Malajzia)","ms_SG":"mal\u00e1j (Szingap\u00far)","ml":"malaj\u00e1lam","ml_IN":"malaj\u00e1lam (India)","mg":"m\u00e1lgas","mg_MG":"m\u00e1lgas (Madagaszk\u00e1r)","mt":"m\u00e1ltai","mt_MT":"m\u00e1ltai (M\u00e1lta)","gv":"man-szigeti","gv_IM":"man-szigeti (Man-sziget)","mr":"marathi","mr_IN":"marathi (India)","mn":"mongol","mn_Cyrl_MN":"mongol (Cirill, Mong\u00f3lia)","mn_Cyrl":"mongol (Cirill)","mn_MN":"mongol (Mong\u00f3lia)","de":"n\u00e9met","de_AT":"n\u00e9met (Ausztria)","de_BE":"n\u00e9met (Belgium)","de_LI":"n\u00e9met (Liechtenstein)","de_LU":"n\u00e9met (Luxemburg)","de_DE":"n\u00e9met (N\u00e9metorsz\u00e1g)","de_CH":"n\u00e9met (Sv\u00e1jc)","ne":"nep\u00e1li","ne_IN":"nep\u00e1li (India)","ne_NP":"nep\u00e1li (Nep\u00e1l)","no":"norv\u00e9g","no_NO":"norv\u00e9g (Norv\u00e9gia)","nb":"norv\u00e9g bokmal","nb_NO":"norv\u00e9g bokmal (Norv\u00e9gia)","nb_SJ":"norv\u00e9g bokmal (Spitzberg\u00e1k \u00e9s Jan Mayen-szigetek)","nn":"norv\u00e9g nynorsk","nn_NO":"norv\u00e9g nynorsk (Norv\u00e9gia)","it":"olasz","it_IT":"olasz (Olaszorsz\u00e1g)","it_SM":"olasz (San Marino)","it_CH":"olasz (Sv\u00e1jc)","or":"orija","or_IN":"orija (India)","om":"orom\u00f3i","om_ET":"orom\u00f3i (Eti\u00f3pia)","om_KE":"orom\u00f3i (Kenya)","ru":"orosz","ru_BY":"orosz (Feh\u00e9roroszorsz\u00e1g)","ru_KZ":"orosz (Kazahszt\u00e1n)","ru_KG":"orosz (Kirgiziszt\u00e1n)","ru_MD":"orosz (Moldova)","ru_RU":"orosz (Oroszorsz\u00e1g)","ru_UA":"orosz (Ukrajna)","os":"osz\u00e9t","os_GE":"osz\u00e9t (Gr\u00fazia)","os_RU":"osz\u00e9t (Oroszorsz\u00e1g)","hy":"\u00f6rm\u00e9ny","hy_AM":"\u00f6rm\u00e9ny (\u00d6rm\u00e9nyorsz\u00e1g)","pa":"pandzs\u00e1bi","pa_Arab_PK":"pandzs\u00e1bi (Arab, Pakiszt\u00e1n)","pa_Arab":"pandzs\u00e1bi (Arab)","pa_Guru_IN":"pandzs\u00e1bi (Gurmuki, India)","pa_Guru":"pandzs\u00e1bi (Gurmuki)","pa_IN":"pandzs\u00e1bi (India)","pa_PK":"pandzs\u00e1bi (Pakiszt\u00e1n)","ps":"pastu","ps_AF":"pastu (Afganiszt\u00e1n)","fa":"perzsa","fa_AF":"perzsa (Afganiszt\u00e1n)","fa_IR":"perzsa (Ir\u00e1n)","pt":"portug\u00e1l","pt_AO":"portug\u00e1l (Angola)","pt_BR":"portug\u00e1l (Braz\u00edlia)","pt_GW":"portug\u00e1l (Guinea-Bissau)","pt_TL":"portug\u00e1l (Kelet-Timor)","pt_MO":"portug\u00e1l (Maka\u00f3 SAR K\u00edna)","pt_MZ":"portug\u00e1l (Mozambik)","pt_PT":"portug\u00e1l (Portug\u00e1lia)","pt_ST":"portug\u00e1l (Sao Tom\u00e9 \u00e9s Pr\u00edncipe)","pt_CV":"portug\u00e1l (Z\u00f6ld-foki K\u00f6zt\u00e1rsas\u00e1g)","rm":"r\u00e9to-rom\u00e1n","rm_CH":"r\u00e9to-rom\u00e1n (Sv\u00e1jc)","ro":"rom\u00e1n","ro_MD":"rom\u00e1n (Moldova)","ro_RO":"rom\u00e1n (Rom\u00e1nia)","gd":"sk\u00f3t gael","gd_GB":"sk\u00f3t gael (Egyes\u00fclt Kir\u00e1lys\u00e1g)","sn":"sona","sn_ZW":"sona (Zimbabwe)","es":"spanyol","es_AR":"spanyol (Argent\u00edna)","es_BO":"spanyol (Bol\u00edvia)","es_EA":"spanyol (Ceuta \u00e9s Melilla)","es_CL":"spanyol (Chile)","es_CR":"spanyol (Costa Rica)","es_DO":"spanyol (Dominikai K\u00f6zt\u00e1rsas\u00e1g)","es_EC":"spanyol (Ecuador)","es_GQ":"spanyol (Egyenl\u00edt\u0151i-Guinea)","es_US":"spanyol (Egyes\u00fclt \u00c1llamok)","es_PH":"spanyol (F\u00fcl\u00f6p-szigetek)","es_GT":"spanyol (Guatemala)","es_HN":"spanyol (Honduras)","es_IC":"spanyol (Kan\u00e1ri-szigetek)","es_CO":"spanyol (Kolumbia)","es_CU":"spanyol (Kuba)","es_MX":"spanyol (Mexik\u00f3)","es_NI":"spanyol (Nicaragua)","es_PA":"spanyol (Panama)","es_PY":"spanyol (Paraguay)","es_PE":"spanyol (Peru)","es_PR":"spanyol (Puerto Rico)","es_SV":"spanyol (Salvador)","es_ES":"spanyol (Spanyolorsz\u00e1g)","es_UY":"spanyol (Uruguay)","es_VE":"spanyol (Venezuela)","sv":"sv\u00e9d","sv_AX":"sv\u00e9d (\u00c5land-szigetek)","sv_FI":"sv\u00e9d (Finnorsz\u00e1g)","sv_SE":"sv\u00e9d (Sv\u00e9dorsz\u00e1g)","sg":"szang\u00f3","sg_CF":"szang\u00f3 (K\u00f6z\u00e9p-afrikai K\u00f6zt\u00e1rsas\u00e1g)","ii":"szecsu\u00e1n ji","ii_CN":"szecsu\u00e1n ji (K\u00edna)","sr":"szerb","sr_BA":"szerb (Bosznia-Hercegovina)","sr_Cyrl_BA":"szerb (Cirill, Bosznia-Hercegovina)","sr_Cyrl_XK":"szerb (Cirill, Koszov\u00f3)","sr_Cyrl_ME":"szerb (Cirill, Montenegr\u00f3)","sr_Cyrl_RS":"szerb (Cirill, Szerbia)","sr_Cyrl":"szerb (Cirill)","sr_XK":"szerb (Koszov\u00f3)","sr_Latn_BA":"szerb (Latin, Bosznia-Hercegovina)","sr_Latn_XK":"szerb (Latin, Koszov\u00f3)","sr_Latn_ME":"szerb (Latin, Montenegr\u00f3)","sr_Latn_RS":"szerb (Latin, Szerbia)","sr_Latn":"szerb (Latin)","sr_ME":"szerb (Montenegr\u00f3)","sr_RS":"szerb (Szerbia)","sh":"szerbhorv\u00e1t","sh_BA":"szerbhorv\u00e1t (Bosznia-Hercegovina)","si":"szingal\u00e9z","si_LK":"szingal\u00e9z (Sr\u00ed Lanka)","sk":"szlov\u00e1k","sk_SK":"szlov\u00e1k (Szlov\u00e1kia)","sl":"szlov\u00e9n","sl_SI":"szlov\u00e9n (Szlov\u00e9nia)","so":"szom\u00e1liai","so_DJ":"szom\u00e1liai (Dzsibuti)","so_ET":"szom\u00e1liai (Eti\u00f3pia)","so_KE":"szom\u00e1liai (Kenya)","so_SO":"szom\u00e1liai (Szom\u00e1lia)","sw":"szuah\u00e9li","sw_KE":"szuah\u00e9li (Kenya)","sw_TZ":"szuah\u00e9li (Tanz\u00e1nia)","sw_UG":"szuah\u00e9li (Uganda)","tl":"tagalog","tl_PH":"tagalog (F\u00fcl\u00f6p-szigetek)","ta":"tamil","ta_IN":"tamil (India)","ta_MY":"tamil (Malajzia)","ta_LK":"tamil (Sr\u00ed Lanka)","ta_SG":"tamil (Szingap\u00far)","te":"telugu","te_IN":"telugu (India)","th":"thai","th_TH":"thai (Thaif\u00f6ld)","bo":"tibeti","bo_IN":"tibeti (India)","bo_CN":"tibeti (K\u00edna)","ti":"tigrinja","ti_ER":"tigrinja (Eritrea)","ti_ET":"tigrinja (Eti\u00f3pia)","to":"tonga","to_TO":"tonga (Tonga)","tr":"t\u00f6r\u00f6k","tr_CY":"t\u00f6r\u00f6k (Ciprus)","tr_TR":"t\u00f6r\u00f6k (T\u00f6r\u00f6korsz\u00e1g)","ug":"ujgur","ug_Arab_CN":"ujgur (Arab, K\u00edna)","ug_Arab":"ujgur (Arab)","ug_CN":"ujgur (K\u00edna)","uk":"ukr\u00e1n","uk_UA":"ukr\u00e1n (Ukrajna)","ur":"urdu","ur_IN":"urdu (India)","ur_PK":"urdu (Pakiszt\u00e1n)","uz":"\u00fczb\u00e9g","uz_AF":"\u00fczb\u00e9g (Afganiszt\u00e1n)","uz_Arab_AF":"\u00fczb\u00e9g (Arab, Afganiszt\u00e1n)","uz_Arab":"\u00fczb\u00e9g (Arab)","uz_Cyrl_UZ":"\u00fczb\u00e9g (Cirill, \u00dczbegiszt\u00e1n)","uz_Cyrl":"\u00fczb\u00e9g (Cirill)","uz_Latn_UZ":"\u00fczb\u00e9g (Latin, \u00dczbegiszt\u00e1n)","uz_Latn":"\u00fczb\u00e9g (Latin)","uz_UZ":"\u00fczb\u00e9g (\u00dczbegiszt\u00e1n)","vi":"vietnami","vi_VN":"vietnami (Vietnam)","cy":"walesi","cy_GB":"walesi (Egyes\u00fclt Kir\u00e1lys\u00e1g)","zu":"zulu","zu_ZA":"zulu (D\u00e9l-afrikai K\u00f6zt\u00e1rsas\u00e1g)"}