{"af":"Afrikaans","af_ZA":"Afrikaans (Afrika Selatan)","af_NA":"Afrikaans (Namibia)","ak":"Akan","ak_GH":"Akan (Ghana)","sq":"Albania","sq_AL":"Albania (Albania)","sq_XK":"Albania (Kosovo)","sq_MK":"Albania (Makedonia)","am":"Amharik","am_ET":"Amharik (Etiopia)","ar":"Arab","ar_DZ":"Arab (Aljazair)","ar_SA":"Arab (Arab Saudi)","ar_BH":"Arab (Bahrain)","ar_TD":"Arab (Cad)","ar_ER":"Arab (Eritrea)","ar_IQ":"Arab (Irak)","ar_IL":"Arab (Israel)","ar_DJ":"Arab (Jibuti)","ar_KM":"Arab (Komoro)","ar_KW":"Arab (Kuwait)","ar_LB":"Arab (Lebanon)","ar_LY":"Arab (Libia)","ar_MA":"Arab (Maroko)","ar_MR":"Arab (Mauritania)","ar_EG":"Arab (Mesir)","ar_OM":"Arab (Oman)","ar_QA":"Arab (Qatar)","ar_EH":"Arab (Sahara Barat)","ar_SO":"Arab (Somalia)","ar_SS":"Arab (Sudan Selatan)","ar_SD":"Arab (Sudan)","ar_SY":"Arab (Suriah)","ar_TN":"Arab (Tunisia)","ar_AE":"Arab (Uni Emirat Arab)","ar_PS":"Arab (Wilayah Palestina)","ar_YE":"Arab (Yaman)","ar_JO":"Arab (Yordania)","hy":"Armenia","hy_AM":"Armenia (Armenia)","as":"Assam","as_IN":"Assam (India)","az":"Azerbaijan","az_AZ":"Azerbaijan (Azerbaijan)","az_Latn_AZ":"Azerbaijan (Latin, Azerbaijan)","az_Latn":"Azerbaijan (Latin)","az_Cyrl_AZ":"Azerbaijan (Sirilik, Azerbaijan)","az_Cyrl":"Azerbaijan (Sirilik)","id":"Bahasa Indonesia","id_ID":"Bahasa Indonesia (Indonesia)","bm":"Bambara","bm_Latn_ML":"Bambara (Latin, Mali)","bm_Latn":"Bambara (Latin)","eu":"Bask","eu_ES":"Bask (Spanyol)","nl":"Belanda","nl_AW":"Belanda (Aruba)","nl_NL":"Belanda (Belanda)","nl_BE":"Belanda (Belgia)","nl_CW":"Belanda (Cura\u00e7ao)","nl_BQ":"Belanda (Karibia Belanda)","nl_SX":"Belanda (Sint Maarten)","nl_SR":"Belanda (Suriname)","be":"Belarusia","be_BY":"Belarusia (Belarus)","bn":"Bengali","bn_BD":"Bengali (Bangladesh)","bn_IN":"Bengali (India)","nb":"Bokm\u00e5l Norwegia","nb_SJ":"Bokm\u00e5l Norwegia (Kepulauan Svalbard dan Jan Mayen)","nb_NO":"Bokm\u00e5l Norwegia (Norwegia)","bs":"Bosnia","bs_BA":"Bosnia (Bosnia dan Herzegovina)","bs_Latn_BA":"Bosnia (Latin, Bosnia dan Herzegovina)","bs_Latn":"Bosnia (Latin)","bs_Cyrl_BA":"Bosnia (Sirilik, Bosnia dan Herzegovina)","bs_Cyrl":"Bosnia (Sirilik)","br":"Breton","br_FR":"Breton (Prancis)","bg":"Bulgar","bg_BG":"Bulgar (Bulgaria)","my":"Burma","my_MM":"Burma (Myanmar (Burma))","cs":"Cheska","cs_CZ":"Cheska (Republik Cheska)","zh":"China","zh_CN":"China (China)","zh_HK":"China (Hong Kong SAR China)","zh_MO":"China (Makau SAR China)","zh_Hans_CN":"China (Sederhana, China)","zh_Hans_HK":"China (Sederhana, Hong Kong SAR China)","zh_Hans_MO":"China (Sederhana, Makau SAR China)","zh_Hans_SG":"China (Sederhana, Singapura)","zh_Hans":"China (Sederhana)","zh_SG":"China (Singapura)","zh_TW":"China (Taiwan)","zh_Hant_HK":"China (Tradisional, Hong Kong SAR China)","zh_Hant_MO":"China (Tradisional, Makau SAR China)","zh_Hant_TW":"China (Tradisional, Taiwan)","zh_Hant":"China (Tradisional)","da":"Dansk","da_DK":"Dansk (Denmark)","da_GL":"Dansk (Grinlandia)","dz":"Dzongkha","dz_BT":"Dzongkha (Bhutan)","eo":"Esperanto","et":"Esti","et_EE":"Esti (Estonia)","ee":"Ewe","ee_GH":"Ewe (Ghana)","ee_TG":"Ewe (Togo)","fo":"Faro","fo_FO":"Faro (Kepulauan Faroe)","fy":"Frisia Barat","fy_NL":"Frisia Barat (Belanda)","ff":"Fula","ff_GN":"Fula (Guinea)","ff_CM":"Fula (Kamerun)","ff_MR":"Fula (Mauritania)","ff_SN":"Fula (Senegal)","gd":"Gaelik Skotlandia","gd_GB":"Gaelik Skotlandia (Inggris)","gl":"Galisia","gl_ES":"Galisia (Spanyol)","lg":"Ganda","lg_UG":"Ganda (Uganda)","ka":"Georgia","ka_GE":"Georgia (Georgia)","gu":"Gujarati","gu_IN":"Gujarati (India)","ha":"Hausa","ha_GH":"Hausa (Ghana)","ha_Latn_GH":"Hausa (Latin, Ghana)","ha_Latn_NE":"Hausa (Latin, Niger)","ha_Latn_NG":"Hausa (Latin, Nigeria)","ha_Latn":"Hausa (Latin)","ha_NE":"Hausa (Niger)","ha_NG":"Hausa (Nigeria)","hi":"Hindi","hi_IN":"Hindi (India)","hu":"Hungaria","hu_HU":"Hungaria (Hungaria)","he":"Ibrani","he_IL":"Ibrani (Israel)","ig":"Igbo","ig_NG":"Igbo (Nigeria)","en":"Inggris","en_ZA":"Inggris (Afrika Selatan)","en_US":"Inggris (Amerika Serikat)","en_AI":"Inggris (Anguilla)","en_AG":"Inggris (Antigua dan Barbuda)","en_AU":"Inggris (Australia)","en_BS":"Inggris (Bahama)","en_BB":"Inggris (Barbados)","en_BE":"Inggris (Belgia)","en_BZ":"Inggris (Belize)","en_BM":"Inggris (Bermuda)","en_BW":"Inggris (Botswana)","en_DG":"Inggris (Diego Garcia)","en_DM":"Inggris (Dominika)","en_ER":"Inggris (Eritrea)","en_FJ":"Inggris (Fiji)","en_PH":"Inggris (Filipina)","en_GM":"Inggris (Gambia)","en_GH":"Inggris (Ghana)","en_GI":"Inggris (Gibraltar)","en_GD":"Inggris (Grenada)","en_GU":"Inggris (Guam)","en_GG":"Inggris (Guernsey)","en_GY":"Inggris (Guyana)","en_HK":"Inggris (Hong Kong SAR China)","en_IN":"Inggris (India)","en_GB":"Inggris (Inggris)","en_IE":"Inggris (Irlandia)","en_JM":"Inggris (Jamaika)","en_JE":"Inggris (Jersey)","en_CM":"Inggris (Kamerun)","en_CA":"Inggris (Kanada)","en_KE":"Inggris (Kenya)","en_KY":"Inggris (Kepulauan Cayman)","en_CC":"Inggris (Kepulauan Cocos)","en_CK":"Inggris (Kepulauan Cook)","en_FK":"Inggris (Kepulauan Malvinas)","en_MP":"Inggris (Kepulauan Mariana Utara)","en_MH":"Inggris (Kepulauan Marshall)","en_NF":"Inggris (Kepulauan Norfolk)","en_PN":"Inggris (Kepulauan Pitcairn)","en_SB":"Inggris (Kepulauan Solomon)","en_UM":"Inggris (Kepulauan Terluar A.S.)","en_TC":"Inggris (Kepulauan Turks dan Caicos)","en_VI":"Inggris (Kepulauan Virgin A.S.)","en_VG":"Inggris (Kepulauan Virgin Inggris)","en_KI":"Inggris (Kiribati)","en_LS":"Inggris (Lesotho)","en_LR":"Inggris (Liberia)","en_MG":"Inggris (Madagaskar)","en_MO":"Inggris (Makau SAR China)","en_MW":"Inggris (Malawi)","en_MY":"Inggris (Malaysia)","en_MT":"Inggris (Malta)","en_MU":"Inggris (Mauritius)","en_FM":"Inggris (Mikronesia)","en_MS":"Inggris (Montserrat)","en_NA":"Inggris (Namibia)","en_NR":"Inggris (Nauru)","en_NG":"Inggris (Nigeria)","en_NU":"Inggris (Niue)","en_PK":"Inggris (Pakistan)","en_PW":"Inggris (Palau)","en_PG":"Inggris (Papua Nugini)","en_PR":"Inggris (Puerto Riko)","en_CX":"Inggris (Pulau Christmas)","en_IM":"Inggris (Pulau Man)","en_RW":"Inggris (Rwanda)","en_SH":"Inggris (Saint Helena)","en_KN":"Inggris (Saint Kitts dan Nevis)","en_LC":"Inggris (Saint Lucia)","en_VC":"Inggris (Saint Vincent dan Grenadines)","en_AS":"Inggris (Samoa Amerika)","en_WS":"Inggris (Samoa)","en_NZ":"Inggris (Selandia Baru)","en_SC":"Inggris (Seychelles)","en_SL":"Inggris (Sierra Leone)","en_SG":"Inggris (Singapura)","en_SX":"Inggris (Sint Maarten)","en_SS":"Inggris (Sudan Selatan)","en_SD":"Inggris (Sudan)","en_SZ":"Inggris (Swaziland)","en_TZ":"Inggris (Tanzania)","en_TK":"Inggris (Tokelau)","en_TO":"Inggris (Tonga)","en_TT":"Inggris (Trinidad dan Tobago)","en_TV":"Inggris (Tuvalu)","en_UG":"Inggris (Uganda)","en_VU":"Inggris (Vanuatu)","en_IO":"Inggris (Wilayah Inggris di Samudra Hindia)","en_ZM":"Inggris (Zambia)","en_ZW":"Inggris (Zimbabwe)","ga":"Irlandia","ga_IE":"Irlandia (Irlandia)","is":"Islandia","is_IS":"Islandia (Islandia)","it":"Italia","it_IT":"Italia (Italia)","it_SM":"Italia (San Marino)","it_CH":"Italia (Swiss)","ja":"Jepang","ja_JP":"Jepang (Jepang)","de":"Jerman","de_AT":"Jerman (Austria)","de_BE":"Jerman (Belgia)","de_DE":"Jerman (Jerman)","de_LI":"Jerman (Liechtenstein)","de_LU":"Jerman (Luksemburg)","de_CH":"Jerman (Swiss)","kl":"Kalaallisut","kl_GL":"Kalaallisut (Grinlandia)","kn":"Kannada","kn_IN":"Kannada (India)","ks":"Kashmir","ks_Arab_IN":"Kashmir (Arab, India)","ks_Arab":"Kashmir (Arab)","ks_IN":"Kashmir (India)","ca":"Katalan","ca_AD":"Katalan (Andorra)","ca_IT":"Katalan (Italia)","ca_FR":"Katalan (Prancis)","ca_ES":"Katalan (Spanyol)","kk":"Kazakh","kk_KZ":"Kazakh (Kazakstan)","kk_Cyrl_KZ":"Kazakh (Sirilik, Kazakstan)","kk_Cyrl":"Kazakh (Sirilik)","km":"Khmer","km_KH":"Khmer (Kamboja)","ki":"Kikuyu","ki_KE":"Kikuyu (Kenya)","rw":"Kinyarwanda","rw_RW":"Kinyarwanda (Rwanda)","ky":"Kirgiz","ky_KG":"Kirgiz (Kirgistan)","ky_Cyrl_KG":"Kirgiz (Sirilik, Kirgistan)","ky_Cyrl":"Kirgiz (Sirilik)","ko":"Korea","ko_KR":"Korea (Korea Selatan)","ko_KP":"Korea (Korea Utara)","kw":"Kornish","kw_GB":"Kornish (Inggris)","hr":"Kroasia","hr_BA":"Kroasia (Bosnia dan Herzegovina)","hr_HR":"Kroasia (Kroasia)","lo":"Lao","lo_LA":"Lao (Laos)","lv":"Latvi","lv_LV":"Latvi (Latvia)","ln":"Lingala","ln_AO":"Lingala (Angola)","ln_CG":"Lingala (Kongo - Brazzaville)","ln_CD":"Lingala (Kongo - Kinshasa)","ln_CF":"Lingala (Republik Afrika Tengah)","lt":"Lituavi","lt_LT":"Lituavi (Lituania)","lu":"Luba-Katanga","lu_CD":"Luba-Katanga (Kongo - Kinshasa)","lb":"Luksemburg","lb_LU":"Luksemburg (Luksemburg)","mk":"Makedonia","mk_MK":"Makedonia (Makedonia)","mg":"Malagasi","mg_MG":"Malagasi (Madagaskar)","ml":"Malayalam","ml_IN":"Malayalam (India)","mt":"Malta","mt_MT":"Malta (Malta)","gv":"Manx","gv_IM":"Manx (Pulau Man)","mr":"Marathi","mr_IN":"Marathi (India)","ms":"Melayu","ms_BN":"Melayu (Brunei)","ms_Latn_BN":"Melayu (Latin, Brunei)","ms_Latn_MY":"Melayu (Latin, Malaysia)","ms_Latn_SG":"Melayu (Latin, Singapura)","ms_Latn":"Melayu (Latin)","ms_MY":"Melayu (Malaysia)","ms_SG":"Melayu (Singapura)","mn":"Mongolia","mn_MN":"Mongolia (Mongolia)","mn_Cyrl_MN":"Mongolia (Sirilik, Mongolia)","mn_Cyrl":"Mongolia (Sirilik)","nd":"Ndebele Utara","nd_ZW":"Ndebele Utara (Zimbabwe)","ne":"Nepali","ne_IN":"Nepali (India)","ne_NP":"Nepali (Nepal)","no":"Norwegia","no_NO":"Norwegia (Norwegia)","nn":"Nynorsk Norwegia","nn_NO":"Nynorsk Norwegia (Norwegia)","or":"Oriya","or_IN":"Oriya (India)","om":"Oromo","om_ET":"Oromo (Etiopia)","om_KE":"Oromo (Kenya)","os":"Ossetia","os_GE":"Ossetia (Georgia)","os_RU":"Ossetia (Rusia)","ps":"Pashto","ps_AF":"Pashto (Afganistan)","fa":"Persia","fa_AF":"Persia (Afganistan)","fa_IR":"Persia (Iran)","pl":"Polski","pl_PL":"Polski (Polandia)","pt":"Portugis","pt_AO":"Portugis (Angola)","pt_BR":"Portugis (Brasil)","pt_GW":"Portugis (Guinea-Bissau)","pt_MO":"Portugis (Makau SAR China)","pt_MZ":"Portugis (Mozambik)","pt_PT":"Portugis (Portugal)","pt_ST":"Portugis (Sao Tome dan Principe)","pt_CV":"Portugis (Tanjung Verde)","pt_TL":"Portugis (Timor Leste)","fr":"Prancis","fr_DZ":"Prancis (Aljazair)","fr_BE":"Prancis (Belgia)","fr_BJ":"Prancis (Benin)","fr_BF":"Prancis (Burkina Faso)","fr_BI":"Prancis (Burundi)","fr_TD":"Prancis (Cad)","fr_CI":"Prancis (Cote d\u2019Ivoire)","fr_GA":"Prancis (Gabon)","fr_GP":"Prancis (Guadeloupe)","fr_GQ":"Prancis (Guinea Ekuatorial)","fr_GN":"Prancis (Guinea)","fr_GF":"Prancis (Guyana Prancis)","fr_HT":"Prancis (Haiti)","fr_DJ":"Prancis (Jibuti)","fr_NC":"Prancis (Kaledonia Baru)","fr_CM":"Prancis (Kamerun)","fr_CA":"Prancis (Kanada)","fr_WF":"Prancis (Kepulauan Wallis dan Futuna)","fr_KM":"Prancis (Komoro)","fr_CG":"Prancis (Kongo - Brazzaville)","fr_CD":"Prancis (Kongo - Kinshasa)","fr_LU":"Prancis (Luksemburg)","fr_MG":"Prancis (Madagaskar)","fr_ML":"Prancis (Mali)","fr_MA":"Prancis (Maroko)","fr_MQ":"Prancis (Martinik)","fr_MR":"Prancis (Mauritania)","fr_MU":"Prancis (Mauritius)","fr_YT":"Prancis (Mayotte)","fr_MC":"Prancis (Monako)","fr_NE":"Prancis (Niger)","fr_PF":"Prancis (Polinesia Prancis)","fr_FR":"Prancis (Prancis)","fr_CF":"Prancis (Republik Afrika Tengah)","fr_RE":"Prancis (R\u00e9union)","fr_RW":"Prancis (Rwanda)","fr_BL":"Prancis (Saint Barthelemy)","fr_MF":"Prancis (Saint Martin)","fr_PM":"Prancis (Saint Pierre dan Miquelon)","fr_SN":"Prancis (Senegal)","fr_SC":"Prancis (Seychelles)","fr_SY":"Prancis (Suriah)","fr_CH":"Prancis (Swiss)","fr_TG":"Prancis (Togo)","fr_TN":"Prancis (Tunisia)","fr_VU":"Prancis (Vanuatu)","pa":"Punjabi","pa_Arab_PK":"Punjabi (Arab, Pakistan)","pa_Arab":"Punjabi (Arab)","pa_Guru_IN":"Punjabi (Gurmukhi, India)","pa_Guru":"Punjabi (Gurmukhi)","pa_IN":"Punjabi (India)","pa_PK":"Punjabi (Pakistan)","qu":"Quechua","qu_BO":"Quechua (Bolivia)","qu_EC":"Quechua (Ekuador)","qu_PE":"Quechua (Peru)","rm":"Reto-Roman","rm_CH":"Reto-Roman (Swiss)","ro":"Rumania","ro_MD":"Rumania (Moldova)","ro_RO":"Rumania (Rumania)","rn":"Rundi","rn_BI":"Rundi (Burundi)","ru":"Rusia","ru_BY":"Rusia (Belarus)","ru_KZ":"Rusia (Kazakstan)","ru_KG":"Rusia (Kirgistan)","ru_MD":"Rusia (Moldova)","ru_RU":"Rusia (Rusia)","ru_UA":"Rusia (Ukraina)","se":"Sami Utara","se_FI":"Sami Utara (Finlandia)","se_NO":"Sami Utara (Norwegia)","se_SE":"Sami Utara (Swedia)","sg":"Sango","sg_CF":"Sango (Republik Afrika Tengah)","sr":"Serb","sr_BA":"Serb (Bosnia dan Herzegovina)","sr_XK":"Serb (Kosovo)","sr_Latn_BA":"Serb (Latin, Bosnia dan Herzegovina)","sr_Latn_XK":"Serb (Latin, Kosovo)","sr_Latn_ME":"Serb (Latin, Montenegro)","sr_Latn_RS":"Serb (Latin, Serbia)","sr_Latn":"Serb (Latin)","sr_ME":"Serb (Montenegro)","sr_RS":"Serb (Serbia)","sr_Cyrl_BA":"Serb (Sirilik, Bosnia dan Herzegovina)","sr_Cyrl_XK":"Serb (Sirilik, Kosovo)","sr_Cyrl_ME":"Serb (Sirilik, Montenegro)","sr_Cyrl_RS":"Serb (Sirilik, Serbia)","sr_Cyrl":"Serb (Sirilik)","sh":"Serbo-Kroasia","sh_BA":"Serbo-Kroasia (Bosnia dan Herzegovina)","sn":"Shona","sn_ZW":"Shona (Zimbabwe)","ii":"Sichuan Yi","ii_CN":"Sichuan Yi (China)","si":"Sinhala","si_LK":"Sinhala (Sri Lanka)","sk":"Slovak","sk_SK":"Slovak (Slovakia)","sl":"Sloven","sl_SI":"Sloven (Slovenia)","so":"Somali","so_ET":"Somali (Etiopia)","so_DJ":"Somali (Jibuti)","so_KE":"Somali (Kenya)","so_SO":"Somali (Somalia)","es":"Spanyol","es_US":"Spanyol (Amerika Serikat)","es_AR":"Spanyol (Argentina)","es_BO":"Spanyol (Bolivia)","es_EA":"Spanyol (Ceuta dan Melilla)","es_CL":"Spanyol (Cile)","es_EC":"Spanyol (Ekuador)","es_SV":"Spanyol (El Salvador)","es_PH":"Spanyol (Filipina)","es_GT":"Spanyol (Guatemala)","es_GQ":"Spanyol (Guinea Ekuatorial)","es_HN":"Spanyol (Honduras)","es_IC":"Spanyol (Kepulauan Canary)","es_CO":"Spanyol (Kolombia)","es_CR":"Spanyol (Kosta Rika)","es_CU":"Spanyol (Kuba)","es_MX":"Spanyol (Meksiko)","es_NI":"Spanyol (Nikaragua)","es_PA":"Spanyol (Panama)","es_PY":"Spanyol (Paraguay)","es_PE":"Spanyol (Peru)","es_PR":"Spanyol (Puerto Riko)","es_DO":"Spanyol (Republik Dominika)","es_ES":"Spanyol (Spanyol)","es_UY":"Spanyol (Uruguay)","es_VE":"Spanyol (Venezuela)","fi":"Suomi","fi_FI":"Suomi (Finlandia)","sw":"Swahili","sw_KE":"Swahili (Kenya)","sw_TZ":"Swahili (Tanzania)","sw_UG":"Swahili (Uganda)","sv":"Swedia","sv_FI":"Swedia (Finlandia)","sv_AX":"Swedia (Kepulauan Aland)","sv_SE":"Swedia (Swedia)","tl":"Tagalog","tl_PH":"Tagalog (Filipina)","ta":"Tamil","ta_IN":"Tamil (India)","ta_MY":"Tamil (Malaysia)","ta_SG":"Tamil (Singapura)","ta_LK":"Tamil (Sri Lanka)","te":"Telugu","te_IN":"Telugu (India)","th":"Thai","th_TH":"Thai (Thailand)","bo":"Tibet","bo_CN":"Tibet (China)","bo_IN":"Tibet (India)","ti":"Tigrinya","ti_ER":"Tigrinya (Eritrea)","ti_ET":"Tigrinya (Etiopia)","to":"Tonga","to_TO":"Tonga (Tonga)","tr":"Turki","tr_CY":"Turki (Siprus)","tr_TR":"Turki (Turki)","uk":"Ukraina","uk_UA":"Ukraina (Ukraina)","ur":"Urdu","ur_IN":"Urdu (India)","ur_PK":"Urdu (Pakistan)","ug":"Uyghur","ug_Arab_CN":"Uyghur (Arab, China)","ug_Arab":"Uyghur (Arab)","ug_CN":"Uyghur (China)","uz":"Uzbek","uz_AF":"Uzbek (Afganistan)","uz_Arab_AF":"Uzbek (Arab, Afganistan)","uz_Arab":"Uzbek (Arab)","uz_Latn_UZ":"Uzbek (Latin, Uzbekistan)","uz_Latn":"Uzbek (Latin)","uz_Cyrl_UZ":"Uzbek (Sirilik, Uzbekistan)","uz_Cyrl":"Uzbek (Sirilik)","uz_UZ":"Uzbek (Uzbekistan)","vi":"Vietnam","vi_VN":"Vietnam (Vietnam)","cy":"Welsh","cy_GB":"Welsh (Inggris)","yi":"Yiddish","yo":"Yoruba","yo_BJ":"Yoruba (Benin)","yo_NG":"Yoruba (Nigeria)","el":"Yunani","el_CY":"Yunani (Siprus)","el_GR":"Yunani (Yunani)","zu":"Zulu","zu_ZA":"Zulu (Afrika Selatan)"}