{"af":"afr\u00edkanska","af_NA":"afr\u00edkanska (Namib\u00eda)","af_ZA":"afr\u00edkanska (Su\u00f0ur-Afr\u00edka)","ak":"akan","ak_GH":"akan (Gana)","sq":"albanska","sq_AL":"albanska (Alban\u00eda)","sq_XK":"albanska (K\u00f3s\u00f3v\u00f3)","sq_MK":"albanska (Maked\u00f3n\u00eda)","am":"amhar\u00edska","am_ET":"amhar\u00edska (E\u00fe\u00ed\u00f3p\u00eda)","ar":"arab\u00edska","ar_DZ":"arab\u00edska (Als\u00edr)","ar_BH":"arab\u00edska (Barein)","ar_DJ":"arab\u00edska (Dj\u00edb\u00fat\u00ed)","ar_EG":"arab\u00edska (Egyptaland)","ar_ER":"arab\u00edska (Er\u00edtrea)","ar_PS":"arab\u00edska (Heimastj\u00f3rnarsv\u00e6\u00f0i Palest\u00ednumanna)","ar_IQ":"arab\u00edska (\u00cdrak)","ar_IL":"arab\u00edska (\u00cdsrael)","ar_YE":"arab\u00edska (Jemen)","ar_JO":"arab\u00edska (J\u00f3rdan\u00eda)","ar_QA":"arab\u00edska (Katar)","ar_KM":"arab\u00edska (K\u00f3moreyjar)","ar_KW":"arab\u00edska (K\u00faveit)","ar_LB":"arab\u00edska (L\u00edbanon)","ar_LY":"arab\u00edska (L\u00edb\u00eda)","ar_MA":"arab\u00edska (Marokk\u00f3)","ar_MR":"arab\u00edska (M\u00e1ritan\u00eda)","ar_OM":"arab\u00edska (\u00d3man)","ar_AE":"arab\u00edska (Sameinu\u00f0u arab\u00edsku furstad\u00e6min)","ar_SA":"arab\u00edska (S\u00e1di-Arab\u00eda)","ar_SO":"arab\u00edska (S\u00f3mal\u00eda)","ar_SS":"arab\u00edska (Su\u00f0ur-S\u00fadan)","ar_SD":"arab\u00edska (S\u00fadan)","ar_SY":"arab\u00edska (S\u00fdrland)","ar_TD":"arab\u00edska (Tsjad)","ar_TN":"arab\u00edska (T\u00fanis)","ar_EH":"arab\u00edska (Vestur-Sahara)","hy":"armenska","hy_AM":"armenska (Armen\u00eda)","az":"aserska","az_AZ":"aserska (Aserba\u00eddsjan)","az_Cyrl_AZ":"aserska (kyrill\u00edskt, Aserba\u00eddsjan)","az_Cyrl":"aserska (kyrill\u00edskt)","az_Latn_AZ":"aserska (latneskt, Aserba\u00eddsjan)","az_Latn":"aserska (latneskt)","as":"assamska","as_IN":"assamska (Indland)","bm":"bambara","bm_Latn_ML":"bambara (latneskt, Mal\u00ed)","bm_Latn":"bambara (latneskt)","eu":"baskneska","eu_ES":"baskneska (Sp\u00e1nn)","bn":"bengalska","bn_BD":"bengalska (Bangladess)","bn_IN":"bengalska (Indland)","bs":"bosn\u00edska","bs_BA":"bosn\u00edska (Bosn\u00eda og Herseg\u00f3v\u00edna)","bs_Cyrl_BA":"bosn\u00edska (kyrill\u00edskt, Bosn\u00eda og Herseg\u00f3v\u00edna)","bs_Cyrl":"bosn\u00edska (kyrill\u00edskt)","bs_Latn_BA":"bosn\u00edska (latneskt, Bosn\u00eda og Herseg\u00f3v\u00edna)","bs_Latn":"bosn\u00edska (latneskt)","br":"bret\u00f3nska","br_FR":"bret\u00f3nska (Frakkland)","my":"burmneska","my_MM":"burmneska (Mjanmar (B\u00farma))","bg":"b\u00falgarska","bg_BG":"b\u00falgarska (B\u00falgar\u00eda)","da":"danska","da_DK":"danska (Danm\u00f6rk)","da_GL":"danska (Gr\u00e6nland)","dz":"dsongka","dz_BT":"dsongka (B\u00fatan)","et":"eistneska","et_EE":"eistneska (Eistland)","en":"enska","en_AI":"enska (Angvilla)","en_AG":"enska (Ant\u00edgva og Barb\u00fada)","en_AU":"enska (\u00c1stral\u00eda)","en_BS":"enska (Bahamaeyjar)","en_US":"enska (Bandar\u00edkin)","en_AS":"enska (Bandar\u00edska Sam\u00f3a)","en_VI":"enska (Bandar\u00edsku J\u00f3mfr\u00faaeyjar)","en_BB":"enska (Barbados)","en_BE":"enska (Belg\u00eda)","en_BZ":"enska (Bel\u00eds)","en_BM":"enska (Berm\u00fadaeyjar)","en_BW":"enska (Botsvana)","en_IO":"enska (Bresku Indlandshafseyjar)","en_VG":"enska (Bresku J\u00f3mfr\u00faaeyjar)","en_GB":"enska (Bretland)","en_KY":"enska (Caymaneyjar)","en_CK":"enska (Cooks-eyjar)","en_DG":"enska (Diego Garcia)","en_DM":"enska (D\u00f3min\u00edka)","en_ER":"enska (Er\u00edtrea)","en_FK":"enska (Falklandseyjar)","en_PH":"enska (Filippseyjar)","en_FJ":"enska (F\u00eddjieyjar)","en_GM":"enska (Gamb\u00eda)","en_GH":"enska (Gana)","en_GI":"enska (G\u00edbraltar)","en_GD":"enska (Grenada)","en_GG":"enska (Guernsey)","en_GU":"enska (Gvam)","en_GY":"enska (Gv\u00e6jana)","en_IN":"enska (Indland)","en_IE":"enska (\u00cdrland)","en_JM":"enska (Jama\u00edka)","en_JE":"enska (Jersey)","en_CX":"enska (J\u00f3laey)","en_CM":"enska (Kamer\u00fan)","en_CA":"enska (Kanada)","en_KE":"enska (Ken\u00eda)","en_KI":"enska (K\u00edribat\u00ed)","en_CC":"enska (K\u00f3koseyjar (Keeling))","en_LS":"enska (Les\u00f3t\u00f3)","en_LR":"enska (L\u00edber\u00eda)","en_MG":"enska (Madagaskar)","en_MY":"enska (Malas\u00eda)","en_MW":"enska (Malav\u00ed)","en_MT":"enska (Malta)","en_MH":"enska (Marshalleyjar)","en_MU":"enska (M\u00e1rit\u00edus)","en_FM":"enska (M\u00edkr\u00f3nes\u00eda)","en_MS":"enska (Montserrat)","en_IM":"enska (M\u00f6n)","en_NA":"enska (Namib\u00eda)","en_NR":"enska (N\u00e1r\u00fa)","en_NU":"enska (Niue)","en_NG":"enska (N\u00edger\u00eda)","en_MP":"enska (Nor\u00f0ur-Mar\u00edanaeyjar)","en_NF":"enska (Norfolkeyja)","en_NZ":"enska (N\u00fdja-Sj\u00e1land)","en_PK":"enska (Pakistan)","en_PW":"enska (Pal\u00e1)","en_PG":"enska (Pap\u00faa N\u00fdja-G\u00ednea)","en_PN":"enska (Pitcairn-eyjar)","en_PR":"enska (P\u00faert\u00f3 R\u00edk\u00f3)","en_RW":"enska (R\u00faanda)","en_SB":"enska (Sal\u00f3monseyjar)","en_ZM":"enska (Samb\u00eda)","en_WS":"enska (Sam\u00f3a)","en_SH":"enska (Sankti Helena)","en_KN":"enska (Sankti Kitts og Nevis)","en_LC":"enska (Sankti L\u00fas\u00eda)","en_VC":"enska (Sankti Vinsent og Grenad\u00edneyjar)","en_SC":"enska (Seychelles-eyjar)","en_ZW":"enska (Simbabve)","en_SG":"enska (Singap\u00far)","en_SX":"enska (Sint Maarten)","en_SL":"enska (S\u00ederra Le\u00f3ne)","en_HK":"enska (Sj\u00e1lfstj\u00f3rnarsv\u00e6\u00f0i\u00f0 Hong Kong)","en_MO":"enska (Sj\u00e1lfstj\u00f3rnarsv\u00e6\u00f0i\u00f0 Maka\u00f3)","en_UM":"enska (Sm\u00e1eyjar Bandar\u00edkjanna)","en_ZA":"enska (Su\u00f0ur-Afr\u00edka)","en_SS":"enska (Su\u00f0ur-S\u00fadan)","en_SD":"enska (S\u00fadan)","en_SZ":"enska (Svas\u00edland)","en_TZ":"enska (Tansan\u00eda)","en_TO":"enska (Tonga)","en_TK":"enska (T\u00f3kel\u00e1)","en_TT":"enska (Tr\u00ednidad og T\u00f3bag\u00f3)","en_TC":"enska (Turks- og Caicoseyjar)","en_TV":"enska (T\u00faval\u00fa)","en_UG":"enska (\u00daganda)","en_VU":"enska (Van\u00faat\u00fa)","eo":"esperant\u00f3","ee":"ewe","ee_GH":"ewe (Gana)","ee_TG":"ewe (T\u00f3g\u00f3)","fi":"finnska","fi_FI":"finnska (Finnland)","fr":"franska","fr_DZ":"franska (Als\u00edr)","fr_BE":"franska (Belg\u00eda)","fr_BJ":"franska (Ben\u00edn)","fr_BF":"franska (B\u00fark\u00edna Fas\u00f3)","fr_BI":"franska (B\u00far\u00fand\u00ed)","fr_DJ":"franska (Dj\u00edb\u00fat\u00ed)","fr_CI":"franska (F\u00edlabeinsstr\u00f6ndin)","fr_FR":"franska (Frakkland)","fr_GF":"franska (Franska Gv\u00e6jana)","fr_PF":"franska (Franska P\u00f3l\u00fdnes\u00eda)","fr_GA":"franska (Gabon)","fr_GN":"franska (G\u00ednea)","fr_GP":"franska (Gvadel\u00fapeyjar)","fr_HT":"franska (Ha\u00edt\u00ed)","fr_CM":"franska (Kamer\u00fan)","fr_CA":"franska (Kanada)","fr_CG":"franska (Kong\u00f3-Brazzaville)","fr_CD":"franska (Kong\u00f3-Kinshasa)","fr_KM":"franska (K\u00f3moreyjar)","fr_LU":"franska (L\u00faxemborg)","fr_MG":"franska (Madagaskar)","fr_ML":"franska (Mal\u00ed)","fr_MA":"franska (Marokk\u00f3)","fr_MQ":"franska (Martin\u00edk)","fr_YT":"franska (Mayotte)","fr_MR":"franska (M\u00e1ritan\u00eda)","fr_MU":"franska (M\u00e1rit\u00edus)","fr_CF":"franska (Mi\u00f0-Afr\u00edkul\u00fd\u00f0veldi\u00f0)","fr_GQ":"franska (Mi\u00f0baugs-G\u00ednea)","fr_MC":"franska (M\u00f3nak\u00f3)","fr_NE":"franska (N\u00edger)","fr_NC":"franska (N\u00fdja-Kaled\u00f3n\u00eda)","fr_RE":"franska (R\u00e9union)","fr_RW":"franska (R\u00faanda)","fr_BL":"franska (Saint Barth\u00e9lemy)","fr_MF":"franska (Saint Martin)","fr_PM":"franska (Sankti Pierre og Miquelon)","fr_SN":"franska (Senegal)","fr_SC":"franska (Seychelles-eyjar)","fr_CH":"franska (Sviss)","fr_SY":"franska (S\u00fdrland)","fr_TG":"franska (T\u00f3g\u00f3)","fr_TD":"franska (Tsjad)","fr_TN":"franska (T\u00fanis)","fr_VU":"franska (Van\u00faat\u00fa)","fr_WF":"franska (Wallis- og F\u00fat\u00fanaeyjar)","ff":"f\u00fala","ff_GN":"f\u00fala (G\u00ednea)","ff_CM":"f\u00fala (Kamer\u00fan)","ff_MR":"f\u00fala (M\u00e1ritan\u00eda)","ff_SN":"f\u00fala (Senegal)","fo":"f\u00e6reyska","fo_FO":"f\u00e6reyska (F\u00e6reyjar)","gl":"gal\u00edanska","gl_ES":"gal\u00edanska (Sp\u00e1nn)","lg":"ganda","lg_UG":"ganda (\u00daganda)","ka":"georg\u00edska","ka_GE":"georg\u00edska (Georg\u00eda)","el":"gr\u00edska","el_GR":"gr\u00edska (Grikkland)","el_CY":"gr\u00edska (K\u00fdpur)","kl":"gr\u00e6nlenska","kl_GL":"gr\u00e6nlenska (Gr\u00e6nland)","gu":"g\u00fajarat\u00ed","gu_IN":"g\u00fajarat\u00ed (Indland)","ha":"h\u00e1sa","ha_GH":"h\u00e1sa (Gana)","ha_Latn_GH":"h\u00e1sa (latneskt, Gana)","ha_Latn_NE":"h\u00e1sa (latneskt, N\u00edger)","ha_Latn_NG":"h\u00e1sa (latneskt, N\u00edger\u00eda)","ha_Latn":"h\u00e1sa (latneskt)","ha_NE":"h\u00e1sa (N\u00edger)","ha_NG":"h\u00e1sa (N\u00edger\u00eda)","he":"hebreska","he_IL":"hebreska (\u00cdsrael)","hi":"hind\u00ed","hi_IN":"hind\u00ed (Indland)","nl":"hollenska","nl_AW":"hollenska (Ar\u00faba)","nl_BE":"hollenska (Belg\u00eda)","nl_CW":"hollenska (Curacao)","nl_NL":"hollenska (Holland)","nl_BQ":"hollenska (Kar\u00edbahafshluti Hollands)","nl_SX":"hollenska (Sint Maarten)","nl_SR":"hollenska (S\u00far\u00ednam)","be":"hv\u00edtr\u00fassneska","be_BY":"hv\u00edtr\u00fassneska (Hv\u00edta-R\u00fassland)","id":"ind\u00f3nes\u00edska","id_ID":"ind\u00f3nes\u00edska (Ind\u00f3nes\u00eda)","ig":"\u00edgb\u00f3","ig_NG":"\u00edgb\u00f3 (N\u00edger\u00eda)","ga":"\u00edrska","ga_IE":"\u00edrska (\u00cdrland)","is":"\u00edslenska","is_IS":"\u00edslenska (\u00cdsland)","it":"\u00edtalska","it_IT":"\u00edtalska (\u00cdtal\u00eda)","it_SM":"\u00edtalska (San Mar\u00edn\u00f3)","it_CH":"\u00edtalska (Sviss)","ja":"japanska","ja_JP":"japanska (Japan)","yi":"jidd\u00edska","yo":"j\u00f3r\u00faba","yo_BJ":"j\u00f3r\u00faba (Ben\u00edn)","yo_NG":"j\u00f3r\u00faba (N\u00edger\u00eda)","kn":"kannada","kn_IN":"kannada (Indland)","kk":"kasakska","kk_KZ":"kasakska (Kasakstan)","kk_Cyrl_KZ":"kasakska (kyrill\u00edskt, Kasakstan)","kk_Cyrl":"kasakska (kyrill\u00edskt)","ks":"kasm\u00edrska","ks_Arab_IN":"kasm\u00edrska (arab\u00edskt, Indland)","ks_Arab":"kasm\u00edrska (arab\u00edskt)","ks_IN":"kasm\u00edrska (Indland)","ca":"katal\u00f3nska","ca_AD":"katal\u00f3nska (Andorra)","ca_FR":"katal\u00f3nska (Frakkland)","ca_IT":"katal\u00f3nska (\u00cdtal\u00eda)","ca_ES":"katal\u00f3nska (Sp\u00e1nn)","ky":"kirgiska","ky_KG":"kirgiska (Kirgistan)","ky_Cyrl_KG":"kirgiska (kyrill\u00edskt, Kirgistan)","ky_Cyrl":"kirgiska (kyrill\u00edskt)","ki":"k\u00edk\u00faj\u00fa","ki_KE":"k\u00edk\u00faj\u00fa (Ken\u00eda)","rw":"k\u00ednjarvanda","rw_RW":"k\u00ednjarvanda (R\u00faanda)","zh":"k\u00ednverska","zh_Hans_CN":"k\u00ednverska (einfalda\u00f0, K\u00edna)","zh_Hans_SG":"k\u00ednverska (einfalda\u00f0, Singap\u00far)","zh_Hans_HK":"k\u00ednverska (einfalda\u00f0, Sj\u00e1lfstj\u00f3rnarsv\u00e6\u00f0i\u00f0 Hong Kong)","zh_Hans_MO":"k\u00ednverska (einfalda\u00f0, Sj\u00e1lfstj\u00f3rnarsv\u00e6\u00f0i\u00f0 Maka\u00f3)","zh_Hans":"k\u00ednverska (einfalda\u00f0)","zh_Hant_HK":"k\u00ednverska (hef\u00f0bundi\u00f0, Sj\u00e1lfstj\u00f3rnarsv\u00e6\u00f0i\u00f0 Hong Kong)","zh_Hant_MO":"k\u00ednverska (hef\u00f0bundi\u00f0, Sj\u00e1lfstj\u00f3rnarsv\u00e6\u00f0i\u00f0 Maka\u00f3)","zh_Hant_TW":"k\u00ednverska (hef\u00f0bundi\u00f0, Ta\u00edvan)","zh_Hant":"k\u00ednverska (hef\u00f0bundi\u00f0)","zh_CN":"k\u00ednverska (K\u00edna)","zh_SG":"k\u00ednverska (Singap\u00far)","zh_HK":"k\u00ednverska (Sj\u00e1lfstj\u00f3rnarsv\u00e6\u00f0i\u00f0 Hong Kong)","zh_MO":"k\u00ednverska (Sj\u00e1lfstj\u00f3rnarsv\u00e6\u00f0i\u00f0 Maka\u00f3)","zh_TW":"k\u00ednverska (Ta\u00edvan)","km":"kmer","km_KH":"kmer (Kamb\u00f3d\u00eda)","kw":"kornbreska","kw_GB":"kornbreska (Bretland)","ko":"k\u00f3reska","ko_KP":"k\u00f3reska (Nor\u00f0ur-K\u00f3rea)","ko_KR":"k\u00f3reska (Su\u00f0ur-K\u00f3rea)","hr":"kr\u00f3at\u00edska","hr_BA":"kr\u00f3at\u00edska (Bosn\u00eda og Herseg\u00f3v\u00edna)","hr_HR":"kr\u00f3at\u00edska (Kr\u00f3at\u00eda)","qu":"kvesj\u00faa","qu_BO":"kvesj\u00faa (B\u00f3liv\u00eda)","qu_EC":"kvesj\u00faa (Ekvador)","qu_PE":"kvesj\u00faa (Per\u00fa)","lo":"la\u00f3","lo_LA":"la\u00f3 (Laos)","lv":"lettneska","lv_LV":"lettneska (Lettland)","ln":"lingala","ln_AO":"lingala (Ang\u00f3la)","ln_CG":"lingala (Kong\u00f3-Brazzaville)","ln_CD":"lingala (Kong\u00f3-Kinshasa)","ln_CF":"lingala (Mi\u00f0-Afr\u00edkul\u00fd\u00f0veldi\u00f0)","lt":"lith\u00e1\u00edska","lt_LT":"lith\u00e1\u00edska (Lith\u00e1en)","lu":"l\u00fabakatanga","lu_CD":"l\u00fabakatanga (Kong\u00f3-Kinshasa)","lb":"l\u00faxemborg\u00edska","lb_LU":"l\u00faxemborg\u00edska (L\u00faxemborg)","mk":"maked\u00f3nska","mk_MK":"maked\u00f3nska (Maked\u00f3n\u00eda)","mg":"malagas\u00edska","mg_MG":"malagas\u00edska (Madagaskar)","ms":"mala\u00edska","ms_BN":"mala\u00edska (Br\u00fanei)","ms_Latn_BN":"mala\u00edska (latneskt, Br\u00fanei)","ms_Latn_MY":"mala\u00edska (latneskt, Malas\u00eda)","ms_Latn_SG":"mala\u00edska (latneskt, Singap\u00far)","ms_Latn":"mala\u00edska (latneskt)","ms_MY":"mala\u00edska (Malas\u00eda)","ms_SG":"mala\u00edska (Singap\u00far)","ml":"malajalam","ml_IN":"malajalam (Indland)","mt":"maltneska","mt_MT":"maltneska (Malta)","gv":"manska","gv_IM":"manska (M\u00f6n)","mr":"marat\u00ed","mr_IN":"marat\u00ed (Indland)","mn":"mong\u00f3lska","mn_Cyrl_MN":"mong\u00f3lska (kyrill\u00edskt, Mong\u00f3l\u00eda)","mn_Cyrl":"mong\u00f3lska (kyrill\u00edskt)","mn_MN":"mong\u00f3lska (Mong\u00f3l\u00eda)","ne":"nepalska","ne_IN":"nepalska (Indland)","ne_NP":"nepalska (Nepal)","nd":"nor\u00f0ur-ndebele","nd_ZW":"nor\u00f0ur-ndebele (Simbabve)","se":"nor\u00f0ursam\u00edska","se_FI":"nor\u00f0ursam\u00edska (Finnland)","se_NO":"nor\u00f0ursam\u00edska (Noregur)","se_SE":"nor\u00f0ursam\u00edska (Sv\u00ed\u00fej\u00f3\u00f0)","no":"norska","no_NO":"norska (Noregur)","nb":"norskt b\u00f3km\u00e1l","nb_NO":"norskt b\u00f3km\u00e1l (Noregur)","nb_SJ":"norskt b\u00f3km\u00e1l (Svalbar\u00f0i og Jan Mayen)","nn":"n\u00fdnorska","nn_NO":"n\u00fdnorska (Noregur)","om":"oromo","om_ET":"oromo (E\u00fe\u00ed\u00f3p\u00eda)","om_KE":"oromo (Ken\u00eda)","os":"osset\u00edska","os_GE":"osset\u00edska (Georg\u00eda)","os_RU":"osset\u00edska (R\u00fassland)","or":"\u00f3r\u00eda","or_IN":"\u00f3r\u00eda (Indland)","ps":"past\u00fa","ps_AF":"past\u00fa (Afganistan)","fa":"persneska","fa_AF":"persneska (Afganistan)","fa_IR":"persneska (\u00cdran)","pt":"port\u00fagalska","pt_AO":"port\u00fagalska (Ang\u00f3la)","pt_BR":"port\u00fagalska (Brasil\u00eda)","pt_GW":"port\u00fagalska (G\u00ednea-Biss\u00e1)","pt_CV":"port\u00fagalska (Gr\u00e6nh\u00f6f\u00f0aeyjar)","pt_MZ":"port\u00fagalska (M\u00f3samb\u00edk)","pt_PT":"port\u00fagalska (Port\u00fagal)","pt_ST":"port\u00fagalska (Sa\u00f3 T\u00f3me og Prins\u00edpe)","pt_MO":"port\u00fagalska (Sj\u00e1lfstj\u00f3rnarsv\u00e6\u00f0i\u00f0 Maka\u00f3)","pt_TL":"port\u00fagalska (T\u00edmor-Leste)","pl":"p\u00f3lska","pl_PL":"p\u00f3lska (P\u00f3lland)","pa":"p\u00fanjab\u00ed","pa_Arab_PK":"p\u00fanjab\u00ed (arab\u00edskt, Pakistan)","pa_Arab":"p\u00fanjab\u00ed (arab\u00edskt)","pa_Guru_IN":"p\u00fanjab\u00ed (gurmukhi, Indland)","pa_Guru":"p\u00fanjab\u00ed (gurmukhi)","pa_IN":"p\u00fanjab\u00ed (Indland)","pa_PK":"p\u00fanjab\u00ed (Pakistan)","rm":"r\u00f3manska","rm_CH":"r\u00f3manska (Sviss)","ro":"r\u00famenska","ro_MD":"r\u00famenska (Mold\u00f3va)","ro_RO":"r\u00famenska (R\u00famen\u00eda)","rn":"r\u00fand\u00ed","rn_BI":"r\u00fand\u00ed (B\u00far\u00fand\u00ed)","ru":"r\u00fassneska","ru_BY":"r\u00fassneska (Hv\u00edta-R\u00fassland)","ru_KZ":"r\u00fassneska (Kasakstan)","ru_KG":"r\u00fassneska (Kirgistan)","ru_MD":"r\u00fassneska (Mold\u00f3va)","ru_RU":"r\u00fassneska (R\u00fassland)","ru_UA":"r\u00fassneska (\u00dakra\u00edna)","sg":"sang\u00f3","sg_CF":"sang\u00f3 (Mi\u00f0-Afr\u00edkul\u00fd\u00f0veldi\u00f0)","sr":"serbneska","sr_BA":"serbneska (Bosn\u00eda og Herseg\u00f3v\u00edna)","sr_XK":"serbneska (K\u00f3s\u00f3v\u00f3)","sr_Cyrl_BA":"serbneska (kyrill\u00edskt, Bosn\u00eda og Herseg\u00f3v\u00edna)","sr_Cyrl_XK":"serbneska (kyrill\u00edskt, K\u00f3s\u00f3v\u00f3)","sr_Cyrl_RS":"serbneska (kyrill\u00edskt, Serb\u00eda)","sr_Cyrl_ME":"serbneska (kyrill\u00edskt, Svartfjallaland)","sr_Cyrl":"serbneska (kyrill\u00edskt)","sr_Latn_BA":"serbneska (latneskt, Bosn\u00eda og Herseg\u00f3v\u00edna)","sr_Latn_XK":"serbneska (latneskt, K\u00f3s\u00f3v\u00f3)","sr_Latn_RS":"serbneska (latneskt, Serb\u00eda)","sr_Latn_ME":"serbneska (latneskt, Svartfjallaland)","sr_Latn":"serbneska (latneskt)","sr_RS":"serbneska (Serb\u00eda)","sr_ME":"serbneska (Svartfjallaland)","sh":"serb\u00f3kr\u00f3at\u00edska","sh_BA":"serb\u00f3kr\u00f3at\u00edska (Bosn\u00eda og Herseg\u00f3v\u00edna)","sn":"shona","sn_ZW":"shona (Simbabve)","si":"singal\u00edska","si_LK":"singal\u00edska (Sr\u00ed Lanka)","ii":"s\u00eds\u00faanj\u00ed","ii_CN":"s\u00eds\u00faanj\u00ed (K\u00edna)","gd":"skosk gel\u00edska","gd_GB":"skosk gel\u00edska (Bretland)","sk":"sl\u00f3vak\u00edska","sk_SK":"sl\u00f3vak\u00edska (Sl\u00f3vak\u00eda)","sl":"sl\u00f3venska","sl_SI":"sl\u00f3venska (Sl\u00f3ven\u00eda)","so":"s\u00f3malska","so_DJ":"s\u00f3malska (Dj\u00edb\u00fat\u00ed)","so_ET":"s\u00f3malska (E\u00fe\u00ed\u00f3p\u00eda)","so_KE":"s\u00f3malska (Ken\u00eda)","so_SO":"s\u00f3malska (S\u00f3mal\u00eda)","es":"sp\u00e6nska","es_AR":"sp\u00e6nska (Argent\u00edna)","es_US":"sp\u00e6nska (Bandar\u00edkin)","es_BO":"sp\u00e6nska (B\u00f3liv\u00eda)","es_EA":"sp\u00e6nska (Ceuta og Melilla)","es_DO":"sp\u00e6nska (D\u00f3min\u00edska l\u00fd\u00f0veldi\u00f0)","es_EC":"sp\u00e6nska (Ekvador)","es_SV":"sp\u00e6nska (El Salvador)","es_PH":"sp\u00e6nska (Filippseyjar)","es_GT":"sp\u00e6nska (Gvatemala)","es_HN":"sp\u00e6nska (Hond\u00faras)","es_IC":"sp\u00e6nska (Kanar\u00edeyjar)","es_CR":"sp\u00e6nska (Kostar\u00edka)","es_CO":"sp\u00e6nska (K\u00f3lumb\u00eda)","es_CU":"sp\u00e6nska (K\u00faba)","es_MX":"sp\u00e6nska (Mex\u00edk\u00f3)","es_GQ":"sp\u00e6nska (Mi\u00f0baugs-G\u00ednea)","es_NI":"sp\u00e6nska (N\u00edkaragva)","es_PA":"sp\u00e6nska (Panama)","es_PY":"sp\u00e6nska (Paragv\u00e6)","es_PE":"sp\u00e6nska (Per\u00fa)","es_PR":"sp\u00e6nska (P\u00faert\u00f3 R\u00edk\u00f3)","es_CL":"sp\u00e6nska (S\u00edle)","es_ES":"sp\u00e6nska (Sp\u00e1nn)","es_UY":"sp\u00e6nska (\u00dar\u00fagv\u00e6)","es_VE":"sp\u00e6nska (Venes\u00faela)","zu":"s\u00fal\u00fa","zu_ZA":"s\u00fal\u00fa (Su\u00f0ur-Afr\u00edka)","sw":"svah\u00edl\u00ed","sw_KE":"svah\u00edl\u00ed (Ken\u00eda)","sw_TZ":"svah\u00edl\u00ed (Tansan\u00eda)","sw_UG":"svah\u00edl\u00ed (\u00daganda)","sv":"s\u00e6nska","sv_AX":"s\u00e6nska (\u00c1landseyjar)","sv_FI":"s\u00e6nska (Finnland)","sv_SE":"s\u00e6nska (Sv\u00ed\u00fej\u00f3\u00f0)","tl":"tagalog","tl_PH":"tagalog (Filippseyjar)","th":"ta\u00edlenska","th_TH":"ta\u00edlenska (Ta\u00edland)","ta":"tam\u00edlska","ta_IN":"tam\u00edlska (Indland)","ta_MY":"tam\u00edlska (Malas\u00eda)","ta_SG":"tam\u00edlska (Singap\u00far)","ta_LK":"tam\u00edlska (Sr\u00ed Lanka)","te":"tel\u00fag\u00fa","te_IN":"tel\u00fag\u00fa (Indland)","cs":"t\u00e9kkneska","cs_CZ":"t\u00e9kkneska (T\u00e9kkland)","bo":"t\u00edbeska","bo_IN":"t\u00edbeska (Indland)","bo_CN":"t\u00edbeska (K\u00edna)","ti":"t\u00edgrinja","ti_ER":"t\u00edgrinja (Er\u00edtrea)","ti_ET":"t\u00edgrinja (E\u00fe\u00ed\u00f3p\u00eda)","to":"tongverska","to_TO":"tongverska (Tonga)","tr":"tyrkneska","tr_CY":"tyrkneska (K\u00fdpur)","tr_TR":"tyrkneska (Tyrkland)","hu":"ungverska","hu_HU":"ungverska (Ungverjaland)","ug":"\u00fa\u00edg\u00far","ug_Arab_CN":"\u00fa\u00edg\u00far (arab\u00edskt, K\u00edna)","ug_Arab":"\u00fa\u00edg\u00far (arab\u00edskt)","ug_CN":"\u00fa\u00edg\u00far (K\u00edna)","uk":"\u00fakra\u00ednska","uk_UA":"\u00fakra\u00ednska (\u00dakra\u00edna)","ur":"\u00fard\u00fa","ur_IN":"\u00fard\u00fa (Indland)","ur_PK":"\u00fard\u00fa (Pakistan)","uz":"\u00fasbekska","uz_AF":"\u00fasbekska (Afganistan)","uz_Arab_AF":"\u00fasbekska (arab\u00edskt, Afganistan)","uz_Arab":"\u00fasbekska (arab\u00edskt)","uz_Cyrl_UZ":"\u00fasbekska (kyrill\u00edskt, \u00dasbekistan)","uz_Cyrl":"\u00fasbekska (kyrill\u00edskt)","uz_Latn_UZ":"\u00fasbekska (latneskt, \u00dasbekistan)","uz_Latn":"\u00fasbekska (latneskt)","uz_UZ":"\u00fasbekska (\u00dasbekistan)","cy":"velska","cy_GB":"velska (Bretland)","fy":"vesturfr\u00edsneska","fy_NL":"vesturfr\u00edsneska (Holland)","vi":"v\u00edetnamska","vi_VN":"v\u00edetnamska (V\u00edetnam)","de":"\u00fe\u00fdska","de_AT":"\u00fe\u00fdska (Austurr\u00edki)","de_BE":"\u00fe\u00fdska (Belg\u00eda)","de_LI":"\u00fe\u00fdska (Liechtenstein)","de_LU":"\u00fe\u00fdska (L\u00faxemborg)","de_CH":"\u00fe\u00fdska (Sviss)","de_DE":"\u00fe\u00fdska (\u00de\u00fdskaland)"}