{"af":"afrikaans","af_NA":"afrikaans (Namibia)","af_ZA":"afrikaans (Sudafrica)","ak":"akan","ak_GH":"akan (Ghana)","sq":"albanese","sq_AL":"albanese (Albania)","sq_XK":"albanese (Kosovo)","sq_MK":"albanese (Repubblica di Macedonia)","am":"amarico","am_ET":"amarico (Etiopia)","ar":"arabo","ar_DZ":"arabo (Algeria)","ar_SA":"arabo (Arabia Saudita)","ar_BH":"arabo (Bahrein)","ar_TD":"arabo (Ciad)","ar_KM":"arabo (Comore)","ar_EG":"arabo (Egitto)","ar_AE":"arabo (Emirati Arabi Uniti)","ar_ER":"arabo (Eritrea)","ar_DJ":"arabo (Gibuti)","ar_JO":"arabo (Giordania)","ar_IQ":"arabo (Iraq)","ar_IL":"arabo (Israele)","ar_KW":"arabo (Kuwait)","ar_LB":"arabo (Libano)","ar_LY":"arabo (Libia)","ar_MA":"arabo (Marocco)","ar_MR":"arabo (Mauritania)","ar_OM":"arabo (Oman)","ar_QA":"arabo (Qatar)","ar_EH":"arabo (Sahara Occidentale)","ar_SY":"arabo (Siria)","ar_SO":"arabo (Somalia)","ar_SS":"arabo (Sudan del Sud)","ar_SD":"arabo (Sudan)","ar_PS":"arabo (Territori palestinesi)","ar_TN":"arabo (Tunisia)","ar_YE":"arabo (Yemen)","hy":"armeno","hy_AM":"armeno (Armenia)","as":"assamese","as_IN":"assamese (India)","az":"azerbaigiano","az_AZ":"azerbaigiano (Azerbaigian)","az_Cyrl_AZ":"azerbaigiano (cirillico, Azerbaigian)","az_Cyrl":"azerbaigiano (cirillico)","az_Latn_AZ":"azerbaigiano (latino, Azerbaigian)","az_Latn":"azerbaigiano (latino)","bm":"bambara","bm_Latn_ML":"bambara (latino, Mali)","bm_Latn":"bambara (latino)","eu":"basco","eu_ES":"basco (Spagna)","bn":"bengalese","bn_BD":"bengalese (Bangladesh)","bn_IN":"bengalese (India)","be":"bielorusso","be_BY":"bielorusso (Bielorussia)","my":"birmano","my_MM":"birmano (Myanmar (Birmania))","bs":"bosniaco","bs_BA":"bosniaco (Bosnia-Erzegovina)","bs_Cyrl_BA":"bosniaco (cirillico, Bosnia-Erzegovina)","bs_Cyrl":"bosniaco (cirillico)","bs_Latn_BA":"bosniaco (latino, Bosnia-Erzegovina)","bs_Latn":"bosniaco (latino)","br":"bretone","br_FR":"bretone (Francia)","bg":"bulgaro","bg_BG":"bulgaro (Bulgaria)","ca":"catalano","ca_AD":"catalano (Andorra)","ca_FR":"catalano (Francia)","ca_IT":"catalano (Italia)","ca_ES":"catalano (Spagna)","cs":"ceco","cs_CZ":"ceco (Repubblica Ceca)","ky":"chirghiso","ky_Cyrl_KG":"chirghiso (cirillico, Kirghizistan)","ky_Cyrl":"chirghiso (cirillico)","ky_KG":"chirghiso (Kirghizistan)","zh":"cinese","zh_CN":"cinese (Cina)","zh_HK":"cinese (RAS di Hong Kong)","zh_MO":"cinese (RAS di Macao)","zh_Hans_CN":"cinese (semplificato, Cina)","zh_Hans_HK":"cinese (semplificato, RAS di Hong Kong)","zh_Hans_MO":"cinese (semplificato, RAS di Macao)","zh_Hans_SG":"cinese (semplificato, Singapore)","zh_Hans":"cinese (semplificato)","zh_SG":"cinese (Singapore)","zh_TW":"cinese (Taiwan)","zh_Hant_HK":"cinese (tradizionale, RAS di Hong Kong)","zh_Hant_MO":"cinese (tradizionale, RAS di Macao)","zh_Hant_TW":"cinese (tradizionale, Taiwan)","zh_Hant":"cinese (tradizionale)","ko":"coreano","ko_KP":"coreano (Corea del Nord)","ko_KR":"coreano (Corea del Sud)","kw":"cornico","kw_GB":"cornico (Regno Unito)","hr":"croato","hr_BA":"croato (Bosnia-Erzegovina)","hr_HR":"croato (Croazia)","da":"danese","da_DK":"danese (Danimarca)","da_GL":"danese (Groenlandia)","dz":"dzongkha","dz_BT":"dzongkha (Bhutan)","he":"ebraico","he_IL":"ebraico (Israele)","eo":"esperanto","et":"estone","et_EE":"estone (Estonia)","ee":"ewe","ee_GH":"ewe (Ghana)","ee_TG":"ewe (Togo)","fo":"faroese","fo_FO":"faroese (Isole Faroe)","fi":"finlandese","fi_FI":"finlandese (Finlandia)","fr":"francese","fr_DZ":"francese (Algeria)","fr_BE":"francese (Belgio)","fr_BJ":"francese (Benin)","fr_BF":"francese (Burkina Faso)","fr_BI":"francese (Burundi)","fr_CM":"francese (Camerun)","fr_CA":"francese (Canada)","fr_TD":"francese (Ciad)","fr_KM":"francese (Comore)","fr_CD":"francese (Congo - Kinshasa)","fr_CG":"francese (Congo-Brazzaville)","fr_CI":"francese (Costa d\u2019Avorio)","fr_FR":"francese (Francia)","fr_GA":"francese (Gabon)","fr_DJ":"francese (Gibuti)","fr_GP":"francese (Guadalupa)","fr_GF":"francese (Guiana Francese)","fr_GQ":"francese (Guinea Equatoriale)","fr_GN":"francese (Guinea)","fr_HT":"francese (Haiti)","fr_LU":"francese (Lussemburgo)","fr_MG":"francese (Madagascar)","fr_ML":"francese (Mali)","fr_MA":"francese (Marocco)","fr_MQ":"francese (Martinica)","fr_MR":"francese (Mauritania)","fr_MU":"francese (Mauritius)","fr_YT":"francese (Mayotte)","fr_MC":"francese (Monaco)","fr_NE":"francese (Niger)","fr_NC":"francese (Nuova Caledonia)","fr_PF":"francese (Polinesia Francese)","fr_CF":"francese (Repubblica Centrafricana)","fr_RE":"francese (R\u00e9union)","fr_RW":"francese (Ruanda)","fr_MF":"francese (Saint Martin)","fr_PM":"francese (Saint Pierre e Miquelon)","fr_BL":"francese (Saint-Barth\u00e9lemy)","fr_SN":"francese (Senegal)","fr_SC":"francese (Seychelles)","fr_SY":"francese (Siria)","fr_CH":"francese (Svizzera)","fr_TG":"francese (Togo)","fr_TN":"francese (Tunisia)","fr_VU":"francese (Vanuatu)","fr_WF":"francese (Wallis e Futuna)","fy":"frisone occidentale","fy_NL":"frisone occidentale (Paesi Bassi)","ff":"fulah","ff_CM":"fulah (Camerun)","ff_GN":"fulah (Guinea)","ff_MR":"fulah (Mauritania)","ff_SN":"fulah (Senegal)","gd":"gaelico scozzese","gd_GB":"gaelico scozzese (Regno Unito)","gl":"galiziano","gl_ES":"galiziano (Spagna)","cy":"gallese","cy_GB":"gallese (Regno Unito)","lg":"ganda","lg_UG":"ganda (Uganda)","ka":"georgiano","ka_GE":"georgiano (Georgia)","ja":"giapponese","ja_JP":"giapponese (Giappone)","el":"greco","el_CY":"greco (Cipro)","el_GR":"greco (Grecia)","gu":"gujarati","gu_IN":"gujarati (India)","ha":"hausa","ha_GH":"hausa (Ghana)","ha_Latn_GH":"hausa (latino, Ghana)","ha_Latn_NE":"hausa (latino, Niger)","ha_Latn_NG":"hausa (latino, Nigeria)","ha_Latn":"hausa (latino)","ha_NE":"hausa (Niger)","ha_NG":"hausa (Nigeria)","hi":"hindi","hi_IN":"hindi (India)","ig":"igbo","ig_NG":"igbo (Nigeria)","id":"indonesiano","id_ID":"indonesiano (Indonesia)","en":"inglese","en_AI":"inglese (Anguilla)","en_AG":"inglese (Antigua e Barbuda)","en_AU":"inglese (Australia)","en_BS":"inglese (Bahamas)","en_BB":"inglese (Barbados)","en_BE":"inglese (Belgio)","en_BZ":"inglese (Belize)","en_BM":"inglese (Bermuda)","en_BW":"inglese (Botswana)","en_CM":"inglese (Camerun)","en_CA":"inglese (Canada)","en_DG":"inglese (Diego Garcia)","en_DM":"inglese (Dominica)","en_ER":"inglese (Eritrea)","en_FJ":"inglese (Figi)","en_PH":"inglese (Filippine)","en_GM":"inglese (Gambia)","en_GH":"inglese (Ghana)","en_JM":"inglese (Giamaica)","en_GI":"inglese (Gibilterra)","en_GD":"inglese (Grenada)","en_GU":"inglese (Guam)","en_GG":"inglese (Guernsey)","en_GY":"inglese (Guyana)","en_IN":"inglese (India)","en_IE":"inglese (Irlanda)","en_CX":"inglese (Isola di Christmas)","en_IM":"inglese (Isola di Man)","en_NF":"inglese (Isola Norfolk)","en_KY":"inglese (Isole Cayman)","en_CC":"inglese (Isole Cocos)","en_CK":"inglese (Isole Cook)","en_FK":"inglese (Isole Falkland)","en_MP":"inglese (Isole Marianne Settentrionali)","en_MH":"inglese (Isole Marshall)","en_UM":"inglese (Isole minori lontane dagli USA)","en_PN":"inglese (Isole Pitcairn)","en_SB":"inglese (Isole Solomon)","en_TC":"inglese (Isole Turks e Caicos)","en_VI":"inglese (Isole Vergini Americane)","en_VG":"inglese (Isole Vergini Britanniche)","en_JE":"inglese (Jersey)","en_KE":"inglese (Kenya)","en_KI":"inglese (Kiribati)","en_LS":"inglese (Lesotho)","en_LR":"inglese (Liberia)","en_MG":"inglese (Madagascar)","en_MW":"inglese (Malawi)","en_MY":"inglese (Malesia)","en_MT":"inglese (Malta)","en_MU":"inglese (Mauritius)","en_FM":"inglese (Micronesia)","en_MS":"inglese (Montserrat)","en_NA":"inglese (Namibia)","en_NR":"inglese (Nauru)","en_NG":"inglese (Nigeria)","en_NU":"inglese (Niue)","en_NZ":"inglese (Nuova Zelanda)","en_PK":"inglese (Pakistan)","en_PW":"inglese (Palau)","en_PG":"inglese (Papua Nuova Guinea)","en_PR":"inglese (Portorico)","en_HK":"inglese (RAS di Hong Kong)","en_MO":"inglese (RAS di Macao)","en_GB":"inglese (Regno Unito)","en_RW":"inglese (Ruanda)","en_KN":"inglese (Saint Kitts e Nevis)","en_LC":"inglese (Saint Lucia)","en_VC":"inglese (Saint Vincent e Grenadines)","en_AS":"inglese (Samoa Americane)","en_WS":"inglese (Samoa)","en_SH":"inglese (Sant\u2019Elena)","en_SC":"inglese (Seychelles)","en_SL":"inglese (Sierra Leone)","en_SG":"inglese (Singapore)","en_SX":"inglese (Sint Maarten)","en_US":"inglese (Stati Uniti)","en_ZA":"inglese (Sudafrica)","en_SS":"inglese (Sudan del Sud)","en_SD":"inglese (Sudan)","en_SZ":"inglese (Swaziland)","en_TZ":"inglese (Tanzania)","en_IO":"inglese (Territorio Britannico dell\u2019Oceano Indiano)","en_TK":"inglese (Tokelau)","en_TO":"inglese (Tonga)","en_TT":"inglese (Trinidad e Tobago)","en_TV":"inglese (Tuvalu)","en_UG":"inglese (Uganda)","en_VU":"inglese (Vanuatu)","en_ZM":"inglese (Zambia)","en_ZW":"inglese (Zimbabwe)","ga":"irlandese","ga_IE":"irlandese (Irlanda)","is":"islandese","is_IS":"islandese (Islanda)","it":"italiano","it_IT":"italiano (Italia)","it_SM":"italiano (San Marino)","it_CH":"italiano (Svizzera)","kl":"kalaallisut","kl_GL":"kalaallisut (Groenlandia)","kn":"kannada","kn_IN":"kannada (India)","ks":"kashmiri","ks_Arab_IN":"kashmiri (arabo, India)","ks_Arab":"kashmiri (arabo)","ks_IN":"kashmiri (India)","kk":"kazako","kk_Cyrl_KZ":"kazako (cirillico, Kazakistan)","kk_Cyrl":"kazako (cirillico)","kk_KZ":"kazako (Kazakistan)","km":"khmer","km_KH":"khmer (Cambogia)","ki":"kikuyu","ki_KE":"kikuyu (Kenya)","rw":"kinyarwanda","rw_RW":"kinyarwanda (Ruanda)","lo":"lao","lo_LA":"lao (Laos)","lv":"lettone","lv_LV":"lettone (Lettonia)","ln":"lingala","ln_AO":"lingala (Angola)","ln_CD":"lingala (Congo - Kinshasa)","ln_CG":"lingala (Congo-Brazzaville)","ln_CF":"lingala (Repubblica Centrafricana)","lt":"lituano","lt_LT":"lituano (Lituania)","lu":"luba-katanga","lu_CD":"luba-katanga (Congo - Kinshasa)","lb":"lussemburghese","lb_LU":"lussemburghese (Lussemburgo)","mk":"macedone","mk_MK":"macedone (Repubblica di Macedonia)","ml":"malayalam","ml_IN":"malayalam (India)","ms":"malese","ms_BN":"malese (Brunei)","ms_Latn_BN":"malese (latino, Brunei)","ms_Latn_MY":"malese (latino, Malesia)","ms_Latn_SG":"malese (latino, Singapore)","ms_Latn":"malese (latino)","ms_MY":"malese (Malesia)","ms_SG":"malese (Singapore)","mg":"malgascio","mg_MG":"malgascio (Madagascar)","mt":"maltese","mt_MT":"maltese (Malta)","gv":"manx","gv_IM":"manx (Isola di Man)","mr":"marathi","mr_IN":"marathi (India)","mn":"mongolo","mn_Cyrl_MN":"mongolo (cirillico, Mongolia)","mn_Cyrl":"mongolo (cirillico)","mn_MN":"mongolo (Mongolia)","nd":"ndebele del nord","nd_ZW":"ndebele del nord (Zimbabwe)","ne":"nepalese","ne_IN":"nepalese (India)","ne_NP":"nepalese (Nepal)","no":"norvegese","no_NO":"norvegese (Norvegia)","nb":"norvegese bokm\u00e5l","nb_NO":"norvegese bokm\u00e5l (Norvegia)","nb_SJ":"norvegese bokm\u00e5l (Svalbard e Jan Mayen)","nn":"norvegese nynorsk","nn_NO":"norvegese nynorsk (Norvegia)","nl":"olandese","nl_AW":"olandese (Aruba)","nl_BE":"olandese (Belgio)","nl_BQ":"olandese (Caraibi Olandesi)","nl_CW":"olandese (Cura\u00e7ao)","nl_NL":"olandese (Paesi Bassi)","nl_SX":"olandese (Sint Maarten)","nl_SR":"olandese (Suriname)","or":"oriya","or_IN":"oriya (India)","om":"oromo","om_ET":"oromo (Etiopia)","om_KE":"oromo (Kenya)","os":"ossetico","os_RU":"ossetico (Federazione Russa)","os_GE":"ossetico (Georgia)","ps":"pashto","ps_AF":"pashto (Afghanistan)","fa":"persiano","fa_AF":"persiano (Afghanistan)","fa_IR":"persiano (Iran)","pl":"polacco","pl_PL":"polacco (Polonia)","pt":"portoghese","pt_AO":"portoghese (Angola)","pt_BR":"portoghese (Brasile)","pt_CV":"portoghese (Capo Verde)","pt_GW":"portoghese (Guinea-Bissau)","pt_MZ":"portoghese (Mozambico)","pt_PT":"portoghese (Portogallo)","pt_MO":"portoghese (RAS di Macao)","pt_ST":"portoghese (S\u00e3o Tom\u00e9 e Pr\u00edncipe)","pt_TL":"portoghese (Timor Est)","pa":"punjabi","pa_Arab_PK":"punjabi (arabo, Pakistan)","pa_Arab":"punjabi (arabo)","pa_Guru_IN":"punjabi (gurmukhi, India)","pa_Guru":"punjabi (gurmukhi)","pa_IN":"punjabi (India)","pa_PK":"punjabi (Pakistan)","qu":"quechua","qu_BO":"quechua (Bolivia)","qu_EC":"quechua (Ecuador)","qu_PE":"quechua (Per\u00f9)","rm":"romancio","rm_CH":"romancio (Svizzera)","ro":"rumeno","ro_MD":"rumeno (Moldavia)","ro_RO":"rumeno (Romania)","rn":"rundi","rn_BI":"rundi (Burundi)","ru":"russo","ru_BY":"russo (Bielorussia)","ru_RU":"russo (Federazione Russa)","ru_KZ":"russo (Kazakistan)","ru_KG":"russo (Kirghizistan)","ru_MD":"russo (Moldavia)","ru_UA":"russo (Ucraina)","se":"sami del nord","se_FI":"sami del nord (Finlandia)","se_NO":"sami del nord (Norvegia)","se_SE":"sami del nord (Svezia)","sg":"sango","sg_CF":"sango (Repubblica Centrafricana)","sr":"serbo","sr_BA":"serbo (Bosnia-Erzegovina)","sr_Cyrl_BA":"serbo (cirillico, Bosnia-Erzegovina)","sr_Cyrl_XK":"serbo (cirillico, Kosovo)","sr_Cyrl_ME":"serbo (cirillico, Montenegro)","sr_Cyrl_RS":"serbo (cirillico, Serbia)","sr_Cyrl":"serbo (cirillico)","sr_XK":"serbo (Kosovo)","sr_Latn_BA":"serbo (latino, Bosnia-Erzegovina)","sr_Latn_XK":"serbo (latino, Kosovo)","sr_Latn_ME":"serbo (latino, Montenegro)","sr_Latn_RS":"serbo (latino, Serbia)","sr_Latn":"serbo (latino)","sr_ME":"serbo (Montenegro)","sr_RS":"serbo (Serbia)","sh":"serbo-croato","sh_BA":"serbo-croato (Bosnia-Erzegovina)","sn":"shona","sn_ZW":"shona (Zimbabwe)","ii":"sichuan yi","ii_CN":"sichuan yi (Cina)","si":"singalese","si_LK":"singalese (Sri Lanka)","sk":"slovacco","sk_SK":"slovacco (Slovacchia)","sl":"sloveno","sl_SI":"sloveno (Slovenia)","so":"somalo","so_ET":"somalo (Etiopia)","so_DJ":"somalo (Gibuti)","so_KE":"somalo (Kenya)","so_SO":"somalo (Somalia)","es":"spagnolo","es_AR":"spagnolo (Argentina)","es_BO":"spagnolo (Bolivia)","es_EA":"spagnolo (Ceuta e Melilla)","es_CL":"spagnolo (Cile)","es_CO":"spagnolo (Colombia)","es_CR":"spagnolo (Costa Rica)","es_CU":"spagnolo (Cuba)","es_EC":"spagnolo (Ecuador)","es_SV":"spagnolo (El Salvador)","es_PH":"spagnolo (Filippine)","es_GT":"spagnolo (Guatemala)","es_GQ":"spagnolo (Guinea Equatoriale)","es_HN":"spagnolo (Honduras)","es_IC":"spagnolo (Isole Canarie)","es_MX":"spagnolo (Messico)","es_NI":"spagnolo (Nicaragua)","es_PA":"spagnolo (Panam\u00e1)","es_PY":"spagnolo (Paraguay)","es_PE":"spagnolo (Per\u00f9)","es_PR":"spagnolo (Portorico)","es_DO":"spagnolo (Repubblica Dominicana)","es_ES":"spagnolo (Spagna)","es_US":"spagnolo (Stati Uniti)","es_UY":"spagnolo (Uruguay)","es_VE":"spagnolo (Venezuela)","sv":"svedese","sv_FI":"svedese (Finlandia)","sv_AX":"svedese (Isole Aland)","sv_SE":"svedese (Svezia)","sw":"swahili","sw_KE":"swahili (Kenya)","sw_TZ":"swahili (Tanzania)","sw_UG":"swahili (Uganda)","tl":"tagalog","tl_PH":"tagalog (Filippine)","ta":"tamil","ta_IN":"tamil (India)","ta_MY":"tamil (Malesia)","ta_SG":"tamil (Singapore)","ta_LK":"tamil (Sri Lanka)","de":"tedesco","de_AT":"tedesco (Austria)","de_BE":"tedesco (Belgio)","de_DE":"tedesco (Germania)","de_LI":"tedesco (Liechtenstein)","de_LU":"tedesco (Lussemburgo)","de_CH":"tedesco (Svizzera)","te":"telugu","te_IN":"telugu (India)","th":"thai","th_TH":"thai (Tailandia)","bo":"tibetano","bo_CN":"tibetano (Cina)","bo_IN":"tibetano (India)","ti":"tigrino","ti_ER":"tigrino (Eritrea)","ti_ET":"tigrino (Etiopia)","to":"tongano","to_TO":"tongano (Tonga)","tr":"turco","tr_CY":"turco (Cipro)","tr_TR":"turco (Turchia)","uk":"ucraino","uk_UA":"ucraino (Ucraina)","ug":"uiguro","ug_Arab_CN":"uiguro (arabo, Cina)","ug_Arab":"uiguro (arabo)","ug_CN":"uiguro (Cina)","hu":"ungherese","hu_HU":"ungherese (Ungheria)","ur":"urdu","ur_IN":"urdu (India)","ur_PK":"urdu (Pakistan)","uz":"usbeco","uz_AF":"usbeco (Afghanistan)","uz_Arab_AF":"usbeco (arabo, Afghanistan)","uz_Arab":"usbeco (arabo)","uz_Cyrl_UZ":"usbeco (cirillico, Uzbekistan)","uz_Cyrl":"usbeco (cirillico)","uz_Latn_UZ":"usbeco (latino, Uzbekistan)","uz_Latn":"usbeco (latino)","uz_UZ":"usbeco (Uzbekistan)","vi":"vietnamita","vi_VN":"vietnamita (Vietnam)","yi":"yiddish","yo":"yoruba","yo_BJ":"yoruba (Benin)","yo_NG":"yoruba (Nigeria)","zu":"zulu","zu_ZA":"zulu (Sudafrica)"}