{"af":"Afrikaans","af_NA":"Afrikaans (Namibia)","af_ZA":"Afrikaans (South Africa)","sq":"Albanian","sq_AL":"Albanian (Albania)","sq_XK":"Albanian (Kosovo)","sq_MK":"Albanian (Macedonia)","ar_SS":"Arabic (South Sudan)","ar_EH":"Arabic (Western Sahara)","hy":"Armenian","hy_AM":"Armenian (Armenia)","as":"Assamese","as_IN":"Assamese (India)","az":"Azerbaijani","az_AZ":"Azerbaijani (Azerbaijan)","az_Cyrl_AZ":"Azerbaijani (Cyrillic, Azerbaijan)","az_Cyrl":"Azerbaijani (Cyrillic)","az_Latn_AZ":"Azerbaijani (Latin, Azerbaijan)","az_Latn":"Azerbaijani (Latin)","bm":"Bambara","bm_Latn_ML":"Bambara (Latin, Mali)","bm_Latn":"Bambara (Latin)","eu":"Basque","eu_ES":"Basque (Spain)","bs":"Bosnian","bs_BA":"Bosnian (Bosnia & Herzegovina)","bs_Cyrl_BA":"Bosnian (Cyrillic, Bosnia & Herzegovina)","bs_Cyrl":"Bosnian (Cyrillic)","bs_Latn_BA":"Bosnian (Latin, Bosnia & Herzegovina)","bs_Latn":"Bosnian (Latin)","br":"Breton","br_FR":"Breton (France)","ca":"Catalan","ca_AD":"Catalan (Andorra)","ca_FR":"Catalan (France)","ca_IT":"Catalan (Italy)","ca_ES":"Catalan (Spain)","zh_HK":"Chinese (Hong Kong SAR China)","zh_MO":"Chinese (Macau SAR China)","zh_Hans_CN":"Chinese (Simplified, China)","zh_Hans_HK":"Chinese (Simplified, Hong Kong SAR China)","zh_Hans_MO":"Chinese (Simplified, Macau SAR China)","zh_Hans_SG":"Chinese (Simplified, Singapore)","zh_Hans":"Chinese (Simplified)","zh_Hant_HK":"Chinese (Traditional, Hong Kong SAR China)","zh_Hant_MO":"Chinese (Traditional, Macau SAR China)","zh_Hant_TW":"Chinese (Traditional, Taiwan)","zh_Hant":"Chinese (Traditional)","kw":"Cornish","kw_GB":"Cornish (United Kingdom)","hr":"Croatian","hr_BA":"Croatian (Bosnia & Herzegovina)","hr_HR":"Croatian (Croatia)","da":"Danish","da_DK":"Danish (Denmark)","da_GL":"Danish (Greenland)","nl_BQ":"Dutch (Caribbean Netherlands)","nl_CW":"Dutch (Cura\u00e7ao)","nl_SX":"Dutch (Sint Maarten)","dz":"Dzongkha","dz_BT":"Dzongkha (Bhutan)","en_CX":"English (Christmas Island)","en_CC":"English (Cocos (Keeling) Islands)","en_DG":"English (Diego Garcia)","en_GG":"English (Guernsey)","en_HK":"English (Hong Kong SAR China)","en_IM":"English (Isle of Man)","en_JE":"English (Jersey)","en_MO":"English (Macau SAR China)","en_SX":"English (Sint Maarten)","en_SS":"English (South Sudan)","en_UM":"English (U.S. Outlying Islands)","eo":"Esperanto","et":"Estonian","et_EE":"Estonian (Estonia)","ee":"Ewe","ee_GH":"Ewe (Ghana)","ee_TG":"Ewe (Togo)","fo":"Faroese","fo_FO":"Faroese (Faroe Islands)","fi":"Finnish","fi_FI":"Finnish (Finland)","fr_BL":"French (St. Barth\u00e9lemy)","fr_MF":"French (St. Martin)","ff":"Fulah","ff_CM":"Fulah (Cameroon)","ff_GN":"Fulah (Guinea)","ff_MR":"Fulah (Mauritania)","ff_SN":"Fulah (Senegal)","gl":"Galician","gl_ES":"Galician (Spain)","lg":"Ganda","lg_UG":"Ganda (Uganda)","ka":"Georgian","ka_GE":"Georgian (Georgia)","ki":"Gikuyu","ki_KE":"Gikuyu (Kenya)","en":"G\u0129thung\u0169","en_ZA":"G\u0129thung\u0169 (Afrika Kusini)","en_US":"G\u0129thung\u0169 (Amerika)","en_AI":"G\u0129thung\u0169 (Anguilla)","en_AG":"G\u0129thung\u0169 (Antigua na Barbuda)","en_AU":"G\u0129thung\u0169 (Australia)","en_IE":"G\u0129thung\u0169 (Ayalandi)","en_BB":"G\u0129thung\u0169 (Babadosi)","en_BS":"G\u0129thung\u0169 (Bahama)","en_BZ":"G\u0129thung\u0169 (Belize)","en_BM":"G\u0129thung\u0169 (Bermuda)","en_BW":"G\u0129thung\u0169 (Botswana)","en_MG":"G\u0129thung\u0169 (Bukini)","en_DM":"G\u0129thung\u0169 (Dominika)","en_IO":"G\u0129thung\u0169 (Eneo la Uingereza katika Bahari Hindi)","en_ER":"G\u0129thung\u0169 (Eritrea)","en_FJ":"G\u0129thung\u0169 (Fiji)","en_PH":"G\u0129thung\u0169 (Filipino)","en_GM":"G\u0129thung\u0169 (Gambia)","en_GD":"G\u0129thung\u0169 (Grenada)","en_GY":"G\u0129thung\u0169 (Guyana)","en_GU":"G\u0129thung\u0169 (Gwam)","en_IN":"G\u0129thung\u0169 (India)","en_JM":"G\u0129thung\u0169 (Jamaika)","en_GI":"G\u0129thung\u0169 (Jibralta)","en_CM":"G\u0129thung\u0169 (Kameruni)","en_CA":"G\u0129thung\u0169 (Kanada)","en_KE":"G\u0129thung\u0169 (Kenya)","en_KI":"G\u0129thung\u0169 (Kiribati)","en_NF":"G\u0129thung\u0169 (Kisiwa cha Norfok)","en_LS":"G\u0129thung\u0169 (Lesoto)","en_LR":"G\u0129thung\u0169 (Liberia)","en_MW":"G\u0129thung\u0169 (Malawi)","en_MY":"G\u0129thung\u0169 (Malesia)","en_MT":"G\u0129thung\u0169 (Malta)","en_FM":"G\u0129thung\u0169 (Mikronesia)","en_MS":"G\u0129thung\u0169 (Montserrati)","en_MU":"G\u0129thung\u0169 (Morisi)","en_NG":"G\u0129thung\u0169 (Nainjeria)","en_NA":"G\u0129thung\u0169 (Namimbia)","en_NR":"G\u0129thung\u0169 (Nauru)","en_GH":"G\u0129thung\u0169 (Ngana)","en_GB":"G\u0129thung\u0169 (Ngeretha)","en_NU":"G\u0129thung\u0169 (Niue)","en_NZ":"G\u0129thung\u0169 (Nyuzilandi)","en_PK":"G\u0129thung\u0169 (Pakistani)","en_PW":"G\u0129thung\u0169 (Palau)","en_PG":"G\u0129thung\u0169 (Papua)","en_PN":"G\u0129thung\u0169 (Pitkairni)","en_PR":"G\u0129thung\u0169 (Pwetoriko)","en_RW":"G\u0129thung\u0169 (Rwanda)","en_AS":"G\u0129thung\u0169 (Samoa ya Marekani)","en_WS":"G\u0129thung\u0169 (Samoa)","en_SH":"G\u0129thung\u0169 (Santahelena)","en_KN":"G\u0129thung\u0169 (Santakitzi na Nevis)","en_LC":"G\u0129thung\u0169 (Santalusia)","en_VC":"G\u0129thung\u0169 (Santavisenti na Grenadini)","en_SC":"G\u0129thung\u0169 (Shelisheli)","en_SL":"G\u0129thung\u0169 (Siera Leoni)","en_SG":"G\u0129thung\u0169 (Singapoo)","en_SD":"G\u0129thung\u0169 (Sudani)","en_TZ":"G\u0129thung\u0169 (Tanzania)","en_TK":"G\u0129thung\u0169 (Tokelau)","en_TO":"G\u0129thung\u0169 (Tonga)","en_TT":"G\u0129thung\u0169 (Trinidad na Tobago)","en_TV":"G\u0129thung\u0169 (Tuvalu)","en_BE":"G\u0129thung\u0169 (Ubelgiji)","en_UG":"G\u0129thung\u0169 (Uganda)","en_SZ":"G\u0129thung\u0169 (Uswazi)","en_VU":"G\u0129thung\u0169 (Vanuatu)","en_CK":"G\u0129thung\u0169 (Visiwa vya Cook)","en_FK":"G\u0129thung\u0169 (Visiwa vya Falkland)","en_KY":"G\u0129thung\u0169 (Visiwa vya Kayman)","en_MP":"G\u0129thung\u0169 (Visiwa vya Mariana vya Kaskazini)","en_MH":"G\u0129thung\u0169 (Visiwa vya Marshal)","en_SB":"G\u0129thung\u0169 (Visiwa vya Solomon)","en_TC":"G\u0129thung\u0169 (Visiwa vya Turki na Kaiko)","en_VI":"G\u0129thung\u0169 (Visiwa vya Virgin vya Marekani)","en_VG":"G\u0129thung\u0169 (Visiwa vya Virgin vya Uingereza)","en_ZM":"G\u0129thung\u0169 (Zambia)","en_ZW":"G\u0129thung\u0169 (Zimbabwe)","gu":"Gujarati","gu_IN":"Gujarati (India)","ha_Latn_GH":"Hausa (Latin, Ghana)","ha_Latn_NE":"Hausa (Latin, Niger)","ha_Latn_NG":"Hausa (Latin, Nigeria)","ha_Latn":"Hausa (Latin)","he":"Hebrew","he_IL":"Hebrew (Israel)","is":"Icelandic","is_IS":"Icelandic (Iceland)","ga":"Irish","ga_IE":"Irish (Ireland)","kl":"Kalaallisut","kl_GL":"Kalaallisut (Greenland)","kn":"Kannada","kn_IN":"Kannada (India)","ks":"Kashmiri","ks_Arab_IN":"Kashmiri (Arabic, India)","ks_Arab":"Kashmiri (Arabic)","ks_IN":"Kashmiri (India)","kk":"Kazakh","kk_Cyrl_KZ":"Kazakh (Cyrillic, Kazakhstan)","kk_Cyrl":"Kazakh (Cyrillic)","kk_KZ":"Kazakh (Kazakhstan)","fa":"Kiajemi","fa_AF":"Kiajemi (Afuganistani)","fa_IR":"Kiajemi (Uajemi)","ak":"Kiakan","ak_GH":"Kiakan (Ngana)","am":"Kiamhari","am_ET":"Kiamhari (Uhabeshi)","ar":"K\u0129arabu","ar_DZ":"K\u0129arabu (Aljeria)","ar_BH":"K\u0129arabu (Bahareni)","ar_TD":"K\u0129arabu (Chadi)","ar_ER":"K\u0129arabu (Eritrea)","ar_AE":"K\u0129arabu (Falme za Kiarabu)","ar_IQ":"K\u0129arabu (Iraki)","ar_IL":"K\u0129arabu (Israeli)","ar_DJ":"K\u0129arabu (Jibuti)","ar_QA":"K\u0129arabu (Katari)","ar_KM":"K\u0129arabu (Komoro)","ar_KW":"K\u0129arabu (Kuwaiti)","ar_LB":"K\u0129arabu (Lebanoni)","ar_LY":"K\u0129arabu (Libya)","ar_EG":"K\u0129arabu (Misri)","ar_MR":"K\u0129arabu (Moritania)","ar_MA":"K\u0129arabu (Moroko)","ar_JO":"K\u0129arabu (Njorondani)","ar_OM":"K\u0129arabu (Omani)","ar_SA":"K\u0129arabu (Saudi)","ar_SY":"K\u0129arabu (Siria)","ar_SO":"K\u0129arabu (Somaria)","ar_SD":"K\u0129arabu (Sudani)","ar_TN":"K\u0129arabu (Tunisia)","ar_PS":"K\u0129arabu (Ukingo wa Magharibi na Ukanda wa Gaza wa Palestina)","ar_YE":"K\u0129arabu (Yemeni)","bn":"Kibangla","bn_BD":"Kibangla (Bangladeshi)","bn_IN":"Kibangla (India)","fr":"K\u0129baranja","fr_DZ":"K\u0129baranja (Aljeria)","fr_BJ":"K\u0129baranja (Benini)","fr_BF":"K\u0129baranja (Bukinafaso)","fr_MG":"K\u0129baranja (Bukini)","fr_TD":"K\u0129baranja (Chadi)","fr_GA":"K\u0129baranja (Gaboni)","fr_GN":"K\u0129baranja (Gine)","fr_GQ":"K\u0129baranja (Ginekweta)","fr_GP":"K\u0129baranja (Gwadelupe)","fr_GF":"K\u0129baranja (Gwiyana ya Ufaransa)","fr_HT":"K\u0129baranja (Haiti)","fr_CF":"K\u0129baranja (Jamhuri ya Afrika ya Kati)","fr_CD":"K\u0129baranja (Jamhuri ya Kidemokrasia ya Kongo)","fr_DJ":"K\u0129baranja (Jibuti)","fr_CM":"K\u0129baranja (Kameruni)","fr_CA":"K\u0129baranja (Kanada)","fr_CI":"K\u0129baranja (Kodivaa)","fr_KM":"K\u0129baranja (Komoro)","fr_CG":"K\u0129baranja (Kongo)","fr_LU":"K\u0129baranja (Lasembagi)","fr_ML":"K\u0129baranja (Mali)","fr_MQ":"K\u0129baranja (Martiniki)","fr_YT":"K\u0129baranja (Mayotte)","fr_BI":"K\u0129baranja (Mburundi)","fr_MC":"K\u0129baranja (Monako)","fr_MU":"K\u0129baranja (Morisi)","fr_MR":"K\u0129baranja (Moritania)","fr_MA":"K\u0129baranja (Moroko)","fr_NE":"K\u0129baranja (Nijeri)","fr_NC":"K\u0129baranja (Nyukaledonia)","fr_PF":"K\u0129baranja (Polinesia ya Ufaransa)","fr_RE":"K\u0129baranja (Riyunioni)","fr_RW":"K\u0129baranja (Rwanda)","fr_PM":"K\u0129baranja (Santapieri na Mikeloni)","fr_SN":"K\u0129baranja (Senegali)","fr_SC":"K\u0129baranja (Shelisheli)","fr_SY":"K\u0129baranja (Siria)","fr_TG":"K\u0129baranja (Togo)","fr_TN":"K\u0129baranja (Tunisia)","fr_FR":"K\u0129baranja (Ubaranja)","fr_BE":"K\u0129baranja (Ubelgiji)","fr_CH":"K\u0129baranja (Uswisi)","fr_VU":"K\u0129baranja (Vanuatu)","fr_WF":"K\u0129baranja (Walis na Futuna)","be":"Kibelarusi","be_BY":"Kibelarusi (Belarusi)","bg":"Kibulgaria","bg_BG":"Kibulgaria (Bulgaria)","my":"Kiburma","my_MM":"Kiburma (Myama)","zh":"K\u0129caina","zh_CN":"K\u0129caina (Caina)","zh_SG":"K\u0129caina (Singapoo)","zh_TW":"K\u0129caina (Taiwani)","cs":"Kichecki","cs_CZ":"Kichecki (Jamhuri ya Cheki)","so":"K\u0129cumar\u0129","so_DJ":"K\u0129cumar\u0129 (Jibuti)","so_KE":"K\u0129cumar\u0129 (Kenya)","so_SO":"K\u0129cumar\u0129 (Somaria)","so_ET":"K\u0129cumar\u0129 (Uhabeshi)","el":"Kigiriki","el_CY":"Kigiriki (Kuprosi)","el_GR":"Kigiriki (Ugiriki)","ha":"Kihausa","ha_NG":"Kihausa (Nainjeria)","ha_GH":"Kihausa (Ngana)","ha_NE":"Kihausa (Nijeri)","hi":"K\u0129h\u0129nd\u0129","hi_IN":"K\u0129h\u0129nd\u0129 (India)","es":"Kihispania","es_AR":"Kihispania (Ajentina)","es_US":"Kihispania (Amerika)","es_BO":"Kihispania (Bolivia)","es_CL":"Kihispania (Chile)","es_EC":"Kihispania (Ekwado)","es_SV":"Kihispania (Elsavado)","es_PH":"Kihispania (Filipino)","es_GQ":"Kihispania (Ginekweta)","es_GT":"Kihispania (Gwatemala)","es_ES":"Kihispania (Hispania)","es_HN":"Kihispania (Hondurasi)","es_DO":"Kihispania (Jamhuri ya Dominika)","es_CU":"Kihispania (Kiumba)","es_CO":"Kihispania (Kolombia)","es_CR":"Kihispania (Kostarika)","es_MX":"Kihispania (Meksiko)","es_NI":"Kihispania (Nikaragwa)","es_PA":"Kihispania (Panama)","es_PY":"Kihispania (Paragwai)","es_PE":"Kihispania (Peru)","es_PR":"Kihispania (Pwetoriko)","es_UY":"Kihispania (Urugwai)","es_VE":"Kihispania (Venezuela)","nl":"Kiholanzi","nl_AW":"Kiholanzi (Aruba)","nl_SR":"Kiholanzi (Surinamu)","nl_BE":"Kiholanzi (Ubelgiji)","nl_NL":"Kiholanzi (Uholanzi)","hu":"Kihungari","hu_HU":"Kihungari (Hungaria)","ig":"Kiigbo","ig_NG":"Kiigbo (Nainjeria)","id":"Kiindonesia","id_ID":"Kiindonesia (Indonesia)","km":"Kikambodia","km_KH":"Kikambodia (Kambodia)","ko":"Kikorea","ko_KP":"Kikorea (Korea Kaskazini)","ko_KR":"Kikorea (Korea Kusini)","ms":"Kimalesia","ms_BN":"Kimalesia (Brunei)","ms_MY":"Kimalesia (Malesia)","ms_SG":"Kimalesia (Singapoo)","ne":"Kinepali","ne_IN":"Kinepali (India)","ne_NP":"Kinepali (Nepali)","ja":"K\u0129njabani","ja_JP":"K\u0129njabani (Njabani)","de":"K\u0129njeremani","de_AT":"K\u0129njeremani (Austria)","de_LU":"K\u0129njeremani (Lasembagi)","de_LI":"K\u0129njeremani (Lishenteni)","de_DE":"K\u0129njeremani (Njeremani)","de_BE":"K\u0129njeremani (Ubelgiji)","de_CH":"K\u0129njeremani (Uswisi)","rw":"Kinyarwanda","rw_RW":"Kinyarwanda (Rwanda)","pl":"Kipolandi","pl_PL":"Kipolandi (Polandi)","pa":"Kipunjabi","pa_IN":"Kipunjabi (India)","pa_PK":"Kipunjabi (Pakistani)","ru":"K\u0129racia","ru_BY":"K\u0129racia (Belarusi)","ru_KZ":"K\u0129racia (Kazakistani)","ru_KG":"K\u0129racia (Kirigizistani)","ru_MD":"K\u0129racia (Moldova)","ru_UA":"K\u0129racia (Ukraini)","ru_RU":"K\u0129racia (Urusi)","pt":"Kireno","pt_AO":"Kireno (Angola)","pt_BR":"Kireno (Brazili)","pt_GW":"Kireno (Ginebisau)","pt_CV":"Kireno (Kepuvede)","pt_MZ":"Kireno (Msumbiji)","pt_ST":"Kireno (Sao Tome na Principe)","pt_TL":"Kireno (Timori ya Mashariki)","pt_PT":"Kireno (Ureno)","ro":"Kiromania","ro_MD":"Kiromania (Moldova)","ro_RO":"Kiromania (Romania)","sv":"Kiswidi","sv_FI":"Kiswidi (Ufini)","sv_SE":"Kiswidi (Uswidi)","th":"Kitailandi","th_TH":"Kitailandi (Tailandi)","it":"K\u0129taliano","it_IT":"K\u0129taliano (Italia)","it_SM":"K\u0129taliano (Samarino)","it_CH":"K\u0129taliano (Uswisi)","ta":"Kitamil","ta_IN":"Kitamil (India)","ta_MY":"Kitamil (Malesia)","ta_SG":"Kitamil (Singapoo)","ta_LK":"Kitamil (Sirilanka)","tr":"Kituruki","tr_CY":"Kituruki (Kuprosi)","tr_TR":"Kituruki (Uturuki)","uk":"Kiukrania","uk_UA":"Kiukrania (Ukraini)","ur":"Kiurdu","ur_IN":"Kiurdu (India)","ur_PK":"Kiurdu (Pakistani)","vi":"Kivietinamu","vi_VN":"Kivietinamu (Vietinamu)","yo":"Kiyoruba","yo_BJ":"Kiyoruba (Benini)","yo_NG":"Kiyoruba (Nainjeria)","zu":"Kizulu","zu_ZA":"Kizulu (Afrika Kusini)","ky":"Kyrgyz","ky_Cyrl_KG":"Kyrgyz (Cyrillic, Kyrgyzstan)","ky_Cyrl":"Kyrgyz (Cyrillic)","ky_KG":"Kyrgyz (Kyrgyzstan)","lo":"Lao","lo_LA":"Lao (Laos)","lv":"Latvian","lv_LV":"Latvian (Latvia)","ln":"Lingala","ln_AO":"Lingala (Angola)","ln_CF":"Lingala (Central African Republic)","ln_CG":"Lingala (Congo - Brazzaville)","ln_CD":"Lingala (Congo - Kinshasa)","lt":"Lithuanian","lt_LT":"Lithuanian (Lithuania)","lu":"Luba-Katanga","lu_CD":"Luba-Katanga (Congo - Kinshasa)","lb":"Luxembourgish","lb_LU":"Luxembourgish (Luxembourg)","mk":"Macedonian","mk_MK":"Macedonian (Macedonia)","mg":"Malagasy","mg_MG":"Malagasy (Madagascar)","ms_Latn_BN":"Malay (Latin, Brunei)","ms_Latn_MY":"Malay (Latin, Malaysia)","ms_Latn_SG":"Malay (Latin, Singapore)","ms_Latn":"Malay (Latin)","ml":"Malayalam","ml_IN":"Malayalam (India)","mt":"Maltese","mt_MT":"Maltese (Malta)","gv":"Manx","gv_IM":"Manx (Isle of Man)","mr":"Marathi","mr_IN":"Marathi (India)","mn":"Mongolian","mn_Cyrl_MN":"Mongolian (Cyrillic, Mongolia)","mn_Cyrl":"Mongolian (Cyrillic)","mn_MN":"Mongolian (Mongolia)","nd":"North Ndebele","nd_ZW":"North Ndebele (Zimbabwe)","se":"Northern Sami","se_FI":"Northern Sami (Finland)","se_NO":"Northern Sami (Norway)","se_SE":"Northern Sami (Sweden)","no":"Norwegian","no_NO":"Norwegian (Norway)","nb":"Norwegian Bokm\u00e5l","nb_NO":"Norwegian Bokm\u00e5l (Norway)","nb_SJ":"Norwegian Bokm\u00e5l (Svalbard & Jan Mayen)","nn":"Norwegian Nynorsk","nn_NO":"Norwegian Nynorsk (Norway)","or":"Oriya","or_IN":"Oriya (India)","om":"Oromo","om_ET":"Oromo (Ethiopia)","om_KE":"Oromo (Kenya)","os":"Ossetic","os_GE":"Ossetic (Georgia)","os_RU":"Ossetic (Russia)","ps":"Pashto","ps_AF":"Pashto (Afghanistan)","pt_MO":"Portuguese (Macau SAR China)","pa_Arab_PK":"Punjabi (Arabic, Pakistan)","pa_Arab":"Punjabi (Arabic)","pa_Guru_IN":"Punjabi (Gurmukhi, India)","pa_Guru":"Punjabi (Gurmukhi)","qu":"Quechua","qu_BO":"Quechua (Bolivia)","qu_EC":"Quechua (Ecuador)","qu_PE":"Quechua (Peru)","rm":"Romansh","rm_CH":"Romansh (Switzerland)","rn":"Rundi","rn_BI":"Rundi (Burundi)","sg":"Sango","sg_CF":"Sango (Central African Republic)","gd":"Scottish Gaelic","gd_GB":"Scottish Gaelic (United Kingdom)","sr":"Serbian","sr_BA":"Serbian (Bosnia & Herzegovina)","sr_Cyrl_BA":"Serbian (Cyrillic, Bosnia & Herzegovina)","sr_Cyrl_XK":"Serbian (Cyrillic, Kosovo)","sr_Cyrl_ME":"Serbian (Cyrillic, Montenegro)","sr_Cyrl_RS":"Serbian (Cyrillic, Serbia)","sr_Cyrl":"Serbian (Cyrillic)","sr_XK":"Serbian (Kosovo)","sr_Latn_BA":"Serbian (Latin, Bosnia & Herzegovina)","sr_Latn_XK":"Serbian (Latin, Kosovo)","sr_Latn_ME":"Serbian (Latin, Montenegro)","sr_Latn_RS":"Serbian (Latin, Serbia)","sr_Latn":"Serbian (Latin)","sr_ME":"Serbian (Montenegro)","sr_RS":"Serbian (Serbia)","sh":"Serbo-Croatian","sh_BA":"Serbo-Croatian (Bosnia & Herzegovina)","sn":"Shona","sn_ZW":"Shona (Zimbabwe)","ii":"Sichuan Yi","ii_CN":"Sichuan Yi (China)","si":"Sinhala","si_LK":"Sinhala (Sri Lanka)","sk":"Slovak","sk_SK":"Slovak (Slovakia)","sl":"Slovenian","sl_SI":"Slovenian (Slovenia)","es_IC":"Spanish (Canary Islands)","es_EA":"Spanish (Ceuta & Melilla)","sw":"Swahili","sw_KE":"Swahili (Kenya)","sw_TZ":"Swahili (Tanzania)","sw_UG":"Swahili (Uganda)","sv_AX":"Swedish (\u00c5land Islands)","tl":"Tagalog","tl_PH":"Tagalog (Philippines)","te":"Telugu","te_IN":"Telugu (India)","bo":"Tibetan","bo_CN":"Tibetan (China)","bo_IN":"Tibetan (India)","ti":"Tigrinya","ti_ER":"Tigrinya (Eritrea)","ti_ET":"Tigrinya (Ethiopia)","to":"Tongan","to_TO":"Tongan (Tonga)","ug":"Uyghur","ug_Arab_CN":"Uyghur (Arabic, China)","ug_Arab":"Uyghur (Arabic)","ug_CN":"Uyghur (China)","uz":"Uzbek","uz_AF":"Uzbek (Afghanistan)","uz_Arab_AF":"Uzbek (Arabic, Afghanistan)","uz_Arab":"Uzbek (Arabic)","uz_Cyrl_UZ":"Uzbek (Cyrillic, Uzbekistan)","uz_Cyrl":"Uzbek (Cyrillic)","uz_Latn_UZ":"Uzbek (Latin, Uzbekistan)","uz_Latn":"Uzbek (Latin)","uz_UZ":"Uzbek (Uzbekistan)","cy":"Welsh","cy_GB":"Welsh (United Kingdom)","fy":"Western Frisian","fy_NL":"Western Frisian (Netherlands)","yi":"Yiddish"}