{"am":"\u0c85\u0c82\u0cb9\u0cb0\u0cbf\u0c95\u0ccd","am_ET":"\u0c85\u0c82\u0cb9\u0cb0\u0cbf\u0c95\u0ccd (\u0c87\u0ca5\u0cbf\u0caf\u0ccb\u0caa\u0cbf\u0caf\u0cbe)","ak":"\u0c85\u0c95\u0cbe\u0ca8\u0ccd","ak_GH":"\u0c85\u0c95\u0cbe\u0ca8\u0ccd (\u0c98\u0cbe\u0ca8\u0cbe)","az":"\u0c85\u0c9c\u0cc6\u0cb0\u0ccd\u0cac\u0cc8\u0c9c\u0cbe\u0ca8\u0cbf","az_AZ":"\u0c85\u0c9c\u0cc6\u0cb0\u0ccd\u0cac\u0cc8\u0c9c\u0cbe\u0ca8\u0cbf (\u0c85\u0c9c\u0cb0\u0ccd\u0cac\u0cc8\u0c9c\u0cbe\u0ca8\u0ccd)","az_Latn_AZ":"\u0c85\u0c9c\u0cc6\u0cb0\u0ccd\u0cac\u0cc8\u0c9c\u0cbe\u0ca8\u0cbf (\u0cb2\u0ccd\u0caf\u0cbe\u0c9f\u0cbf\u0ca8\u0ccd, \u0c85\u0c9c\u0cb0\u0ccd\u0cac\u0cc8\u0c9c\u0cbe\u0ca8\u0ccd)","az_Latn":"\u0c85\u0c9c\u0cc6\u0cb0\u0ccd\u0cac\u0cc8\u0c9c\u0cbe\u0ca8\u0cbf (\u0cb2\u0ccd\u0caf\u0cbe\u0c9f\u0cbf\u0ca8\u0ccd)","az_Cyrl_AZ":"\u0c85\u0c9c\u0cc6\u0cb0\u0ccd\u0cac\u0cc8\u0c9c\u0cbe\u0ca8\u0cbf (\u0cb8\u0cbf\u0cb0\u0cbf\u0cb2\u0cbf\u0c95\u0ccd, \u0c85\u0c9c\u0cb0\u0ccd\u0cac\u0cc8\u0c9c\u0cbe\u0ca8\u0ccd)","az_Cyrl":"\u0c85\u0c9c\u0cc6\u0cb0\u0ccd\u0cac\u0cc8\u0c9c\u0cbe\u0ca8\u0cbf (\u0cb8\u0cbf\u0cb0\u0cbf\u0cb2\u0cbf\u0c95\u0ccd)","ar":"\u0c85\u0cb0\u0cc7\u0cac\u0cbf\u0c95\u0ccd","ar_DZ":"\u0c85\u0cb0\u0cc7\u0cac\u0cbf\u0c95\u0ccd (\u0c85\u0cb2\u0ccd\u0c97\u0cc7\u0cb0\u0cbf\u0caf\u0cbe)","ar_IQ":"\u0c85\u0cb0\u0cc7\u0cac\u0cbf\u0c95\u0ccd (\u0c87\u0cb0\u0cbe\u0c95\u0ccd)","ar_IL":"\u0c85\u0cb0\u0cc7\u0cac\u0cbf\u0c95\u0ccd (\u0c87\u0cb8\u0ccd\u0cb0\u0cc7\u0cb2\u0ccd)","ar_EG":"\u0c85\u0cb0\u0cc7\u0cac\u0cbf\u0c95\u0ccd (\u0c88\u0c9c\u0cbf\u0caa\u0ccd\u0c9f\u0ccd)","ar_ER":"\u0c85\u0cb0\u0cc7\u0cac\u0cbf\u0c95\u0ccd (\u0c8f\u0cb0\u0cbf\u0c9f\u0ccd\u0cb0\u0cbf\u0caf\u0cbe)","ar_OM":"\u0c85\u0cb0\u0cc7\u0cac\u0cbf\u0c95\u0ccd (\u0c93\u0cae\u0ca8\u0ccd)","ar_KW":"\u0c85\u0cb0\u0cc7\u0cac\u0cbf\u0c95\u0ccd (\u0c95\u0cc1\u0cb5\u0cc8\u0ca4\u0ccd)","ar_KM":"\u0c85\u0cb0\u0cc7\u0cac\u0cbf\u0c95\u0ccd (\u0c95\u0cca\u0cae\u0cca\u0cb0\u0cca\u0cb8\u0ccd)","ar_QA":"\u0c85\u0cb0\u0cc7\u0cac\u0cbf\u0c95\u0ccd (\u0c96\u0ca4\u0cbe\u0cb0\u0ccd)","ar_TD":"\u0c85\u0cb0\u0cc7\u0cac\u0cbf\u0c95\u0ccd (\u0c9a\u0cbe\u0ca6\u0ccd)","ar_DJ":"\u0c85\u0cb0\u0cc7\u0cac\u0cbf\u0c95\u0ccd (\u0c9c\u0cbf\u0cac\u0ccb\u0c9f\u0cbf)","ar_JO":"\u0c85\u0cb0\u0cc7\u0cac\u0cbf\u0c95\u0ccd (\u0c9c\u0ccb\u0cb0\u0ccd\u0ca1\u0cbe\u0ca8\u0ccd)","ar_TN":"\u0c85\u0cb0\u0cc7\u0cac\u0cbf\u0c95\u0ccd (\u0c9f\u0cc1\u0ca8\u0cbf\u0cb6\u0cbf\u0caf\u0cbe)","ar_SS":"\u0c85\u0cb0\u0cc7\u0cac\u0cbf\u0c95\u0ccd (\u0ca6\u0c95\u0ccd\u0cb7\u0cbf\u0ca3 \u0cb8\u0cc2\u0ca1\u0cbe\u0ca8\u0ccd)","ar_EH":"\u0c85\u0cb0\u0cc7\u0cac\u0cbf\u0c95\u0ccd (\u0caa\u0cb6\u0ccd\u0c9a\u0cbf\u0cae \u0cb8\u0cb9\u0cbe\u0cb0\u0cbe)","ar_PS":"\u0c85\u0cb0\u0cc7\u0cac\u0cbf\u0c95\u0ccd (\u0caa\u0ccd\u0caf\u0cbe\u0cb2\u0cc7\u0cb8\u0ccd\u0c9f\u0cc7\u0ca8\u0cbf\u0caf\u0ca8\u0ccd \u0caa\u0ccd\u0cb0\u0ca6\u0cc7\u0cb6)","ar_BH":"\u0c85\u0cb0\u0cc7\u0cac\u0cbf\u0c95\u0ccd (\u0cac\u0cb9\u0cb0\u0cc8\u0ca8\u0ccd)","ar_MR":"\u0c85\u0cb0\u0cc7\u0cac\u0cbf\u0c95\u0ccd (\u0cae\u0cbe\u0cb0\u0cbf\u0c9f\u0cc7\u0ca8\u0cbf\u0caf\u0cbe)","ar_MA":"\u0c85\u0cb0\u0cc7\u0cac\u0cbf\u0c95\u0ccd (\u0cae\u0cca\u0cb0\u0cbe\u0c95\u0ccd\u0c95\u0cca)","ar_YE":"\u0c85\u0cb0\u0cc7\u0cac\u0cbf\u0c95\u0ccd (\u0caf\u0cc6\u0cae\u0ca8\u0ccd)","ar_LY":"\u0c85\u0cb0\u0cc7\u0cac\u0cbf\u0c95\u0ccd (\u0cb2\u0cbf\u0cac\u0cbf\u0caf\u0cbe)","ar_LB":"\u0c85\u0cb0\u0cc7\u0cac\u0cbf\u0c95\u0ccd (\u0cb2\u0cc6\u0cac\u0ca8\u0cbe\u0ca8\u0ccd)","ar_AE":"\u0c85\u0cb0\u0cc7\u0cac\u0cbf\u0c95\u0ccd (\u0cb8\u0c82\u0caf\u0cc1\u0c95\u0ccd\u0ca4 \u0c85\u0cb0\u0cac\u0ccd \u0c8e\u0cae\u0cbf\u0cb0\u0cc7\u0c9f\u0cb8\u0ccd)","ar_SY":"\u0c85\u0cb0\u0cc7\u0cac\u0cbf\u0c95\u0ccd (\u0cb8\u0cbf\u0cb0\u0cbf\u0caf\u0cbe)","ar_SD":"\u0c85\u0cb0\u0cc7\u0cac\u0cbf\u0c95\u0ccd (\u0cb8\u0cc2\u0ca1\u0cbe\u0ca8\u0ccd)","ar_SO":"\u0c85\u0cb0\u0cc7\u0cac\u0cbf\u0c95\u0ccd (\u0cb8\u0cca\u0cae\u0cbe\u0cb2\u0cbf\u0caf\u0cbe)","ar_SA":"\u0c85\u0cb0\u0cc7\u0cac\u0cbf\u0c95\u0ccd (\u0cb8\u0ccc\u0ca6\u0cbf \u0c85\u0cb0\u0cc7\u0cac\u0cbf\u0caf\u0cbe)","hy":"\u0c85\u0cb0\u0ccd\u0cae\u0cc7\u0ca8\u0cbf\u0caf\u0ca8\u0ccd","hy_AM":"\u0c85\u0cb0\u0ccd\u0cae\u0cc7\u0ca8\u0cbf\u0caf\u0ca8\u0ccd (\u0c85\u0cb0\u0ccd\u0cae\u0cc7\u0ca8\u0cbf\u0caf\u0cbe)","sq":"\u0c85\u0cb2\u0ccd\u0cac\u0cc7\u0ca8\u0cbf\u0caf\u0ca8\u0ccd","sq_AL":"\u0c85\u0cb2\u0ccd\u0cac\u0cc7\u0ca8\u0cbf\u0caf\u0ca8\u0ccd (\u0c85\u0cb2\u0ccd\u0cac\u0cc7\u0ca8\u0cbf\u0caf\u0cbe)","sq_XK":"\u0c85\u0cb2\u0ccd\u0cac\u0cc7\u0ca8\u0cbf\u0caf\u0ca8\u0ccd (\u0c95\u0cca\u0cb8\u0cca\u0cb5\u0cca)","sq_MK":"\u0c85\u0cb2\u0ccd\u0cac\u0cc7\u0ca8\u0cbf\u0caf\u0ca8\u0ccd (\u0cae\u0ccd\u0caf\u0cbe\u0cb8\u0cbf\u0ca1\u0ccb\u0ca8\u0cbf\u0caf\u0cbe)","as":"\u0c85\u0cb8\u0ccd\u0cb8\u0cbe\u0cae\u0cc0\u0cb8\u0ccd","as_IN":"\u0c85\u0cb8\u0ccd\u0cb8\u0cbe\u0cae\u0cc0\u0cb8\u0ccd (\u0cad\u0cbe\u0cb0\u0ca4)","af":"\u0c86\u0cab\u0ccd\u0cb0\u0cbf\u0c95\u0cbe\u0ca8\u0ccd\u0cb8\u0ccd","af_ZA":"\u0c86\u0cab\u0ccd\u0cb0\u0cbf\u0c95\u0cbe\u0ca8\u0ccd\u0cb8\u0ccd (\u0ca6\u0c95\u0ccd\u0cb7\u0cbf\u0ca3 \u0c86\u0cab\u0ccd\u0cb0\u0cbf\u0c95\u0cbe)","af_NA":"\u0c86\u0cab\u0ccd\u0cb0\u0cbf\u0c95\u0cbe\u0ca8\u0ccd\u0cb8\u0ccd (\u0ca8\u0cae\u0cc0\u0cac\u0cbf\u0caf\u0cbe)","en":"\u0c87\u0c82\u0c97\u0ccd\u0cb2\u0cc0\u0cb7\u0ccd","en_AS":"\u0c87\u0c82\u0c97\u0ccd\u0cb2\u0cc0\u0cb7\u0ccd (\u0c85\u0cae\u0cc7\u0cb0\u0cbf\u0c95\u0ca8\u0ccd \u0cb8\u0cae\u0ccb\u0cb5\u0cbe)","en_US":"\u0c87\u0c82\u0c97\u0ccd\u0cb2\u0cc0\u0cb7\u0ccd (\u0c85\u0cae\u0cc7\u0cb0\u0cbf\u0c95\u0cbe \u0cb8\u0c82\u0caf\u0cc1\u0c95\u0ccd\u0ca4 \u0cb8\u0c82\u0cb8\u0ccd\u0ca5\u0cbe\u0ca8)","en_AI":"\u0c87\u0c82\u0c97\u0ccd\u0cb2\u0cc0\u0cb7\u0ccd (\u0c86\u0c82\u0c97\u0cc1\u0caf\u0cbf\u0cb2\u0ccd\u0cb2\u0cbe)","en_AG":"\u0c87\u0c82\u0c97\u0ccd\u0cb2\u0cc0\u0cb7\u0ccd (\u0c86\u0c82\u0c9f\u0cbf\u0c97\u0cc1\u0cb5\u0cbe \u0cae\u0ca4\u0ccd\u0ca4\u0cc1 \u0cac\u0cb0\u0ccd\u0cac\u0cc1\u0ca1\u0cbe)","en_AU":"\u0c87\u0c82\u0c97\u0ccd\u0cb2\u0cc0\u0cb7\u0ccd (\u0c86\u0cb8\u0ccd\u0c9f\u0ccd\u0cb0\u0cc7\u0cb2\u0cbf\u0caf)","en_UG":"\u0c87\u0c82\u0c97\u0ccd\u0cb2\u0cc0\u0cb7\u0ccd (\u0c89\u0c97\u0cbe\u0c82\u0ca1\u0cbe)","en_MP":"\u0c87\u0c82\u0c97\u0ccd\u0cb2\u0cc0\u0cb7\u0ccd (\u0c89\u0ca4\u0ccd\u0ca4\u0cb0 \u0cae\u0cb0\u0cbf\u0caf\u0cbe\u0ca8\u0cbe \u0ca6\u0ccd\u0cb5\u0cc0\u0caa\u0c97\u0cb3\u0cc1)","en_ER":"\u0c87\u0c82\u0c97\u0ccd\u0cb2\u0cc0\u0cb7\u0ccd (\u0c8f\u0cb0\u0cbf\u0c9f\u0ccd\u0cb0\u0cbf\u0caf\u0cbe)","en_IE":"\u0c87\u0c82\u0c97\u0ccd\u0cb2\u0cc0\u0cb7\u0ccd (\u0c90\u0cb0\u0ccd\u0cb2\u0cc6\u0c82\u0ca1\u0ccd)","en_IM":"\u0c87\u0c82\u0c97\u0ccd\u0cb2\u0cc0\u0cb7\u0ccd (\u0c90\u0cb2\u0ccd \u0c86\u0cab\u0ccd \u0cae\u0ccd\u0caf\u0cbe\u0ca8\u0ccd)","en_KI":"\u0c87\u0c82\u0c97\u0ccd\u0cb2\u0cc0\u0cb7\u0ccd (\u0c95\u0cbf\u0cb0\u0cbf\u0cac\u0cbe\u0ca4\u0cbf)","en_KE":"\u0c87\u0c82\u0c97\u0ccd\u0cb2\u0cc0\u0cb7\u0ccd (\u0c95\u0cc0\u0ca8\u0ccd\u0caf\u0cbe)","en_CK":"\u0c87\u0c82\u0c97\u0ccd\u0cb2\u0cc0\u0cb7\u0ccd (\u0c95\u0cc1\u0c95\u0ccd \u0ca6\u0ccd\u0cb5\u0cc0\u0caa\u0c97\u0cb3\u0cc1)","en_CA":"\u0c87\u0c82\u0c97\u0ccd\u0cb2\u0cc0\u0cb7\u0ccd (\u0c95\u0cc6\u0ca8\u0ca1\u0cbe)","en_KY":"\u0c87\u0c82\u0c97\u0ccd\u0cb2\u0cc0\u0cb7\u0ccd (\u0c95\u0cc7\u0cae\u0ca8\u0ccd \u0ca6\u0ccd\u0cb5\u0cc0\u0caa\u0c97\u0cb3\u0cc1)","en_CC":"\u0c87\u0c82\u0c97\u0ccd\u0cb2\u0cc0\u0cb7\u0ccd (\u0c95\u0cca\u0c95\u0cca\u0cb8\u0ccd (\u0c95\u0cc0\u0cb2\u0cbf\u0c82\u0c97\u0ccd) \u0ca6\u0ccd\u0cb5\u0cc0\u0caa\u0c97\u0cb3\u0cc1)","en_CM":"\u0c87\u0c82\u0c97\u0ccd\u0cb2\u0cc0\u0cb7\u0ccd (\u0c95\u0ccd\u0caf\u0cbe\u0cae\u0cb0\u0ccb\u0ca8\u0ccd)","en_CX":"\u0c87\u0c82\u0c97\u0ccd\u0cb2\u0cc0\u0cb7\u0ccd (\u0c95\u0ccd\u0cb0\u0cbf\u0cb8\u0ccd\u0cae\u0cb8\u0ccd \u0ca6\u0ccd\u0cb5\u0cc0\u0caa)","en_GY":"\u0c87\u0c82\u0c97\u0ccd\u0cb2\u0cc0\u0cb7\u0ccd (\u0c97\u0caf\u0cbe\u0ca8\u0cbe)","en_GI":"\u0c87\u0c82\u0c97\u0ccd\u0cb2\u0cc0\u0cb7\u0ccd (\u0c97\u0cbf\u0cac\u0ccd\u0cb0\u0cbe\u0cb2\u0ccd\u0c9f\u0cb0\u0ccd)","en_GU":"\u0c87\u0c82\u0c97\u0ccd\u0cb2\u0cc0\u0cb7\u0ccd (\u0c97\u0cc1\u0caf\u0cbe\u0cae\u0ccd)","en_GG":"\u0c87\u0c82\u0c97\u0ccd\u0cb2\u0cc0\u0cb7\u0ccd (\u0c97\u0cc1\u0cb0\u0ccd\u0ca8\u0ccd\u200c\u0cb8\u0cc6)","en_GM":"\u0c87\u0c82\u0c97\u0ccd\u0cb2\u0cc0\u0cb7\u0ccd (\u0c97\u0ccd\u0caf\u0cbe\u0c82\u0cac\u0cbf\u0caf\u0cbe)","en_GD":"\u0c87\u0c82\u0c97\u0ccd\u0cb2\u0cc0\u0cb7\u0ccd (\u0c97\u0ccd\u0cb0\u0cc6\u0ca8\u0cc6\u0ca1\u0cbe)","en_GH":"\u0c87\u0c82\u0c97\u0ccd\u0cb2\u0cc0\u0cb7\u0ccd (\u0c98\u0cbe\u0ca8\u0cbe)","en_JM":"\u0c87\u0c82\u0c97\u0ccd\u0cb2\u0cc0\u0cb7\u0ccd (\u0c9c\u0cae\u0cc8\u0c95\u0cbe)","en_ZW":"\u0c87\u0c82\u0c97\u0ccd\u0cb2\u0cc0\u0cb7\u0ccd (\u0c9c\u0cbf\u0c82\u0cac\u0cbe\u0cac\u0ccd\u0cb5\u0cc6)","en_JE":"\u0c87\u0c82\u0c97\u0ccd\u0cb2\u0cc0\u0cb7\u0ccd (\u0c9c\u0cc6\u0cb0\u0ccd\u0cb8\u0cbf)","en_ZM":"\u0c87\u0c82\u0c97\u0ccd\u0cb2\u0cc0\u0cb7\u0ccd (\u0c9d\u0cbe\u0c82\u0cac\u0cbf\u0caf\u0cbe)","en_TC":"\u0c87\u0c82\u0c97\u0ccd\u0cb2\u0cc0\u0cb7\u0ccd (\u0c9f\u0cb0\u0ccd\u0c95\u0ccd\u0cb8\u0ccd \u0cae\u0ca4\u0ccd\u0ca4\u0cc1 \u0c95\u0cc8\u0c95\u0ccb\u0cb8\u0ccd \u0ca6\u0ccd\u0cb5\u0cc0\u0caa\u0c97\u0cb3\u0cc1)","en_TV":"\u0c87\u0c82\u0c97\u0ccd\u0cb2\u0cc0\u0cb7\u0ccd (\u0c9f\u0cc1\u0cb5\u0cbe\u0cb2\u0cc1)","en_TO":"\u0c87\u0c82\u0c97\u0ccd\u0cb2\u0cc0\u0cb7\u0ccd (\u0c9f\u0cca\u0c82\u0c97)","en_TK":"\u0c87\u0c82\u0c97\u0ccd\u0cb2\u0cc0\u0cb7\u0ccd (\u0c9f\u0cca\u0c95\u0cc6\u0cb2\u0cbe\u0cb5\u0ccd)","en_TT":"\u0c87\u0c82\u0c97\u0ccd\u0cb2\u0cc0\u0cb7\u0ccd (\u0c9f\u0ccd\u0cb0\u0cbf\u0ca8\u0cbf\u0ca1\u0cbe\u0ca1\u0ccd \u0cae\u0ca4\u0ccd\u0ca4\u0cc1 \u0c9f\u0cca\u0cac\u0cbe\u0c97\u0cca)","en_DG":"\u0c87\u0c82\u0c97\u0ccd\u0cb2\u0cc0\u0cb7\u0ccd (\u0ca1\u0cc8\u0c97\u0ccb \u0c97\u0cbe\u0cb0\u0ccd\u0cb8\u0cbf\u0caf)","en_DM":"\u0c87\u0c82\u0c97\u0ccd\u0cb2\u0cc0\u0cb7\u0ccd (\u0ca1\u0cca\u0cae\u0cbf\u0ca8\u0cbf\u0c95\u0cbe)","en_TZ":"\u0c87\u0c82\u0c97\u0ccd\u0cb2\u0cc0\u0cb7\u0ccd (\u0ca4\u0cbe\u0c82\u0c9c\u0cc7\u0ca8\u0cbf\u0caf\u0cbe)","en_ZA":"\u0c87\u0c82\u0c97\u0ccd\u0cb2\u0cc0\u0cb7\u0ccd (\u0ca6\u0c95\u0ccd\u0cb7\u0cbf\u0ca3 \u0c86\u0cab\u0ccd\u0cb0\u0cbf\u0c95\u0cbe)","en_SS":"\u0c87\u0c82\u0c97\u0ccd\u0cb2\u0cc0\u0cb7\u0ccd (\u0ca6\u0c95\u0ccd\u0cb7\u0cbf\u0ca3 \u0cb8\u0cc2\u0ca1\u0cbe\u0ca8\u0ccd)","en_NA":"\u0c87\u0c82\u0c97\u0ccd\u0cb2\u0cc0\u0cb7\u0ccd (\u0ca8\u0cae\u0cc0\u0cac\u0cbf\u0caf\u0cbe)","en_NF":"\u0c87\u0c82\u0c97\u0ccd\u0cb2\u0cc0\u0cb7\u0ccd (\u0ca8\u0cbe\u0cb0\u0ccd\u0cab\u0ccb\u0c95\u0ccd \u0ca6\u0ccd\u0cb5\u0cc0\u0caa)","en_NU":"\u0c87\u0c82\u0c97\u0ccd\u0cb2\u0cc0\u0cb7\u0ccd (\u0ca8\u0cbf\u0caf\u0cc1)","en_NG":"\u0c87\u0c82\u0c97\u0ccd\u0cb2\u0cc0\u0cb7\u0ccd (\u0ca8\u0cc8\u0c9c\u0cc0\u0cb0\u0cbf\u0caf\u0cbe)","en_NR":"\u0c87\u0c82\u0c97\u0ccd\u0cb2\u0cc0\u0cb7\u0ccd (\u0ca8\u0ccc\u0cb0\u0cc1)","en_NZ":"\u0c87\u0c82\u0c97\u0ccd\u0cb2\u0cc0\u0cb7\u0ccd (\u0ca8\u0ccd\u0caf\u0cc2\u0c9c\u0cbf\u0cb2\u0cc6\u0c82\u0ca1\u0ccd)","en_PG":"\u0c87\u0c82\u0c97\u0ccd\u0cb2\u0cc0\u0cb7\u0ccd (\u0caa\u0caa\u0cc1\u0cb5\u0cbe \u0ca8\u0ccd\u0caf\u0cc2\u0c97\u0cbf\u0ca8\u0cbf\u0caf\u0cbe)","en_PW":"\u0c87\u0c82\u0c97\u0ccd\u0cb2\u0cc0\u0cb7\u0ccd (\u0caa\u0cb2\u0cbe\u0cb5\u0cc1)","en_PK":"\u0c87\u0c82\u0c97\u0ccd\u0cb2\u0cc0\u0cb7\u0ccd (\u0caa\u0cbe\u0c95\u0cbf\u0cb8\u0ccd\u0ca4\u0cbe\u0ca8)","en_PN":"\u0c87\u0c82\u0c97\u0ccd\u0cb2\u0cc0\u0cb7\u0ccd (\u0caa\u0cbf\u0c9f\u0ccd\u200c\u0c95\u0cc8\u0cb0\u0ccd\u0ca8\u0ccd \u0ca6\u0ccd\u0cb5\u0cc0\u0caa\u0c97\u0cb3\u0cc1)","en_PR":"\u0c87\u0c82\u0c97\u0ccd\u0cb2\u0cc0\u0cb7\u0ccd (\u0caa\u0ccd\u0caf\u0cc2\u0cb0\u0ccd\u0c9f\u0ccb \u0cb0\u0cbf\u0c95\u0cca)","en_FK":"\u0c87\u0c82\u0c97\u0ccd\u0cb2\u0cc0\u0cb7\u0ccd (\u0cab\u0cbe\u0cb2\u0ccd\u0c95\u0ccd\u200c\u0cb2\u0ccd\u0caf\u0cbe\u0c82\u0ca1\u0ccd \u0ca6\u0ccd\u0cb5\u0cc0\u0caa\u0c97\u0cb3\u0cc1)","en_FJ":"\u0c87\u0c82\u0c97\u0ccd\u0cb2\u0cc0\u0cb7\u0ccd (\u0cab\u0cbf\u0c9c\u0cbf)","en_PH":"\u0c87\u0c82\u0c97\u0ccd\u0cb2\u0cc0\u0cb7\u0ccd (\u0cab\u0cbf\u0cb2\u0cbf\u0cab\u0cc8\u0ca8\u0ccd\u0cb8\u0ccd)","en_BM":"\u0c87\u0c82\u0c97\u0ccd\u0cb2\u0cc0\u0cb7\u0ccd (\u0cac\u0cb0\u0ccd\u0cae\u0cc1\u0ca1\u0cbe)","en_BS":"\u0c87\u0c82\u0c97\u0ccd\u0cb2\u0cc0\u0cb7\u0ccd (\u0cac\u0cb9\u0cbe\u0cae\u0cbe\u0cb8\u0ccd)","en_BB":"\u0c87\u0c82\u0c97\u0ccd\u0cb2\u0cc0\u0cb7\u0ccd (\u0cac\u0cbe\u0cb0\u0ccd\u0cac\u0ca1\u0ccb\u0cb8\u0ccd)","en_BZ":"\u0c87\u0c82\u0c97\u0ccd\u0cb2\u0cc0\u0cb7\u0ccd (\u0cac\u0cc6\u0cb2\u0cbf\u0c9c\u0ccd)","en_BE":"\u0c87\u0c82\u0c97\u0ccd\u0cb2\u0cc0\u0cb7\u0ccd (\u0cac\u0cc6\u0cb2\u0ccd\u0c9c\u0cbf\u0caf\u0cae\u0ccd)","en_BW":"\u0c87\u0c82\u0c97\u0ccd\u0cb2\u0cc0\u0cb7\u0ccd (\u0cac\u0ccb\u0c9f\u0ccd\u0cb8\u0ccd\u200c\u0cb5\u0cbe\u0ca8\u0cbe)","en_GB":"\u0c87\u0c82\u0c97\u0ccd\u0cb2\u0cc0\u0cb7\u0ccd (\u0cac\u0ccd\u0cb0\u0cbf\u0c9f\u0ca8\u0ccd\/\u0c87\u0c82\u0c97\u0ccd\u0cb2\u0cc6\u0c82\u0ca1\u0ccd)","en_VG":"\u0c87\u0c82\u0c97\u0ccd\u0cb2\u0cc0\u0cb7\u0ccd (\u0cac\u0ccd\u0cb0\u0cbf\u0c9f\u0cbf\u0cb7\u0ccd \u0cb5\u0cb0\u0ccd\u0c9c\u0cbf\u0ca8\u0ccd \u0ca6\u0ccd\u0cb5\u0cc0\u0caa\u0c97\u0cb3\u0cc1)","en_IO":"\u0c87\u0c82\u0c97\u0ccd\u0cb2\u0cc0\u0cb7\u0ccd (\u0cac\u0ccd\u0cb0\u0cbf\u0c9f\u0cc0\u0cb6\u0ccd \u0c87\u0c82\u0ca1\u0cbf\u0caf\u0ca8\u0ccd \u0cae\u0cb9\u0cbe\u0cb8\u0cbe\u0c97\u0cb0 \u0caa\u0ccd\u0cb0\u0ca6\u0cc7\u0cb6)","en_IN":"\u0c87\u0c82\u0c97\u0ccd\u0cb2\u0cc0\u0cb7\u0ccd (\u0cad\u0cbe\u0cb0\u0ca4)","en_MO":"\u0c87\u0c82\u0c97\u0ccd\u0cb2\u0cc0\u0cb7\u0ccd (\u0cae\u0c96\u0cbe\u0cb5\u0ccd (SAR) \u0c9a\u0cc8\u0ca8\u0cbe)","en_MG":"\u0c87\u0c82\u0c97\u0ccd\u0cb2\u0cc0\u0cb7\u0ccd (\u0cae\u0ca1\u0c97\u0cbe\u0cb8\u0ccd\u0c95\u0cb0\u0ccd)","en_MW":"\u0c87\u0c82\u0c97\u0ccd\u0cb2\u0cc0\u0cb7\u0ccd (\u0cae\u0cb2\u0cbe\u0cb5\u0cbf)","en_MY":"\u0c87\u0c82\u0c97\u0ccd\u0cb2\u0cc0\u0cb7\u0ccd (\u0cae\u0cb2\u0cc7\u0cb6\u0cbf\u0caf\u0cbe)","en_MS":"\u0c87\u0c82\u0c97\u0ccd\u0cb2\u0cc0\u0cb7\u0ccd (\u0cae\u0cbe\u0c82\u0c9f\u0ccd\u200c\u0cb8\u0cc6\u0cb0\u0cc7\u0c9f\u0ccd)","en_MU":"\u0c87\u0c82\u0c97\u0ccd\u0cb2\u0cc0\u0cb7\u0ccd (\u0cae\u0cbe\u0cb0\u0cbf\u0cb6\u0cbf\u0caf\u0cb8\u0ccd)","en_MH":"\u0c87\u0c82\u0c97\u0ccd\u0cb2\u0cc0\u0cb7\u0ccd (\u0cae\u0cbe\u0cb0\u0ccd\u0cb7\u0cb2\u0ccd \u0ca6\u0ccd\u0cb5\u0cc0\u0caa\u0c97\u0cb3\u0cc1)","en_MT":"\u0c87\u0c82\u0c97\u0ccd\u0cb2\u0cc0\u0cb7\u0ccd (\u0cae\u0cbe\u0cb2\u0ccd\u0c9f\u0cbe)","en_FM":"\u0c87\u0c82\u0c97\u0ccd\u0cb2\u0cc0\u0cb7\u0ccd (\u0cae\u0cc8\u0c95\u0ccd\u0cb0\u0ccb\u0ca8\u0cc7\u0cb6\u0cbf\u0caf\u0cbe)","en_VI":"\u0c87\u0c82\u0c97\u0ccd\u0cb2\u0cc0\u0cb7\u0ccd (\u0caf\u0cc1.\u0c8e\u0cb8\u0ccd. \u0cb5\u0cb0\u0ccd\u0c9c\u0cbf\u0ca8\u0ccd \u0ca6\u0ccd\u0cb5\u0cc0\u0caa\u0c97\u0cb3\u0cc1)","en_UM":"\u0c87\u0c82\u0c97\u0ccd\u0cb2\u0cc0\u0cb7\u0ccd (\u0caf\u0cc1\u0c8e\u0cb8\u0ccd\u200c. \u0c94\u0c9f\u0ccd\u200c\u0cb2\u0cc7\u0caf\u0cbf\u0c82\u0c97\u0ccd \u0ca6\u0ccd\u0cb5\u0cc0\u0caa\u0c97\u0cb3\u0cc1)","en_RW":"\u0c87\u0c82\u0c97\u0ccd\u0cb2\u0cc0\u0cb7\u0ccd (\u0cb0\u0cc1\u0cb5\u0cbe\u0c82\u0ca1\u0cbe)","en_LR":"\u0c87\u0c82\u0c97\u0ccd\u0cb2\u0cc0\u0cb7\u0ccd (\u0cb2\u0cbf\u0cac\u0cc7\u0cb0\u0cbf\u0caf\u0cbe)","en_LS":"\u0c87\u0c82\u0c97\u0ccd\u0cb2\u0cc0\u0cb7\u0ccd (\u0cb2\u0cc6\u0cb8\u0cca\u0ca5\u0ccb)","en_VU":"\u0c87\u0c82\u0c97\u0ccd\u0cb2\u0cc0\u0cb7\u0ccd (\u0cb5\u0ca8\u0ccc\u0c9f\u0cc1)","en_WS":"\u0c87\u0c82\u0c97\u0ccd\u0cb2\u0cc0\u0cb7\u0ccd (\u0cb8\u0cae\u0ccb\u0cb5\u0cbe)","en_SG":"\u0c87\u0c82\u0c97\u0ccd\u0cb2\u0cc0\u0cb7\u0ccd (\u0cb8\u0cbf\u0c82\u0c97\u0cbe\u0caa\u0cc1\u0cb0\u0ccd)","en_SX":"\u0c87\u0c82\u0c97\u0ccd\u0cb2\u0cc0\u0cb7\u0ccd (\u0cb8\u0cbf\u0c82\u0c9f\u0ccd \u0cae\u0cbe\u0cb0\u0ccd\u0c9f\u0cc6\u0ca8\u0ccd)","en_SL":"\u0c87\u0c82\u0c97\u0ccd\u0cb2\u0cc0\u0cb7\u0ccd (\u0cb8\u0cbf\u0caf\u0cc6\u0cb0\u0ccd\u0cb0\u0cbe \u0cb2\u0cbf\u0caf\u0ccb\u0ca8\u0ccd)","en_SC":"\u0c87\u0c82\u0c97\u0ccd\u0cb2\u0cc0\u0cb7\u0ccd (\u0cb8\u0cc0\u0cb6\u0cc6\u0cb2\u0ccd\u0cb2\u0cc6\u0cb8\u0ccd)","en_SD":"\u0c87\u0c82\u0c97\u0ccd\u0cb2\u0cc0\u0cb7\u0ccd (\u0cb8\u0cc2\u0ca1\u0cbe\u0ca8\u0ccd)","en_KN":"\u0c87\u0c82\u0c97\u0ccd\u0cb2\u0cc0\u0cb7\u0ccd (\u0cb8\u0cc7\u0c82\u0c9f\u0ccd \u0c95\u0cbf\u0c9f\u0ccd\u0cb8\u0ccd \u0cae\u0ca4\u0ccd\u0ca4\u0cc1 \u0ca8\u0cc6\u0cb5\u0cbf\u0cb8\u0ccd)","en_LC":"\u0c87\u0c82\u0c97\u0ccd\u0cb2\u0cc0\u0cb7\u0ccd (\u0cb8\u0cc7\u0c82\u0c9f\u0ccd \u0cb2\u0cc2\u0cb8\u0cbf\u0caf\u0cbe)","en_SH":"\u0c87\u0c82\u0c97\u0ccd\u0cb2\u0cc0\u0cb7\u0ccd (\u0cb8\u0cc7\u0c82\u0c9f\u0ccd \u0cb9\u0cc6\u0cb2\u0cc6\u0ca8\u0cbe)","en_VC":"\u0c87\u0c82\u0c97\u0ccd\u0cb2\u0cc0\u0cb7\u0ccd (\u0cb8\u0cc7\u0c82\u0c9f\u0ccd. \u0cb5\u0cbf\u0ca8\u0ccd\u0cb8\u0cc6\u0c82\u0c9f\u0ccd \u0cae\u0ca4\u0ccd\u0ca4\u0cc1 \u0c97\u0ccd\u0cb0\u0cc6\u0ca8\u0cc6\u0ca1\u0cc8\u0ca8\u0ccd\u0cb8\u0ccd)","en_SB":"\u0c87\u0c82\u0c97\u0ccd\u0cb2\u0cc0\u0cb7\u0ccd (\u0cb8\u0cca\u0cb2\u0cca\u0cae\u0ca8\u0ccd \u0ca6\u0ccd\u0cb5\u0cc0\u0caa\u0c97\u0cb3\u0cc1)","en_SZ":"\u0c87\u0c82\u0c97\u0ccd\u0cb2\u0cc0\u0cb7\u0ccd (\u0cb8\u0ccd\u0cb5\u0cbe\u0c9c\u0cbf\u0cb2\u0ccd\u0caf\u0cbe\u0c82\u0ca1\u0ccd)","en_HK":"\u0c87\u0c82\u0c97\u0ccd\u0cb2\u0cc0\u0cb7\u0ccd (\u0cb9\u0cbe\u0c82\u0c95\u0ccd\u200c \u0c95\u0cbe\u0c82\u0c97\u0ccd SAR \u0c9a\u0cc8\u0ca8\u0cbe)","id":"\u0c87\u0c82\u0ca1\u0ccb\u0ca8\u0cc7\u0cb6\u0cbf\u0caf\u0ca8\u0ccd","id_ID":"\u0c87\u0c82\u0ca1\u0ccb\u0ca8\u0cc7\u0cb6\u0cbf\u0caf\u0ca8\u0ccd (\u0c87\u0c82\u0ca1\u0ccb\u0ca8\u0cc7\u0cb6\u0cbf\u0caf\u0cbe)","ig":"\u0c87\u0c97\u0ccd\u0cac\u0cca","ig_NG":"\u0c87\u0c97\u0ccd\u0cac\u0cca (\u0ca8\u0cc8\u0c9c\u0cc0\u0cb0\u0cbf\u0caf\u0cbe)","it":"\u0c87\u0c9f\u0cbe\u0cb2\u0cbf\u0caf\u0ca8\u0ccd","it_IT":"\u0c87\u0c9f\u0cbe\u0cb2\u0cbf\u0caf\u0ca8\u0ccd (\u0c87\u0c9f\u0cb2\u0cbf)","it_SM":"\u0c87\u0c9f\u0cbe\u0cb2\u0cbf\u0caf\u0ca8\u0ccd (\u0cb8\u0ccd\u0caf\u0cbe\u0ca8\u0ccd \u0cae\u0cc6\u0cb0\u0cbf\u0ca8\u0ccb)","it_CH":"\u0c87\u0c9f\u0cbe\u0cb2\u0cbf\u0caf\u0ca8\u0ccd (\u0cb8\u0ccd\u0cb5\u0cbf\u0c9f\u0ccd\u0c9c\u0cb0\u0ccd\u0cb2\u0ccd\u0caf\u0cbe\u0c82\u0ca1\u0ccd)","ee":"\u0c88\u0cb5\u0ccd","ee_GH":"\u0c88\u0cb5\u0ccd (\u0c98\u0cbe\u0ca8\u0cbe)","ee_TG":"\u0c88\u0cb5\u0ccd (\u0c9f\u0ccb\u0c97\u0ccb)","uk":"\u0c89\u0c95\u0ccd\u0cb0\u0cc8\u0ca8\u0cbf\u0caf\u0ca8\u0ccd","uk_UA":"\u0c89\u0c95\u0ccd\u0cb0\u0cc8\u0ca8\u0cbf\u0caf\u0ca8\u0ccd (\u0c89\u0c95\u0ccd\u0cb0\u0cc8\u0ca8\u0ccd)","uz":"\u0c89\u0c9c\u0ccd\u0cac\u0cc7\u0c95\u0ccd","uz_AF":"\u0c89\u0c9c\u0ccd\u0cac\u0cc7\u0c95\u0ccd (\u0c85\u0cab\u0c98\u0cbe\u0ca8\u0cbf\u0cb8\u0ccd\u0ca5\u0cbe\u0ca8\u0ccd)","uz_Arab_AF":"\u0c89\u0c9c\u0ccd\u0cac\u0cc7\u0c95\u0ccd (\u0c85\u0cb0\u0cc7\u0cac\u0cbf\u0c95\u0ccd, \u0c85\u0cab\u0c98\u0cbe\u0ca8\u0cbf\u0cb8\u0ccd\u0ca5\u0cbe\u0ca8\u0ccd)","uz_Arab":"\u0c89\u0c9c\u0ccd\u0cac\u0cc7\u0c95\u0ccd (\u0c85\u0cb0\u0cc7\u0cac\u0cbf\u0c95\u0ccd)","uz_UZ":"\u0c89\u0c9c\u0ccd\u0cac\u0cc7\u0c95\u0ccd (\u0c89\u0c9c\u0ccd\u0cac\u0cc7\u0c95\u0cbf\u0cb8\u0ccd\u0ca5\u0cbe\u0ca8\u0ccd)","uz_Latn_UZ":"\u0c89\u0c9c\u0ccd\u0cac\u0cc7\u0c95\u0ccd (\u0cb2\u0ccd\u0caf\u0cbe\u0c9f\u0cbf\u0ca8\u0ccd, \u0c89\u0c9c\u0ccd\u0cac\u0cc7\u0c95\u0cbf\u0cb8\u0ccd\u0ca5\u0cbe\u0ca8\u0ccd)","uz_Latn":"\u0c89\u0c9c\u0ccd\u0cac\u0cc7\u0c95\u0ccd (\u0cb2\u0ccd\u0caf\u0cbe\u0c9f\u0cbf\u0ca8\u0ccd)","uz_Cyrl_UZ":"\u0c89\u0c9c\u0ccd\u0cac\u0cc7\u0c95\u0ccd (\u0cb8\u0cbf\u0cb0\u0cbf\u0cb2\u0cbf\u0c95\u0ccd, \u0c89\u0c9c\u0ccd\u0cac\u0cc7\u0c95\u0cbf\u0cb8\u0ccd\u0ca5\u0cbe\u0ca8\u0ccd)","uz_Cyrl":"\u0c89\u0c9c\u0ccd\u0cac\u0cc7\u0c95\u0ccd (\u0cb8\u0cbf\u0cb0\u0cbf\u0cb2\u0cbf\u0c95\u0ccd)","nd":"\u0c89\u0ca4\u0ccd\u0ca4\u0cb0 \u0ca6\u0cc6\u0cac\u0cc6\u0cb2\u0cc6","nd_ZW":"\u0c89\u0ca4\u0ccd\u0ca4\u0cb0 \u0ca6\u0cc6\u0cac\u0cc6\u0cb2\u0cc6 (\u0c9c\u0cbf\u0c82\u0cac\u0cbe\u0cac\u0ccd\u0cb5\u0cc6)","se":"\u0c89\u0ca4\u0ccd\u0ca4\u0cb0 \u0cb8\u0cbe\u0cae\u0cbf","se_NO":"\u0c89\u0ca4\u0ccd\u0ca4\u0cb0 \u0cb8\u0cbe\u0cae\u0cbf (\u0ca8\u0cbe\u0cb0\u0ccd\u0cb5\u0cc7)","se_FI":"\u0c89\u0ca4\u0ccd\u0ca4\u0cb0 \u0cb8\u0cbe\u0cae\u0cbf (\u0cab\u0cbf\u0ca8\u0ccd\u200c\u0cb2\u0ccd\u0caf\u0cbe\u0c82\u0ca1\u0ccd)","se_SE":"\u0c89\u0ca4\u0ccd\u0ca4\u0cb0 \u0cb8\u0cbe\u0cae\u0cbf (\u0cb8\u0ccd\u0cb5\u0cc0\u0ca1\u0ca8\u0ccd)","ug":"\u0c89\u0caf\u0cbf\u0c98\u0cb0\u0ccd","ug_Arab_CN":"\u0c89\u0caf\u0cbf\u0c98\u0cb0\u0ccd (\u0c85\u0cb0\u0cc7\u0cac\u0cbf\u0c95\u0ccd, \u0c9a\u0cc0\u0ca8\u0cbe)","ug_Arab":"\u0c89\u0caf\u0cbf\u0c98\u0cb0\u0ccd (\u0c85\u0cb0\u0cc7\u0cac\u0cbf\u0c95\u0ccd)","ug_CN":"\u0c89\u0caf\u0cbf\u0c98\u0cb0\u0ccd (\u0c9a\u0cc0\u0ca8\u0cbe)","ur":"\u0c89\u0cb0\u0ccd\u0ca6\u0cc1","ur_PK":"\u0c89\u0cb0\u0ccd\u0ca6\u0cc1 (\u0caa\u0cbe\u0c95\u0cbf\u0cb8\u0ccd\u0ca4\u0cbe\u0ca8)","ur_IN":"\u0c89\u0cb0\u0ccd\u0ca6\u0cc1 (\u0cad\u0cbe\u0cb0\u0ca4)","et":"\u0c8e\u0cb8\u0ccd\u0c9f\u0cca\u0ca8\u0cbf\u0caf\u0ca8\u0ccd","et_EE":"\u0c8e\u0cb8\u0ccd\u0c9f\u0cca\u0ca8\u0cbf\u0caf\u0ca8\u0ccd (\u0c8e\u0cb8\u0ccd\u0c9f\u0ccb\u0ca8\u0cbf\u0caf\u0cbe)","eo":"\u0c8e\u0cb8\u0ccd\u0caa\u0cc6\u0cb0\u0cbe\u0c82\u0c9f\u0cca","ga":"\u0c90\u0cb0\u0cbf\u0cb7\u0ccd","ga_IE":"\u0c90\u0cb0\u0cbf\u0cb7\u0ccd (\u0c90\u0cb0\u0ccd\u0cb2\u0cc6\u0c82\u0ca1\u0ccd)","is":"\u0c90\u0cb8\u0ccd\u0cb2\u0cbe\u0c82\u0ca1\u0cbf\u0c95\u0ccd","is_IS":"\u0c90\u0cb8\u0ccd\u0cb2\u0cbe\u0c82\u0ca1\u0cbf\u0c95\u0ccd (\u0c90\u0cb8\u0ccd\u200c\u0cb2\u0ccd\u0caf\u0cbe\u0c82\u0ca1\u0ccd)","or":"\u0c92\u0cb0\u0cbf\u0caf\u0cbe","or_IN":"\u0c92\u0cb0\u0cbf\u0caf\u0cbe (\u0cad\u0cbe\u0cb0\u0ca4)","os":"\u0c92\u0cb8\u0ccd\u0cb8\u0cc6\u0c9f\u0cbf\u0c95\u0ccd","os_GE":"\u0c92\u0cb8\u0ccd\u0cb8\u0cc6\u0c9f\u0cbf\u0c95\u0ccd (\u0c9c\u0cbe\u0cb0\u0ccd\u0c9c\u0cbf\u0caf\u0cbe)","os_RU":"\u0c92\u0cb8\u0ccd\u0cb8\u0cc6\u0c9f\u0cbf\u0c95\u0ccd (\u0cb0\u0cb7\u0ccd\u0caf\u0cbe)","om":"\u0c93\u0cb0\u0cca\u0cae\u0ccb","om_ET":"\u0c93\u0cb0\u0cca\u0cae\u0ccb (\u0c87\u0ca5\u0cbf\u0caf\u0ccb\u0caa\u0cbf\u0caf\u0cbe)","om_KE":"\u0c93\u0cb0\u0cca\u0cae\u0ccb (\u0c95\u0cc0\u0ca8\u0ccd\u0caf\u0cbe)","kk":"\u0c95\u0c9d\u0c95\u0ccd","kk_KZ":"\u0c95\u0c9d\u0c95\u0ccd (\u0c95\u0c9d\u0cbe\u0c95\u0cbf\u0cb8\u0ccd\u0ca5\u0cbe\u0ca8\u0ccd)","kk_Cyrl_KZ":"\u0c95\u0c9d\u0c95\u0ccd (\u0cb8\u0cbf\u0cb0\u0cbf\u0cb2\u0cbf\u0c95\u0ccd, \u0c95\u0c9d\u0cbe\u0c95\u0cbf\u0cb8\u0ccd\u0ca5\u0cbe\u0ca8\u0ccd)","kk_Cyrl":"\u0c95\u0c9d\u0c95\u0ccd (\u0cb8\u0cbf\u0cb0\u0cbf\u0cb2\u0cbf\u0c95\u0ccd)","kn":"\u0c95\u0ca8\u0ccd\u0ca8\u0ca1","kn_IN":"\u0c95\u0ca8\u0ccd\u0ca8\u0ca1 (\u0cad\u0cbe\u0cb0\u0ca4)","kl":"\u0c95\u0cb2\u0cbe\u0cb2\u0ccd\u0cb2\u0cbf\u0cb8\u0cc1\u0c9f\u0ccd","kl_GL":"\u0c95\u0cb2\u0cbe\u0cb2\u0ccd\u0cb2\u0cbf\u0cb8\u0cc1\u0c9f\u0ccd (\u0c97\u0ccd\u0cb0\u0cc0\u0ca8\u0ccd\u200c\u0cb2\u0ccd\u0caf\u0cbe\u0c82\u0ca1\u0ccd)","ks":"\u0c95\u0cbe\u0cb6\u0ccd\u0cae\u0cc0\u0cb0\u0cbf","ks_Arab_IN":"\u0c95\u0cbe\u0cb6\u0ccd\u0cae\u0cc0\u0cb0\u0cbf (\u0c85\u0cb0\u0cc7\u0cac\u0cbf\u0c95\u0ccd, \u0cad\u0cbe\u0cb0\u0ca4)","ks_Arab":"\u0c95\u0cbe\u0cb6\u0ccd\u0cae\u0cc0\u0cb0\u0cbf (\u0c85\u0cb0\u0cc7\u0cac\u0cbf\u0c95\u0ccd)","ks_IN":"\u0c95\u0cbe\u0cb6\u0ccd\u0cae\u0cc0\u0cb0\u0cbf (\u0cad\u0cbe\u0cb0\u0ca4)","ki":"\u0c95\u0cbf\u0c95\u0cc1\u0caf\u0cc1","ki_KE":"\u0c95\u0cbf\u0c95\u0cc1\u0caf\u0cc1 (\u0c95\u0cc0\u0ca8\u0ccd\u0caf\u0cbe)","ky":"\u0c95\u0cbf\u0cb0\u0ccd\u0c97\u0cbf\u0c9c\u0ccd","ky_KG":"\u0c95\u0cbf\u0cb0\u0ccd\u0c97\u0cbf\u0c9c\u0ccd (\u0c95\u0cbf\u0cb0\u0ccd\u0c97\u0cbf\u0cb8\u0ccd\u0ca5\u0cbe\u0ca8\u0ccd)","ky_Cyrl_KG":"\u0c95\u0cbf\u0cb0\u0ccd\u0c97\u0cbf\u0c9c\u0ccd (\u0cb8\u0cbf\u0cb0\u0cbf\u0cb2\u0cbf\u0c95\u0ccd, \u0c95\u0cbf\u0cb0\u0ccd\u0c97\u0cbf\u0cb8\u0ccd\u0ca5\u0cbe\u0ca8\u0ccd)","ky_Cyrl":"\u0c95\u0cbf\u0cb0\u0ccd\u0c97\u0cbf\u0c9c\u0ccd (\u0cb8\u0cbf\u0cb0\u0cbf\u0cb2\u0cbf\u0c95\u0ccd)","rw":"\u0c95\u0cc0\u0ca8\u0ccd\u0caf\u0cbe\u0cb0\u0cc1\u0cb5\u0cbe\u0c82\u0ca1\u0cbe","rw_RW":"\u0c95\u0cc0\u0ca8\u0ccd\u0caf\u0cbe\u0cb0\u0cc1\u0cb5\u0cbe\u0c82\u0ca1\u0cbe (\u0cb0\u0cc1\u0cb5\u0cbe\u0c82\u0ca1\u0cbe)","ca":"\u0c95\u0cc6\u0c9f\u0cb2\u0cbe\u0ca8\u0ccd","ca_AD":"\u0c95\u0cc6\u0c9f\u0cb2\u0cbe\u0ca8\u0ccd (\u0c85\u0c82\u0ca1\u0ccb\u0cb0\u0cbe)","ca_IT":"\u0c95\u0cc6\u0c9f\u0cb2\u0cbe\u0ca8\u0ccd (\u0c87\u0c9f\u0cb2\u0cbf)","ca_FR":"\u0c95\u0cc6\u0c9f\u0cb2\u0cbe\u0ca8\u0ccd (\u0cab\u0ccd\u0cb0\u0cbe\u0ca8\u0ccd\u0cb8\u0ccd)","ca_ES":"\u0c95\u0cc6\u0c9f\u0cb2\u0cbe\u0ca8\u0ccd (\u0cb8\u0ccd\u0caa\u0cc7\u0ca8\u0ccd)","ko":"\u0c95\u0cca\u0cb0\u0cbf\u0caf\u0ca8\u0ccd","ko_KP":"\u0c95\u0cca\u0cb0\u0cbf\u0caf\u0ca8\u0ccd (\u0c89\u0ca4\u0ccd\u0ca4\u0cb0 \u0c95\u0ccb\u0cb0\u0cbf\u0caf\u0cbe)","ko_KR":"\u0c95\u0cca\u0cb0\u0cbf\u0caf\u0ca8\u0ccd (\u0ca6\u0c95\u0ccd\u0cb7\u0cbf\u0ca3 \u0c95\u0ccb\u0cb0\u0cbf\u0caf\u0cbe)","kw":"\u0c95\u0ccb\u0cb0\u0ccd\u0ca8\u0cbf\u0cb7\u0ccd","kw_GB":"\u0c95\u0ccb\u0cb0\u0ccd\u0ca8\u0cbf\u0cb7\u0ccd (\u0cac\u0ccd\u0cb0\u0cbf\u0c9f\u0ca8\u0ccd\/\u0c87\u0c82\u0c97\u0ccd\u0cb2\u0cc6\u0c82\u0ca1\u0ccd)","hr":"\u0c95\u0ccd\u0cb0\u0cca\u0caf\u0cc7\u0cb6\u0cbf\u0caf\u0ca8\u0ccd","hr_HR":"\u0c95\u0ccd\u0cb0\u0cca\u0caf\u0cc7\u0cb6\u0cbf\u0caf\u0ca8\u0ccd (\u0c95\u0ccd\u0cb0\u0cca\u0caf\u0cc7\u0cb6\u0cbf\u0caf\u0cbe)","hr_BA":"\u0c95\u0ccd\u0cb0\u0cca\u0caf\u0cc7\u0cb6\u0cbf\u0caf\u0ca8\u0ccd (\u0cac\u0ccb\u0cb8\u0ccd\u0ca8\u0cbf\u0caf\u0cbe \u0cae\u0ca4\u0ccd\u0ca4\u0cc1 \u0cb9\u0cb0\u0ccd\u0c9c\u0cc6\u0c97\u0ccb\u0cb5\u0cbf\u0ca8\u0cbe)","qu":"\u0c95\u0ccd\u0cb5\u0cc6\u0c9a\u0cc1\u0cb5\u0cbe","qu_EC":"\u0c95\u0ccd\u0cb5\u0cc6\u0c9a\u0cc1\u0cb5\u0cbe (\u0c88\u0c95\u0ccd\u0cb5\u0cc6\u0ca1\u0cbe\u0cb0\u0ccd)","qu_PE":"\u0c95\u0ccd\u0cb5\u0cc6\u0c9a\u0cc1\u0cb5\u0cbe (\u0caa\u0cc6\u0cb0\u0cc1)","qu_BO":"\u0c95\u0ccd\u0cb5\u0cc6\u0c9a\u0cc1\u0cb5\u0cbe (\u0cac\u0cca\u0cb2\u0cbf\u0cb5\u0cbf\u0caf\u0cbe)","km":"\u0c96\u0cae\u0cc7\u0cb0\u0ccd","km_KH":"\u0c96\u0cae\u0cc7\u0cb0\u0ccd (\u0c95\u0cbe\u0c82\u0cac\u0ccb\u0ca1\u0cbf\u0caf\u0cbe)","lg":"\u0c97\u0cbe\u0c82\u0ca1\u0cbe","lg_UG":"\u0c97\u0cbe\u0c82\u0ca1\u0cbe (\u0c89\u0c97\u0cbe\u0c82\u0ca1\u0cbe)","gu":"\u0c97\u0cc1\u0c9c\u0cb0\u0cbe\u0ca4\u0cbf","gu_IN":"\u0c97\u0cc1\u0c9c\u0cb0\u0cbe\u0ca4\u0cbf (\u0cad\u0cbe\u0cb0\u0ca4)","gl":"\u0c97\u0ccd\u0caf\u0cbe\u0cb2\u0cbf\u0cb6\u0cbf\u0caf\u0ca8\u0ccd","gl_ES":"\u0c97\u0ccd\u0caf\u0cbe\u0cb2\u0cbf\u0cb6\u0cbf\u0caf\u0ca8\u0ccd (\u0cb8\u0ccd\u0caa\u0cc7\u0ca8\u0ccd)","el":"\u0c97\u0ccd\u0cb0\u0cc0\u0c95\u0ccd","el_GR":"\u0c97\u0ccd\u0cb0\u0cc0\u0c95\u0ccd (\u0c97\u0ccd\u0cb0\u0cc0\u0cb8\u0ccd)","el_CY":"\u0c97\u0ccd\u0cb0\u0cc0\u0c95\u0ccd (\u0cb8\u0cc8\u0caa\u0ccd\u0cb0\u0cb8\u0ccd)","zh":"\u0c9a\u0cc8\u0ca8\u0cc0\u0cb8\u0ccd","zh_CN":"\u0c9a\u0cc8\u0ca8\u0cc0\u0cb8\u0ccd (\u0c9a\u0cc0\u0ca8\u0cbe)","zh_TW":"\u0c9a\u0cc8\u0ca8\u0cc0\u0cb8\u0ccd (\u0ca5\u0cc8\u0cb5\u0cbe\u0ca8\u0ccd)","zh_MO":"\u0c9a\u0cc8\u0ca8\u0cc0\u0cb8\u0ccd (\u0cae\u0c96\u0cbe\u0cb5\u0ccd (SAR) \u0c9a\u0cc8\u0ca8\u0cbe)","zh_Hans_CN":"\u0c9a\u0cc8\u0ca8\u0cc0\u0cb8\u0ccd (\u0cb8\u0cb0\u0cb3\u0cc0\u0c95\u0cc3\u0ca4, \u0c9a\u0cc0\u0ca8\u0cbe)","zh_Hans_MO":"\u0c9a\u0cc8\u0ca8\u0cc0\u0cb8\u0ccd (\u0cb8\u0cb0\u0cb3\u0cc0\u0c95\u0cc3\u0ca4, \u0cae\u0c96\u0cbe\u0cb5\u0ccd (SAR) \u0c9a\u0cc8\u0ca8\u0cbe)","zh_Hans_SG":"\u0c9a\u0cc8\u0ca8\u0cc0\u0cb8\u0ccd (\u0cb8\u0cb0\u0cb3\u0cc0\u0c95\u0cc3\u0ca4, \u0cb8\u0cbf\u0c82\u0c97\u0cbe\u0caa\u0cc1\u0cb0\u0ccd)","zh_Hans_HK":"\u0c9a\u0cc8\u0ca8\u0cc0\u0cb8\u0ccd (\u0cb8\u0cb0\u0cb3\u0cc0\u0c95\u0cc3\u0ca4, \u0cb9\u0cbe\u0c82\u0c95\u0ccd\u200c \u0c95\u0cbe\u0c82\u0c97\u0ccd SAR \u0c9a\u0cc8\u0ca8\u0cbe)","zh_Hans":"\u0c9a\u0cc8\u0ca8\u0cc0\u0cb8\u0ccd (\u0cb8\u0cb0\u0cb3\u0cc0\u0c95\u0cc3\u0ca4)","zh_Hant_TW":"\u0c9a\u0cc8\u0ca8\u0cc0\u0cb8\u0ccd (\u0cb8\u0cbe\u0c82\u0caa\u0ccd\u0cb0\u0ca6\u0cbe\u0caf\u0cbf\u0c95, \u0ca5\u0cc8\u0cb5\u0cbe\u0ca8\u0ccd)","zh_Hant_MO":"\u0c9a\u0cc8\u0ca8\u0cc0\u0cb8\u0ccd (\u0cb8\u0cbe\u0c82\u0caa\u0ccd\u0cb0\u0ca6\u0cbe\u0caf\u0cbf\u0c95, \u0cae\u0c96\u0cbe\u0cb5\u0ccd (SAR) \u0c9a\u0cc8\u0ca8\u0cbe)","zh_Hant_HK":"\u0c9a\u0cc8\u0ca8\u0cc0\u0cb8\u0ccd (\u0cb8\u0cbe\u0c82\u0caa\u0ccd\u0cb0\u0ca6\u0cbe\u0caf\u0cbf\u0c95, \u0cb9\u0cbe\u0c82\u0c95\u0ccd\u200c \u0c95\u0cbe\u0c82\u0c97\u0ccd SAR \u0c9a\u0cc8\u0ca8\u0cbe)","zh_Hant":"\u0c9a\u0cc8\u0ca8\u0cc0\u0cb8\u0ccd (\u0cb8\u0cbe\u0c82\u0caa\u0ccd\u0cb0\u0ca6\u0cbe\u0caf\u0cbf\u0c95)","zh_SG":"\u0c9a\u0cc8\u0ca8\u0cc0\u0cb8\u0ccd (\u0cb8\u0cbf\u0c82\u0c97\u0cbe\u0caa\u0cc1\u0cb0\u0ccd)","zh_HK":"\u0c9a\u0cc8\u0ca8\u0cc0\u0cb8\u0ccd (\u0cb9\u0cbe\u0c82\u0c95\u0ccd\u200c \u0c95\u0cbe\u0c82\u0c97\u0ccd SAR \u0c9a\u0cc8\u0ca8\u0cbe)","de":"\u0c9c\u0cb0\u0ccd\u0cae\u0ca8\u0ccd","de_AT":"\u0c9c\u0cb0\u0ccd\u0cae\u0ca8\u0ccd (\u0c86\u0cb8\u0ccd\u0c9f\u0ccd\u0cb0\u0cbf\u0caf\u0cbe)","de_DE":"\u0c9c\u0cb0\u0ccd\u0cae\u0ca8\u0ccd (\u0c9c\u0cb0\u0ccd\u0cae\u0ca8\u0cbf)","de_BE":"\u0c9c\u0cb0\u0ccd\u0cae\u0ca8\u0ccd (\u0cac\u0cc6\u0cb2\u0ccd\u0c9c\u0cbf\u0caf\u0cae\u0ccd)","de_LU":"\u0c9c\u0cb0\u0ccd\u0cae\u0ca8\u0ccd (\u0cb2\u0c95\u0ccd\u0cb8\u0c82\u0cac\u0cb0\u0ccd\u0c97\u0ccd)","de_LI":"\u0c9c\u0cb0\u0ccd\u0cae\u0ca8\u0ccd (\u0cb2\u0cbf\u0c9a\u0cc6\u0ca8\u0ccd\u200c\u0cb8\u0ccd\u0c9f\u0cc8\u0ca8\u0ccd)","de_CH":"\u0c9c\u0cb0\u0ccd\u0cae\u0ca8\u0ccd (\u0cb8\u0ccd\u0cb5\u0cbf\u0c9f\u0ccd\u0c9c\u0cb0\u0ccd\u0cb2\u0ccd\u0caf\u0cbe\u0c82\u0ca1\u0ccd)","ja":"\u0c9c\u0cbe\u0caa\u0ca8\u0cc0\u0cb8\u0ccd","ja_JP":"\u0c9c\u0cbe\u0caa\u0ca8\u0cc0\u0cb8\u0ccd (\u0c9c\u0caa\u0cbe\u0ca8\u0ccd)","ka":"\u0c9c\u0cbe\u0cb0\u0ccd\u0c9c\u0cbf\u0caf\u0ca8\u0ccd","ka_GE":"\u0c9c\u0cbe\u0cb0\u0ccd\u0c9c\u0cbf\u0caf\u0ca8\u0ccd (\u0c9c\u0cbe\u0cb0\u0ccd\u0c9c\u0cbf\u0caf\u0cbe)","zu":"\u0c9c\u0cc1\u0cb2\u0cc1","zu_ZA":"\u0c9c\u0cc1\u0cb2\u0cc1 (\u0ca6\u0c95\u0ccd\u0cb7\u0cbf\u0ca3 \u0c86\u0cab\u0ccd\u0cb0\u0cbf\u0c95\u0cbe)","cs":"\u0c9c\u0cc6\u0c95\u0ccd","cs_CZ":"\u0c9c\u0cc6\u0c95\u0ccd (\u0c9a\u0cc6\u0c95\u0ccd \u0cb0\u0cbf\u0caa\u0cac\u0ccd\u0cb2\u0cbf\u0c95\u0ccd)","dz":"\u0c9c\u0ccb\u0c82\u0c97\u0ccd\u200c\u0c96\u0cbe","dz_BT":"\u0c9c\u0ccb\u0c82\u0c97\u0ccd\u200c\u0c96\u0cbe (\u0cad\u0cc2\u0ca4\u0cbe\u0ca8\u0ccd)","tr":"\u0c9f\u0cb0\u0ccd\u0c95\u0cbf\u0cb6\u0ccd","tr_TR":"\u0c9f\u0cb0\u0ccd\u0c95\u0cbf\u0cb6\u0ccd (\u0c9f\u0cb0\u0ccd\u0c95\u0cbf)","tr_CY":"\u0c9f\u0cb0\u0ccd\u0c95\u0cbf\u0cb6\u0ccd (\u0cb8\u0cc8\u0caa\u0ccd\u0cb0\u0cb8\u0ccd)","ti":"\u0c9f\u0cbf\u0c97\u0ccd\u0cb0\u0cbf\u0ca8\u0ccd\u0caf\u0cbe","ti_ET":"\u0c9f\u0cbf\u0c97\u0ccd\u0cb0\u0cbf\u0ca8\u0ccd\u0caf\u0cbe (\u0c87\u0ca5\u0cbf\u0caf\u0ccb\u0caa\u0cbf\u0caf\u0cbe)","ti_ER":"\u0c9f\u0cbf\u0c97\u0ccd\u0cb0\u0cbf\u0ca8\u0ccd\u0caf\u0cbe (\u0c8f\u0cb0\u0cbf\u0c9f\u0ccd\u0cb0\u0cbf\u0caf\u0cbe)","bo":"\u0c9f\u0cbf\u0cac\u0cc7\u0c9f\u0cbf\u0caf\u0ca8\u0ccd","bo_CN":"\u0c9f\u0cbf\u0cac\u0cc7\u0c9f\u0cbf\u0caf\u0ca8\u0ccd (\u0c9a\u0cc0\u0ca8\u0cbe)","bo_IN":"\u0c9f\u0cbf\u0cac\u0cc7\u0c9f\u0cbf\u0caf\u0ca8\u0ccd (\u0cad\u0cbe\u0cb0\u0ca4)","to":"\u0c9f\u0ccb\u0c82\u0c97\u0ca8\u0ccd","to_TO":"\u0c9f\u0ccb\u0c82\u0c97\u0ca8\u0ccd (\u0c9f\u0cca\u0c82\u0c97)","tl":"\u0c9f\u0ccd\u0caf\u0cbe\u0c97\u0cb2\u0ccb\u0c97\u0ccd","tl_PH":"\u0c9f\u0ccd\u0caf\u0cbe\u0c97\u0cb2\u0ccb\u0c97\u0ccd (\u0cab\u0cbf\u0cb2\u0cbf\u0cab\u0cc8\u0ca8\u0ccd\u0cb8\u0ccd)","nl":"\u0ca1\u0c9a\u0ccd","nl_AW":"\u0ca1\u0c9a\u0ccd (\u0c85\u0cb0\u0cc1\u0cac\u0cbe)","nl_CW":"\u0ca1\u0c9a\u0ccd (\u0c95\u0cc1\u0cb0\u0cbe\u0c95\u0cbe\u0cb5\u0ccd)","nl_BQ":"\u0ca1\u0c9a\u0ccd (\u0c95\u0cc6\u0cb0\u0cc0\u0cac\u0cbf\u0caf\u0ca8\u0ccd \u0ca8\u0cc6\u0ca6\u0cb0\u0ccd\u200c\u0cb2\u0ccd\u0caf\u0cbe\u0c82\u0ca1\u0ccd\u0cb8\u0ccd)","nl_NL":"\u0ca1\u0c9a\u0ccd (\u0ca8\u0cc6\u0ca6\u0cb0\u0ccd\u200c\u0cb2\u0ccd\u0caf\u0cbe\u0c82\u0ca1\u0ccd\u0cb8\u0ccd)","nl_BE":"\u0ca1\u0c9a\u0ccd (\u0cac\u0cc6\u0cb2\u0ccd\u0c9c\u0cbf\u0caf\u0cae\u0ccd)","nl_SX":"\u0ca1\u0c9a\u0ccd (\u0cb8\u0cbf\u0c82\u0c9f\u0ccd \u0cae\u0cbe\u0cb0\u0ccd\u0c9f\u0cc6\u0ca8\u0ccd)","nl_SR":"\u0ca1\u0c9a\u0ccd (\u0cb8\u0cc1\u0cb0\u0cbf\u0ca8\u0cbe\u0cae)","da":"\u0ca1\u0ccd\u0caf\u0cbe\u0ca8\u0cbf\u0cb6\u0ccd","da_GL":"\u0ca1\u0ccd\u0caf\u0cbe\u0ca8\u0cbf\u0cb6\u0ccd (\u0c97\u0ccd\u0cb0\u0cc0\u0ca8\u0ccd\u200c\u0cb2\u0ccd\u0caf\u0cbe\u0c82\u0ca1\u0ccd)","da_DK":"\u0ca1\u0ccd\u0caf\u0cbe\u0ca8\u0cbf\u0cb6\u0ccd (\u0ca1\u0cc6\u0ca8\u0ccd\u0cae\u0cbe\u0cb0\u0ccd\u0c95\u0ccd)","ta":"\u0ca4\u0cae\u0cbf\u0cb3\u0cc1","ta_IN":"\u0ca4\u0cae\u0cbf\u0cb3\u0cc1 (\u0cad\u0cbe\u0cb0\u0ca4)","ta_MY":"\u0ca4\u0cae\u0cbf\u0cb3\u0cc1 (\u0cae\u0cb2\u0cc7\u0cb6\u0cbf\u0caf\u0cbe)","ta_LK":"\u0ca4\u0cae\u0cbf\u0cb3\u0cc1 (\u0cb6\u0ccd\u0cb0\u0cc0\u0cb2\u0c82\u0c95\u0cbe)","ta_SG":"\u0ca4\u0cae\u0cbf\u0cb3\u0cc1 (\u0cb8\u0cbf\u0c82\u0c97\u0cbe\u0caa\u0cc1\u0cb0\u0ccd)","te":"\u0ca4\u0cc6\u0cb2\u0cc1\u0c97\u0cc1","te_IN":"\u0ca4\u0cc6\u0cb2\u0cc1\u0c97\u0cc1 (\u0cad\u0cbe\u0cb0\u0ca4)","th":"\u0ca5\u0cbe\u0caf\u0ccd","th_TH":"\u0ca5\u0cbe\u0caf\u0ccd (\u0ca5\u0cc8\u0cb2\u0ccd\u0caf\u0cbe\u0c82\u0ca1\u0ccd)","nn":"\u0ca8\u0cbe\u0cb0\u0ccd\u0cb5\u0cc6\u0c9c\u0cbf\u0caf\u0ca8\u0ccd \u0ca8\u0cc8\u0ca8\u0cca\u0cb8\u0ccd\u0c95\u0ccd","nn_NO":"\u0ca8\u0cbe\u0cb0\u0ccd\u0cb5\u0cc6\u0c9c\u0cbf\u0caf\u0ca8\u0ccd \u0ca8\u0cc8\u0ca8\u0cca\u0cb8\u0ccd\u0c95\u0ccd (\u0ca8\u0cbe\u0cb0\u0ccd\u0cb5\u0cc7)","nb":"\u0ca8\u0cbe\u0cb0\u0ccd\u0cb5\u0cc6\u0c9c\u0cbf\u0caf\u0ca8\u0ccd \u0cac\u0cca\u0c95\u0ccd\u0cae\u0cb2\u0ccd","nb_NO":"\u0ca8\u0cbe\u0cb0\u0ccd\u0cb5\u0cc6\u0c9c\u0cbf\u0caf\u0ca8\u0ccd \u0cac\u0cca\u0c95\u0ccd\u0cae\u0cb2\u0ccd (\u0ca8\u0cbe\u0cb0\u0ccd\u0cb5\u0cc7)","nb_SJ":"\u0ca8\u0cbe\u0cb0\u0ccd\u0cb5\u0cc6\u0c9c\u0cbf\u0caf\u0ca8\u0ccd \u0cac\u0cca\u0c95\u0ccd\u0cae\u0cb2\u0ccd (\u0cb8\u0ccd\u0cb5\u0cbe\u0cb2\u0ccd\u0cac\u0cbe\u0cb0\u0ccd\u0ca1\u0ccd \u0cae\u0ca4\u0ccd\u0ca4\u0cc1 \u0c9c\u0cbe\u0ca8\u0ccd \u0cae\u0cc6\u0caf\u0ca8\u0ccd)","no":"\u0ca8\u0cbe\u0cb0\u0ccd\u0cb5\u0cc7\u0c9c\u0cbf\u0caf\u0ca8\u0ccd","no_NO":"\u0ca8\u0cbe\u0cb0\u0ccd\u0cb5\u0cc7\u0c9c\u0cbf\u0caf\u0ca8\u0ccd (\u0ca8\u0cbe\u0cb0\u0ccd\u0cb5\u0cc7)","ne":"\u0ca8\u0cc7\u0caa\u0cbe\u0cb3\u0cbf","ne_NP":"\u0ca8\u0cc7\u0caa\u0cbe\u0cb3\u0cbf (\u0ca8\u0cc7\u0caa\u0cbe\u0cb3)","ne_IN":"\u0ca8\u0cc7\u0caa\u0cbe\u0cb3\u0cbf (\u0cad\u0cbe\u0cb0\u0ca4)","pa":"\u0caa\u0c82\u0c9c\u0cbe\u0cac\u0cbf","pa_Arab_PK":"\u0caa\u0c82\u0c9c\u0cbe\u0cac\u0cbf (\u0c85\u0cb0\u0cc7\u0cac\u0cbf\u0c95\u0ccd, \u0caa\u0cbe\u0c95\u0cbf\u0cb8\u0ccd\u0ca4\u0cbe\u0ca8)","pa_Arab":"\u0caa\u0c82\u0c9c\u0cbe\u0cac\u0cbf (\u0c85\u0cb0\u0cc7\u0cac\u0cbf\u0c95\u0ccd)","pa_Guru_IN":"\u0caa\u0c82\u0c9c\u0cbe\u0cac\u0cbf (\u0c97\u0cc1\u0cb0\u0ccd\u0cae\u0cc1\u0c96\u0cbf, \u0cad\u0cbe\u0cb0\u0ca4)","pa_Guru":"\u0caa\u0c82\u0c9c\u0cbe\u0cac\u0cbf (\u0c97\u0cc1\u0cb0\u0ccd\u0cae\u0cc1\u0c96\u0cbf)","pa_PK":"\u0caa\u0c82\u0c9c\u0cbe\u0cac\u0cbf (\u0caa\u0cbe\u0c95\u0cbf\u0cb8\u0ccd\u0ca4\u0cbe\u0ca8)","pa_IN":"\u0caa\u0c82\u0c9c\u0cbe\u0cac\u0cbf (\u0cad\u0cbe\u0cb0\u0ca4)","fa":"\u0caa\u0cb0\u0ccd\u0cb6\u0cbf\u0caf\u0ca8\u0ccd","fa_AF":"\u0caa\u0cb0\u0ccd\u0cb6\u0cbf\u0caf\u0ca8\u0ccd (\u0c85\u0cab\u0c98\u0cbe\u0ca8\u0cbf\u0cb8\u0ccd\u0ca5\u0cbe\u0ca8\u0ccd)","fa_IR":"\u0caa\u0cb0\u0ccd\u0cb6\u0cbf\u0caf\u0ca8\u0ccd (\u0c87\u0cb0\u0cbe\u0ca8\u0ccd)","fy":"\u0caa\u0cb6\u0ccd\u0c9a\u0cbf\u0cae \u0cab\u0ccd\u0cb0\u0cbf\u0cb8\u0cbf\u0caf\u0ca8\u0ccd","fy_NL":"\u0caa\u0cb6\u0ccd\u0c9a\u0cbf\u0cae \u0cab\u0ccd\u0cb0\u0cbf\u0cb8\u0cbf\u0caf\u0ca8\u0ccd (\u0ca8\u0cc6\u0ca6\u0cb0\u0ccd\u200c\u0cb2\u0ccd\u0caf\u0cbe\u0c82\u0ca1\u0ccd\u0cb8\u0ccd)","ps":"\u0caa\u0cbe\u0cb7\u0ccd\u0c9f\u0ccb","ps_AF":"\u0caa\u0cbe\u0cb7\u0ccd\u0c9f\u0ccb (\u0c85\u0cab\u0c98\u0cbe\u0ca8\u0cbf\u0cb8\u0ccd\u0ca5\u0cbe\u0ca8\u0ccd)","pt":"\u0caa\u0ccb\u0cb0\u0ccd\u0c9a\u0cc1\u0c97\u0cc0\u0cb8\u0ccd","pt_AO":"\u0caa\u0ccb\u0cb0\u0ccd\u0c9a\u0cc1\u0c97\u0cc0\u0cb8\u0ccd (\u0c85\u0c82\u0c97\u0ccb\u0cb2\u0cbe)","pt_CV":"\u0caa\u0ccb\u0cb0\u0ccd\u0c9a\u0cc1\u0c97\u0cc0\u0cb8\u0ccd (\u0c95\u0cc7\u0caa\u0ccd \u0cb5\u0cb0\u0ccd\u0ca1\u0cc6)","pt_GW":"\u0caa\u0ccb\u0cb0\u0ccd\u0c9a\u0cc1\u0c97\u0cc0\u0cb8\u0ccd (\u0c97\u0cbf\u0ca8\u0cbf-\u0cac\u0cbf\u0cb8\u0ccd\u0cb8\u0cbe\u0cb5\u0ccd)","pt_TL":"\u0caa\u0ccb\u0cb0\u0ccd\u0c9a\u0cc1\u0c97\u0cc0\u0cb8\u0ccd (\u0caa\u0cc2\u0cb0\u0ccd\u0cb5 \u0ca4\u0cbf\u0cae\u0ccb\u0cb0\u0ccd)","pt_PT":"\u0caa\u0ccb\u0cb0\u0ccd\u0c9a\u0cc1\u0c97\u0cc0\u0cb8\u0ccd (\u0caa\u0ccb\u0cb0\u0ccd\u0c9a\u0cc1\u0c97\u0cb2\u0ccd)","pt_BR":"\u0caa\u0ccb\u0cb0\u0ccd\u0c9a\u0cc1\u0c97\u0cc0\u0cb8\u0ccd (\u0cac\u0ccd\u0cb0\u0cc6\u0c9c\u0cbf\u0cb2\u0ccd)","pt_MO":"\u0caa\u0ccb\u0cb0\u0ccd\u0c9a\u0cc1\u0c97\u0cc0\u0cb8\u0ccd (\u0cae\u0c96\u0cbe\u0cb5\u0ccd (SAR) \u0c9a\u0cc8\u0ca8\u0cbe)","pt_MZ":"\u0caa\u0ccb\u0cb0\u0ccd\u0c9a\u0cc1\u0c97\u0cc0\u0cb8\u0ccd (\u0cae\u0cca\u0c9c\u0cbe\u0c82\u0cac\u0cbf\u0c95\u0ccd)","pt_ST":"\u0caa\u0ccb\u0cb0\u0ccd\u0c9a\u0cc1\u0c97\u0cc0\u0cb8\u0ccd (\u0cb8\u0cbe\u0cb5\u0ccb \u0c9f\u0ccb\u0cae\u0ccd \u0cae\u0ca4\u0ccd\u0ca4\u0cc1 \u0caa\u0ccd\u0cb0\u0cbf\u0ca8\u0ccd\u0cb8\u0cbf\u0caa\u0cbf)","pl":"\u0caa\u0ccb\u0cb2\u0cbf\u0cb6\u0ccd","pl_PL":"\u0caa\u0ccb\u0cb2\u0cbf\u0cb6\u0ccd (\u0caa\u0ccb\u0cb2\u0ccd\u0caf\u0cbe\u0c82\u0ca1\u0ccd)","fo":"\u0cab\u0cb0\u0ccb\u0cb8\u0cbf","fo_FO":"\u0cab\u0cb0\u0ccb\u0cb8\u0cbf (\u0cab\u0cb0\u0ccb \u0ca6\u0ccd\u0cb5\u0cc0\u0caa\u0c97\u0cb3\u0cc1)","fi":"\u0cab\u0cbf\u0ca8\u0ccd\u0ca8\u0cbf\u0cb6\u0ccd","fi_FI":"\u0cab\u0cbf\u0ca8\u0ccd\u0ca8\u0cbf\u0cb6\u0ccd (\u0cab\u0cbf\u0ca8\u0ccd\u200c\u0cb2\u0ccd\u0caf\u0cbe\u0c82\u0ca1\u0ccd)","ff":"\u0cab\u0cc1\u0cb2\u0cbe\u0cb9\u0ccd","ff_CM":"\u0cab\u0cc1\u0cb2\u0cbe\u0cb9\u0ccd (\u0c95\u0ccd\u0caf\u0cbe\u0cae\u0cb0\u0ccb\u0ca8\u0ccd)","ff_GN":"\u0cab\u0cc1\u0cb2\u0cbe\u0cb9\u0ccd (\u0c97\u0cbf\u0ca8\u0cbf)","ff_MR":"\u0cab\u0cc1\u0cb2\u0cbe\u0cb9\u0ccd (\u0cae\u0cbe\u0cb0\u0cbf\u0c9f\u0cc7\u0ca8\u0cbf\u0caf\u0cbe)","ff_SN":"\u0cab\u0cc1\u0cb2\u0cbe\u0cb9\u0ccd (\u0cb8\u0cc6\u0ca8\u0cc6\u0c97\u0cb2\u0ccd)","fr":"\u0cab\u0ccd\u0cb0\u0cc6\u0c82\u0c9a\u0ccd","fr_DZ":"\u0cab\u0ccd\u0cb0\u0cc6\u0c82\u0c9a\u0ccd (\u0c85\u0cb2\u0ccd\u0c97\u0cc7\u0cb0\u0cbf\u0caf\u0cbe)","fr_GQ":"\u0cab\u0ccd\u0cb0\u0cc6\u0c82\u0c9a\u0ccd (\u0c88\u0c95\u0ccd\u0cb5\u0cc6\u0c9f\u0ccb\u0cb0\u0cbf\u0caf\u0cb2\u0ccd \u0c97\u0cbf\u0ca8\u0cbf)","fr_CD":"\u0cab\u0ccd\u0cb0\u0cc6\u0c82\u0c9a\u0ccd (\u0c95\u0cbe\u0c82\u0c97\u0ccb - \u0c95\u0cbf\u0ca8\u0ccd\u0cb6\u0cbe\u0cb8\u0cbe)","fr_CG":"\u0cab\u0ccd\u0cb0\u0cc6\u0c82\u0c9a\u0ccd (\u0c95\u0cbe\u0c82\u0c97\u0ccb - \u0cac\u0ccd\u0cb0\u0cbe\u0c9c\u0cbe\u0cb5\u0cbf\u0cb2\u0ccd\u0cb2\u0cc7)","fr_CA":"\u0cab\u0ccd\u0cb0\u0cc6\u0c82\u0c9a\u0ccd (\u0c95\u0cc6\u0ca8\u0ca1\u0cbe)","fr_KM":"\u0cab\u0ccd\u0cb0\u0cc6\u0c82\u0c9a\u0ccd (\u0c95\u0cca\u0cae\u0cca\u0cb0\u0cca\u0cb8\u0ccd)","fr_CI":"\u0cab\u0ccd\u0cb0\u0cc6\u0c82\u0c9a\u0ccd (\u0c95\u0ccb\u0ca4\u0ccd\u200c \u0ca6\u0cbf\u0cb5\u0cbe\u0cb0\u0ccd\u200d)","fr_CM":"\u0cab\u0ccd\u0cb0\u0cc6\u0c82\u0c9a\u0ccd (\u0c95\u0ccd\u0caf\u0cbe\u0cae\u0cb0\u0ccb\u0ca8\u0ccd)","fr_GN":"\u0cab\u0ccd\u0cb0\u0cc6\u0c82\u0c9a\u0ccd (\u0c97\u0cbf\u0ca8\u0cbf)","fr_GP":"\u0cab\u0ccd\u0cb0\u0cc6\u0c82\u0c9a\u0ccd (\u0c97\u0cc1\u0ca1\u0cc6\u0cb2\u0ccb\u0caa\u0ccd)","fr_GA":"\u0cab\u0ccd\u0cb0\u0cc6\u0c82\u0c9a\u0ccd (\u0c97\u0cc6\u0cac\u0cca\u0ca8\u0ccd)","fr_TD":"\u0cab\u0ccd\u0cb0\u0cc6\u0c82\u0c9a\u0ccd (\u0c9a\u0cbe\u0ca6\u0ccd)","fr_DJ":"\u0cab\u0ccd\u0cb0\u0cc6\u0c82\u0c9a\u0ccd (\u0c9c\u0cbf\u0cac\u0ccb\u0c9f\u0cbf)","fr_TN":"\u0cab\u0ccd\u0cb0\u0cc6\u0c82\u0c9a\u0ccd (\u0c9f\u0cc1\u0ca8\u0cbf\u0cb6\u0cbf\u0caf\u0cbe)","fr_TG":"\u0cab\u0ccd\u0cb0\u0cc6\u0c82\u0c9a\u0ccd (\u0c9f\u0ccb\u0c97\u0ccb)","fr_NE":"\u0cab\u0ccd\u0cb0\u0cc6\u0c82\u0c9a\u0ccd (\u0ca8\u0cc8\u0c9c\u0cb0\u0ccd)","fr_NC":"\u0cab\u0ccd\u0cb0\u0cc6\u0c82\u0c9a\u0ccd (\u0ca8\u0ccd\u0caf\u0cc2 \u0c95\u0ccd\u0caf\u0cbe\u0cb2\u0cbf\u0ca1\u0ccb\u0ca8\u0cbf\u0caf\u0cbe)","fr_FR":"\u0cab\u0ccd\u0cb0\u0cc6\u0c82\u0c9a\u0ccd (\u0cab\u0ccd\u0cb0\u0cbe\u0ca8\u0ccd\u0cb8\u0ccd)","fr_GF":"\u0cab\u0ccd\u0cb0\u0cc6\u0c82\u0c9a\u0ccd (\u0cab\u0ccd\u0cb0\u0cc6\u0c82\u0c9a\u0ccd \u0c97\u0caf\u0cbe\u0ca8\u0cbe)","fr_PF":"\u0cab\u0ccd\u0cb0\u0cc6\u0c82\u0c9a\u0ccd (\u0cab\u0ccd\u0cb0\u0cc6\u0c82\u0c9a\u0ccd \u0caa\u0cbe\u0cb2\u0cbf\u0ca8\u0cc7\u0cb7\u0ccd\u0caf\u0cbe)","fr_BI":"\u0cab\u0ccd\u0cb0\u0cc6\u0c82\u0c9a\u0ccd (\u0cac\u0cc1\u0cb0\u0cc1\u0c82\u0ca1\u0cbf)","fr_BF":"\u0cab\u0ccd\u0cb0\u0cc6\u0c82\u0c9a\u0ccd (\u0cac\u0cc1\u0cb0\u0ccd\u0c95\u0cbf\u0ca8\u0cbe \u0cab\u0cbe\u0cb8\u0ccb)","fr_BJ":"\u0cab\u0ccd\u0cb0\u0cc6\u0c82\u0c9a\u0ccd (\u0cac\u0cc6\u0ca8\u0cbf\u0ca8\u0ccd)","fr_BE":"\u0cab\u0ccd\u0cb0\u0cc6\u0c82\u0c9a\u0ccd (\u0cac\u0cc6\u0cb2\u0ccd\u0c9c\u0cbf\u0caf\u0cae\u0ccd)","fr_MG":"\u0cab\u0ccd\u0cb0\u0cc6\u0c82\u0c9a\u0ccd (\u0cae\u0ca1\u0c97\u0cbe\u0cb8\u0ccd\u0c95\u0cb0\u0ccd)","fr_CF":"\u0cab\u0ccd\u0cb0\u0cc6\u0c82\u0c9a\u0ccd (\u0cae\u0ca7\u0ccd\u0caf \u0c86\u0cab\u0ccd\u0cb0\u0cbf\u0c95\u0cbe \u0c97\u0ca3\u0cb0\u0cbe\u0c9c\u0ccd\u0caf)","fr_YT":"\u0cab\u0ccd\u0cb0\u0cc6\u0c82\u0c9a\u0ccd (\u0cae\u0caf\u0cca\u0c9f\u0ccd\u0c9f\u0cc6)","fr_MR":"\u0cab\u0ccd\u0cb0\u0cc6\u0c82\u0c9a\u0ccd (\u0cae\u0cbe\u0cb0\u0cbf\u0c9f\u0cc7\u0ca8\u0cbf\u0caf\u0cbe)","fr_MU":"\u0cab\u0ccd\u0cb0\u0cc6\u0c82\u0c9a\u0ccd (\u0cae\u0cbe\u0cb0\u0cbf\u0cb6\u0cbf\u0caf\u0cb8\u0ccd)","fr_MQ":"\u0cab\u0ccd\u0cb0\u0cc6\u0c82\u0c9a\u0ccd (\u0cae\u0cbe\u0cb0\u0ccd\u0c9f\u0cbf\u0ca8\u0cbf\u0c95\u0ccd)","fr_ML":"\u0cab\u0ccd\u0cb0\u0cc6\u0c82\u0c9a\u0ccd (\u0cae\u0cbe\u0cb2\u0cbf)","fr_MC":"\u0cab\u0ccd\u0cb0\u0cc6\u0c82\u0c9a\u0ccd (\u0cae\u0cca\u0ca8\u0cbe\u0c95\u0cca)","fr_MA":"\u0cab\u0ccd\u0cb0\u0cc6\u0c82\u0c9a\u0ccd (\u0cae\u0cca\u0cb0\u0cbe\u0c95\u0ccd\u0c95\u0cca)","fr_RE":"\u0cab\u0ccd\u0cb0\u0cc6\u0c82\u0c9a\u0ccd (\u0cb0\u0cc0\u0caf\u0cc2\u0ca8\u0cbf\u0caf\u0ca8\u0ccd)","fr_RW":"\u0cab\u0ccd\u0cb0\u0cc6\u0c82\u0c9a\u0ccd (\u0cb0\u0cc1\u0cb5\u0cbe\u0c82\u0ca1\u0cbe)","fr_LU":"\u0cab\u0ccd\u0cb0\u0cc6\u0c82\u0c9a\u0ccd (\u0cb2\u0c95\u0ccd\u0cb8\u0c82\u0cac\u0cb0\u0ccd\u0c97\u0ccd)","fr_VU":"\u0cab\u0ccd\u0cb0\u0cc6\u0c82\u0c9a\u0ccd (\u0cb5\u0ca8\u0ccc\u0c9f\u0cc1)","fr_WF":"\u0cab\u0ccd\u0cb0\u0cc6\u0c82\u0c9a\u0ccd (\u0cb5\u0cbe\u0cb2\u0cbf\u0cb8\u0ccd \u0cae\u0ca4\u0ccd\u0ca4\u0cc1 \u0cab\u0cc1\u0c9f\u0cc1\u0ca8\u0cbe)","fr_SY":"\u0cab\u0ccd\u0cb0\u0cc6\u0c82\u0c9a\u0ccd (\u0cb8\u0cbf\u0cb0\u0cbf\u0caf\u0cbe)","fr_SC":"\u0cab\u0ccd\u0cb0\u0cc6\u0c82\u0c9a\u0ccd (\u0cb8\u0cc0\u0cb6\u0cc6\u0cb2\u0ccd\u0cb2\u0cc6\u0cb8\u0ccd)","fr_SN":"\u0cab\u0ccd\u0cb0\u0cc6\u0c82\u0c9a\u0ccd (\u0cb8\u0cc6\u0ca8\u0cc6\u0c97\u0cb2\u0ccd)","fr_PM":"\u0cab\u0ccd\u0cb0\u0cc6\u0c82\u0c9a\u0ccd (\u0cb8\u0cc7\u0c82\u0c9f\u0ccd \u0caa\u0cbf\u0caf\u0cb0\u0cc6 \u0cae\u0ca4\u0ccd\u0ca4\u0cc1 \u0cae\u0cbf\u0c95\u0cc6\u0cb2\u0ca8\u0ccd)","fr_BL":"\u0cab\u0ccd\u0cb0\u0cc6\u0c82\u0c9a\u0ccd (\u0cb8\u0cc7\u0c82\u0c9f\u0ccd \u0cac\u0cbe\u0cb0\u0ccd\u0ca5\u0cc6\u0cb2\u0cc6\u0cae\u0cbf)","fr_MF":"\u0cab\u0ccd\u0cb0\u0cc6\u0c82\u0c9a\u0ccd (\u0cb8\u0cc7\u0c82\u0c9f\u0ccd \u0cae\u0cbe\u0cb0\u0ccd\u0c9f\u0cbf\u0ca8\u0ccd)","fr_CH":"\u0cab\u0ccd\u0cb0\u0cc6\u0c82\u0c9a\u0ccd (\u0cb8\u0ccd\u0cb5\u0cbf\u0c9f\u0ccd\u0c9c\u0cb0\u0ccd\u0cb2\u0ccd\u0caf\u0cbe\u0c82\u0ca1\u0ccd)","fr_HT":"\u0cab\u0ccd\u0cb0\u0cc6\u0c82\u0c9a\u0ccd (\u0cb9\u0cc8\u0c9f\u0cbf)","bm":"\u0cac\u0c82\u0cac\u0cbe\u0cb0\u0cbe","bm_Latn_ML":"\u0cac\u0c82\u0cac\u0cbe\u0cb0\u0cbe (\u0cb2\u0ccd\u0caf\u0cbe\u0c9f\u0cbf\u0ca8\u0ccd, \u0cae\u0cbe\u0cb2\u0cbf)","bm_Latn":"\u0cac\u0c82\u0cac\u0cbe\u0cb0\u0cbe (\u0cb2\u0ccd\u0caf\u0cbe\u0c9f\u0cbf\u0ca8\u0ccd)","my":"\u0cac\u0cb0\u0ccd\u0cae\u0cc0\u0cb8\u0ccd","my_MM":"\u0cac\u0cb0\u0ccd\u0cae\u0cc0\u0cb8\u0ccd (\u0cae\u0caf\u0ca8\u0ccd\u0cae\u0cbe\u0cb0\u0ccd (\u0cac\u0cb0\u0ccd\u0cae\u0cbe))","bg":"\u0cac\u0cb2\u0ccd\u0c97\u0cc7\u0cb0\u0cbf\u0caf\u0ca8\u0ccd","bg_BG":"\u0cac\u0cb2\u0ccd\u0c97\u0cc7\u0cb0\u0cbf\u0caf\u0ca8\u0ccd (\u0cac\u0cb2\u0ccd\u0c97\u0cc7\u0cb0\u0cbf\u0caf\u0cbe)","eu":"\u0cac\u0cbe\u0cb8\u0ccd\u0c95\u0ccd","eu_ES":"\u0cac\u0cbe\u0cb8\u0ccd\u0c95\u0ccd (\u0cb8\u0ccd\u0caa\u0cc7\u0ca8\u0ccd)","bn":"\u0cac\u0cc6\u0c82\u0c97\u0cbe\u0cb2\u0cbf","bn_BD":"\u0cac\u0cc6\u0c82\u0c97\u0cbe\u0cb2\u0cbf (\u0cac\u0cbe\u0c82\u0c97\u0ccd\u0cb2\u0cbe\u0ca6\u0cc7\u0cb6\u0ccd)","bn_IN":"\u0cac\u0cc6\u0c82\u0c97\u0cbe\u0cb2\u0cbf (\u0cad\u0cbe\u0cb0\u0ca4)","be":"\u0cac\u0cc6\u0cb2\u0cb0\u0cc2\u0cb8\u0cbf\u0caf\u0ca8\u0ccd","be_BY":"\u0cac\u0cc6\u0cb2\u0cb0\u0cc2\u0cb8\u0cbf\u0caf\u0ca8\u0ccd (\u0cac\u0cc6\u0cb2\u0cbe\u0cb0\u0cb8\u0ccd)","bs":"\u0cac\u0ccb\u0cb8\u0ccd\u0ca8\u0cbf\u0caf\u0ca8\u0ccd","bs_BA":"\u0cac\u0ccb\u0cb8\u0ccd\u0ca8\u0cbf\u0caf\u0ca8\u0ccd (\u0cac\u0ccb\u0cb8\u0ccd\u0ca8\u0cbf\u0caf\u0cbe \u0cae\u0ca4\u0ccd\u0ca4\u0cc1 \u0cb9\u0cb0\u0ccd\u0c9c\u0cc6\u0c97\u0ccb\u0cb5\u0cbf\u0ca8\u0cbe)","bs_Latn_BA":"\u0cac\u0ccb\u0cb8\u0ccd\u0ca8\u0cbf\u0caf\u0ca8\u0ccd (\u0cb2\u0ccd\u0caf\u0cbe\u0c9f\u0cbf\u0ca8\u0ccd, \u0cac\u0ccb\u0cb8\u0ccd\u0ca8\u0cbf\u0caf\u0cbe \u0cae\u0ca4\u0ccd\u0ca4\u0cc1 \u0cb9\u0cb0\u0ccd\u0c9c\u0cc6\u0c97\u0ccb\u0cb5\u0cbf\u0ca8\u0cbe)","bs_Latn":"\u0cac\u0ccb\u0cb8\u0ccd\u0ca8\u0cbf\u0caf\u0ca8\u0ccd (\u0cb2\u0ccd\u0caf\u0cbe\u0c9f\u0cbf\u0ca8\u0ccd)","bs_Cyrl_BA":"\u0cac\u0ccb\u0cb8\u0ccd\u0ca8\u0cbf\u0caf\u0ca8\u0ccd (\u0cb8\u0cbf\u0cb0\u0cbf\u0cb2\u0cbf\u0c95\u0ccd, \u0cac\u0ccb\u0cb8\u0ccd\u0ca8\u0cbf\u0caf\u0cbe \u0cae\u0ca4\u0ccd\u0ca4\u0cc1 \u0cb9\u0cb0\u0ccd\u0c9c\u0cc6\u0c97\u0ccb\u0cb5\u0cbf\u0ca8\u0cbe)","bs_Cyrl":"\u0cac\u0ccb\u0cb8\u0ccd\u0ca8\u0cbf\u0caf\u0ca8\u0ccd (\u0cb8\u0cbf\u0cb0\u0cbf\u0cb2\u0cbf\u0c95\u0ccd)","br":"\u0cac\u0ccd\u0cb0\u0cc6\u0c9f\u0ca8\u0ccd","br_FR":"\u0cac\u0ccd\u0cb0\u0cc6\u0c9f\u0ca8\u0ccd (\u0cab\u0ccd\u0cb0\u0cbe\u0ca8\u0ccd\u0cb8\u0ccd)","mn":"\u0cae\u0c82\u0c97\u0ccb\u0cb2\u0cbf\u0caf\u0ca8\u0ccd","mn_MN":"\u0cae\u0c82\u0c97\u0ccb\u0cb2\u0cbf\u0caf\u0ca8\u0ccd (\u0cae\u0cca\u0c82\u0c97\u0ccb\u0cb2\u0cbf\u0caf\u0cbe)","mn_Cyrl_MN":"\u0cae\u0c82\u0c97\u0ccb\u0cb2\u0cbf\u0caf\u0ca8\u0ccd (\u0cb8\u0cbf\u0cb0\u0cbf\u0cb2\u0cbf\u0c95\u0ccd, \u0cae\u0cca\u0c82\u0c97\u0ccb\u0cb2\u0cbf\u0caf\u0cbe)","mn_Cyrl":"\u0cae\u0c82\u0c97\u0ccb\u0cb2\u0cbf\u0caf\u0ca8\u0ccd (\u0cb8\u0cbf\u0cb0\u0cbf\u0cb2\u0cbf\u0c95\u0ccd)","mr":"\u0cae\u0cb0\u0cbe\u0ca0\u0cbf","mr_IN":"\u0cae\u0cb0\u0cbe\u0ca0\u0cbf (\u0cad\u0cbe\u0cb0\u0ca4)","mg":"\u0cae\u0cb2\u0c97\u0cbe\u0cb8\u0cbf","mg_MG":"\u0cae\u0cb2\u0c97\u0cbe\u0cb8\u0cbf (\u0cae\u0ca1\u0c97\u0cbe\u0cb8\u0ccd\u0c95\u0cb0\u0ccd)","ml":"\u0cae\u0cb2\u0caf\u0cbe\u0cb3\u0c82","ml_IN":"\u0cae\u0cb2\u0caf\u0cbe\u0cb3\u0c82 (\u0cad\u0cbe\u0cb0\u0ca4)","ms":"\u0cae\u0cb2\u0caf\u0ccd","ms_BN":"\u0cae\u0cb2\u0caf\u0ccd (\u0cac\u0ccd\u0cb0\u0cc2\u0ca8\u0cbf)","ms_MY":"\u0cae\u0cb2\u0caf\u0ccd (\u0cae\u0cb2\u0cc7\u0cb6\u0cbf\u0caf\u0cbe)","ms_Latn_BN":"\u0cae\u0cb2\u0caf\u0ccd (\u0cb2\u0ccd\u0caf\u0cbe\u0c9f\u0cbf\u0ca8\u0ccd, \u0cac\u0ccd\u0cb0\u0cc2\u0ca8\u0cbf)","ms_Latn_MY":"\u0cae\u0cb2\u0caf\u0ccd (\u0cb2\u0ccd\u0caf\u0cbe\u0c9f\u0cbf\u0ca8\u0ccd, \u0cae\u0cb2\u0cc7\u0cb6\u0cbf\u0caf\u0cbe)","ms_Latn_SG":"\u0cae\u0cb2\u0caf\u0ccd (\u0cb2\u0ccd\u0caf\u0cbe\u0c9f\u0cbf\u0ca8\u0ccd, \u0cb8\u0cbf\u0c82\u0c97\u0cbe\u0caa\u0cc1\u0cb0\u0ccd)","ms_Latn":"\u0cae\u0cb2\u0caf\u0ccd (\u0cb2\u0ccd\u0caf\u0cbe\u0c9f\u0cbf\u0ca8\u0ccd)","ms_SG":"\u0cae\u0cb2\u0caf\u0ccd (\u0cb8\u0cbf\u0c82\u0c97\u0cbe\u0caa\u0cc1\u0cb0\u0ccd)","mt":"\u0cae\u0cbe\u0cb2\u0ccd\u0c9f\u0cc0\u0cb8\u0ccd","mt_MT":"\u0cae\u0cbe\u0cb2\u0ccd\u0c9f\u0cc0\u0cb8\u0ccd (\u0cae\u0cbe\u0cb2\u0ccd\u0c9f\u0cbe)","mk":"\u0cae\u0cc6\u0cb8\u0cbf\u0ca1\u0ccb\u0ca8\u0cbf\u0caf\u0ca8\u0ccd","mk_MK":"\u0cae\u0cc6\u0cb8\u0cbf\u0ca1\u0ccb\u0ca8\u0cbf\u0caf\u0ca8\u0ccd (\u0cae\u0ccd\u0caf\u0cbe\u0cb8\u0cbf\u0ca1\u0ccb\u0ca8\u0cbf\u0caf\u0cbe)","gv":"\u0cae\u0ccd\u0caf\u0cbe\u0c82\u0c95\u0ccd\u0cb8\u0ccd","gv_IM":"\u0cae\u0ccd\u0caf\u0cbe\u0c82\u0c95\u0ccd\u0cb8\u0ccd (\u0c90\u0cb2\u0ccd \u0c86\u0cab\u0ccd \u0cae\u0ccd\u0caf\u0cbe\u0ca8\u0ccd)","yi":"\u0caf\u0ca1\u0ccd\u0ca1\u0cbf\u0cb6\u0ccd","yo":"\u0caf\u0cca\u0cb0\u0cc1\u0cac\u0cbe","yo_NG":"\u0caf\u0cca\u0cb0\u0cc1\u0cac\u0cbe (\u0ca8\u0cc8\u0c9c\u0cc0\u0cb0\u0cbf\u0caf\u0cbe)","yo_BJ":"\u0caf\u0cca\u0cb0\u0cc1\u0cac\u0cbe (\u0cac\u0cc6\u0ca8\u0cbf\u0ca8\u0ccd)","ru":"\u0cb0\u0cb7\u0ccd\u0caf\u0ca8\u0ccd","ru_UA":"\u0cb0\u0cb7\u0ccd\u0caf\u0ca8\u0ccd (\u0c89\u0c95\u0ccd\u0cb0\u0cc8\u0ca8\u0ccd)","ru_KZ":"\u0cb0\u0cb7\u0ccd\u0caf\u0ca8\u0ccd (\u0c95\u0c9d\u0cbe\u0c95\u0cbf\u0cb8\u0ccd\u0ca5\u0cbe\u0ca8\u0ccd)","ru_KG":"\u0cb0\u0cb7\u0ccd\u0caf\u0ca8\u0ccd (\u0c95\u0cbf\u0cb0\u0ccd\u0c97\u0cbf\u0cb8\u0ccd\u0ca5\u0cbe\u0ca8\u0ccd)","ru_BY":"\u0cb0\u0cb7\u0ccd\u0caf\u0ca8\u0ccd (\u0cac\u0cc6\u0cb2\u0cbe\u0cb0\u0cb8\u0ccd)","ru_MD":"\u0cb0\u0cb7\u0ccd\u0caf\u0ca8\u0ccd (\u0cae\u0cca\u0cb2\u0ccd\u0ca1\u0ccb\u0cb5\u0cbe)","ru_RU":"\u0cb0\u0cb7\u0ccd\u0caf\u0ca8\u0ccd (\u0cb0\u0cb7\u0ccd\u0caf\u0cbe)","rn":"\u0cb0\u0cc1\u0c82\u0ca1\u0cbf","rn_BI":"\u0cb0\u0cc1\u0c82\u0ca1\u0cbf (\u0cac\u0cc1\u0cb0\u0cc1\u0c82\u0ca1\u0cbf)","rm":"\u0cb0\u0cca\u0cae\u0cbe\u0ca8\u0ccd\u0cb7\u0ccd","rm_CH":"\u0cb0\u0cca\u0cae\u0cbe\u0ca8\u0ccd\u0cb7\u0ccd (\u0cb8\u0ccd\u0cb5\u0cbf\u0c9f\u0ccd\u0c9c\u0cb0\u0ccd\u0cb2\u0ccd\u0caf\u0cbe\u0c82\u0ca1\u0ccd)","ro":"\u0cb0\u0cca\u0cae\u0cc7\u0ca8\u0cbf\u0caf\u0ca8\u0ccd","ro_MD":"\u0cb0\u0cca\u0cae\u0cc7\u0ca8\u0cbf\u0caf\u0ca8\u0ccd (\u0cae\u0cca\u0cb2\u0ccd\u0ca1\u0ccb\u0cb5\u0cbe)","ro_RO":"\u0cb0\u0cca\u0cae\u0cc7\u0ca8\u0cbf\u0caf\u0ca8\u0ccd (\u0cb0\u0cca\u0cae\u0cc7\u0ca8\u0cbf\u0caf\u0cbe)","lb":"\u0cb2\u0c95\u0ccd\u0cb8\u0c82\u0cac\u0cb0\u0ccd\u0c97\u0ccd","lb_LU":"\u0cb2\u0c95\u0ccd\u0cb8\u0c82\u0cac\u0cb0\u0ccd\u0c97\u0ccd (\u0cb2\u0c95\u0ccd\u0cb8\u0c82\u0cac\u0cb0\u0ccd\u0c97\u0ccd)","lv":"\u0cb2\u0c9f\u0ccd\u0cb5\u0cbf\u0caf\u0ca8\u0ccd","lv_LV":"\u0cb2\u0c9f\u0ccd\u0cb5\u0cbf\u0caf\u0ca8\u0ccd (\u0cb2\u0cbe\u0c9f\u0ccd\u0cb5\u0cbf\u0caf\u0cbe)","lo":"\u0cb2\u0cbe\u0cb5\u0ccb","lo_LA":"\u0cb2\u0cbe\u0cb5\u0ccb (\u0cb2\u0cbe\u0cb5\u0ccb\u0cb8\u0ccd)","ln":"\u0cb2\u0cbf\u0c82\u0c97\u0cbe\u0cb2","ln_AO":"\u0cb2\u0cbf\u0c82\u0c97\u0cbe\u0cb2 (\u0c85\u0c82\u0c97\u0ccb\u0cb2\u0cbe)","ln_CD":"\u0cb2\u0cbf\u0c82\u0c97\u0cbe\u0cb2 (\u0c95\u0cbe\u0c82\u0c97\u0ccb - \u0c95\u0cbf\u0ca8\u0ccd\u0cb6\u0cbe\u0cb8\u0cbe)","ln_CG":"\u0cb2\u0cbf\u0c82\u0c97\u0cbe\u0cb2 (\u0c95\u0cbe\u0c82\u0c97\u0ccb - \u0cac\u0ccd\u0cb0\u0cbe\u0c9c\u0cbe\u0cb5\u0cbf\u0cb2\u0ccd\u0cb2\u0cc7)","ln_CF":"\u0cb2\u0cbf\u0c82\u0c97\u0cbe\u0cb2 (\u0cae\u0ca7\u0ccd\u0caf \u0c86\u0cab\u0ccd\u0cb0\u0cbf\u0c95\u0cbe \u0c97\u0ca3\u0cb0\u0cbe\u0c9c\u0ccd\u0caf)","lt":"\u0cb2\u0cbf\u0ca5\u0cc1\u0cb5\u0cc7\u0ca8\u0cbf\u0caf\u0ca8\u0ccd","lt_LT":"\u0cb2\u0cbf\u0ca5\u0cc1\u0cb5\u0cc7\u0ca8\u0cbf\u0caf\u0ca8\u0ccd (\u0cb2\u0cbf\u0ca5\u0cc1\u0cb5\u0cc7\u0ca8\u0cbf\u0caf\u0cbe)","lu":"\u0cb2\u0cc2\u0cac\u0cbe-\u0c95\u0c9f\u0cbe\u0c82\u0c97\u0cbe","lu_CD":"\u0cb2\u0cc2\u0cac\u0cbe-\u0c95\u0c9f\u0cbe\u0c82\u0c97\u0cbe (\u0c95\u0cbe\u0c82\u0c97\u0ccb - \u0c95\u0cbf\u0ca8\u0ccd\u0cb6\u0cbe\u0cb8\u0cbe)","vi":"\u0cb5\u0cbf\u0caf\u0cc7\u0c9f\u0ccd\u0ca8\u0cbe\u0cae\u0cc0\u0cb8\u0ccd","vi_VN":"\u0cb5\u0cbf\u0caf\u0cc7\u0c9f\u0ccd\u0ca8\u0cbe\u0cae\u0cc0\u0cb8\u0ccd (\u0cb5\u0cbf\u0caf\u0cc7\u0c9f\u0ccd\u0ca8\u0cbe\u0cae\u0ccd)","cy":"\u0cb5\u0cc6\u0cb2\u0ccd\u0cb6\u0ccd","cy_GB":"\u0cb5\u0cc6\u0cb2\u0ccd\u0cb6\u0ccd (\u0cac\u0ccd\u0cb0\u0cbf\u0c9f\u0ca8\u0ccd\/\u0c87\u0c82\u0c97\u0ccd\u0cb2\u0cc6\u0c82\u0ca1\u0ccd)","sn":"\u0cb6\u0ccb\u0ca8\u0cbe","sn_ZW":"\u0cb6\u0ccb\u0ca8\u0cbe (\u0c9c\u0cbf\u0c82\u0cac\u0cbe\u0cac\u0ccd\u0cb5\u0cc6)","sr":"\u0cb8\u0cb0\u0ccd\u0cac\u0cbf\u0caf\u0ca8\u0ccd","sr_XK":"\u0cb8\u0cb0\u0ccd\u0cac\u0cbf\u0caf\u0ca8\u0ccd (\u0c95\u0cca\u0cb8\u0cca\u0cb5\u0cca)","sr_BA":"\u0cb8\u0cb0\u0ccd\u0cac\u0cbf\u0caf\u0ca8\u0ccd (\u0cac\u0ccb\u0cb8\u0ccd\u0ca8\u0cbf\u0caf\u0cbe \u0cae\u0ca4\u0ccd\u0ca4\u0cc1 \u0cb9\u0cb0\u0ccd\u0c9c\u0cc6\u0c97\u0ccb\u0cb5\u0cbf\u0ca8\u0cbe)","sr_ME":"\u0cb8\u0cb0\u0ccd\u0cac\u0cbf\u0caf\u0ca8\u0ccd (\u0cae\u0cca\u0c82\u0c9f\u0cc6\u0ca8\u0cc6\u0c97\u0ccd\u0cb0\u0ccb)","sr_Latn_XK":"\u0cb8\u0cb0\u0ccd\u0cac\u0cbf\u0caf\u0ca8\u0ccd (\u0cb2\u0ccd\u0caf\u0cbe\u0c9f\u0cbf\u0ca8\u0ccd, \u0c95\u0cca\u0cb8\u0cca\u0cb5\u0cca)","sr_Latn_BA":"\u0cb8\u0cb0\u0ccd\u0cac\u0cbf\u0caf\u0ca8\u0ccd (\u0cb2\u0ccd\u0caf\u0cbe\u0c9f\u0cbf\u0ca8\u0ccd, \u0cac\u0ccb\u0cb8\u0ccd\u0ca8\u0cbf\u0caf\u0cbe \u0cae\u0ca4\u0ccd\u0ca4\u0cc1 \u0cb9\u0cb0\u0ccd\u0c9c\u0cc6\u0c97\u0ccb\u0cb5\u0cbf\u0ca8\u0cbe)","sr_Latn_ME":"\u0cb8\u0cb0\u0ccd\u0cac\u0cbf\u0caf\u0ca8\u0ccd (\u0cb2\u0ccd\u0caf\u0cbe\u0c9f\u0cbf\u0ca8\u0ccd, \u0cae\u0cca\u0c82\u0c9f\u0cc6\u0ca8\u0cc6\u0c97\u0ccd\u0cb0\u0ccb)","sr_Latn_RS":"\u0cb8\u0cb0\u0ccd\u0cac\u0cbf\u0caf\u0ca8\u0ccd (\u0cb2\u0ccd\u0caf\u0cbe\u0c9f\u0cbf\u0ca8\u0ccd, \u0cb8\u0cc6\u0cb0\u0ccd\u0cac\u0cbf\u0caf\u0cbe)","sr_Latn":"\u0cb8\u0cb0\u0ccd\u0cac\u0cbf\u0caf\u0ca8\u0ccd (\u0cb2\u0ccd\u0caf\u0cbe\u0c9f\u0cbf\u0ca8\u0ccd)","sr_Cyrl_XK":"\u0cb8\u0cb0\u0ccd\u0cac\u0cbf\u0caf\u0ca8\u0ccd (\u0cb8\u0cbf\u0cb0\u0cbf\u0cb2\u0cbf\u0c95\u0ccd, \u0c95\u0cca\u0cb8\u0cca\u0cb5\u0cca)","sr_Cyrl_BA":"\u0cb8\u0cb0\u0ccd\u0cac\u0cbf\u0caf\u0ca8\u0ccd (\u0cb8\u0cbf\u0cb0\u0cbf\u0cb2\u0cbf\u0c95\u0ccd, \u0cac\u0ccb\u0cb8\u0ccd\u0ca8\u0cbf\u0caf\u0cbe \u0cae\u0ca4\u0ccd\u0ca4\u0cc1 \u0cb9\u0cb0\u0ccd\u0c9c\u0cc6\u0c97\u0ccb\u0cb5\u0cbf\u0ca8\u0cbe)","sr_Cyrl_ME":"\u0cb8\u0cb0\u0ccd\u0cac\u0cbf\u0caf\u0ca8\u0ccd (\u0cb8\u0cbf\u0cb0\u0cbf\u0cb2\u0cbf\u0c95\u0ccd, \u0cae\u0cca\u0c82\u0c9f\u0cc6\u0ca8\u0cc6\u0c97\u0ccd\u0cb0\u0ccb)","sr_Cyrl_RS":"\u0cb8\u0cb0\u0ccd\u0cac\u0cbf\u0caf\u0ca8\u0ccd (\u0cb8\u0cbf\u0cb0\u0cbf\u0cb2\u0cbf\u0c95\u0ccd, \u0cb8\u0cc6\u0cb0\u0ccd\u0cac\u0cbf\u0caf\u0cbe)","sr_Cyrl":"\u0cb8\u0cb0\u0ccd\u0cac\u0cbf\u0caf\u0ca8\u0ccd (\u0cb8\u0cbf\u0cb0\u0cbf\u0cb2\u0cbf\u0c95\u0ccd)","sr_RS":"\u0cb8\u0cb0\u0ccd\u0cac\u0cbf\u0caf\u0ca8\u0ccd (\u0cb8\u0cc6\u0cb0\u0ccd\u0cac\u0cbf\u0caf\u0cbe)","sh":"\u0cb8\u0cb0\u0ccd\u0cac\u0ccb-\u0c95\u0ccd\u0cb0\u0cca\u0caf\u0cc7\u0cb6\u0cbf\u0caf\u0ca8\u0ccd","sh_BA":"\u0cb8\u0cb0\u0ccd\u0cac\u0ccb-\u0c95\u0ccd\u0cb0\u0cca\u0caf\u0cc7\u0cb6\u0cbf\u0caf\u0ca8\u0ccd (\u0cac\u0ccb\u0cb8\u0ccd\u0ca8\u0cbf\u0caf\u0cbe \u0cae\u0ca4\u0ccd\u0ca4\u0cc1 \u0cb9\u0cb0\u0ccd\u0c9c\u0cc6\u0c97\u0ccb\u0cb5\u0cbf\u0ca8\u0cbe)","sg":"\u0cb8\u0cbe\u0c82\u0c97\u0ccb","sg_CF":"\u0cb8\u0cbe\u0c82\u0c97\u0ccb (\u0cae\u0ca7\u0ccd\u0caf \u0c86\u0cab\u0ccd\u0cb0\u0cbf\u0c95\u0cbe \u0c97\u0ca3\u0cb0\u0cbe\u0c9c\u0ccd\u0caf)","si":"\u0cb8\u0cbf\u0c82\u0cb9\u0cb3","si_LK":"\u0cb8\u0cbf\u0c82\u0cb9\u0cb3 (\u0cb6\u0ccd\u0cb0\u0cc0\u0cb2\u0c82\u0c95\u0cbe)","ii":"\u0cb8\u0cbf\u0c9a\u0cc1\u0c85\u0ca8\u0ccd \u0caf\u0cbf","ii_CN":"\u0cb8\u0cbf\u0c9a\u0cc1\u0c85\u0ca8\u0ccd \u0caf\u0cbf (\u0c9a\u0cc0\u0ca8\u0cbe)","so":"\u0cb8\u0cca\u0cae\u0cbe\u0cb2\u0cbf","so_ET":"\u0cb8\u0cca\u0cae\u0cbe\u0cb2\u0cbf (\u0c87\u0ca5\u0cbf\u0caf\u0ccb\u0caa\u0cbf\u0caf\u0cbe)","so_KE":"\u0cb8\u0cca\u0cae\u0cbe\u0cb2\u0cbf (\u0c95\u0cc0\u0ca8\u0ccd\u0caf\u0cbe)","so_DJ":"\u0cb8\u0cca\u0cae\u0cbe\u0cb2\u0cbf (\u0c9c\u0cbf\u0cac\u0ccb\u0c9f\u0cbf)","so_SO":"\u0cb8\u0cca\u0cae\u0cbe\u0cb2\u0cbf (\u0cb8\u0cca\u0cae\u0cbe\u0cb2\u0cbf\u0caf\u0cbe)","gd":"\u0cb8\u0ccd\u0c95\u0cbe\u0c9f\u0cbf\u0cb6\u0ccd \u0c97\u0ccd\u0caf\u0cbe\u0cb2\u0cbf\u0c95\u0ccd","gd_GB":"\u0cb8\u0ccd\u0c95\u0cbe\u0c9f\u0cbf\u0cb6\u0ccd \u0c97\u0ccd\u0caf\u0cbe\u0cb2\u0cbf\u0c95\u0ccd (\u0cac\u0ccd\u0cb0\u0cbf\u0c9f\u0ca8\u0ccd\/\u0c87\u0c82\u0c97\u0ccd\u0cb2\u0cc6\u0c82\u0ca1\u0ccd)","es":"\u0cb8\u0ccd\u0caa\u0ccd\u0caf\u0cbe\u0ca8\u0cbf\u0cb7\u0ccd","es_US":"\u0cb8\u0ccd\u0caa\u0ccd\u0caf\u0cbe\u0ca8\u0cbf\u0cb7\u0ccd (\u0c85\u0cae\u0cc7\u0cb0\u0cbf\u0c95\u0cbe \u0cb8\u0c82\u0caf\u0cc1\u0c95\u0ccd\u0ca4 \u0cb8\u0c82\u0cb8\u0ccd\u0ca5\u0cbe\u0ca8)","es_AR":"\u0cb8\u0ccd\u0caa\u0ccd\u0caf\u0cbe\u0ca8\u0cbf\u0cb7\u0ccd (\u0c85\u0cb0\u0ccd\u0c9c\u0cc6\u0c82\u0c9f\u0cbf\u0ca8\u0cbe)","es_GQ":"\u0cb8\u0ccd\u0caa\u0ccd\u0caf\u0cbe\u0ca8\u0cbf\u0cb7\u0ccd (\u0c88\u0c95\u0ccd\u0cb5\u0cc6\u0c9f\u0ccb\u0cb0\u0cbf\u0caf\u0cb2\u0ccd \u0c97\u0cbf\u0ca8\u0cbf)","es_EC":"\u0cb8\u0ccd\u0caa\u0ccd\u0caf\u0cbe\u0ca8\u0cbf\u0cb7\u0ccd (\u0c88\u0c95\u0ccd\u0cb5\u0cc6\u0ca1\u0cbe\u0cb0\u0ccd)","es_UY":"\u0cb8\u0ccd\u0caa\u0ccd\u0caf\u0cbe\u0ca8\u0cbf\u0cb7\u0ccd (\u0c89\u0cb0\u0cc1\u0c97\u0ccd\u0cb5\u0cc7)","es_SV":"\u0cb8\u0ccd\u0caa\u0ccd\u0caf\u0cbe\u0ca8\u0cbf\u0cb7\u0ccd (\u0c8e\u0cb2\u0ccd \u0cb8\u0cbe\u0cb2\u0ccd\u0cb5\u0cc7\u0ca1\u0cbe\u0cb0\u0ccd)","es_CO":"\u0cb8\u0ccd\u0caa\u0ccd\u0caf\u0cbe\u0ca8\u0cbf\u0cb7\u0ccd (\u0c95\u0cca\u0cb2\u0c82\u0cac\u0cbf\u0caf\u0cbe)","es_CR":"\u0cb8\u0ccd\u0caa\u0ccd\u0caf\u0cbe\u0ca8\u0cbf\u0cb7\u0ccd (\u0c95\u0cca\u0cb8\u0ccd\u0c9f\u0cbe \u0cb0\u0cbf\u0c95\u0cbe)","es_IC":"\u0cb8\u0ccd\u0caa\u0ccd\u0caf\u0cbe\u0ca8\u0cbf\u0cb7\u0ccd (\u0c95\u0ccd\u0caf\u0cbe\u0ca8\u0cb0\u0cbf \u0ca6\u0ccd\u0cb5\u0cc0\u0caa\u0c97\u0cb3\u0cc1)","es_CU":"\u0cb8\u0ccd\u0caa\u0ccd\u0caf\u0cbe\u0ca8\u0cbf\u0cb7\u0ccd (\u0c95\u0ccd\u0caf\u0cc2\u0cac\u0cbe)","es_GT":"\u0cb8\u0ccd\u0caa\u0ccd\u0caf\u0cbe\u0ca8\u0cbf\u0cb7\u0ccd (\u0c97\u0ccd\u0cb5\u0cbe\u0c9f\u0cc6\u0cae\u0cbe\u0cb2\u0cbe)","es_CL":"\u0cb8\u0ccd\u0caa\u0ccd\u0caf\u0cbe\u0ca8\u0cbf\u0cb7\u0ccd (\u0c9a\u0cbf\u0cb2\u0cbf)","es_DO":"\u0cb8\u0ccd\u0caa\u0ccd\u0caf\u0cbe\u0ca8\u0cbf\u0cb7\u0ccd (\u0ca1\u0cca\u0cae\u0cc6\u0ca8\u0cbf\u0c95\u0ca8\u0ccd \u0cb0\u0cbf\u0caa\u0cac\u0ccd\u0cb2\u0cbf\u0c95\u0ccd)","es_NI":"\u0cb8\u0ccd\u0caa\u0ccd\u0caf\u0cbe\u0ca8\u0cbf\u0cb7\u0ccd (\u0ca8\u0cbf\u0c95\u0cbe\u0cb0\u0cbe\u0c97\u0cc1\u0cb5\u0cbe)","es_PA":"\u0cb8\u0ccd\u0caa\u0ccd\u0caf\u0cbe\u0ca8\u0cbf\u0cb7\u0ccd (\u0caa\u0ca8\u0cbe\u0cae\u0cbe)","es_PY":"\u0cb8\u0ccd\u0caa\u0ccd\u0caf\u0cbe\u0ca8\u0cbf\u0cb7\u0ccd (\u0caa\u0cb0\u0cbe\u0c97\u0ccd\u0cb5\u0cc7)","es_PE":"\u0cb8\u0ccd\u0caa\u0ccd\u0caf\u0cbe\u0ca8\u0cbf\u0cb7\u0ccd (\u0caa\u0cc6\u0cb0\u0cc1)","es_PR":"\u0cb8\u0ccd\u0caa\u0ccd\u0caf\u0cbe\u0ca8\u0cbf\u0cb7\u0ccd (\u0caa\u0ccd\u0caf\u0cc2\u0cb0\u0ccd\u0c9f\u0ccb \u0cb0\u0cbf\u0c95\u0cca)","es_PH":"\u0cb8\u0ccd\u0caa\u0ccd\u0caf\u0cbe\u0ca8\u0cbf\u0cb7\u0ccd (\u0cab\u0cbf\u0cb2\u0cbf\u0cab\u0cc8\u0ca8\u0ccd\u0cb8\u0ccd)","es_BO":"\u0cb8\u0ccd\u0caa\u0ccd\u0caf\u0cbe\u0ca8\u0cbf\u0cb7\u0ccd (\u0cac\u0cca\u0cb2\u0cbf\u0cb5\u0cbf\u0caf\u0cbe)","es_MX":"\u0cb8\u0ccd\u0caa\u0ccd\u0caf\u0cbe\u0ca8\u0cbf\u0cb7\u0ccd (\u0cae\u0cc6\u0c95\u0ccd\u0cb8\u0cbf\u0c95\u0cca)","es_VE":"\u0cb8\u0ccd\u0caa\u0ccd\u0caf\u0cbe\u0ca8\u0cbf\u0cb7\u0ccd (\u0cb5\u0cc6\u0ca8\u0cc6\u0c9c\u0cc1\u0cb5\u0cc6\u0cb2\u0cbe)","es_EA":"\u0cb8\u0ccd\u0caa\u0ccd\u0caf\u0cbe\u0ca8\u0cbf\u0cb7\u0ccd (\u0cb8\u0cc6\u0caf\u0cc1\u0c9f\u0cbe \u0cb9\u0cbe\u0c97\u0cc2 \u0cae\u0cc6\u0cb2\u0cbf\u0cb2\u0ccd\u0cb2\u0cbe)","es_ES":"\u0cb8\u0ccd\u0caa\u0ccd\u0caf\u0cbe\u0ca8\u0cbf\u0cb7\u0ccd (\u0cb8\u0ccd\u0caa\u0cc7\u0ca8\u0ccd)","es_HN":"\u0cb8\u0ccd\u0caa\u0ccd\u0caf\u0cbe\u0ca8\u0cbf\u0cb7\u0ccd (\u0cb9\u0cca\u0c82\u0ca1\u0cc1\u0cb0\u0cbe\u0cb8\u0ccd)","sk":"\u0cb8\u0ccd\u0cb2\u0ccb\u0cb5\u0cbe\u0c95\u0ccd","sk_SK":"\u0cb8\u0ccd\u0cb2\u0ccb\u0cb5\u0cbe\u0c95\u0ccd (\u0cb8\u0ccd\u0cb2\u0ccb\u0cb5\u0cc7\u0c95\u0cbf\u0caf\u0cbe)","sl":"\u0cb8\u0ccd\u0cb2\u0ccb\u0cb5\u0cc7\u0ca8\u0cbf\u0caf\u0ca8\u0ccd","sl_SI":"\u0cb8\u0ccd\u0cb2\u0ccb\u0cb5\u0cc7\u0ca8\u0cbf\u0caf\u0ca8\u0ccd (\u0cb8\u0ccd\u0cb2\u0ccb\u0cb5\u0cc7\u0ca8\u0cbf\u0caf\u0cbe)","sw":"\u0cb8\u0ccd\u0cb5\u0cb9\u0cbf\u0cb2\u0cbf","sw_UG":"\u0cb8\u0ccd\u0cb5\u0cb9\u0cbf\u0cb2\u0cbf (\u0c89\u0c97\u0cbe\u0c82\u0ca1\u0cbe)","sw_KE":"\u0cb8\u0ccd\u0cb5\u0cb9\u0cbf\u0cb2\u0cbf (\u0c95\u0cc0\u0ca8\u0ccd\u0caf\u0cbe)","sw_TZ":"\u0cb8\u0ccd\u0cb5\u0cb9\u0cbf\u0cb2\u0cbf (\u0ca4\u0cbe\u0c82\u0c9c\u0cc7\u0ca8\u0cbf\u0caf\u0cbe)","sv":"\u0cb8\u0ccd\u0cb5\u0cc0\u0ca1\u0cbf\u0cb7\u0ccd","sv_AX":"\u0cb8\u0ccd\u0cb5\u0cc0\u0ca1\u0cbf\u0cb7\u0ccd (\u0c86\u0cb2\u0ccd\u0caf\u0cbe\u0c82\u0ca1\u0ccd \u0ca6\u0ccd\u0cb5\u0cc0\u0caa\u0c97\u0cb3\u0cc1)","sv_FI":"\u0cb8\u0ccd\u0cb5\u0cc0\u0ca1\u0cbf\u0cb7\u0ccd (\u0cab\u0cbf\u0ca8\u0ccd\u200c\u0cb2\u0ccd\u0caf\u0cbe\u0c82\u0ca1\u0ccd)","sv_SE":"\u0cb8\u0ccd\u0cb5\u0cc0\u0ca1\u0cbf\u0cb7\u0ccd (\u0cb8\u0ccd\u0cb5\u0cc0\u0ca1\u0ca8\u0ccd)","hu":"\u0cb9\u0c82\u0c97\u0cc7\u0cb0\u0cbf\u0caf\u0ca8\u0ccd","hu_HU":"\u0cb9\u0c82\u0c97\u0cc7\u0cb0\u0cbf\u0caf\u0ca8\u0ccd (\u0cb9\u0c82\u0c97\u0cbe\u0cb0\u0cbf)","hi":"\u0cb9\u0cbf\u0c82\u0ca6\u0cbf","hi_IN":"\u0cb9\u0cbf\u0c82\u0ca6\u0cbf (\u0cad\u0cbe\u0cb0\u0ca4)","he":"\u0cb9\u0cc0\u0cac\u0ccd\u0cb0\u0ccd\u0caf\u0cc2","he_IL":"\u0cb9\u0cc0\u0cac\u0ccd\u0cb0\u0ccd\u0caf\u0cc2 (\u0c87\u0cb8\u0ccd\u0cb0\u0cc7\u0cb2\u0ccd)","ha":"\u0cb9\u0ccc\u0cb8\u0cbe","ha_GH":"\u0cb9\u0ccc\u0cb8\u0cbe (\u0c98\u0cbe\u0ca8\u0cbe)","ha_NE":"\u0cb9\u0ccc\u0cb8\u0cbe (\u0ca8\u0cc8\u0c9c\u0cb0\u0ccd)","ha_NG":"\u0cb9\u0ccc\u0cb8\u0cbe (\u0ca8\u0cc8\u0c9c\u0cc0\u0cb0\u0cbf\u0caf\u0cbe)","ha_Latn_GH":"\u0cb9\u0ccc\u0cb8\u0cbe (\u0cb2\u0ccd\u0caf\u0cbe\u0c9f\u0cbf\u0ca8\u0ccd, \u0c98\u0cbe\u0ca8\u0cbe)","ha_Latn_NE":"\u0cb9\u0ccc\u0cb8\u0cbe (\u0cb2\u0ccd\u0caf\u0cbe\u0c9f\u0cbf\u0ca8\u0ccd, \u0ca8\u0cc8\u0c9c\u0cb0\u0ccd)","ha_Latn_NG":"\u0cb9\u0ccc\u0cb8\u0cbe (\u0cb2\u0ccd\u0caf\u0cbe\u0c9f\u0cbf\u0ca8\u0ccd, \u0ca8\u0cc8\u0c9c\u0cc0\u0cb0\u0cbf\u0caf\u0cbe)","ha_Latn":"\u0cb9\u0ccc\u0cb8\u0cbe (\u0cb2\u0ccd\u0caf\u0cbe\u0c9f\u0cbf\u0ca8\u0ccd)"}