{"lg":"\uac04\ub2e4\uc5b4","lg_UG":"\uac04\ub2e4\uc5b4 (\uc6b0\uac04\ub2e4)","gl":"\uac08\ub9ac\uc2dc\uc544\uc5b4","gl_ES":"\uac08\ub9ac\uc2dc\uc544\uc5b4 (\uc2a4\ud398\uc778)","gu":"\uad6c\uc790\ub77c\ud2b8\uc5b4","gu_IN":"\uad6c\uc790\ub77c\ud2b8\uc5b4 (\uc778\ub3c4)","el":"\uadf8\ub9ac\uc2a4\uc5b4","el_GR":"\uadf8\ub9ac\uc2a4\uc5b4 (\uadf8\ub9ac\uc2a4)","el_CY":"\uadf8\ub9ac\uc2a4\uc5b4 (\uc0ac\uc774\ud504\ub7ec\uc2a4)","kl":"\uadf8\ub9b0\ub780\ub4dc\uc5b4","kl_GL":"\uadf8\ub9b0\ub780\ub4dc\uc5b4 (\uadf8\ub9b0\ub780\ub4dc)","nl":"\ub124\ub35c\ub780\ub4dc\uc5b4","nl_NL":"\ub124\ub35c\ub780\ub4dc\uc5b4 (\ub124\ub35c\ub780\ub4dc)","nl_BQ":"\ub124\ub35c\ub780\ub4dc\uc5b4 (\ub124\ub35c\ub780\ub4dc\ub839 \uce74\ub9ac\ube0c)","nl_BE":"\ub124\ub35c\ub780\ub4dc\uc5b4 (\ubca8\uae30\uc5d0)","nl_SR":"\ub124\ub35c\ub780\ub4dc\uc5b4 (\uc218\ub9ac\ub0a8)","nl_SX":"\ub124\ub35c\ub780\ub4dc\uc5b4 (\uc2e0\ud2b8\ub9c8\ub974\ud134)","nl_AW":"\ub124\ub35c\ub780\ub4dc\uc5b4 (\uc544\ub8e8\ubc14)","nl_CW":"\ub124\ub35c\ub780\ub4dc\uc5b4 (\ud034\ub77c\uc18c)","ne":"\ub124\ud314\uc5b4","ne_NP":"\ub124\ud314\uc5b4 (\ub124\ud314)","ne_IN":"\ub124\ud314\uc5b4 (\uc778\ub3c4)","no":"\ub178\ub974\uc6e8\uc774\uc5b4","no_NO":"\ub178\ub974\uc6e8\uc774\uc5b4 (\ub178\ub974\uc6e8\uc774)","nn":"\ub178\ub974\uc6e8\uc774\uc5b4(\ub2c8\ub178\ub974\uc2a4\ud06c)","nn_NO":"\ub178\ub974\uc6e8\uc774\uc5b4(\ub2c8\ub178\ub974\uc2a4\ud06c) (\ub178\ub974\uc6e8\uc774)","nb":"\ub178\ub974\uc6e8\uc774\uc5b4(\ubcf4\ud06c\ub9d0)","nb_NO":"\ub178\ub974\uc6e8\uc774\uc5b4(\ubcf4\ud06c\ub9d0) (\ub178\ub974\uc6e8\uc774)","nb_SJ":"\ub178\ub974\uc6e8\uc774\uc5b4(\ubcf4\ud06c\ub9d0) (\uc2a4\ubc1c\ubc14\ub974\uc81c\ub3c4-\uc580\ub9c8\uc6ec\uc12c)","da":"\ub374\ub9c8\ud06c\uc5b4","da_GL":"\ub374\ub9c8\ud06c\uc5b4 (\uadf8\ub9b0\ub780\ub4dc)","da_DK":"\ub374\ub9c8\ud06c\uc5b4 (\ub374\ub9c8\ud06c)","de":"\ub3c5\uc77c\uc5b4","de_DE":"\ub3c5\uc77c\uc5b4 (\ub3c5\uc77c)","de_LU":"\ub3c5\uc77c\uc5b4 (\ub8e9\uc148\ubd80\ub974\ud06c)","de_LI":"\ub3c5\uc77c\uc5b4 (\ub9ac\ud788\ud150\uc288\ud0c0\uc778)","de_BE":"\ub3c5\uc77c\uc5b4 (\ubca8\uae30\uc5d0)","de_CH":"\ub3c5\uc77c\uc5b4 (\uc2a4\uc704\uc2a4)","de_AT":"\ub3c5\uc77c\uc5b4 (\uc624\uc2a4\ud2b8\ub9ac\uc544)","lo":"\ub77c\uc624\uc5b4","lo_LA":"\ub77c\uc624\uc5b4 (\ub77c\uc624\uc2a4)","lv":"\ub77c\ud2b8\ube44\uc544\uc5b4","lv_LV":"\ub77c\ud2b8\ube44\uc544\uc5b4 (\ub77c\ud2b8\ube44\uc544)","ru":"\ub7ec\uc2dc\uc544\uc5b4","ru_RU":"\ub7ec\uc2dc\uc544\uc5b4 (\ub7ec\uc2dc\uc544)","ru_MD":"\ub7ec\uc2dc\uc544\uc5b4 (\ubab0\ub3c4\ubc14)","ru_BY":"\ub7ec\uc2dc\uc544\uc5b4 (\ubca8\ub77c\ub8e8\uc2a4)","ru_UA":"\ub7ec\uc2dc\uc544\uc5b4 (\uc6b0\ud06c\ub77c\uc774\ub098)","ru_KZ":"\ub7ec\uc2dc\uc544\uc5b4 (\uce74\uc790\ud750\uc2a4\ud0c4)","ru_KG":"\ub7ec\uc2dc\uc544\uc5b4 (\ud0a4\ub974\uae30\uc2a4\uc2a4\ud0c4)","rm":"\ub808\ud1a0\ub85c\ub9cc\uc5b4","rm_CH":"\ub808\ud1a0\ub85c\ub9cc\uc5b4 (\uc2a4\uc704\uc2a4)","ro":"\ub8e8\ub9c8\ub2c8\uc544\uc5b4","ro_RO":"\ub8e8\ub9c8\ub2c8\uc544\uc5b4 (\ub8e8\ub9c8\ub2c8\uc544)","ro_MD":"\ub8e8\ub9c8\ub2c8\uc544\uc5b4 (\ubab0\ub3c4\ubc14)","lu":"\ub8e8\ubc14-\uce74\ud0c4\uac00\uc5b4","lu_CD":"\ub8e8\ubc14-\uce74\ud0c4\uac00\uc5b4 (\ucf69\uace0-\ud0a8\uc0e4\uc0ac)","lb":"\ub8e9\uc148\ubd80\ub974\ud06c\uc5b4","lb_LU":"\ub8e9\uc148\ubd80\ub974\ud06c\uc5b4 (\ub8e9\uc148\ubd80\ub974\ud06c)","rn":"\ub8ec\ub514\uc5b4","rn_BI":"\ub8ec\ub514\uc5b4 (\ubd80\ub8ec\ub514)","rw":"\ub974\uc644\ub2e4\uc5b4","rw_RW":"\ub974\uc644\ub2e4\uc5b4 (\ub974\uc644\ub2e4)","lt":"\ub9ac\ud22c\uc544\ub2c8\uc544\uc5b4","lt_LT":"\ub9ac\ud22c\uc544\ub2c8\uc544\uc5b4 (\ub9ac\ud22c\uc544\ub2c8\uc544)","ln":"\ub9c1\uac08\ub77c\uc5b4","ln_AO":"\ub9c1\uac08\ub77c\uc5b4 (\uc559\uace8\ub77c)","ln_CF":"\ub9c1\uac08\ub77c\uc5b4 (\uc911\uc559 \uc544\ud504\ub9ac\uce74 \uacf5\ud654\uad6d)","ln_CD":"\ub9c1\uac08\ub77c\uc5b4 (\ucf69\uace0-\ud0a8\uc0e4\uc0ac)","ln_CG":"\ub9c1\uac08\ub77c\uc5b4 (\ucf69\uace0)","mr":"\ub9c8\ub77c\ud2f0\uc5b4","mr_IN":"\ub9c8\ub77c\ud2f0\uc5b4 (\uc778\ub3c4)","mk":"\ub9c8\ucf00\ub3c4\ub2c8\uc544\uc5b4","mk_MK":"\ub9c8\ucf00\ub3c4\ub2c8\uc544\uc5b4 (\ub9c8\ucf00\ub3c4\ub2c8\uc544)","mg":"\ub9d0\ub77c\uac00\uc2dc\uc5b4","mg_MG":"\ub9d0\ub77c\uac00\uc2dc\uc5b4 (\ub9c8\ub2e4\uac00\uc2a4\uce74\ub974)","ml":"\ub9d0\ub77c\uc584\ub78c\uc5b4","ml_IN":"\ub9d0\ub77c\uc584\ub78c\uc5b4 (\uc778\ub3c4)","ms":"\ub9d0\ub808\uc774\uc5b4","ms_Latn_MY":"\ub9d0\ub808\uc774\uc5b4 (\ub85c\ub9c8\uc790, \ub9d0\ub808\uc774\uc2dc\uc544)","ms_Latn_BN":"\ub9d0\ub808\uc774\uc5b4 (\ub85c\ub9c8\uc790, \ube0c\ub8e8\ub098\uc774)","ms_Latn_SG":"\ub9d0\ub808\uc774\uc5b4 (\ub85c\ub9c8\uc790, \uc2f1\uac00\ud3ec\ub974)","ms_Latn":"\ub9d0\ub808\uc774\uc5b4 (\ub85c\ub9c8\uc790)","ms_MY":"\ub9d0\ub808\uc774\uc5b4 (\ub9d0\ub808\uc774\uc2dc\uc544)","ms_BN":"\ub9d0\ub808\uc774\uc5b4 (\ube0c\ub8e8\ub098\uc774)","ms_SG":"\ub9d0\ub808\uc774\uc5b4 (\uc2f1\uac00\ud3ec\ub974)","gv":"\ub9f9\ud06c\uc2a4\uc5b4","gv_IM":"\ub9f9\ud06c\uc2a4\uc5b4 (\ub9e8 \uc12c)","mt":"\ubab0\ud0c0\uc5b4","mt_MT":"\ubab0\ud0c0\uc5b4 (\ubab0\ud0c0)","mn":"\ubabd\uace0\uc5b4","mn_MN":"\ubabd\uace0\uc5b4 (\ubabd\uace8)","mn_Cyrl_MN":"\ubabd\uace0\uc5b4 (\ud0a4\ub9b4 \ubb38\uc790, \ubabd\uace8)","mn_Cyrl":"\ubabd\uace0\uc5b4 (\ud0a4\ub9b4 \ubb38\uc790)","eu":"\ubc14\uc2a4\ud06c\uc5b4","eu_ES":"\ubc14\uc2a4\ud06c\uc5b4 (\uc2a4\ud398\uc778)","bm":"\ubc24\ubc14\ub77c\uc5b4","bm_Latn_ML":"\ubc24\ubc14\ub77c\uc5b4 (\ub85c\ub9c8\uc790, \ub9d0\ub9ac)","bm_Latn":"\ubc24\ubc14\ub77c\uc5b4 (\ub85c\ub9c8\uc790)","my":"\ubc84\ub9c8\uc5b4","my_MM":"\ubc84\ub9c8\uc5b4 (\ubbf8\uc580\ub9c8)","vi":"\ubca0\ud2b8\ub0a8\uc5b4","vi_VN":"\ubca0\ud2b8\ub0a8\uc5b4 (\ubca0\ud2b8\ub0a8)","be":"\ubca8\ub77c\ub8e8\uc2a4\uc5b4","be_BY":"\ubca8\ub77c\ub8e8\uc2a4\uc5b4 (\ubca8\ub77c\ub8e8\uc2a4)","bn":"\ubcb5\uace8\uc5b4","bn_BD":"\ubcb5\uace8\uc5b4 (\ubc29\uae00\ub77c\ub370\uc2dc)","bn_IN":"\ubcb5\uace8\uc5b4 (\uc778\ub3c4)","bs":"\ubcf4\uc2a4\ub2c8\uc544\uc5b4","bs_Latn_BA":"\ubcf4\uc2a4\ub2c8\uc544\uc5b4 (\ub85c\ub9c8\uc790, \ubcf4\uc2a4\ub2c8\uc544 \ud5e4\ub974\uccb4\uace0\ube44\ub098)","bs_Latn":"\ubcf4\uc2a4\ub2c8\uc544\uc5b4 (\ub85c\ub9c8\uc790)","bs_BA":"\ubcf4\uc2a4\ub2c8\uc544\uc5b4 (\ubcf4\uc2a4\ub2c8\uc544 \ud5e4\ub974\uccb4\uace0\ube44\ub098)","bs_Cyrl_BA":"\ubcf4\uc2a4\ub2c8\uc544\uc5b4 (\ud0a4\ub9b4 \ubb38\uc790, \ubcf4\uc2a4\ub2c8\uc544 \ud5e4\ub974\uccb4\uace0\ube44\ub098)","bs_Cyrl":"\ubcf4\uc2a4\ub2c8\uc544\uc5b4 (\ud0a4\ub9b4 \ubb38\uc790)","se":"\ubd81\ubd80 \uc0ac\ubbf8\uc5b4","se_NO":"\ubd81\ubd80 \uc0ac\ubbf8\uc5b4 (\ub178\ub974\uc6e8\uc774)","se_SE":"\ubd81\ubd80 \uc0ac\ubbf8\uc5b4 (\uc2a4\uc6e8\ub374)","se_FI":"\ubd81\ubd80 \uc0ac\ubbf8\uc5b4 (\ud540\ub780\ub4dc)","nd":"\ubd81\ubd80 \uc740\ub370\ubca8\ub808\uc5b4","nd_ZW":"\ubd81\ubd80 \uc740\ub370\ubca8\ub808\uc5b4 (\uc9d0\ubc14\ube0c\uc6e8)","bg":"\ubd88\uac00\ub9ac\uc544\uc5b4","bg_BG":"\ubd88\uac00\ub9ac\uc544\uc5b4 (\ubd88\uac00\ub9ac\uc544)","br":"\ube0c\ub974\ud0c0\ub274\uc5b4","br_FR":"\ube0c\ub974\ud0c0\ub274\uc5b4 (\ud504\ub791\uc2a4)","sg":"\uc0b0\uace0\uc5b4","sg_CF":"\uc0b0\uace0\uc5b4 (\uc911\uc559 \uc544\ud504\ub9ac\uce74 \uacf5\ud654\uad6d)","sh":"\uc138\ub974\ube44\uc544-\ud06c\ub85c\uc544\ud2f0\uc544\uc5b4","sh_BA":"\uc138\ub974\ube44\uc544-\ud06c\ub85c\uc544\ud2f0\uc544\uc5b4 (\ubcf4\uc2a4\ub2c8\uc544 \ud5e4\ub974\uccb4\uace0\ube44\ub098)","sr":"\uc138\ub974\ube44\uc544\uc5b4","sr_Latn_ME":"\uc138\ub974\ube44\uc544\uc5b4 (\ub85c\ub9c8\uc790, \ubaac\ud14c\ub124\uadf8\ub85c)","sr_Latn_BA":"\uc138\ub974\ube44\uc544\uc5b4 (\ub85c\ub9c8\uc790, \ubcf4\uc2a4\ub2c8\uc544 \ud5e4\ub974\uccb4\uace0\ube44\ub098)","sr_Latn_RS":"\uc138\ub974\ube44\uc544\uc5b4 (\ub85c\ub9c8\uc790, \uc138\ub974\ube44\uc544)","sr_Latn_XK":"\uc138\ub974\ube44\uc544\uc5b4 (\ub85c\ub9c8\uc790, \ucf54\uc18c\ubcf4)","sr_Latn":"\uc138\ub974\ube44\uc544\uc5b4 (\ub85c\ub9c8\uc790)","sr_ME":"\uc138\ub974\ube44\uc544\uc5b4 (\ubaac\ud14c\ub124\uadf8\ub85c)","sr_BA":"\uc138\ub974\ube44\uc544\uc5b4 (\ubcf4\uc2a4\ub2c8\uc544 \ud5e4\ub974\uccb4\uace0\ube44\ub098)","sr_RS":"\uc138\ub974\ube44\uc544\uc5b4 (\uc138\ub974\ube44\uc544)","sr_XK":"\uc138\ub974\ube44\uc544\uc5b4 (\ucf54\uc18c\ubcf4)","sr_Cyrl_ME":"\uc138\ub974\ube44\uc544\uc5b4 (\ud0a4\ub9b4 \ubb38\uc790, \ubaac\ud14c\ub124\uadf8\ub85c)","sr_Cyrl_BA":"\uc138\ub974\ube44\uc544\uc5b4 (\ud0a4\ub9b4 \ubb38\uc790, \ubcf4\uc2a4\ub2c8\uc544 \ud5e4\ub974\uccb4\uace0\ube44\ub098)","sr_Cyrl_RS":"\uc138\ub974\ube44\uc544\uc5b4 (\ud0a4\ub9b4 \ubb38\uc790, \uc138\ub974\ube44\uc544)","sr_Cyrl_XK":"\uc138\ub974\ube44\uc544\uc5b4 (\ud0a4\ub9b4 \ubb38\uc790, \ucf54\uc18c\ubcf4)","sr_Cyrl":"\uc138\ub974\ube44\uc544\uc5b4 (\ud0a4\ub9b4 \ubb38\uc790)","so":"\uc18c\ub9d0\ub9ac\uc544\uc5b4","so_SO":"\uc18c\ub9d0\ub9ac\uc544\uc5b4 (\uc18c\ub9d0\ub9ac\uc544)","so_ET":"\uc18c\ub9d0\ub9ac\uc544\uc5b4 (\uc774\ub514\uc624\ud53c\uc544)","so_DJ":"\uc18c\ub9d0\ub9ac\uc544\uc5b4 (\uc9c0\ubd80\ud2f0)","so_KE":"\uc18c\ub9d0\ub9ac\uc544\uc5b4 (\ucf00\ub0d0)","sn":"\uc1fc\ub098\uc5b4","sn_ZW":"\uc1fc\ub098\uc5b4 (\uc9d0\ubc14\ube0c\uc6e8)","si":"\uc2a4\ub9ac\ub791\uce74\uc5b4","si_LK":"\uc2a4\ub9ac\ub791\uce74\uc5b4 (\uc2a4\ub9ac\ub791\uce74)","sw":"\uc2a4\uc640\ud790\ub9ac\uc5b4","sw_UG":"\uc2a4\uc640\ud790\ub9ac\uc5b4 (\uc6b0\uac04\ub2e4)","sw_KE":"\uc2a4\uc640\ud790\ub9ac\uc5b4 (\ucf00\ub0d0)","sw_TZ":"\uc2a4\uc640\ud790\ub9ac\uc5b4 (\ud0c4\uc790\ub2c8\uc544)","sv":"\uc2a4\uc6e8\ub374\uc5b4","sv_SE":"\uc2a4\uc6e8\ub374\uc5b4 (\uc2a4\uc6e8\ub374)","sv_AX":"\uc2a4\uc6e8\ub374\uc5b4 (\uc62c\ub780\ub4dc \uc81c\ub3c4)","sv_FI":"\uc2a4\uc6e8\ub374\uc5b4 (\ud540\ub780\ub4dc)","gd":"\uc2a4\ucf54\ud2c0\ub79c\ub4dc \uac8c\uc77c\uc5b4","gd_GB":"\uc2a4\ucf54\ud2c0\ub79c\ub4dc \uac8c\uc77c\uc5b4 (\uc601\uad6d)","es":"\uc2a4\ud398\uc778\uc5b4","es_GT":"\uc2a4\ud398\uc778\uc5b4 (\uacfc\ud14c\ub9d0\ub77c)","es_NI":"\uc2a4\ud398\uc778\uc5b4 (\ub2c8\uce74\ub77c\uacfc)","es_DO":"\uc2a4\ud398\uc778\uc5b4 (\ub3c4\ubbf8\ub2c8\uce74 \uacf5\ud654\uad6d)","es_MX":"\uc2a4\ud398\uc778\uc5b4 (\uba55\uc2dc\ucf54)","es_US":"\uc2a4\ud398\uc778\uc5b4 (\ubbf8\uad6d)","es_VE":"\uc2a4\ud398\uc778\uc5b4 (\ubca0\ub124\uc218\uc5d8\ub77c)","es_BO":"\uc2a4\ud398\uc778\uc5b4 (\ubcfc\ub9ac\ube44\uc544)","es_EA":"\uc2a4\ud398\uc778\uc5b4 (\uc138\uc6b0\ud0c0 \ubc0f \uba5c\ub9ac\uc57c)","es_ES":"\uc2a4\ud398\uc778\uc5b4 (\uc2a4\ud398\uc778)","es_AR":"\uc2a4\ud398\uc778\uc5b4 (\uc544\ub974\ud5e8\ud2f0\ub098)","es_EC":"\uc2a4\ud398\uc778\uc5b4 (\uc5d0\ucf70\ub3c4\ub974)","es_SV":"\uc2a4\ud398\uc778\uc5b4 (\uc5d8\uc0b4\ubc14\ub3c4\ub974)","es_HN":"\uc2a4\ud398\uc778\uc5b4 (\uc628\ub450\ub77c\uc2a4)","es_UY":"\uc2a4\ud398\uc778\uc5b4 (\uc6b0\ub8e8\uacfc\uc774)","es_GQ":"\uc2a4\ud398\uc778\uc5b4 (\uc801\ub3c4 \uae30\ub2c8)","es_CL":"\uc2a4\ud398\uc778\uc5b4 (\uce60\ub808)","es_IC":"\uc2a4\ud398\uc778\uc5b4 (\uce74\ub098\ub9ac\uc544 \uc81c\ub3c4)","es_CR":"\uc2a4\ud398\uc778\uc5b4 (\ucf54\uc2a4\ud0c0\ub9ac\uce74)","es_CO":"\uc2a4\ud398\uc778\uc5b4 (\ucf5c\ub86c\ube44\uc544)","es_CU":"\uc2a4\ud398\uc778\uc5b4 (\ucfe0\ubc14)","es_PA":"\uc2a4\ud398\uc778\uc5b4 (\ud30c\ub098\ub9c8)","es_PY":"\uc2a4\ud398\uc778\uc5b4 (\ud30c\ub77c\uacfc\uc774)","es_PE":"\uc2a4\ud398\uc778\uc5b4 (\ud398\ub8e8)","es_PR":"\uc2a4\ud398\uc778\uc5b4 (\ud478\uc5d0\ub974\ud1a0\ub9ac\ucf54)","es_PH":"\uc2a4\ud398\uc778\uc5b4 (\ud544\ub9ac\ud540)","sk":"\uc2ac\ub85c\ubc14\ud0a4\uc544\uc5b4","sk_SK":"\uc2ac\ub85c\ubc14\ud0a4\uc544\uc5b4 (\uc2ac\ub85c\ubc14\ud0a4\uc544)","sl":"\uc2ac\ub85c\ubca0\ub2c8\uc544\uc5b4","sl_SI":"\uc2ac\ub85c\ubca0\ub2c8\uc544\uc5b4 (\uc2ac\ub85c\ubca0\ub2c8\uc544)","ii":"\uc4f0\ucd28 \uc774\uc5b4","ii_CN":"\uc4f0\ucd28 \uc774\uc5b4 (\uc911\uad6d)","ar":"\uc544\ub78d\uc5b4","ar_SS":"\uc544\ub78d\uc5b4 (\ub0a8\uc218\ub2e8)","ar_LB":"\uc544\ub78d\uc5b4 (\ub808\ubc14\ub17c)","ar_LY":"\uc544\ub78d\uc5b4 (\ub9ac\ube44\uc544)","ar_MA":"\uc544\ub78d\uc5b4 (\ubaa8\ub85c\ucf54)","ar_MR":"\uc544\ub78d\uc5b4 (\ubaa8\ub9ac\ud0c0\ub2c8)","ar_BH":"\uc544\ub78d\uc5b4 (\ubc14\ub808\uc778)","ar_SA":"\uc544\ub78d\uc5b4 (\uc0ac\uc6b0\ub514\uc544\ub77c\ube44\uc544)","ar_EH":"\uc544\ub78d\uc5b4 (\uc11c\uc0ac\ud558\ub77c)","ar_SO":"\uc544\ub78d\uc5b4 (\uc18c\ub9d0\ub9ac\uc544)","ar_SD":"\uc544\ub78d\uc5b4 (\uc218\ub2e8)","ar_SY":"\uc544\ub78d\uc5b4 (\uc2dc\ub9ac\uc544)","ar_AE":"\uc544\ub78d\uc5b4 (\uc544\ub78d\uc5d0\ubbf8\ub9ac\ud2b8 \uc5f0\ud569)","ar_DZ":"\uc544\ub78d\uc5b4 (\uc54c\uc81c\ub9ac)","ar_ER":"\uc544\ub78d\uc5b4 (\uc5d0\ub9ac\ud2b8\ub9ac\uc544)","ar_YE":"\uc544\ub78d\uc5b4 (\uc608\uba58)","ar_OM":"\uc544\ub78d\uc5b4 (\uc624\ub9cc)","ar_JO":"\uc544\ub78d\uc5b4 (\uc694\ub974\ub2e8)","ar_IQ":"\uc544\ub78d\uc5b4 (\uc774\ub77c\ud06c)","ar_IL":"\uc544\ub78d\uc5b4 (\uc774\uc2a4\ub77c\uc5d8)","ar_EG":"\uc544\ub78d\uc5b4 (\uc774\uc9d1\ud2b8)","ar_DJ":"\uc544\ub78d\uc5b4 (\uc9c0\ubd80\ud2f0)","ar_TD":"\uc544\ub78d\uc5b4 (\ucc28\ub4dc)","ar_QA":"\uc544\ub78d\uc5b4 (\uce74\ud0c0\ub974)","ar_KM":"\uc544\ub78d\uc5b4 (\ucf54\ubaa8\ub85c\uc2a4)","ar_KW":"\uc544\ub78d\uc5b4 (\ucfe0\uc6e8\uc774\ud2b8)","ar_TN":"\uc544\ub78d\uc5b4 (\ud280\ub2c8\uc9c0)","ar_PS":"\uc544\ub78d\uc5b4 (\ud314\ub808\uc2a4\ud0c0\uc778 \uc9c0\uad6c)","hy":"\uc544\ub974\uba54\ub2c8\uc544\uc5b4","hy_AM":"\uc544\ub974\uba54\ub2c8\uc544\uc5b4 (\uc544\ub974\uba54\ub2c8\uc544)","as":"\uc544\uc0d8\uc5b4","as_IN":"\uc544\uc0d8\uc5b4 (\uc778\ub3c4)","is":"\uc544\uc774\uc2ac\ub780\ub4dc\uc5b4","is_IS":"\uc544\uc774\uc2ac\ub780\ub4dc\uc5b4 (\uc544\uc774\uc2ac\ub780\ub4dc)","ga":"\uc544\uc77c\ub79c\ub4dc\uc5b4","ga_IE":"\uc544\uc77c\ub79c\ub4dc\uc5b4 (\uc544\uc77c\ub79c\ub4dc)","az":"\uc544\uc81c\ub974\ubc14\uc774\uc794\uc5b4","az_Latn_AZ":"\uc544\uc81c\ub974\ubc14\uc774\uc794\uc5b4 (\ub85c\ub9c8\uc790, \uc544\uc81c\ub974\ubc14\uc774\uc794)","az_Latn":"\uc544\uc81c\ub974\ubc14\uc774\uc794\uc5b4 (\ub85c\ub9c8\uc790)","az_AZ":"\uc544\uc81c\ub974\ubc14\uc774\uc794\uc5b4 (\uc544\uc81c\ub974\ubc14\uc774\uc794)","az_Cyrl_AZ":"\uc544\uc81c\ub974\ubc14\uc774\uc794\uc5b4 (\ud0a4\ub9b4 \ubb38\uc790, \uc544\uc81c\ub974\ubc14\uc774\uc794)","az_Cyrl":"\uc544\uc81c\ub974\ubc14\uc774\uc794\uc5b4 (\ud0a4\ub9b4 \ubb38\uc790)","ak":"\uc544\uce78\uc5b4","ak_GH":"\uc544\uce78\uc5b4 (\uac00\ub098)","af":"\uc544\ud504\ub9ac\uce78\uc2a4\uc5b4","af_NA":"\uc544\ud504\ub9ac\uce78\uc2a4\uc5b4 (\ub098\ubbf8\ube44\uc544)","af_ZA":"\uc544\ud504\ub9ac\uce78\uc2a4\uc5b4 (\ub0a8\uc544\ud504\ub9ac\uce74)","sq":"\uc54c\ubc14\ub2c8\uc544\uc5b4","sq_MK":"\uc54c\ubc14\ub2c8\uc544\uc5b4 (\ub9c8\ucf00\ub3c4\ub2c8\uc544)","sq_AL":"\uc54c\ubc14\ub2c8\uc544\uc5b4 (\uc54c\ubc14\ub2c8\uc544)","sq_XK":"\uc54c\ubc14\ub2c8\uc544\uc5b4 (\ucf54\uc18c\ubcf4)","am":"\uc554\ud558\ub77c\uc5b4","am_ET":"\uc554\ud558\ub77c\uc5b4 (\uc774\ub514\uc624\ud53c\uc544)","et":"\uc5d0\uc2a4\ud1a0\ub2c8\uc544\uc5b4","et_EE":"\uc5d0\uc2a4\ud1a0\ub2c8\uc544\uc5b4 (\uc5d0\uc2a4\ud1a0\ub2c8\uc544)","eo":"\uc5d0\uc2a4\ud398\ub780\ud1a0\uc5b4","ee":"\uc5d0\uc6e8\uc5b4","ee_GH":"\uc5d0\uc6e8\uc5b4 (\uac00\ub098)","ee_TG":"\uc5d0\uc6e8\uc5b4 (\ud1a0\uace0)","en":"\uc601\uc5b4","en_GH":"\uc601\uc5b4 (\uac00\ub098)","en_GY":"\uc601\uc5b4 (\uac00\uc774\uc544\ub098)","en_GM":"\uc601\uc5b4 (\uac10\ube44\uc544)","en_GG":"\uc601\uc5b4 (\uac74\uc9c0)","en_GU":"\uc601\uc5b4 (\uad0c)","en_GD":"\uc601\uc5b4 (\uadf8\ub808\ub098\ub2e4)","en_NA":"\uc601\uc5b4 (\ub098\ubbf8\ube44\uc544)","en_NR":"\uc601\uc5b4 (\ub098\uc6b0\ub8e8)","en_NG":"\uc601\uc5b4 (\ub098\uc774\uc9c0\ub9ac\uc544)","en_SS":"\uc601\uc5b4 (\ub0a8\uc218\ub2e8)","en_ZA":"\uc601\uc5b4 (\ub0a8\uc544\ud504\ub9ac\uce74)","en_NF":"\uc601\uc5b4 (\ub178\ud37d\uc12c)","en_NZ":"\uc601\uc5b4 (\ub274\uc9c8\ub79c\ub4dc)","en_NU":"\uc601\uc5b4 (\ub2c8\uc6b0\uc5d0)","en_DM":"\uc601\uc5b4 (\ub3c4\ubbf8\ub2c8\uce74)","en_DG":"\uc601\uc5b4 (\ub514\uc5d0\uace0 \uac00\ub974\uc2dc\uc544)","en_LR":"\uc601\uc5b4 (\ub77c\uc774\ubca0\ub9ac\uc544)","en_LS":"\uc601\uc5b4 (\ub808\uc18c\ud1a0)","en_RW":"\uc601\uc5b4 (\ub974\uc644\ub2e4)","en_MG":"\uc601\uc5b4 (\ub9c8\ub2e4\uac00\uc2a4\uce74\ub974)","en_MH":"\uc601\uc5b4 (\ub9c8\uc0ec \uad70\ub3c4)","en_MO":"\uc601\uc5b4 (\ub9c8\uce74\uc624, \uc911\uad6d \ud2b9\ubcc4\ud589\uc815\uad6c)","en_MW":"\uc601\uc5b4 (\ub9d0\ub77c\uc704)","en_MY":"\uc601\uc5b4 (\ub9d0\ub808\uc774\uc2dc\uc544)","en_IM":"\uc601\uc5b4 (\ub9e8 \uc12c)","en_MU":"\uc601\uc5b4 (\ubaa8\ub9ac\uc154\uc2a4)","en_MS":"\uc601\uc5b4 (\ubaac\ud2b8\uc138\ub77c\ud2b8)","en_MT":"\uc601\uc5b4 (\ubab0\ud0c0)","en_US":"\uc601\uc5b4 (\ubbf8\uad6d)","en_VI":"\uc601\uc5b4 (\ubbf8\uad6d\ub839 \ubc84\uc9c4 \uc544\uc77c\ub79c\ub4dc)","en_UM":"\uc601\uc5b4 (\ubbf8\uad6d\ub839 \ud574\uc678 \uc81c\ub3c4)","en_FM":"\uc601\uc5b4 (\ubbf8\ud06c\ub85c\ub124\uc2dc\uc544)","en_VU":"\uc601\uc5b4 (\ubc14\ub204\uc544\ud22c)","en_BB":"\uc601\uc5b4 (\ubc14\ubca0\uc774\ub3c4\uc2a4)","en_BS":"\uc601\uc5b4 (\ubc14\ud558\ub9c8)","en_BM":"\uc601\uc5b4 (\ubc84\ubba4\ub2e4)","en_BE":"\uc601\uc5b4 (\ubca8\uae30\uc5d0)","en_BZ":"\uc601\uc5b4 (\ubca8\ub9ac\uc988)","en_BW":"\uc601\uc5b4 (\ubcf4\uce20\uc640\ub098)","en_MP":"\uc601\uc5b4 (\ubd81\ub9c8\ub9ac\uc544\ub098\uc81c\ub3c4)","en_WS":"\uc601\uc5b4 (\uc0ac\ubaa8\uc544)","en_KN":"\uc601\uc5b4 (\uc138\uc778\ud2b8 \ud0a4\uce20 \ub124\ube44\uc2a4)","en_LC":"\uc601\uc5b4 (\uc138\uc778\ud2b8\ub8e8\uc2dc\uc544)","en_VC":"\uc601\uc5b4 (\uc138\uc778\ud2b8\ube48\uc13c\ud2b8\uadf8\ub808\ub098\ub518)","en_SH":"\uc601\uc5b4 (\uc138\uc778\ud2b8\ud5ec\ub808\ub098)","en_SB":"\uc601\uc5b4 (\uc194\ub85c\ubaac \uc81c\ub3c4)","en_SD":"\uc601\uc5b4 (\uc218\ub2e8)","en_SC":"\uc601\uc5b4 (\uc250\uc774\uc258)","en_SZ":"\uc601\uc5b4 (\uc2a4\uc640\uc9c8\ub79c\ub4dc)","en_SL":"\uc601\uc5b4 (\uc2dc\uc5d0\ub77c\ub9ac\uc628)","en_SX":"\uc601\uc5b4 (\uc2e0\ud2b8\ub9c8\ub974\ud134)","en_SG":"\uc601\uc5b4 (\uc2f1\uac00\ud3ec\ub974)","en_AS":"\uc601\uc5b4 (\uc544\uba54\ub9ac\uce78 \uc0ac\ubaa8\uc544)","en_IE":"\uc601\uc5b4 (\uc544\uc77c\ub79c\ub4dc)","en_AI":"\uc601\uc5b4 (\uc548\uae38\ub77c)","en_AG":"\uc601\uc5b4 (\uc564\ud2f0\uac00 \ubc14\ubd80\ub2e4)","en_ER":"\uc601\uc5b4 (\uc5d0\ub9ac\ud2b8\ub9ac\uc544)","en_GB":"\uc601\uc5b4 (\uc601\uad6d)","en_VG":"\uc601\uc5b4 (\uc601\uad6d\ub839 \ubc84\uc9c4 \uc544\uc77c\ub79c\ub4dc)","en_IO":"\uc601\uc5b4 (\uc601\uad6d\ub839\uc778\ub3c4\uc591\uc2dd\ubbfc\uc9c0)","en_AU":"\uc601\uc5b4 (\uc624\uc2a4\ud2b8\ub808\uc77c\ub9ac\uc544)","en_UG":"\uc601\uc5b4 (\uc6b0\uac04\ub2e4)","en_IN":"\uc601\uc5b4 (\uc778\ub3c4)","en_JM":"\uc601\uc5b4 (\uc790\uba54\uc774\uce74)","en_ZM":"\uc601\uc5b4 (\uc7a0\ube44\uc544)","en_JE":"\uc601\uc5b4 (\uc800\uc9c0)","en_GI":"\uc601\uc5b4 (\uc9c0\ube0c\ub864\ud130)","en_ZW":"\uc601\uc5b4 (\uc9d0\ubc14\ube0c\uc6e8)","en_CM":"\uc601\uc5b4 (\uce74\uba54\ub8ec)","en_CA":"\uc601\uc5b4 (\uce90\ub098\ub2e4)","en_KE":"\uc601\uc5b4 (\ucf00\ub0d0)","en_KY":"\uc601\uc5b4 (\ucf00\uc774\ub9e8\uc81c\ub3c4)","en_CC":"\uc601\uc5b4 (\ucf54\ucf54\uc2a4\uc81c\ub3c4)","en_CK":"\uc601\uc5b4 (\ucfe1\uc81c\ub3c4)","en_CX":"\uc601\uc5b4 (\ud06c\ub9ac\uc2a4\ub9c8\uc2a4\uc12c)","en_KI":"\uc601\uc5b4 (\ud0a4\ub9ac\ubc14\uc2dc)","en_TZ":"\uc601\uc5b4 (\ud0c4\uc790\ub2c8\uc544)","en_TC":"\uc601\uc5b4 (\ud130\ud06c\uc2a4\ucf00\uc774\ucee4\uc2a4\uc81c\ub3c4)","en_TK":"\uc601\uc5b4 (\ud1a0\ucf08\ub77c\uc6b0)","en_TO":"\uc601\uc5b4 (\ud1b5\uac00)","en_TV":"\uc601\uc5b4 (\ud22c\ubc1c\ub8e8)","en_TT":"\uc601\uc5b4 (\ud2b8\ub9ac\ub2c8\ub2e4\ub4dc \ud1a0\ubc14\uace0)","en_PK":"\uc601\uc5b4 (\ud30c\ud0a4\uc2a4\ud0c4)","en_PG":"\uc601\uc5b4 (\ud30c\ud478\uc544\ub274\uae30\ub2c8)","en_PW":"\uc601\uc5b4 (\ud314\ub77c\uc6b0)","en_FK":"\uc601\uc5b4 (\ud3ec\ud074\ub79c\ub4dc \uc81c\ub3c4)","en_PR":"\uc601\uc5b4 (\ud478\uc5d0\ub974\ud1a0\ub9ac\ucf54)","en_FJ":"\uc601\uc5b4 (\ud53c\uc9c0)","en_PH":"\uc601\uc5b4 (\ud544\ub9ac\ud540)","en_PN":"\uc601\uc5b4 (\ud54f\ucf00\uc5b8 \uc12c)","en_HK":"\uc601\uc5b4 (\ud64d\ucf69, \uc911\uad6d \ud2b9\ubcc4\ud589\uc815\uad6c)","om":"\uc624\ub85c\ubaa8\uc5b4","om_ET":"\uc624\ub85c\ubaa8\uc5b4 (\uc774\ub514\uc624\ud53c\uc544)","om_KE":"\uc624\ub85c\ubaa8\uc5b4 (\ucf00\ub0d0)","or":"\uc624\ub9ac\uc57c\uc5b4","or_IN":"\uc624\ub9ac\uc57c\uc5b4 (\uc778\ub3c4)","os":"\uc624\uc138\ud2b8\uc5b4","os_RU":"\uc624\uc138\ud2b8\uc5b4 (\ub7ec\uc2dc\uc544)","os_GE":"\uc624\uc138\ud2b8\uc5b4 (\uc870\uc9c0\uc544)","yo":"\uc694\ub8e8\ubc14\uc5b4","yo_NG":"\uc694\ub8e8\ubc14\uc5b4 (\ub098\uc774\uc9c0\ub9ac\uc544)","yo_BJ":"\uc694\ub8e8\ubc14\uc5b4 (\ubca0\ub0c9)","ur":"\uc6b0\ub974\ub450\uc5b4","ur_IN":"\uc6b0\ub974\ub450\uc5b4 (\uc778\ub3c4)","ur_PK":"\uc6b0\ub974\ub450\uc5b4 (\ud30c\ud0a4\uc2a4\ud0c4)","uz":"\uc6b0\uc988\ubca0\ud06c\uc5b4","uz_Latn_UZ":"\uc6b0\uc988\ubca0\ud06c\uc5b4 (\ub85c\ub9c8\uc790, \uc6b0\uc988\ubca0\ud0a4\uc2a4\ud0c4)","uz_Latn":"\uc6b0\uc988\ubca0\ud06c\uc5b4 (\ub85c\ub9c8\uc790)","uz_Arab_AF":"\uc6b0\uc988\ubca0\ud06c\uc5b4 (\uc544\ub78d \ubb38\uc790, \uc544\ud504\uac00\ub2c8\uc2a4\ud0c4)","uz_Arab":"\uc6b0\uc988\ubca0\ud06c\uc5b4 (\uc544\ub78d \ubb38\uc790)","uz_AF":"\uc6b0\uc988\ubca0\ud06c\uc5b4 (\uc544\ud504\uac00\ub2c8\uc2a4\ud0c4)","uz_UZ":"\uc6b0\uc988\ubca0\ud06c\uc5b4 (\uc6b0\uc988\ubca0\ud0a4\uc2a4\ud0c4)","uz_Cyrl_UZ":"\uc6b0\uc988\ubca0\ud06c\uc5b4 (\ud0a4\ub9b4 \ubb38\uc790, \uc6b0\uc988\ubca0\ud0a4\uc2a4\ud0c4)","uz_Cyrl":"\uc6b0\uc988\ubca0\ud06c\uc5b4 (\ud0a4\ub9b4 \ubb38\uc790)","uk":"\uc6b0\ud06c\ub77c\uc774\ub098\uc5b4","uk_UA":"\uc6b0\ud06c\ub77c\uc774\ub098\uc5b4 (\uc6b0\ud06c\ub77c\uc774\ub098)","cy":"\uc6e8\uc77c\uc2a4\uc5b4","cy_GB":"\uc6e8\uc77c\uc2a4\uc5b4 (\uc601\uad6d)","ug":"\uc704\uad6c\ub974\uc5b4","ug_Arab_CN":"\uc704\uad6c\ub974\uc5b4 (\uc544\ub78d \ubb38\uc790, \uc911\uad6d)","ug_Arab":"\uc704\uad6c\ub974\uc5b4 (\uc544\ub78d \ubb38\uc790)","ug_CN":"\uc704\uad6c\ub974\uc5b4 (\uc911\uad6d)","ig":"\uc774\uadf8\ubcf4\uc5b4","ig_NG":"\uc774\uadf8\ubcf4\uc5b4 (\ub098\uc774\uc9c0\ub9ac\uc544)","yi":"\uc774\ub514\uc2dc\uc5b4","it":"\uc774\ud0c8\ub9ac\uc544\uc5b4","it_SM":"\uc774\ud0c8\ub9ac\uc544\uc5b4 (\uc0b0\ub9c8\ub9ac\ub178)","it_CH":"\uc774\ud0c8\ub9ac\uc544\uc5b4 (\uc2a4\uc704\uc2a4)","it_IT":"\uc774\ud0c8\ub9ac\uc544\uc5b4 (\uc774\ud0c8\ub9ac\uc544)","id":"\uc778\ub3c4\ub124\uc2dc\uc544\uc5b4","id_ID":"\uc778\ub3c4\ub124\uc2dc\uc544\uc5b4 (\uc778\ub3c4\ub124\uc2dc\uc544)","ja":"\uc77c\ubcf8\uc5b4","ja_JP":"\uc77c\ubcf8\uc5b4 (\uc77c\ubcf8)","ka":"\uc870\uc9c0\uc544\uc5b4","ka_GE":"\uc870\uc9c0\uc544\uc5b4 (\uc870\uc9c0\uc544)","dz":"\uc885\uce74\uc5b4","dz_BT":"\uc885\uce74\uc5b4 (\ubd80\ud0c4)","zu":"\uc904\ub8e8\uc5b4","zu_ZA":"\uc904\ub8e8\uc5b4 (\ub0a8\uc544\ud504\ub9ac\uce74)","zh":"\uc911\uad6d\uc5b4","zh_TW":"\uc911\uad6d\uc5b4 (\ub300\ub9cc)","zh_MO":"\uc911\uad6d\uc5b4 (\ub9c8\uce74\uc624, \uc911\uad6d \ud2b9\ubcc4\ud589\uc815\uad6c)","zh_SG":"\uc911\uad6d\uc5b4 (\uc2f1\uac00\ud3ec\ub974)","zh_CN":"\uc911\uad6d\uc5b4 (\uc911\uad6d)","zh_Hans_MO":"\uc911\uad6d\uc5b4 (\ud55c\uc790(\uac04\uccb4), \ub9c8\uce74\uc624, \uc911\uad6d \ud2b9\ubcc4\ud589\uc815\uad6c)","zh_Hans_SG":"\uc911\uad6d\uc5b4 (\ud55c\uc790(\uac04\uccb4), \uc2f1\uac00\ud3ec\ub974)","zh_Hans_CN":"\uc911\uad6d\uc5b4 (\ud55c\uc790(\uac04\uccb4), \uc911\uad6d)","zh_Hans_HK":"\uc911\uad6d\uc5b4 (\ud55c\uc790(\uac04\uccb4), \ud64d\ucf69, \uc911\uad6d \ud2b9\ubcc4\ud589\uc815\uad6c)","zh_Hans":"\uc911\uad6d\uc5b4 (\ud55c\uc790(\uac04\uccb4))","zh_Hant_TW":"\uc911\uad6d\uc5b4 (\ud55c\uc790(\ubc88\uccb4), \ub300\ub9cc)","zh_Hant_MO":"\uc911\uad6d\uc5b4 (\ud55c\uc790(\ubc88\uccb4), \ub9c8\uce74\uc624, \uc911\uad6d \ud2b9\ubcc4\ud589\uc815\uad6c)","zh_Hant_HK":"\uc911\uad6d\uc5b4 (\ud55c\uc790(\ubc88\uccb4), \ud64d\ucf69, \uc911\uad6d \ud2b9\ubcc4\ud589\uc815\uad6c)","zh_Hant":"\uc911\uad6d\uc5b4 (\ud55c\uc790(\ubc88\uccb4))","zh_HK":"\uc911\uad6d\uc5b4 (\ud64d\ucf69, \uc911\uad6d \ud2b9\ubcc4\ud589\uc815\uad6c)","cs":"\uccb4\ucf54\uc5b4","cs_CZ":"\uccb4\ucf54\uc5b4 (\uccb4\ucf54)","ks":"\uce74\uc288\ubbf8\ub974\uc5b4","ks_Arab_IN":"\uce74\uc288\ubbf8\ub974\uc5b4 (\uc544\ub78d \ubb38\uc790, \uc778\ub3c4)","ks_Arab":"\uce74\uc288\ubbf8\ub974\uc5b4 (\uc544\ub78d \ubb38\uc790)","ks_IN":"\uce74\uc288\ubbf8\ub974\uc5b4 (\uc778\ub3c4)","kk":"\uce74\uc790\ud750\uc5b4","kk_KZ":"\uce74\uc790\ud750\uc5b4 (\uce74\uc790\ud750\uc2a4\ud0c4)","kk_Cyrl_KZ":"\uce74\uc790\ud750\uc5b4 (\ud0a4\ub9b4 \ubb38\uc790, \uce74\uc790\ud750\uc2a4\ud0c4)","kk_Cyrl":"\uce74\uc790\ud750\uc5b4 (\ud0a4\ub9b4 \ubb38\uc790)","ca":"\uce74\ud0c8\ub85c\ub2c8\uc544\uc5b4","ca_ES":"\uce74\ud0c8\ub85c\ub2c8\uc544\uc5b4 (\uc2a4\ud398\uc778)","ca_AD":"\uce74\ud0c8\ub85c\ub2c8\uc544\uc5b4 (\uc548\ub3c4\ub77c)","ca_IT":"\uce74\ud0c8\ub85c\ub2c8\uc544\uc5b4 (\uc774\ud0c8\ub9ac\uc544)","ca_FR":"\uce74\ud0c8\ub85c\ub2c8\uc544\uc5b4 (\ud504\ub791\uc2a4)","kn":"\uce78\ub098\ub2e4\uc5b4","kn_IN":"\uce78\ub098\ub2e4\uc5b4 (\uc778\ub3c4)","km":"\uce84\ubcf4\ub514\uc544\uc5b4","km_KH":"\uce84\ubcf4\ub514\uc544\uc5b4 (\uce84\ubcf4\ub514\uc544)","qu":"\ucf00\ucd94\uc544\uc5b4","qu_BO":"\ucf00\ucd94\uc544\uc5b4 (\ubcfc\ub9ac\ube44\uc544)","qu_EC":"\ucf00\ucd94\uc544\uc5b4 (\uc5d0\ucf70\ub3c4\ub974)","qu_PE":"\ucf00\ucd94\uc544\uc5b4 (\ud398\ub8e8)","kw":"\ucf58\uc6d4\uc5b4","kw_GB":"\ucf58\uc6d4\uc5b4 (\uc601\uad6d)","hr":"\ud06c\ub85c\uc544\ud2f0\uc544\uc5b4","hr_BA":"\ud06c\ub85c\uc544\ud2f0\uc544\uc5b4 (\ubcf4\uc2a4\ub2c8\uc544 \ud5e4\ub974\uccb4\uace0\ube44\ub098)","hr_HR":"\ud06c\ub85c\uc544\ud2f0\uc544\uc5b4 (\ud06c\ub85c\uc544\ud2f0\uc544)","ky":"\ud0a4\ub974\uae30\uc2a4\uc5b4","ky_KG":"\ud0a4\ub974\uae30\uc2a4\uc5b4 (\ud0a4\ub974\uae30\uc2a4\uc2a4\ud0c4)","ky_Cyrl_KG":"\ud0a4\ub974\uae30\uc2a4\uc5b4 (\ud0a4\ub9b4 \ubb38\uc790, \ud0a4\ub974\uae30\uc2a4\uc2a4\ud0c4)","ky_Cyrl":"\ud0a4\ub974\uae30\uc2a4\uc5b4 (\ud0a4\ub9b4 \ubb38\uc790)","ki":"\ud0a4\ucfe0\uc720\uc5b4","ki_KE":"\ud0a4\ucfe0\uc720\uc5b4 (\ucf00\ub0d0)","tl":"\ud0c0\uac08\ub85c\uadf8\uc5b4","tl_PH":"\ud0c0\uac08\ub85c\uadf8\uc5b4 (\ud544\ub9ac\ud540)","ta":"\ud0c0\ubc00\uc5b4","ta_MY":"\ud0c0\ubc00\uc5b4 (\ub9d0\ub808\uc774\uc2dc\uc544)","ta_LK":"\ud0c0\ubc00\uc5b4 (\uc2a4\ub9ac\ub791\uce74)","ta_SG":"\ud0c0\ubc00\uc5b4 (\uc2f1\uac00\ud3ec\ub974)","ta_IN":"\ud0c0\ubc00\uc5b4 (\uc778\ub3c4)","th":"\ud0dc\uad6d\uc5b4","th_TH":"\ud0dc\uad6d\uc5b4 (\ud0dc\uad6d)","tr":"\ud130\ud0a4\uc5b4","tr_CY":"\ud130\ud0a4\uc5b4 (\uc0ac\uc774\ud504\ub7ec\uc2a4)","tr_TR":"\ud130\ud0a4\uc5b4 (\ud130\ud0a4)","te":"\ud154\ub8e8\uad6c\uc5b4","te_IN":"\ud154\ub8e8\uad6c\uc5b4 (\uc778\ub3c4)","to":"\ud1b5\uac00\uc5b4","to_TO":"\ud1b5\uac00\uc5b4 (\ud1b5\uac00)","ti":"\ud2f0\uadf8\ub9ac\ub0d0\uc5b4","ti_ER":"\ud2f0\uadf8\ub9ac\ub0d0\uc5b4 (\uc5d0\ub9ac\ud2b8\ub9ac\uc544)","ti_ET":"\ud2f0\uadf8\ub9ac\ub0d0\uc5b4 (\uc774\ub514\uc624\ud53c\uc544)","bo":"\ud2f0\ubca0\ud2b8\uc5b4","bo_IN":"\ud2f0\ubca0\ud2b8\uc5b4 (\uc778\ub3c4)","bo_CN":"\ud2f0\ubca0\ud2b8\uc5b4 (\uc911\uad6d)","ps":"\ud30c\uc288\ud1a0\uc5b4","ps_AF":"\ud30c\uc288\ud1a0\uc5b4 (\uc544\ud504\uac00\ub2c8\uc2a4\ud0c4)","pa":"\ud380\uc7a1\uc5b4","pa_Guru_IN":"\ud380\uc7a1\uc5b4 (\uad6c\ub974\ubb34\ud0a4 \ubb38\uc790, \uc778\ub3c4)","pa_Guru":"\ud380\uc7a1\uc5b4 (\uad6c\ub974\ubb34\ud0a4 \ubb38\uc790)","pa_Arab_PK":"\ud380\uc7a1\uc5b4 (\uc544\ub78d \ubb38\uc790, \ud30c\ud0a4\uc2a4\ud0c4)","pa_Arab":"\ud380\uc7a1\uc5b4 (\uc544\ub78d \ubb38\uc790)","pa_IN":"\ud380\uc7a1\uc5b4 (\uc778\ub3c4)","pa_PK":"\ud380\uc7a1\uc5b4 (\ud30c\ud0a4\uc2a4\ud0c4)","fo":"\ud398\ub85c\uc5b4","fo_FO":"\ud398\ub85c\uc5b4 (\ud398\ub85c\uc81c\ub3c4)","fa":"\ud398\ub974\uc2dc\uc544\uc5b4","fa_AF":"\ud398\ub974\uc2dc\uc544\uc5b4 (\uc544\ud504\uac00\ub2c8\uc2a4\ud0c4)","fa_IR":"\ud398\ub974\uc2dc\uc544\uc5b4 (\uc774\ub780)","pt":"\ud3ec\ub974\ud22c\uac08\uc5b4","pt_GW":"\ud3ec\ub974\ud22c\uac08\uc5b4 (\uae30\ub124\ube44\uc3d8)","pt_CV":"\ud3ec\ub974\ud22c\uac08\uc5b4 (\uae4c\ubf40\ubca0\ub974\ub370)","pt_TL":"\ud3ec\ub974\ud22c\uac08\uc5b4 (\ub3d9\ud2f0\ubaa8\ub974)","pt_MO":"\ud3ec\ub974\ud22c\uac08\uc5b4 (\ub9c8\uce74\uc624, \uc911\uad6d \ud2b9\ubcc4\ud589\uc815\uad6c)","pt_MZ":"\ud3ec\ub974\ud22c\uac08\uc5b4 (\ubaa8\uc7a0\ube44\ud06c)","pt_BR":"\ud3ec\ub974\ud22c\uac08\uc5b4 (\ube0c\ub77c\uc9c8)","pt_ST":"\ud3ec\ub974\ud22c\uac08\uc5b4 (\uc0c1\ud22c\uba54 \ud504\ub9b0\uc2dc\ud398)","pt_AO":"\ud3ec\ub974\ud22c\uac08\uc5b4 (\uc559\uace8\ub77c)","pt_PT":"\ud3ec\ub974\ud22c\uac08\uc5b4 (\ud3ec\ub974\ud22c\uac08)","pl":"\ud3f4\ub780\ub4dc\uc5b4","pl_PL":"\ud3f4\ub780\ub4dc\uc5b4 (\ud3f4\ub780\ub4dc)","ff":"\ud480\ub77c\uc5b4","ff_GN":"\ud480\ub77c\uc5b4 (\uae30\ub2c8)","ff_MR":"\ud480\ub77c\uc5b4 (\ubaa8\ub9ac\ud0c0\ub2c8)","ff_SN":"\ud480\ub77c\uc5b4 (\uc138\ub124\uac08)","ff_CM":"\ud480\ub77c\uc5b4 (\uce74\uba54\ub8ec)","fr":"\ud504\ub791\uc2a4\uc5b4","fr_GA":"\ud504\ub791\uc2a4\uc5b4 (\uac00\ubd09)","fr_GP":"\ud504\ub791\uc2a4\uc5b4 (\uacfc\ub4e4\ub8e8\ud504)","fr_GN":"\ud504\ub791\uc2a4\uc5b4 (\uae30\ub2c8)","fr_NC":"\ud504\ub791\uc2a4\uc5b4 (\ub274 \uce7c\ub808\ub3c4\ub2c8\uc544)","fr_NE":"\ud504\ub791\uc2a4\uc5b4 (\ub2c8\uc81c\ub974)","fr_LU":"\ud504\ub791\uc2a4\uc5b4 (\ub8e9\uc148\ubd80\ub974\ud06c)","fr_RW":"\ud504\ub791\uc2a4\uc5b4 (\ub974\uc644\ub2e4)","fr_RE":"\ud504\ub791\uc2a4\uc5b4 (\ub9ac\uc720\ub2c8\uc628)","fr_MG":"\ud504\ub791\uc2a4\uc5b4 (\ub9c8\ub2e4\uac00\uc2a4\uce74\ub974)","fr_YT":"\ud504\ub791\uc2a4\uc5b4 (\ub9c8\uc694\ud2f0)","fr_ML":"\ud504\ub791\uc2a4\uc5b4 (\ub9d0\ub9ac)","fr_MQ":"\ud504\ub791\uc2a4\uc5b4 (\ub9d0\ud2f0\ub2c8\ud06c)","fr_MC":"\ud504\ub791\uc2a4\uc5b4 (\ubaa8\ub098\ucf54)","fr_MA":"\ud504\ub791\uc2a4\uc5b4 (\ubaa8\ub85c\ucf54)","fr_MU":"\ud504\ub791\uc2a4\uc5b4 (\ubaa8\ub9ac\uc154\uc2a4)","fr_MR":"\ud504\ub791\uc2a4\uc5b4 (\ubaa8\ub9ac\ud0c0\ub2c8)","fr_VU":"\ud504\ub791\uc2a4\uc5b4 (\ubc14\ub204\uc544\ud22c)","fr_BJ":"\ud504\ub791\uc2a4\uc5b4 (\ubca0\ub0c9)","fr_BE":"\ud504\ub791\uc2a4\uc5b4 (\ubca8\uae30\uc5d0)","fr_BI":"\ud504\ub791\uc2a4\uc5b4 (\ubd80\ub8ec\ub514)","fr_BF":"\ud504\ub791\uc2a4\uc5b4 (\ubd80\ub974\ud0a4\ub098\ud30c\uc18c)","fr_MF":"\ud504\ub791\uc2a4\uc5b4 (\uc0dd \ub9c8\ub974\ud0f1)","fr_BL":"\ud504\ub791\uc2a4\uc5b4 (\uc0dd \ubc14\ub974\ud154\ub974\ubbf8)","fr_PM":"\ud504\ub791\uc2a4\uc5b4 (\uc0dd\ud53c\uc5d0\ub974 \ubbf8\ud074\ub871)","fr_SN":"\ud504\ub791\uc2a4\uc5b4 (\uc138\ub124\uac08)","fr_SC":"\ud504\ub791\uc2a4\uc5b4 (\uc250\uc774\uc258)","fr_CH":"\ud504\ub791\uc2a4\uc5b4 (\uc2a4\uc704\uc2a4)","fr_SY":"\ud504\ub791\uc2a4\uc5b4 (\uc2dc\ub9ac\uc544)","fr_HT":"\ud504\ub791\uc2a4\uc5b4 (\uc544\uc774\ud2f0)","fr_DZ":"\ud504\ub791\uc2a4\uc5b4 (\uc54c\uc81c\ub9ac)","fr_WF":"\ud504\ub791\uc2a4\uc5b4 (\uc648\ub9ac\uc2a4-\ud478\ud22c\ub098 \uc81c\ub3c4)","fr_GQ":"\ud504\ub791\uc2a4\uc5b4 (\uc801\ub3c4 \uae30\ub2c8)","fr_CF":"\ud504\ub791\uc2a4\uc5b4 (\uc911\uc559 \uc544\ud504\ub9ac\uce74 \uacf5\ud654\uad6d)","fr_DJ":"\ud504\ub791\uc2a4\uc5b4 (\uc9c0\ubd80\ud2f0)","fr_TD":"\ud504\ub791\uc2a4\uc5b4 (\ucc28\ub4dc)","fr_CM":"\ud504\ub791\uc2a4\uc5b4 (\uce74\uba54\ub8ec)","fr_CA":"\ud504\ub791\uc2a4\uc5b4 (\uce90\ub098\ub2e4)","fr_KM":"\ud504\ub791\uc2a4\uc5b4 (\ucf54\ubaa8\ub85c\uc2a4)","fr_CI":"\ud504\ub791\uc2a4\uc5b4 (\ucf54\ud2b8\ub514\ubd80\uc544\ub974)","fr_CD":"\ud504\ub791\uc2a4\uc5b4 (\ucf69\uace0-\ud0a8\uc0e4\uc0ac)","fr_CG":"\ud504\ub791\uc2a4\uc5b4 (\ucf69\uace0)","fr_TG":"\ud504\ub791\uc2a4\uc5b4 (\ud1a0\uace0)","fr_TN":"\ud504\ub791\uc2a4\uc5b4 (\ud280\ub2c8\uc9c0)","fr_FR":"\ud504\ub791\uc2a4\uc5b4 (\ud504\ub791\uc2a4)","fr_GF":"\ud504\ub791\uc2a4\uc5b4 (\ud504\ub791\uc2a4\ub839 \uae30\uc544\ub098)","fr_PF":"\ud504\ub791\uc2a4\uc5b4 (\ud504\ub791\uc2a4\ub839 \ud3f4\ub9ac\ub124\uc2dc\uc544)","fy":"\ud504\ub9ac\uc9c0\uc544\uc5b4","fy_NL":"\ud504\ub9ac\uc9c0\uc544\uc5b4 (\ub124\ub35c\ub780\ub4dc)","fi":"\ud540\ub780\ub4dc\uc5b4","fi_FI":"\ud540\ub780\ub4dc\uc5b4 (\ud540\ub780\ub4dc)","ha":"\ud558\uc6b0\uc0ac\uc5b4","ha_GH":"\ud558\uc6b0\uc0ac\uc5b4 (\uac00\ub098)","ha_NG":"\ud558\uc6b0\uc0ac\uc5b4 (\ub098\uc774\uc9c0\ub9ac\uc544)","ha_NE":"\ud558\uc6b0\uc0ac\uc5b4 (\ub2c8\uc81c\ub974)","ha_Latn_GH":"\ud558\uc6b0\uc0ac\uc5b4 (\ub85c\ub9c8\uc790, \uac00\ub098)","ha_Latn_NG":"\ud558\uc6b0\uc0ac\uc5b4 (\ub85c\ub9c8\uc790, \ub098\uc774\uc9c0\ub9ac\uc544)","ha_Latn_NE":"\ud558\uc6b0\uc0ac\uc5b4 (\ub85c\ub9c8\uc790, \ub2c8\uc81c\ub974)","ha_Latn":"\ud558\uc6b0\uc0ac\uc5b4 (\ub85c\ub9c8\uc790)","ko":"\ud55c\uad6d\uc5b4","ko_KR":"\ud55c\uad6d\uc5b4 (\ub300\ud55c\ubbfc\uad6d)","ko_KP":"\ud55c\uad6d\uc5b4 (\uc870\uc120 \ubbfc\uc8fc\uc8fc\uc758 \uc778\ubbfc \uacf5\ud654\uad6d)","hu":"\ud5dd\uac00\ub9ac\uc5b4","hu_HU":"\ud5dd\uac00\ub9ac\uc5b4 (\ud5dd\uac00\ub9ac)","he":"\ud788\ube0c\ub9ac\uc5b4","he_IL":"\ud788\ube0c\ub9ac\uc5b4 (\uc774\uc2a4\ub77c\uc5d8)","hi":"\ud78c\ub514\uc5b4","hi_IN":"\ud78c\ub514\uc5b4 (\uc778\ub3c4)"}