{"af":"Afrikaans","af_NA":"Afrikaans (Namibia)","af_ZA":"Afrikaans (S\u00fcdafrika)","ak":"Akan","ak_GH":"Akan (Ghana)","sq":"Albanesch","sq_AL":"Albanesch (Albanien)","sq_XK":"Albanesch (Kosovo)","sq_MK":"Albanesch (Mazedonien)","am":"Amharesch","am_ET":"Amharesch (Ethiopien)","ar":"Arabesch","ar_DZ":"Arabesch (Algerien)","ar_BH":"Arabesch (Bahrain)","ar_DJ":"Arabesch (Dschibuti)","ar_EG":"Arabesch (Egypten)","ar_ER":"Arabesch (Eritrea)","ar_IQ":"Arabesch (Irak)","ar_IL":"Arabesch (Israel)","ar_YE":"Arabesch (Jemen)","ar_JO":"Arabesch (Jordanien)","ar_QA":"Arabesch (Katar)","ar_KM":"Arabesch (Komoren)","ar_KW":"Arabesch (Kuwait)","ar_LB":"Arabesch (Libanon)","ar_LY":"Arabesch (Libyen)","ar_MA":"Arabesch (Marokko)","ar_MR":"Arabesch (Mauretanien)","ar_OM":"Arabesch (Oman)","ar_PS":"Arabesch (Palestinensesch Autonomiegebidder)","ar_SA":"Arabesch (Saudi-Arabien)","ar_SO":"Arabesch (Somalia)","ar_SD":"Arabesch (Sudan)","ar_SS":"Arabesch (S\u00fcdsudan)","ar_SY":"Arabesch (Syrien)","ar_TD":"Arabesch (Tschad)","ar_TN":"Arabesch (Tunesien)","ar_AE":"Arabesch (Vereenegt Arabesch Emirater)","ar_EH":"Arabesch (Westsahara)","hy":"Armenesch","hy_AM":"Armenesch (Armenien)","az":"Aserbaidschanesch","az_AZ":"Aserbaidschanesch (Aserbaidschan)","az_Cyrl_AZ":"Aserbaidschanesch (Kyrillesch, Aserbaidschan)","az_Cyrl":"Aserbaidschanesch (Kyrillesch)","az_Latn_AZ":"Aserbaidschanesch (Lat\u00e9ngesch, Aserbaidschan)","az_Latn":"Aserbaidschanesch (Lat\u00e9ngesch)","as":"Assamesesch","as_IN":"Assamesesch (Indien)","bm":"Bambara-Sprooch","bm_Latn_ML":"Bambara-Sprooch (Lat\u00e9ngesch, Mali)","bm_Latn":"Bambara-Sprooch (Lat\u00e9ngesch)","eu":"Baskesch","eu_ES":"Baskesch (Spanien)","bn":"Bengalesch","bn_BD":"Bengalesch (Bangladesch)","bn_IN":"Bengalesch (Indien)","dz":"Bhutanesch","dz_BT":"Bhutanesch (Bhutan)","my":"Birmanesch","my_MM":"Birmanesch (Myanmar)","bs":"Bosnesch","bs_BA":"Bosnesch (Bosnien an Herzegowina)","bs_Cyrl_BA":"Bosnesch (Kyrillesch, Bosnien an Herzegowina)","bs_Cyrl":"Bosnesch (Kyrillesch)","bs_Latn_BA":"Bosnesch (Lat\u00e9ngesch, Bosnien an Herzegowina)","bs_Latn":"Bosnesch (Lat\u00e9ngesch)","br":"Bretonesch","br_FR":"Bretonesch (Frankr\u00e4ich)","bg":"Bulgaresch","bg_BG":"Bulgaresch (Bulgarien)","zh":"Chinesesch","zh_CN":"Chinesesch (China)","zh_SG":"Chinesesch (Singapur)","zh_HK":"Chinesesch (Spezialverwaltungszon Hong Kong)","zh_MO":"Chinesesch (Spezialverwaltungszon Macau)","zh_TW":"Chinesesch (Taiwan)","zh_Hant_HK":"Chinesesch (Traditionell, Spezialverwaltungszon Hong Kong)","zh_Hant_MO":"Chinesesch (Traditionell, Spezialverwaltungszon Macau)","zh_Hant_TW":"Chinesesch (Traditionell, Taiwan)","zh_Hant":"Chinesesch (Traditionell)","zh_Hans_CN":"Chinesesch (Vereinfacht, China)","zh_Hans_SG":"Chinesesch (Vereinfacht, Singapur)","zh_Hans_HK":"Chinesesch (Vereinfacht, Spezialverwaltungszon Hong Kong)","zh_Hans_MO":"Chinesesch (Vereinfacht, Spezialverwaltungszon Macau)","zh_Hans":"Chinesesch (Vereinfacht)","tl":"Dagalog","tl_PH":"Dagalog (Philippinnen)","de":"D\u00e4itsch","de_BE":"D\u00e4itsch (Belsch)","de_DE":"D\u00e4itsch (D\u00e4itschland)","de_AT":"D\u00e4itsch (\u00c9istr\u00e4ich)","de_LU":"D\u00e4itsch (L\u00ebtzebuerg)","de_LI":"D\u00e4itsch (Liechtenstein)","de_CH":"D\u00e4itsch (Schw\u00e4iz)","da":"D\u00e4nesch","da_DK":"D\u00e4nesch (D\u00e4nemark)","da_GL":"D\u00e4nesch (Gr\u00f6nland)","en":"Englesch","en_VI":"Englesch (Amerikanesch Joffereninselen)","en_UM":"Englesch (Amerikanesch-Ozeanien)","en_AS":"Englesch (Amerikanesch-Samoa)","en_AI":"Englesch (Anguilla)","en_AG":"Englesch (Antigua a Barbuda)","en_AU":"Englesch (Australien)","en_BS":"Englesch (Bahamas)","en_BB":"Englesch (Barbados)","en_BZ":"Englesch (Belize)","en_BE":"Englesch (Belsch)","en_BM":"Englesch (Bermuda)","en_BW":"Englesch (Botsuana)","en_VG":"Englesch (Britesch Joffereninselen)","en_IO":"Englesch (Britescht Territorium am Indeschen Ozean)","en_CX":"Englesch (Chr\u00ebschtdagsinsel)","en_CK":"Englesch (Cookinselen)","en_DG":"Englesch (Diego Garcia)","en_DM":"Englesch (Dominica)","en_ER":"Englesch (Eritrea)","en_FK":"Englesch (Falklandinselen)","en_FJ":"Englesch (Fidschi)","en_GM":"Englesch (Gambia)","en_GH":"Englesch (Ghana)","en_GI":"Englesch (Gibraltar)","en_GD":"Englesch (Grenada)","en_GB":"Englesch (Groussbritannien)","en_GU":"Englesch (Guam)","en_GG":"Englesch (Guernsey)","en_GY":"Englesch (Guyana)","en_IN":"Englesch (Indien)","en_IE":"Englesch (Irland)","en_IM":"Englesch (Isle of Man)","en_JM":"Englesch (Jamaika)","en_JE":"Englesch (Jersey)","en_KY":"Englesch (Kaimaninselen)","en_CM":"Englesch (Kamerun)","en_CA":"Englesch (Kanada)","en_KE":"Englesch (Kenia)","en_KI":"Englesch (Kiribati)","en_CC":"Englesch (Kokosinselen)","en_LS":"Englesch (Lesotho)","en_LR":"Englesch (Liberia)","en_MG":"Englesch (Madagaskar)","en_MW":"Englesch (Malawi)","en_MY":"Englesch (Malaysia)","en_MT":"Englesch (Malta)","en_MH":"Englesch (Marshallinselen)","en_MU":"Englesch (Mauritius)","en_FM":"Englesch (Mikronesien)","en_MS":"Englesch (Montserrat)","en_NA":"Englesch (Namibia)","en_NR":"Englesch (Nauru)","en_NZ":"Englesch (Neis\u00e9iland)","en_MP":"Englesch (N\u00ebrdlech Marianen)","en_NG":"Englesch (Nigeria)","en_NU":"Englesch (Niue)","en_NF":"Englesch (Norfolkinsel)","en_PK":"Englesch (Pakistan)","en_PW":"Englesch (Palau)","en_PG":"Englesch (Papua-Neiguinea)","en_PH":"Englesch (Philippinnen)","en_PN":"Englesch (Pitcairninselen)","en_PR":"Englesch (Puerto Rico)","en_RW":"Englesch (Ruanda)","en_SB":"Englesch (Salomonen)","en_ZM":"Englesch (Sambia)","en_WS":"Englesch (Samoa)","en_SC":"Englesch (Seychellen)","en_SL":"Englesch (Sierra Leone)","en_ZW":"Englesch (Simbabwe)","en_SG":"Englesch (Singapur)","en_SX":"Englesch (Sint Maarten)","en_HK":"Englesch (Spezialverwaltungszon Hong Kong)","en_MO":"Englesch (Spezialverwaltungszon Macau)","en_SH":"Englesch (St. Helena)","en_KN":"Englesch (St. Kitts an Nevis)","en_LC":"Englesch (St. Lucia)","en_VC":"Englesch (St. Vincent an d\u2019Grenadinnen)","en_ZA":"Englesch (S\u00fcdafrika)","en_SD":"Englesch (Sudan)","en_SS":"Englesch (S\u00fcdsudan)","en_SZ":"Englesch (Swasiland)","en_TZ":"Englesch (Tansania)","en_TK":"Englesch (Tokelau)","en_TO":"Englesch (Tonga)","en_TT":"Englesch (Trinidad an Tobago)","en_TC":"Englesch (Turks- a Caicosinselen)","en_TV":"Englesch (Tuvalu)","en_UG":"Englesch (Uganda)","en_VU":"Englesch (Vanuatu)","en_US":"Englesch (Vereenegt Staate vun Amerika)","eo":"Esperanto","et":"Estnesch","et_EE":"Estnesch (Estland)","ee":"Ewe-Sprooch","ee_GH":"Ewe-Sprooch (Ghana)","ee_TG":"Ewe-Sprooch (Togo)","fo":"F\u00e4r\u00f6esch","fo_FO":"F\u00e4r\u00f6esch (F\u00e4r\u00f6er)","fi":"Finnesch","fi_FI":"Finnesch (Finnland)","fr":"Frans\u00e9isch","fr_DZ":"Frans\u00e9isch (Algerien)","fr_BE":"Frans\u00e9isch (Belsch)","fr_BJ":"Frans\u00e9isch (Benin)","fr_BF":"Frans\u00e9isch (Burkina Faso)","fr_BI":"Frans\u00e9isch (Burundi)","fr_DJ":"Frans\u00e9isch (Dschibuti)","fr_CI":"Frans\u00e9isch (Elfebeek\u00fcst)","fr_GQ":"Frans\u00e9isch (Equatorialguinea)","fr_FR":"Frans\u00e9isch (Frankr\u00e4ich)","fr_PF":"Frans\u00e9isch (Frans\u00e9isch-Polynesien)","fr_GA":"Frans\u00e9isch (Gabun)","fr_GP":"Frans\u00e9isch (Guadeloupe)","fr_GF":"Frans\u00e9isch (Guayane)","fr_GN":"Frans\u00e9isch (Guinea)","fr_HT":"Frans\u00e9isch (Haiti)","fr_CM":"Frans\u00e9isch (Kamerun)","fr_CA":"Frans\u00e9isch (Kanada)","fr_KM":"Frans\u00e9isch (Komoren)","fr_CG":"Frans\u00e9isch (Kongo-Brazzaville)","fr_CD":"Frans\u00e9isch (Kongo-Kinshasa)","fr_LU":"Frans\u00e9isch (L\u00ebtzebuerg)","fr_MG":"Frans\u00e9isch (Madagaskar)","fr_ML":"Frans\u00e9isch (Mali)","fr_MA":"Frans\u00e9isch (Marokko)","fr_MQ":"Frans\u00e9isch (Martinique)","fr_MR":"Frans\u00e9isch (Mauretanien)","fr_MU":"Frans\u00e9isch (Mauritius)","fr_YT":"Frans\u00e9isch (Mayotte)","fr_MC":"Frans\u00e9isch (Monaco)","fr_NC":"Frans\u00e9isch (Neikaledonien)","fr_NE":"Frans\u00e9isch (Niger)","fr_RE":"Frans\u00e9isch (R\u00e9union)","fr_RW":"Frans\u00e9isch (Ruanda)","fr_BL":"Frans\u00e9isch (Saint-Barth\u00e9lemy)","fr_CH":"Frans\u00e9isch (Schw\u00e4iz)","fr_SN":"Frans\u00e9isch (Senegal)","fr_SC":"Frans\u00e9isch (Seychellen)","fr_MF":"Frans\u00e9isch (St. Martin)","fr_PM":"Frans\u00e9isch (St. Pierre a Miquelon)","fr_SY":"Frans\u00e9isch (Syrien)","fr_TG":"Frans\u00e9isch (Togo)","fr_TD":"Frans\u00e9isch (Tschad)","fr_TN":"Frans\u00e9isch (Tunesien)","fr_VU":"Frans\u00e9isch (Vanuatu)","fr_WF":"Frans\u00e9isch (Wallis a Futuna)","fr_CF":"Frans\u00e9isch (Zentralafrikanesch Republik)","ff":"Ful","ff_GN":"Ful (Guinea)","ff_CM":"Ful (Kamerun)","ff_MR":"Ful (Mauretanien)","ff_SN":"Ful (Senegal)","gl":"Galizesch","gl_ES":"Galizesch (Spanien)","lg":"Ganda-Sprooch","lg_UG":"Ganda-Sprooch (Uganda)","ka":"Georgesch","ka_GE":"Georgesch (Georgien)","el":"Griichesch","el_GR":"Griichesch (Griicheland)","el_CY":"Griichesch (Zypern)","kl":"Gr\u00f6nl\u00e4nnesch","kl_GL":"Gr\u00f6nl\u00e4nnesch (Gr\u00f6nland)","gu":"Gujarati","gu_IN":"Gujarati (Indien)","ha":"Hausa","ha_GH":"Hausa (Ghana)","ha_Latn_GH":"Hausa (Lat\u00e9ngesch, Ghana)","ha_Latn_NE":"Hausa (Lat\u00e9ngesch, Niger)","ha_Latn_NG":"Hausa (Lat\u00e9ngesch, Nigeria)","ha_Latn":"Hausa (Lat\u00e9ngesch)","ha_NE":"Hausa (Niger)","ha_NG":"Hausa (Nigeria)","he":"Hebr\u00e4esch","he_IL":"Hebr\u00e4esch (Israel)","hi":"Hindi","hi_IN":"Hindi (Indien)","nl":"Holl\u00e4nnesch","nl_AW":"Holl\u00e4nnesch (Aruba)","nl_BE":"Holl\u00e4nnesch (Belsch)","nl_CW":"Holl\u00e4nnesch (Cura\u00e7ao)","nl_NL":"Holl\u00e4nnesch (Holland)","nl_BQ":"Holl\u00e4nnesch (Karibescht Holland)","nl_SX":"Holl\u00e4nnesch (Sint Maarten)","nl_SR":"Holl\u00e4nnesch (Suriname)","ig":"Igbo-Sprooch","ig_NG":"Igbo-Sprooch (Nigeria)","id":"Indonesesch","id_ID":"Indonesesch (Indonesien)","ga":"Iresch","ga_IE":"Iresch (Irland)","is":"Isl\u00e4nnesch","is_IS":"Isl\u00e4nnesch (Island)","it":"Italienesch","it_IT":"Italienesch (Italien)","it_SM":"Italienesch (San Marino)","it_CH":"Italienesch (Schw\u00e4iz)","ja":"Japanesch","ja_JP":"Japanesch (Japan)","yi":"Jiddesch","km":"Kambodschanesch","km_KH":"Kambodschanesch (Kambodscha)","kn":"Kannada","kn_IN":"Kannada (Indien)","kk":"Kasachesch","kk_KZ":"Kasachesch (Kasachstan)","kk_Cyrl_KZ":"Kasachesch (Kyrillesch, Kasachstan)","kk_Cyrl":"Kasachesch (Kyrillesch)","ks":"Kaschmiresch","ks_Arab_IN":"Kaschmiresch (Arabesch, Indien)","ks_Arab":"Kaschmiresch (Arabesch)","ks_IN":"Kaschmiresch (Indien)","ca":"Katalanesch","ca_AD":"Katalanesch (Andorra)","ca_FR":"Katalanesch (Frankr\u00e4ich)","ca_IT":"Katalanesch (Italien)","ca_ES":"Katalanesch (Spanien)","ki":"Kikuyu-Sprooch","ki_KE":"Kikuyu-Sprooch (Kenia)","ky":"Kirgisesch","ky_KG":"Kirgisesch (Kirgisistan)","ky_Cyrl_KG":"Kirgisesch (Kyrillesch, Kirgisistan)","ky_Cyrl":"Kirgisesch (Kyrillesch)","ko":"Koreanesch","ko_KP":"Koreanesch (Nordkorea)","ko_KR":"Koreanesch (S\u00fcdkorea)","kw":"Kornesch","kw_GB":"Kornesch (Groussbritannien)","hr":"Kroatesch","hr_BA":"Kroatesch (Bosnien an Herzegowina)","hr_HR":"Kroatesch (Kroatien)","lo":"Laotesch","lo_LA":"Laotesch (Laos)","lv":"Lettesch","lv_LV":"Lettesch (Lettland)","lb":"L\u00ebtzebuergesch","lb_LU":"L\u00ebtzebuergesch (L\u00ebtzebuerg)","ln":"Lingala","ln_AO":"Lingala (Angola)","ln_CG":"Lingala (Kongo-Brazzaville)","ln_CD":"Lingala (Kongo-Kinshasa)","ln_CF":"Lingala (Zentralafrikanesch Republik)","lt":"Litauesch","lt_LT":"Litauesch (Litauen)","lu":"Luba-Katanga","lu_CD":"Luba-Katanga (Kongo-Kinshasa)","mg":"Malagassi-Sprooch","mg_MG":"Malagassi-Sprooch (Madagaskar)","ms":"Malaiesch","ms_BN":"Malaiesch (Brunei)","ms_Latn_BN":"Malaiesch (Lat\u00e9ngesch, Brunei)","ms_Latn_MY":"Malaiesch (Lat\u00e9ngesch, Malaysia)","ms_Latn_SG":"Malaiesch (Lat\u00e9ngesch, Singapur)","ms_Latn":"Malaiesch (Lat\u00e9ngesch)","ms_MY":"Malaiesch (Malaysia)","ms_SG":"Malaiesch (Singapur)","ml":"Malayalam","ml_IN":"Malayalam (Indien)","mt":"Maltesesch","mt_MT":"Maltesesch (Malta)","gv":"Manx","gv_IM":"Manx (Isle of Man)","mr":"Marathi","mr_IN":"Marathi (Indien)","mk":"Mazedonesch","mk_MK":"Mazedonesch (Mazedonien)","mn":"Mongolesch","mn_Cyrl_MN":"Mongolesch (Kyrillesch, Mongolei)","mn_Cyrl":"Mongolesch (Kyrillesch)","mn_MN":"Mongolesch (Mongolei)","ne":"Nepalesesch","ne_IN":"Nepalesesch (Indien)","ne_NP":"Nepalesesch (Nepal)","nd":"Nord-Ndebele-Sprooch","nd_ZW":"Nord-Ndebele-Sprooch (Simbabwe)","se":"Nordsamesch","se_FI":"Nordsamesch (Finnland)","se_NO":"Nordsamesch (Norwegen)","se_SE":"Nordsamesch (Schweden)","no":"Norwegesch","no_NO":"Norwegesch (Norwegen)","nb":"Norwegesch Bokm\u00e5l","nb_NO":"Norwegesch Bokm\u00e5l (Norwegen)","nb_SJ":"Norwegesch Bokm\u00e5l (Svalbard a Jan Mayen)","nn":"Norwegesch Nynorsk","nn_NO":"Norwegesch Nynorsk (Norwegen)","or":"Orija","or_IN":"Orija (Indien)","om":"Oromo","om_ET":"Oromo (Ethiopien)","om_KE":"Oromo (Kenia)","os":"Ossetesch","os_GE":"Ossetesch (Georgien)","os_RU":"Ossetesch (Russland)","pa":"Pandschabesch","pa_Arab_PK":"Pandschabesch (Arabesch, Pakistan)","pa_Arab":"Pandschabesch (Arabesch)","pa_Guru_IN":"Pandschabesch (Gurmukhi, Indien)","pa_Guru":"Pandschabesch (Gurmukhi)","pa_IN":"Pandschabesch (Indien)","pa_PK":"Pandschabesch (Pakistan)","ps":"Paschtu","ps_AF":"Paschtu (Afghanistan)","fa":"Persesch","fa_AF":"Persesch (Afghanistan)","fa_IR":"Persesch (Iran)","pl":"Polnesch","pl_PL":"Polnesch (Polen)","pt":"Portugisesch","pt_AO":"Portugisesch (Angola)","pt_BR":"Portugisesch (Brasilien)","pt_GW":"Portugisesch (Guinea-Bissau)","pt_CV":"Portugisesch (Kap Verde)","pt_MZ":"Portugisesch (Mosambik)","pt_TL":"Portugisesch (Osttimor)","pt_PT":"Portugisesch (Portugal)","pt_ST":"Portugisesch (S\u00e3o Tom\u00e9 a Pr\u00edncipe)","pt_MO":"Portugisesch (Spezialverwaltungszon Macau)","qu":"Quechua","qu_BO":"Quechua (Bolivien)","qu_EC":"Quechua (Ecuador)","qu_PE":"Quechua (Peru)","rm":"R\u00e4toromanesch","rm_CH":"R\u00e4toromanesch (Schw\u00e4iz)","rw":"Ruandesch","rw_RW":"Ruandesch (Ruanda)","ro":"Rum\u00e4nesch","ro_MD":"Rum\u00e4nesch (Moldawien)","ro_RO":"Rum\u00e4nesch (Rum\u00e4nien)","rn":"Rundi-Sprooch","rn_BI":"Rundi-Sprooch (Burundi)","ru":"Russesch","ru_KZ":"Russesch (Kasachstan)","ru_KG":"Russesch (Kirgisistan)","ru_MD":"Russesch (Moldawien)","ru_RU":"Russesch (Russland)","ru_UA":"Russesch (Ukrain)","ru_BY":"Russesch (W\u00e4issrussland)","sg":"Sango","sg_CF":"Sango (Zentralafrikanesch Republik)","gd":"Schottescht G\u00e4llesch","gd_GB":"Schottescht G\u00e4llesch (Groussbritannien)","sv":"Schwedesch","sv_AX":"Schwedesch (\u00c5landinselen)","sv_FI":"Schwedesch (Finnland)","sv_SE":"Schwedesch (Schweden)","sr":"Serbesch","sr_BA":"Serbesch (Bosnien an Herzegowina)","sr_XK":"Serbesch (Kosovo)","sr_Cyrl_BA":"Serbesch (Kyrillesch, Bosnien an Herzegowina)","sr_Cyrl_XK":"Serbesch (Kyrillesch, Kosovo)","sr_Cyrl_ME":"Serbesch (Kyrillesch, Montenegro)","sr_Cyrl_RS":"Serbesch (Kyrillesch, Serbien)","sr_Cyrl":"Serbesch (Kyrillesch)","sr_Latn_BA":"Serbesch (Lat\u00e9ngesch, Bosnien an Herzegowina)","sr_Latn_XK":"Serbesch (Lat\u00e9ngesch, Kosovo)","sr_Latn_ME":"Serbesch (Lat\u00e9ngesch, Montenegro)","sr_Latn_RS":"Serbesch (Lat\u00e9ngesch, Serbien)","sr_Latn":"Serbesch (Lat\u00e9ngesch)","sr_ME":"Serbesch (Montenegro)","sr_RS":"Serbesch (Serbien)","sh":"Serbo-Kroatesch","sh_BA":"Serbo-Kroatesch (Bosnien an Herzegowina)","sn":"Shona","sn_ZW":"Shona (Simbabwe)","ii":"Sichuan Yi","ii_CN":"Sichuan Yi (China)","si":"Singhalesesch","si_LK":"Singhalesesch (Sri Lanka)","sk":"Slowakesch","sk_SK":"Slowakesch (Slowakei)","sl":"Slowenesch","sl_SI":"Slowenesch (Slowenien)","so":"Somali","so_DJ":"Somali (Dschibuti)","so_ET":"Somali (Ethiopien)","so_KE":"Somali (Kenia)","so_SO":"Somali (Somalia)","es":"Spuenesch","es_AR":"Spuenesch (Argentinien)","es_BO":"Spuenesch (Bolivien)","es_EA":"Spuenesch (Ceuta a Melilla)","es_CL":"Spuenesch (Chile)","es_CR":"Spuenesch (Costa Rica)","es_DO":"Spuenesch (Dominikanesch Republik)","es_EC":"Spuenesch (Ecuador)","es_SV":"Spuenesch (El Salvador)","es_GQ":"Spuenesch (Equatorialguinea)","es_GT":"Spuenesch (Guatemala)","es_HN":"Spuenesch (Honduras)","es_IC":"Spuenesch (Kanaresch Inselen)","es_CO":"Spuenesch (Kolumbien)","es_CU":"Spuenesch (Kuba)","es_MX":"Spuenesch (Mexiko)","es_NI":"Spuenesch (Nicaragua)","es_PA":"Spuenesch (Panama)","es_PY":"Spuenesch (Paraguay)","es_PE":"Spuenesch (Peru)","es_PH":"Spuenesch (Philippinnen)","es_PR":"Spuenesch (Puerto Rico)","es_ES":"Spuenesch (Spanien)","es_UY":"Spuenesch (Uruguay)","es_VE":"Spuenesch (Venezuela)","es_US":"Spuenesch (Vereenegt Staate vun Amerika)","sw":"Suaheli","sw_KE":"Suaheli (Kenia)","sw_TZ":"Suaheli (Tansania)","sw_UG":"Suaheli (Uganda)","ta":"Tamilesch","ta_IN":"Tamilesch (Indien)","ta_MY":"Tamilesch (Malaysia)","ta_SG":"Tamilesch (Singapur)","ta_LK":"Tamilesch (Sri Lanka)","te":"Telugu","te_IN":"Telugu (Indien)","th":"Thail\u00e4nnesch","th_TH":"Thail\u00e4nnesch (Thailand)","bo":"Tibetesch","bo_CN":"Tibetesch (China)","bo_IN":"Tibetesch (Indien)","tr":"Tierkesch","tr_TR":"Tierkesch (Tierkei)","tr_CY":"Tierkesch (Zypern)","ti":"Tigrinja","ti_ER":"Tigrinja (Eritrea)","ti_ET":"Tigrinja (Ethiopien)","to":"Tongaesch","to_TO":"Tongaesch (Tonga)","cs":"Tschechesch","cs_CZ":"Tschechesch (Tschechien)","ug":"Uiguresch","ug_Arab_CN":"Uiguresch (Arabesch, China)","ug_Arab":"Uiguresch (Arabesch)","ug_CN":"Uiguresch (China)","uk":"Ukrainesch","uk_UA":"Ukrainesch (Ukrain)","hu":"Ungaresch","hu_HU":"Ungaresch (Ungarn)","ur":"Urdu","ur_IN":"Urdu (Indien)","ur_PK":"Urdu (Pakistan)","uz":"Usbekesch","uz_AF":"Usbekesch (Afghanistan)","uz_Arab_AF":"Usbekesch (Arabesch, Afghanistan)","uz_Arab":"Usbekesch (Arabesch)","uz_Cyrl_UZ":"Usbekesch (Kyrillesch, Usbekistan)","uz_Cyrl":"Usbekesch (Kyrillesch)","uz_Latn_UZ":"Usbekesch (Lat\u00e9ngesch, Usbekistan)","uz_Latn":"Usbekesch (Lat\u00e9ngesch)","uz_UZ":"Usbekesch (Usbekistan)","vi":"Vietnamesesch","vi_VN":"Vietnamesesch (Vietnam)","be":"W\u00e4issrussesch","be_BY":"W\u00e4issrussesch (W\u00e4issrussland)","cy":"Walisesch","cy_GB":"Walisesch (Groussbritannien)","fy":"Westfriesesch","fy_NL":"Westfriesesch (Holland)","yo":"Yoruba","yo_BJ":"Yoruba (Benin)","yo_NG":"Yoruba (Nigeria)","zu":"Zulu","zu_ZA":"Zulu (S\u00fcdafrika)"}