{"af":"Afrikaans","af_NA":"Afrikaans (Namibia)","af_ZA":"Afrikaans (South Africa)","sq":"Albanian","sq_AL":"Albanian (Albania)","sq_XK":"Albanian (Kosovo)","sq_MK":"Albanian (Macedonia)","ar_SS":"Arabic (South Sudan)","ar_EH":"Arabic (Western Sahara)","hy":"Armenian","hy_AM":"Armenian (Armenia)","as":"Assamese","as_IN":"Assamese (India)","az":"Azerbaijani","az_AZ":"Azerbaijani (Azerbaijan)","az_Cyrl_AZ":"Azerbaijani (Cyrillic, Azerbaijan)","az_Cyrl":"Azerbaijani (Cyrillic)","az_Latn_AZ":"Azerbaijani (Latin, Azerbaijan)","az_Latn":"Azerbaijani (Latin)","bm":"Bambara","bm_Latn_ML":"Bambara (Latin, Mali)","bm_Latn":"Bambara (Latin)","eu":"Basque","eu_ES":"Basque (Spain)","bs":"Bosnian","bs_BA":"Bosnian (Bosnia & Herzegovina)","bs_Cyrl_BA":"Bosnian (Cyrillic, Bosnia & Herzegovina)","bs_Cyrl":"Bosnian (Cyrillic)","bs_Latn_BA":"Bosnian (Latin, Bosnia & Herzegovina)","bs_Latn":"Bosnian (Latin)","br":"Breton","br_FR":"Breton (France)","ca":"Catalan","ca_AD":"Catalan (Andorra)","ca_FR":"Catalan (France)","ca_IT":"Catalan (Italy)","ca_ES":"Catalan (Spain)","zh_HK":"Chinese (Hong Kong SAR China)","zh_MO":"Chinese (Macau SAR China)","zh_Hans_CN":"Chinese (Simplified, China)","zh_Hans_HK":"Chinese (Simplified, Hong Kong SAR China)","zh_Hans_MO":"Chinese (Simplified, Macau SAR China)","zh_Hans_SG":"Chinese (Simplified, Singapore)","zh_Hans":"Chinese (Simplified)","zh_Hant_HK":"Chinese (Traditional, Hong Kong SAR China)","zh_Hant_MO":"Chinese (Traditional, Macau SAR China)","zh_Hant_TW":"Chinese (Traditional, Taiwan)","zh_Hant":"Chinese (Traditional)","kw":"Cornish","kw_GB":"Cornish (United Kingdom)","hr":"Croatian","hr_BA":"Croatian (Bosnia & Herzegovina)","hr_HR":"Croatian (Croatia)","da":"Danish","da_DK":"Danish (Denmark)","da_GL":"Danish (Greenland)","nl_BQ":"Dutch (Caribbean Netherlands)","nl_CW":"Dutch (Cura\u00e7ao)","nl_SX":"Dutch (Sint Maarten)","dz":"Dzongkha","dz_BT":"Dzongkha (Bhutan)","en_CX":"English (Christmas Island)","en_CC":"English (Cocos (Keeling) Islands)","en_DG":"English (Diego Garcia)","en_GG":"English (Guernsey)","en_HK":"English (Hong Kong SAR China)","en_IM":"English (Isle of Man)","en_JE":"English (Jersey)","en_MO":"English (Macau SAR China)","en_SX":"English (Sint Maarten)","en_SS":"English (South Sudan)","en_UM":"English (U.S. Outlying Islands)","eo":"Esperanto","et":"Estonian","et_EE":"Estonian (Estonia)","ee":"Ewe","ee_GH":"Ewe (Ghana)","ee_TG":"Ewe (Togo)","fo":"Faroese","fo_FO":"Faroese (Faroe Islands)","fi":"Finnish","fi_FI":"Finnish (Finland)","fr_BL":"French (St. Barth\u00e9lemy)","fr_MF":"French (St. Martin)","ff":"Fulah","ff_CM":"Fulah (Cameroon)","ff_GN":"Fulah (Guinea)","ff_MR":"Fulah (Mauritania)","ff_SN":"Fulah (Senegal)","gl":"Galician","gl_ES":"Galician (Spain)","ka":"Georgian","ka_GE":"Georgian (Georgia)","gu":"Gujarati","gu_IN":"Gujarati (India)","ha_Latn_GH":"Hausa (Latin, Ghana)","ha_Latn_NE":"Hausa (Latin, Niger)","ha_Latn_NG":"Hausa (Latin, Nigeria)","ha_Latn":"Hausa (Latin)","he":"Hebrew","he_IL":"Hebrew (Israel)","is":"Icelandic","is_IS":"Icelandic (Iceland)","ga":"Irish","ga_IE":"Irish (Ireland)","kl":"Kalaallisut","kl_GL":"Kalaallisut (Greenland)","kn":"Kannada","kn_IN":"Kannada (India)","ks":"Kashmiri","ks_Arab_IN":"Kashmiri (Arabic, India)","ks_Arab":"Kashmiri (Arabic)","ks_IN":"Kashmiri (India)","kk":"Kazakh","kk_Cyrl_KZ":"Kazakh (Cyrillic, Kazakhstan)","kk_Cyrl":"Kazakh (Cyrillic)","kk_KZ":"Kazakh (Kazakhstan)","ki":"Kikuyu","ki_KE":"Kikuyu (Kenya)","ky":"Kyrgyz","ky_Cyrl_KG":"Kyrgyz (Cyrillic, Kyrgyzstan)","ky_Cyrl":"Kyrgyz (Cyrillic)","ky_KG":"Kyrgyz (Kyrgyzstan)","lo":"Lao","lo_LA":"Lao (Laos)","lv":"Latvian","lv_LV":"Latvian (Latvia)","ln":"Lingala","ln_AO":"Lingala (Angola)","ln_CF":"Lingala (Central African Republic)","ln_CG":"Lingala (Congo - Brazzaville)","ln_CD":"Lingala (Congo - Kinshasa)","lt":"Lithuanian","lt_LT":"Lithuanian (Lithuania)","ak":"Lu-akaani","ak_GH":"Lu-akaani (Gana)","am":"Lu-amhariki","am_ET":"Lu-amhariki (Esyopya)","ur":"Lu-urudu","ur_IN":"Lu-urudu (Buyindi)","ur_PK":"Lu-urudu (Pakisitaani)","lu":"Luba-Katanga","lu_CD":"Luba-Katanga (Congo - Kinshasa)","my":"Lubbama","my_MM":"Lubbama (Myanima)","be":"Lubelarusi","be_BY":"Lubelarusi (Belarusi)","bn":"Lubengali","bn_BD":"Lubengali (Bangaladesi)","bn_IN":"Lubengali (Buyindi)","bg":"Lubulugariya","bg_BG":"Lubulugariya (Bulugariya)","zh":"Lucayina","zh_CN":"Lucayina (Cayina)","zh_SG":"Lucayina (Singapowa)","zh_TW":"Lucayina (Tayiwani)","cs":"Luceeke","cs_CZ":"Luceeke (Lipubulika ya Ceeka)","de":"Ludaaki","de_AT":"Ludaaki (Awusituriya)","de_BE":"Ludaaki (Bubirigi)","de_DE":"Ludaaki (Budaaki)","de_LI":"Ludaaki (Licitensitayini)","de_LU":"Ludaaki (Lukisembaaga)","de_CH":"Ludaaki (Switizirandi)","fr":"Lufalansa","fr_DZ":"Lufalansa (Aligerya)","fr_BJ":"Lufalansa (Benini)","fr_KM":"Lufalansa (Bizinga by\u2019eKomoro)","fr_BE":"Lufalansa (Bubirigi)","fr_FR":"Lufalansa (Bufalansa)","fr_BF":"Lufalansa (Burukina Faso)","fr_BI":"Lufalansa (Burundi)","fr_TD":"Lufalansa (Caadi)","fr_GA":"Lufalansa (Gaboni)","fr_GQ":"Lufalansa (Gayana ey\u2019oku ekweta)","fr_GN":"Lufalansa (Gini)","fr_GF":"Lufalansa (Guyana enfalansa)","fr_GP":"Lufalansa (Gwadalupe)","fr_HT":"Lufalansa (Hayiti)","fr_DJ":"Lufalansa (Jjibuti)","fr_NC":"Lufalansa (Kaledonya mupya)","fr_CM":"Lufalansa (Kameruuni)","fr_CA":"Lufalansa (Kanada)","fr_CD":"Lufalansa (Kongo - Zayire)","fr_CG":"Lufalansa (Kongo)","fr_CI":"Lufalansa (Kote Divwa)","fr_RE":"Lufalansa (Leyunyoni)","fr_CF":"Lufalansa (Lipubulika eya Senturafiriki)","fr_LU":"Lufalansa (Lukisembaaga)","fr_MG":"Lufalansa (Madagasika)","fr_ML":"Lufalansa (Mali)","fr_MQ":"Lufalansa (Maritiniiki)","fr_MU":"Lufalansa (Mawulisyasi)","fr_MR":"Lufalansa (Mawulitenya)","fr_YT":"Lufalansa (Mayotte)","fr_MC":"Lufalansa (Monako)","fr_MA":"Lufalansa (Moroko)","fr_NE":"Lufalansa (Nije)","fr_PF":"Lufalansa (Polinesiya enfalansa)","fr_RW":"Lufalansa (Rwanda)","fr_SN":"Lufalansa (Senegaalo)","fr_PM":"Lufalansa (Senti Piyere ne Mikeloni)","fr_SC":"Lufalansa (Sesere)","fr_SY":"Lufalansa (Siriya)","fr_CH":"Lufalansa (Switizirandi)","fr_TG":"Lufalansa (Togo)","fr_TN":"Lufalansa (Tunisya)","fr_VU":"Lufalansa (Vanawuwatu)","fr_WF":"Lufalansa (Walisi ne Futuna)","lg":"Luganda","lg_UG":"Luganda (Yuganda)","el":"Lugereeki\/Luyonaani","el_GR":"Lugereeki\/Luyonaani (Bugereeki\/Buyonaani)","el_CY":"Lugereeki\/Luyonaani (Sipuriya)","hu":"Luhangare","hu_HU":"Luhangare (Hangare)","ha":"Luhawuza","ha_GH":"Luhawuza (Gana)","ha_NG":"Luhawuza (Nayijerya)","ha_NE":"Luhawuza (Nije)","hi":"Luhindu","hi_IN":"Luhindu (Buyindi)","nl":"Luholandi","nl_AW":"Luholandi (Aruba)","nl_BE":"Luholandi (Bubirigi)","nl_NL":"Luholandi (Holandi)","nl_SR":"Luholandi (Surinaamu)","ja":"Lujapani","ja_JP":"Lujapani (Japani)","km":"Lukme","km_KH":"Lukme (Kambodya)","ko":"Lukoreya","ko_KP":"Lukoreya (Koreya ey\u2019omumambuka)","ko_KR":"Lukoreya (Koreya ey\u2019omumaserengeta)","ru":"Lulasa","ru_BY":"Lulasa (Belarusi)","ru_KZ":"Lulasa (Kazakisitaani)","ru_KG":"Lulasa (Kirigizisitaani)","ru_RU":"Lulasa (Lasa)","ru_MD":"Lulasa (Molodova)","ru_UA":"Lulasa (Yukurayine)","ro":"Lulomaniya","ro_RO":"Lulomaniya (Lomaniya)","ro_MD":"Lulomaniya (Molodova)","ms":"Lumalayi","ms_BN":"Lumalayi (Burunayi)","ms_MY":"Lumalayi (Malezya)","ms_SG":"Lumalayi (Singapowa)","rw":"Lunarwanda","rw_RW":"Lunarwanda (Rwanda)","ne":"Lunepali","ne_IN":"Lunepali (Buyindi)","ne_NP":"Lunepali (Nepalo)","en":"Lungereza","en_US":"Lungereza (Amerika)","en_AI":"Lungereza (Angwila)","en_AG":"Lungereza (Antigwa ne Barabuda)","en_AU":"Lungereza (Awusitureliya)","en_IE":"Lungereza (Ayalandi)","en_BS":"Lungereza (Bahamasi)","en_BB":"Lungereza (Barabadosi)","en_BZ":"Lungereza (Belize)","en_BM":"Lungereza (Beremuda)","en_SB":"Lungereza (Bizanga by\u2019eSolomooni)","en_IO":"Lungereza (Bizinga by\u2019eCago)","en_FK":"Lungereza (Bizinga by\u2019eFalikalandi)","en_TC":"Lungereza (Bizinga by\u2019eTaaka ne Kayikosi)","en_PH":"Lungereza (Bizinga bya Firipino)","en_CK":"Lungereza (Bizinga bya Kkuki)","en_MH":"Lungereza (Bizinga bya Mariso)","en_MP":"Lungereza (Bizinga bya Mariyana eby\u2019omumambuka)","en_VI":"Lungereza (Bizinga bya Virigini eby\u2019Amerika)","en_KY":"Lungereza (Bizinga ebya Kayimaani)","en_VG":"Lungereza (Bizinga ebya Virigini ebitwalibwa Bungereza)","en_BW":"Lungereza (Botiswana)","en_BE":"Lungereza (Bubirigi)","en_GB":"Lungereza (Bungereza)","en_IN":"Lungereza (Buyindi)","en_DM":"Lungereza (Dominika)","en_ER":"Lungereza (Eritureya)","en_FJ":"Lungereza (Fiji)","en_GM":"Lungereza (Gambya)","en_GH":"Lungereza (Gana)","en_GY":"Lungereza (Gayana)","en_GI":"Lungereza (Giburalita)","en_GD":"Lungereza (Gurenada)","en_GU":"Lungereza (Gwamu)","en_JM":"Lungereza (Jamayika)","en_CM":"Lungereza (Kameruuni)","en_CA":"Lungereza (Kanada)","en_KE":"Lungereza (Kenya)","en_KI":"Lungereza (Kiribati)","en_NF":"Lungereza (Kizinga ky\u2019eNorofoko)","en_LS":"Lungereza (Lesoso)","en_LR":"Lungereza (Liberya)","en_MG":"Lungereza (Madagasika)","en_MW":"Lungereza (Malawi)","en_MY":"Lungereza (Malezya)","en_MT":"Lungereza (Malita)","en_MU":"Lungereza (Mawulisyasi)","en_FM":"Lungereza (Mikuronezya)","en_MS":"Lungereza (Monteseraati)","en_NA":"Lungereza (Namibiya)","en_NR":"Lungereza (Nawuru)","en_NG":"Lungereza (Nayijerya)","en_NU":"Lungereza (Niyuwe)","en_NZ":"Lungereza (Niyuziirandi)","en_PK":"Lungereza (Pakisitaani)","en_PW":"Lungereza (Palawu)","en_PG":"Lungereza (Papwa Nyugini)","en_PN":"Lungereza (Pitikeeni)","en_PR":"Lungereza (Potoriko)","en_RW":"Lungereza (Rwanda)","en_AS":"Lungereza (Samowa omumerika)","en_WS":"Lungereza (Samowa)","en_ZA":"Lungereza (Sawusafirika)","en_SH":"Lungereza (Senti Herena)","en_KN":"Lungereza (Senti Kitisi ne Nevisi)","en_LC":"Lungereza (Senti Luciya)","en_VC":"Lungereza (Senti Vinsenti ne Gurendadiini)","en_SC":"Lungereza (Sesere)","en_SG":"Lungereza (Singapowa)","en_SL":"Lungereza (Siyeralewone)","en_SD":"Lungereza (Sudaani)","en_SZ":"Lungereza (Swazirandi)","en_TZ":"Lungereza (Tanzaniya)","en_TK":"Lungereza (Tokelawu)","en_TO":"Lungereza (Tonga)","en_TT":"Lungereza (Turindaadi ne Tobago)","en_TV":"Lungereza (Tuvalu)","en_VU":"Lungereza (Vanawuwatu)","en_UG":"Lungereza (Yuganda)","en_ZM":"Lungereza (Zambya)","en_ZW":"Lungereza (Zimbabwe)","fa":"Luperusi","fa_AF":"Luperusi (Afaganisitani)","fa_IR":"Luperusi (Yiraani)","pl":"Lupolandi","pl_PL":"Lupolandi (Polandi)","pt":"Lupotugiizi","pt_AO":"Lupotugiizi (Angola)","pt_CV":"Lupotugiizi (Bizinga by\u2019e Kepu Veredi)","pt_BR":"Lupotugiizi (Buraziiri)","pt_GW":"Lupotugiizi (Gini-Bisawu)","pt_MZ":"Lupotugiizi (Mozambiiki)","pt_PT":"Lupotugiizi (Potugaali)","pt_ST":"Lupotugiizi (Sanitome ne Purincipe)","pt_TL":"Lupotugiizi (Timowa)","pa":"Lupunjabi","pa_IN":"Lupunjabi (Buyindi)","pa_PK":"Lupunjabi (Pakisitaani)","es":"Lusipanya","es_US":"Lusipanya (Amerika)","es_AR":"Lusipanya (Arigentina)","es_PH":"Lusipanya (Bizinga bya Firipino)","es_BO":"Lusipanya (Boliviya)","es_CL":"Lusipanya (Cile)","es_CU":"Lusipanya (Cuba)","es_EC":"Lusipanya (Ekwado)","es_SV":"Lusipanya (El salivado)","es_GQ":"Lusipanya (Gayana ey\u2019oku ekweta)","es_GT":"Lusipanya (Gwatemala)","es_HN":"Lusipanya (Hundurasi)","es_CO":"Lusipanya (Kolombya)","es_CR":"Lusipanya (Kosita Rika)","es_DO":"Lusipanya (Lipubulika ya Dominika)","es_MX":"Lusipanya (Mekisiko)","es_NI":"Lusipanya (Nikaraguwa)","es_PA":"Lusipanya (Panama)","es_PY":"Lusipanya (Paragwayi)","es_PE":"Lusipanya (Peru)","es_PR":"Lusipanya (Potoriko)","es_ES":"Lusipanya (Sipeyini)","es_VE":"Lusipanya (Venzwera)","es_UY":"Lusipanya (Wurugwayi)","so":"Lusomaliya","so_ET":"Lusomaliya (Esyopya)","so_DJ":"Lusomaliya (Jjibuti)","so_KE":"Lusomaliya (Kenya)","so_SO":"Lusomaliya (Somaliya)","sv":"Luswideni","sv_FI":"Luswideni (Finilandi)","sv_SE":"Luswideni (Swideni)","tr":"Lutake","tr_CY":"Lutake (Sipuriya)","tr_TR":"Lutake (Ttake)","ta":"Lutamiiru","ta_IN":"Lutamiiru (Buyindi)","ta_MY":"Lutamiiru (Malezya)","ta_SG":"Lutamiiru (Singapowa)","ta_LK":"Lutamiiru (Sirilanka)","th":"Luttaayi","th_TH":"Luttaayi (Tayirandi)","vi":"Luvyetinaamu","vi_VN":"Luvyetinaamu (Vyetinaamu)","ar":"Luwarabu","ar_DZ":"Luwarabu (Aligerya)","ar_BH":"Luwarabu (Baareeni)","ar_KM":"Luwarabu (Bizinga by\u2019eKomoro)","ar_TD":"Luwarabu (Caadi)","ar_AE":"Luwarabu (Emireeti)","ar_ER":"Luwarabu (Eritureya)","ar_DJ":"Luwarabu (Jjibuti)","ar_QA":"Luwarabu (Kataa)","ar_KW":"Luwarabu (Kuweti)","ar_LB":"Luwarabu (Lebanoni)","ar_LY":"Luwarabu (Libya)","ar_MR":"Luwarabu (Mawulitenya)","ar_EG":"Luwarabu (Misiri)","ar_MA":"Luwarabu (Moroko)","ar_OM":"Luwarabu (Omaani)","ar_PS":"Luwarabu (Palesitayini)","ar_SA":"Luwarabu (Sawudarebya - Buwarabu)","ar_SY":"Luwarabu (Siriya)","ar_SO":"Luwarabu (Somaliya)","ar_SD":"Luwarabu (Sudaani)","ar_TN":"Luwarabu (Tunisya)","ar_YE":"Luwarabu (Yemeni)","ar_IQ":"Luwarabu (Yiraaka)","ar_IL":"Luwarabu (Yisirayeri)","ar_JO":"Luwarabu (Yorodani)","lb":"Luxembourgish","lb_LU":"Luxembourgish (Luxembourg)","ig":"Luyibo","ig_NG":"Luyibo (Nayijerya)","id":"Luyindonezya","id_ID":"Luyindonezya (Yindonezya)","it":"Luyitale","it_SM":"Luyitale (Sanimarino)","it_CH":"Luyitale (Switizirandi)","it_IT":"Luyitale (Yitale)","yo":"Luyoruba","yo_BJ":"Luyoruba (Benini)","yo_NG":"Luyoruba (Nayijerya)","uk":"Luyukurayine","uk_UA":"Luyukurayine (Yukurayine)","zu":"Luzzulu","zu_ZA":"Luzzulu (Sawusafirika)","mk":"Macedonian","mk_MK":"Macedonian (Macedonia)","mg":"Malagasy","mg_MG":"Malagasy (Madagascar)","ms_Latn_BN":"Malay (Latin, Brunei)","ms_Latn_MY":"Malay (Latin, Malaysia)","ms_Latn_SG":"Malay (Latin, Singapore)","ms_Latn":"Malay (Latin)","ml":"Malayalam","ml_IN":"Malayalam (India)","mt":"Maltese","mt_MT":"Maltese (Malta)","gv":"Manx","gv_IM":"Manx (Isle of Man)","mr":"Marathi","mr_IN":"Marathi (India)","mn":"Mongolian","mn_Cyrl_MN":"Mongolian (Cyrillic, Mongolia)","mn_Cyrl":"Mongolian (Cyrillic)","mn_MN":"Mongolian (Mongolia)","nd":"North Ndebele","nd_ZW":"North Ndebele (Zimbabwe)","se":"Northern Sami","se_FI":"Northern Sami (Finland)","se_NO":"Northern Sami (Norway)","se_SE":"Northern Sami (Sweden)","no":"Norwegian","no_NO":"Norwegian (Norway)","nb":"Norwegian Bokm\u00e5l","nb_NO":"Norwegian Bokm\u00e5l (Norway)","nb_SJ":"Norwegian Bokm\u00e5l (Svalbard & Jan Mayen)","nn":"Norwegian Nynorsk","nn_NO":"Norwegian Nynorsk (Norway)","or":"Oriya","or_IN":"Oriya (India)","om":"Oromo","om_ET":"Oromo (Ethiopia)","om_KE":"Oromo (Kenya)","os":"Ossetic","os_GE":"Ossetic (Georgia)","os_RU":"Ossetic (Russia)","ps":"Pashto","ps_AF":"Pashto (Afghanistan)","pt_MO":"Portuguese (Macau SAR China)","pa_Arab_PK":"Punjabi (Arabic, Pakistan)","pa_Arab":"Punjabi (Arabic)","pa_Guru_IN":"Punjabi (Gurmukhi, India)","pa_Guru":"Punjabi (Gurmukhi)","qu":"Quechua","qu_BO":"Quechua (Bolivia)","qu_EC":"Quechua (Ecuador)","qu_PE":"Quechua (Peru)","rm":"Romansh","rm_CH":"Romansh (Switzerland)","rn":"Rundi","rn_BI":"Rundi (Burundi)","sg":"Sango","sg_CF":"Sango (Central African Republic)","gd":"Scottish Gaelic","gd_GB":"Scottish Gaelic (United Kingdom)","sr":"Serbian","sr_BA":"Serbian (Bosnia & Herzegovina)","sr_Cyrl_BA":"Serbian (Cyrillic, Bosnia & Herzegovina)","sr_Cyrl_XK":"Serbian (Cyrillic, Kosovo)","sr_Cyrl_ME":"Serbian (Cyrillic, Montenegro)","sr_Cyrl_RS":"Serbian (Cyrillic, Serbia)","sr_Cyrl":"Serbian (Cyrillic)","sr_XK":"Serbian (Kosovo)","sr_Latn_BA":"Serbian (Latin, Bosnia & Herzegovina)","sr_Latn_XK":"Serbian (Latin, Kosovo)","sr_Latn_ME":"Serbian (Latin, Montenegro)","sr_Latn_RS":"Serbian (Latin, Serbia)","sr_Latn":"Serbian (Latin)","sr_ME":"Serbian (Montenegro)","sr_RS":"Serbian (Serbia)","sh":"Serbo-Croatian","sh_BA":"Serbo-Croatian (Bosnia & Herzegovina)","sn":"Shona","sn_ZW":"Shona (Zimbabwe)","ii":"Sichuan Yi","ii_CN":"Sichuan Yi (China)","si":"Sinhala","si_LK":"Sinhala (Sri Lanka)","sk":"Slovak","sk_SK":"Slovak (Slovakia)","sl":"Slovenian","sl_SI":"Slovenian (Slovenia)","es_IC":"Spanish (Canary Islands)","es_EA":"Spanish (Ceuta & Melilla)","sw":"Swahili","sw_KE":"Swahili (Kenya)","sw_TZ":"Swahili (Tanzania)","sw_UG":"Swahili (Uganda)","sv_AX":"Swedish (\u00c5land Islands)","tl":"Tagalog","tl_PH":"Tagalog (Philippines)","te":"Telugu","te_IN":"Telugu (India)","bo":"Tibetan","bo_CN":"Tibetan (China)","bo_IN":"Tibetan (India)","ti":"Tigrinya","ti_ER":"Tigrinya (Eritrea)","ti_ET":"Tigrinya (Ethiopia)","to":"Tongan","to_TO":"Tongan (Tonga)","ug":"Uyghur","ug_Arab_CN":"Uyghur (Arabic, China)","ug_Arab":"Uyghur (Arabic)","ug_CN":"Uyghur (China)","uz":"Uzbek","uz_AF":"Uzbek (Afghanistan)","uz_Arab_AF":"Uzbek (Arabic, Afghanistan)","uz_Arab":"Uzbek (Arabic)","uz_Cyrl_UZ":"Uzbek (Cyrillic, Uzbekistan)","uz_Cyrl":"Uzbek (Cyrillic)","uz_Latn_UZ":"Uzbek (Latin, Uzbekistan)","uz_Latn":"Uzbek (Latin)","uz_UZ":"Uzbek (Uzbekistan)","cy":"Welsh","cy_GB":"Welsh (United Kingdom)","fy":"Western Frisian","fy_NL":"Western Frisian (Netherlands)","yi":"Yiddish"}