{"af":"Afrikaans","af_NA":"Afrikaans (Namibia)","af_ZA":"Afrikaans (South Africa)","ak":"akan","ak_GH":"akan (Gana)","sq":"Albanian","sq_AL":"Albanian (Albania)","sq_XK":"Albanian (Kosovo)","sq_MK":"Albanian (Macedonia)","ar_SS":"Arabic (South Sudan)","ar_EH":"Arabic (Western Sahara)","hy":"Armenian","hy_AM":"Armenian (Armenia)","as":"Assamese","as_IN":"Assamese (India)","az":"Azerbaijani","az_AZ":"Azerbaijani (Azerbaijan)","az_Cyrl_AZ":"Azerbaijani (Cyrillic, Azerbaijan)","az_Cyrl":"Azerbaijani (Cyrillic)","az_Latn_AZ":"Azerbaijani (Latin, Azerbaijan)","az_Latn":"Azerbaijani (Latin)","bm":"Bambara","bm_Latn_ML":"Bambara (Latin, Mali)","bm_Latn":"Bambara (Latin)","eu":"Basque","eu_ES":"Basque (Spain)","bs":"Bosnian","bs_BA":"Bosnian (Bosnia & Herzegovina)","bs_Cyrl_BA":"Bosnian (Cyrillic, Bosnia & Herzegovina)","bs_Cyrl":"Bosnian (Cyrillic)","bs_Latn_BA":"Bosnian (Latin, Bosnia & Herzegovina)","bs_Latn":"Bosnian (Latin)","br":"Breton","br_FR":"Breton (France)","ca":"Catalan","ca_AD":"Catalan (Andorra)","ca_FR":"Catalan (France)","ca_IT":"Catalan (Italy)","ca_ES":"Catalan (Spain)","zh_HK":"Chinese (Hong Kong SAR China)","zh_MO":"Chinese (Macau SAR China)","zh_Hans_CN":"Chinese (Simplified, China)","zh_Hans_HK":"Chinese (Simplified, Hong Kong SAR China)","zh_Hans_MO":"Chinese (Simplified, Macau SAR China)","zh_Hans_SG":"Chinese (Simplified, Singapore)","zh_Hans":"Chinese (Simplified)","zh_Hant_HK":"Chinese (Traditional, Hong Kong SAR China)","zh_Hant_MO":"Chinese (Traditional, Macau SAR China)","zh_Hant_TW":"Chinese (Traditional, Taiwan)","zh_Hant":"Chinese (Traditional)","kw":"Cornish","kw_GB":"Cornish (United Kingdom)","hr":"Croatian","hr_BA":"Croatian (Bosnia & Herzegovina)","hr_HR":"Croatian (Croatia)","da":"Danish","da_DK":"Danish (Denmark)","da_GL":"Danish (Greenland)","nl_BQ":"Dutch (Caribbean Netherlands)","nl_CW":"Dutch (Cura\u00e7ao)","nl_SX":"Dutch (Sint Maarten)","dz":"Dzongkha","dz_BT":"Dzongkha (Bhutan)","en_CX":"English (Christmas Island)","en_CC":"English (Cocos (Keeling) Islands)","en_DG":"English (Diego Garcia)","en_HK":"English (Hong Kong SAR China)","en_IM":"English (Isle of Man)","en_JE":"English (Jersey)","en_MO":"English (Macau SAR China)","en_SX":"English (Sint Maarten)","en_SS":"English (South Sudan)","en_UM":"English (U.S. Outlying Islands)","eo":"Esperanto","et":"Estonian","et_EE":"Estonian (Estonia)","ee":"Ewe","ee_GH":"Ewe (Ghana)","ee_TG":"Ewe (Togo)","fo":"Faroese","fo_FO":"Faroese (Faroe Islands)","fi":"Finnish","fi_FI":"Finnish (Finland)","fr_BL":"French (St. Barth\u00e9lemy)","fr_MF":"French (St. Martin)","ff":"Fulah","ff_CM":"Fulah (Cameroon)","ff_GN":"Fulah (Guinea)","ff_MR":"Fulah (Mauritania)","ff_SN":"Fulah (Senegal)","gl":"Galician","gl_ES":"Galician (Spain)","lg":"Ganda","lg_UG":"Ganda (Uganda)","ka":"Georgian","ka_GE":"Georgian (Georgia)","gu":"Gujarati","gu_IN":"Gujarati (India)","ha":"hausa","ha_GH":"hausa (Gana)","ha_Latn_GH":"Hausa (Latin, Ghana)","ha_Latn_NE":"Hausa (Latin, Niger)","ha_Latn_NG":"Hausa (Latin, Nigeria)","ha_Latn":"Hausa (Latin)","ha_NG":"hausa (Nizerya)","ha_NE":"hausa (Niz\u025br\u025b)","he":"Hebrew","he_IL":"Hebrew (Israel)","is":"Icelandic","is_IS":"Icelandic (Iceland)","ig":"igbo","ig_NG":"igbo (Nizerya)","ga":"Irish","ga_IE":"Irish (Ireland)","kl":"Kalaallisut","kl_GL":"Kalaallisut (Greenland)","kn":"Kannada","kn_IN":"Kannada (India)","ks":"Kashmiri","ks_Arab_IN":"Kashmiri (Arabic, India)","ks_Arab":"Kashmiri (Arabic)","ks_IN":"Kashmiri (India)","kk":"Kazakh","kk_Cyrl_KZ":"Kazakh (Cyrillic, Kazakhstan)","kk_Cyrl":"Kazakh (Cyrillic)","kk_KZ":"Kazakh (Kazakhstan)","ki":"Kikuyu","ki_KE":"Kikuyu (Kenya)","rw":"kinyarwanda","rw_RW":"kinyarwanda (Rwanda)","ky":"Kyrgyz","ky_Cyrl_KG":"Kyrgyz (Cyrillic, Kyrgyzstan)","ky_Cyrl":"Kyrgyz (Cyrillic)","ky_KG":"Kyrgyz (Kyrgyzstan)","lo":"Lao","lo_LA":"Lao (Laos)","lv":"Latvian","lv_LV":"Latvian (Latvia)","ar":"lialabo","ar_SA":"lialabo (Alabi Sawudit\u025b)","ar_DZ":"lialabo (Aliz\u025bri)","ar_BH":"lialabo (Bahr\u025bn\u025b)","ar_DJ":"lialabo (Dzibuti)","ar_ER":"lialabo (Elitel\u025b)","ar_EG":"lialabo (Ez\u00edpite)","ar_IQ":"lialabo (Iraki)","ar_IL":"lialabo (Isirayel\u025b)","ar_QA":"lialabo (Katari)","ar_KM":"lialabo (Komor\u025b)","ar_KW":"lialabo (Koweti)","ar_AE":"lialabo (L\u025bmila alabo)","ar_LB":"lialabo (Lib\u00e1)","ar_LY":"lialabo (Lib\u00ed)","ar_MA":"lialabo (Marok\u025b)","ar_MR":"lialabo (Moritani)","ar_OM":"lialabo (Om\u00e1n\u025b)","ar_PS":"lialabo (Pal\u025bsine)","ar_SY":"lialabo (Sir\u00ed)","ar_SO":"lialabo (Somali)","ar_SD":"lialabo (Sud\u00e1)","ar_TN":"lialabo (Tinizi)","ar_TD":"lialabo (Ts\u00e1di)","ar_YE":"lialabo (Yem\u025bn\u025b)","ar_JO":"lialabo (Z\u0254dani)","de":"lialem\u00e1","de_DE":"lialem\u00e1 (Alemani)","de_BE":"lialem\u00e1 (Beleziki)","de_LU":"lialem\u00e1 (Likisambulu)","de_LI":"lialem\u00e1 (Lish\u025bteni)","de_AT":"lialem\u00e1 (Otilisi)","de_CH":"lialem\u00e1 (Swis\u025b)","am":"liamariki","am_ET":"liamariki (Ets\u00edopi)","bn":"libengali","bn_BD":"libengali (Bengalid\u025bsi)","bn_IN":"libengali (\u00cdnd\u025b)","bg":"libiligali","bg_BG":"libiligali (Biligari)","my":"libilim\u00e1","my_MM":"libilim\u00e1 (Birmanie)","be":"libyeloris\u00ed","be_BY":"libyeloris\u00ed (Byelorisi)","nl":"lifalam\u00e1","nl_AW":"lifalam\u00e1 (Aruba)","nl_BE":"lifalam\u00e1 (Beleziki)","nl_NL":"lifalam\u00e1 (Oland\u025b)","nl_SR":"lifalam\u00e1 (Surinam\u025b)","fr":"lifalans\u025b\u0301","fr_DZ":"lifalans\u025b\u0301 (Aliz\u025bri)","fr_HT":"lifalans\u025b\u0301 (Ayiti)","fr_BE":"lifalans\u025b\u0301 (Beleziki)","fr_BJ":"lifalans\u025b\u0301 (Ben\u025b)","fr_BF":"lifalans\u025b\u0301 (Bukina Faso)","fr_BI":"lifalans\u025b\u0301 (Burundi)","fr_DJ":"lifalans\u025b\u0301 (Dzibuti)","fr_FR":"lifalans\u025b\u0301 (Fal\u00e1ns\u025b)","fr_GA":"lifalans\u025b\u0301 (Gab\u0254)","fr_GN":"lifalans\u025b\u0301 (Gin\u025b)","fr_GQ":"lifalans\u025b\u0301 (Gin\u025b\u0301kwat\u025b\u0301l\u025b)","fr_GF":"lifalans\u025b\u0301 (Giyan\u025b ya Fal\u00e1ns\u025b)","fr_GP":"lifalans\u025b\u0301 (Gwad\u025blup\u025b)","fr_NC":"lifalans\u025b\u0301 (Kaledoni ya sika)","fr_CM":"lifalans\u025b\u0301 (Kam\u025brune)","fr_CA":"lifalans\u025b\u0301 (Kanada)","fr_KM":"lifalans\u025b\u0301 (Komor\u025b)","fr_CG":"lifalans\u025b\u0301 (Kongo)","fr_CI":"lifalans\u025b\u0301 (Kot\u00eddivual\u025b)","fr_RE":"lifalans\u025b\u0301 (Lenyo)","fr_LU":"lifalans\u025b\u0301 (Likisambulu)","fr_MG":"lifalans\u025b\u0301 (Madagasikari)","fr_ML":"lifalans\u025b\u0301 (Mal\u00ed)","fr_MA":"lifalans\u025b\u0301 (Marok\u025b)","fr_MQ":"lifalans\u025b\u0301 (Martiniki)","fr_YT":"lifalans\u025b\u0301 (Mayot\u025b)","fr_MC":"lifalans\u025b\u0301 (Monako)","fr_MU":"lifalans\u025b\u0301 (Moris\u025b)","fr_MR":"lifalans\u025b\u0301 (Moritani)","fr_NE":"lifalans\u025b\u0301 (Niz\u025br\u025b)","fr_PF":"lifalans\u025b\u0301 (Polinezi ya Fal\u00e1ns\u025b)","fr_CD":"lifalans\u025b\u0301 (Repibiki demokratiki ya Kong\u00f3)","fr_CF":"lifalans\u025b\u0301 (Repibiki ya Afr\u00edka ya K\u00e1ti)","fr_RW":"lifalans\u025b\u0301 (Rwanda)","fr_PM":"lifalans\u025b\u0301 (S\u00e1ntu p\u00e9t\u00e9to mp\u00e9 Mikel\u0254)","fr_SN":"lifalans\u025b\u0301 (Senegal\u025b)","fr_SC":"lifalans\u025b\u0301 (S\u025bsh\u025bl\u025b)","fr_SY":"lifalans\u025b\u0301 (Sir\u00ed)","fr_CH":"lifalans\u025b\u0301 (Swis\u025b)","fr_TN":"lifalans\u025b\u0301 (Tinizi)","fr_TG":"lifalans\u025b\u0301 (Togo)","fr_TD":"lifalans\u025b\u0301 (Ts\u00e1di)","fr_VU":"lifalans\u025b\u0301 (Vanuatu)","fr_WF":"lifalans\u025b\u0301 (Walis\u025b mp\u00e9 Futuna)","el":"ligeleki","el_GR":"ligeleki (Geleki)","el_CY":"ligeleki (S\u00edp\u025bl\u025b)","hi":"lihindi","hi_IN":"lihindi (\u00cdnd\u025b)","km":"likambodza","km_KH":"likambodza (Kambodza)","ko":"likoreya","ko_KP":"likoreya (Kor\u025b ya n\u0254\u0301rdi)","ko_KR":"likoreya (Kor\u025b ya s\u00fadi)","uk":"likr\u025bni","uk_UA":"likr\u025bni (Ikr\u025bni)","ms":"limalezi","ms_BN":"limalezi (Brineyi)","ms_MY":"limalezi (Malezi)","ms_SG":"limalezi (Singapur\u025b)","id":"lindonezi","id_ID":"lindonezi (Indonezi)","ne":"linepal\u025b","ne_IN":"linepal\u025b (\u00cdnd\u025b)","ne_NP":"linepal\u025b (Nep\u00e1l\u025b)","ln":"ling\u00e1la","ln_AO":"ling\u00e1la (Ang\u00f3la)","ln_CG":"ling\u00e1la (Kongo)","ln_CD":"ling\u00e1la (Repibiki demokratiki ya Kong\u00f3)","ln_CF":"ling\u00e1la (Repibiki ya Afr\u00edka ya K\u00e1ti)","en":"ling\u025bl\u025b\u0301sa","en_ZA":"ling\u025bl\u025b\u0301sa (Afr\u00edka ya S\u00fadi)","en_US":"ling\u025bl\u025b\u0301sa (Ameriki)","en_GB":"ling\u025bl\u025b\u0301sa (Ang\u025bl\u025bt\u025b\u0301l\u025b)","en_AI":"ling\u025bl\u025b\u0301sa (Angiy\u025b)","en_AG":"ling\u025bl\u025b\u0301sa (Antiga mp\u00e9 Barbuda)","en_BS":"ling\u025bl\u025b\u0301sa (Bahamas\u025b)","en_BB":"ling\u025bl\u025b\u0301sa (Bar\u025bbad\u025b)","en_BE":"ling\u025bl\u025b\u0301sa (Beleziki)","en_BZ":"ling\u025bl\u025b\u0301sa (Beliz\u025b)","en_BM":"ling\u025bl\u025b\u0301sa (Bermuda)","en_KY":"ling\u025bl\u025b\u0301sa (Bisanga bya Kay\u00edma)","en_CK":"ling\u025bl\u025b\u0301sa (Bisanga bya Kook\u025b)","en_FK":"ling\u025bl\u025b\u0301sa (Bisanga bya Maluni)","en_MP":"ling\u025bl\u025b\u0301sa (Bisanga bya Marian\u025b ya n\u0254\u0301rdi)","en_MH":"ling\u025bl\u025b\u0301sa (Bisanga bya Marishal\u025b)","en_TC":"ling\u025bl\u025b\u0301sa (Bisanga bya Turki mp\u00e9 Kaiko)","en_VI":"ling\u025bl\u025b\u0301sa (Bisanga bya Vierzi ya Ameriki)","en_VG":"ling\u025bl\u025b\u0301sa (Bisanga bya Vierzi ya Ang\u025bl\u025bt\u025b\u0301l\u025b)","en_SB":"ling\u025bl\u025b\u0301sa (Bisanga Solom\u0254)","en_BW":"ling\u025bl\u025b\u0301sa (Botswana)","en_DM":"ling\u025bl\u025b\u0301sa (Dom\u00ednike)","en_ER":"ling\u025bl\u025b\u0301sa (Elitel\u025b)","en_NF":"ling\u025bl\u025b\u0301sa (Esanga Norfok\u025b)","en_FJ":"ling\u025bl\u025b\u0301sa (Fidzi)","en_PH":"ling\u025bl\u025b\u0301sa (Filipin\u025b)","en_GM":"ling\u025bl\u025b\u0301sa (Gambi)","en_GH":"ling\u025bl\u025b\u0301sa (Gana)","en_GD":"ling\u025bl\u025b\u0301sa (Gelenad\u025b)","en_GY":"ling\u025bl\u025b\u0301sa (Giyane)","en_GG":"ling\u025bl\u025b\u0301sa (Guernesey)","en_GU":"ling\u025bl\u025b\u0301sa (Gwam\u025b)","en_IN":"ling\u025bl\u025b\u0301sa (\u00cdnd\u025b)","en_IE":"ling\u025bl\u025b\u0301sa (Ireland\u025b)","en_CM":"ling\u025bl\u025b\u0301sa (Kam\u025brune)","en_CA":"ling\u025bl\u025b\u0301sa (Kanada)","en_KE":"ling\u025bl\u025b\u0301sa (Kenya)","en_KI":"ling\u025bl\u025b\u0301sa (Kiribati)","en_LS":"ling\u025bl\u025b\u0301sa (Lesoto)","en_LR":"ling\u025bl\u025b\u0301sa (Lib\u00e9riya)","en_IO":"ling\u025bl\u025b\u0301sa (Mabel\u00e9 ya Ang\u025bl\u025bt\u025b\u0301l\u025b na mb\u00fa ya Indiya)","en_MG":"ling\u025bl\u025b\u0301sa (Madagasikari)","en_MW":"ling\u025bl\u025b\u0301sa (Malawi)","en_MY":"ling\u025bl\u025b\u0301sa (Malezi)","en_MT":"ling\u025bl\u025b\u0301sa (Malit\u025b)","en_FM":"ling\u025bl\u025b\u0301sa (Mikronezi)","en_MU":"ling\u025bl\u025b\u0301sa (Moris\u025b)","en_MS":"ling\u025bl\u025b\u0301sa (M\u0254sera)","en_NA":"ling\u025bl\u025b\u0301sa (Namibi)","en_NR":"ling\u025bl\u025b\u0301sa (Nauru)","en_NG":"ling\u025bl\u025b\u0301sa (Nizerya)","en_NU":"ling\u025bl\u025b\u0301sa (Nyu\u00e9)","en_AU":"ling\u025bl\u025b\u0301sa (Osit\u00e1li)","en_PK":"ling\u025bl\u025b\u0301sa (Pakisit\u00e1)","en_PW":"ling\u025bl\u025b\u0301sa (Palau)","en_PG":"ling\u025bl\u025b\u0301sa (Papwazi Gin\u025b ya sika)","en_PN":"ling\u025bl\u025b\u0301sa (Pikairni)","en_PR":"ling\u025bl\u025b\u0301sa (P\u0254toriko)","en_RW":"ling\u025bl\u025b\u0301sa (Rwanda)","en_AS":"ling\u025bl\u025b\u0301sa (Samoa ya Ameriki)","en_WS":"ling\u025bl\u025b\u0301sa (Samoa)","en_SH":"ling\u025bl\u025b\u0301sa (S\u00e1ntu eleni)","en_KN":"ling\u025bl\u025b\u0301sa (S\u00e1ntu kr\u00edstofe mp\u00e9 Nev\u025b\u0300s)","en_LC":"ling\u025bl\u025b\u0301sa (S\u00e1ntu lisi)","en_VC":"ling\u025bl\u025b\u0301sa (S\u00e1ntu ves\u00e1 mp\u00e9 Gelenadin\u025b)","en_SC":"ling\u025bl\u025b\u0301sa (S\u025bsh\u025bl\u025b)","en_SL":"ling\u025bl\u025b\u0301sa (Siera Leon\u025b)","en_SG":"ling\u025bl\u025b\u0301sa (Singapur\u025b)","en_SD":"ling\u025bl\u025b\u0301sa (Sud\u00e1)","en_SZ":"ling\u025bl\u025b\u0301sa (Swazilandi)","en_TZ":"ling\u025bl\u025b\u0301sa (Tanzani)","en_TT":"ling\u025bl\u025b\u0301sa (Tinidad\u025b mp\u00e9 Tobago)","en_TK":"ling\u025bl\u025b\u0301sa (Tokelau)","en_TO":"ling\u025bl\u025b\u0301sa (Tonga)","en_TV":"ling\u025bl\u025b\u0301sa (Tuvalu)","en_UG":"ling\u025bl\u025b\u0301sa (Uganda)","en_VU":"ling\u025bl\u025b\u0301sa (Vanuatu)","en_JM":"ling\u025bl\u025b\u0301sa (Zamaiki)","en_ZM":"ling\u025bl\u025b\u0301sa (Zambi)","en_NZ":"ling\u025bl\u025b\u0301sa (Zeland\u025b ya sika)","en_GI":"ling\u025bl\u025b\u0301sa (Zibatal\u025b)","en_ZW":"ling\u025bl\u025b\u0301sa (Zimbabwe)","hu":"liongili","hu_HU":"liongili (Ongili)","fa":"lipel\u00e9san\u025b","fa_AF":"lipel\u00e9san\u025b (Afiganisit\u00e1)","fa_IR":"lipel\u00e9san\u025b (Ir\u00e2)","pa":"lipendzabi","pa_IN":"lipendzabi (\u00cdnd\u025b)","pa_PK":"lipendzabi (Pakisit\u00e1)","pl":"lipolon\u025b","pl_PL":"lipolon\u025b (Poloni)","pt":"lipulutug\u025b\u0301si","pt_AO":"lipulutug\u025b\u0301si (Ang\u00f3la)","pt_CV":"lipulutug\u025b\u0301si (Bisanga bya Kapev\u025br\u025b)","pt_BR":"lipulutug\u025b\u0301si (Brez\u00edl\u025b)","pt_GW":"lipulutug\u025b\u0301si (Gin\u025bbisau)","pt_MZ":"lipulutug\u025b\u0301si (Mozamb\u00edki)","pt_PT":"lipulutug\u025b\u0301si (Put\u00falug\u025bsi)","pt_ST":"lipulutug\u025b\u0301si (Sao Tom\u00e9 mp\u00e9 Presip\u025b)","pt_TL":"lipulutug\u025b\u0301si (Timor\u025b ya Moni\u025bl\u025b)","ru":"liris\u00ed","ru_BY":"liris\u00ed (Byelorisi)","ru_UA":"liris\u00ed (Ikr\u025bni)","ru_KZ":"liris\u00ed (Kazakisit\u00e1)","ru_KG":"liris\u00ed (Kigizisit\u00e1)","ru_MD":"liris\u00ed (Molidavi)","ru_RU":"liris\u00ed (Ris\u00ed)","ro":"liromani","ro_MD":"liromani (Molidavi)","ro_RO":"liromani (Romani)","zh":"lisinwa","zh_CN":"lisinwa (Sin\u025b)","zh_SG":"lisinwa (Singapur\u025b)","zh_TW":"lisinwa (Taiwanin)","es":"lisipanye","es_US":"lisipanye (Ameriki)","es_AR":"lisipanye (Arizantin\u025b)","es_BO":"lisipanye (Bolivi)","es_EC":"lisipanye (Ekwat\u025b\u0301l\u025b)","es_ES":"lisipanye (Esipanye)","es_PH":"lisipanye (Filipin\u025b)","es_GQ":"lisipanye (Gin\u025b\u0301kwat\u025b\u0301l\u025b)","es_GT":"lisipanye (Gwat\u00e9mala)","es_UY":"lisipanye (Irigwei)","es_CU":"lisipanye (Kiba)","es_CO":"lisipanye (Kolombi)","es_CR":"lisipanye (Kositarika)","es_MX":"lisipanye (Meksike)","es_NI":"lisipanye (Nikaragwa)","es_HN":"lisipanye (Onduras\u025b)","es_PY":"lisipanye (Palagwei)","es_PA":"lisipanye (Panama)","es_PE":"lisipanye (P\u00e9ru)","es_PR":"lisipanye (P\u0254toriko)","es_DO":"lisipanye (Repibiki ya Dom\u00ednik\u025b)","es_SV":"lisipanye (Savad\u0254r\u025b)","es_CL":"lisipanye (S\u00edli)","es_VE":"lisipanye (Ven\u00e9zuela)","so":"lisomali","so_DJ":"lisomali (Dzibuti)","so_ET":"lisomali (Ets\u00edopi)","so_KE":"lisomali (Kenya)","so_SO":"lisomali (Somali)","sv":"lisuwed\u025b","sv_FI":"lisuwed\u025b (Filand\u025b)","sv_SE":"lisuwed\u025b (Sw\u00e9d\u025b)","it":"litaliano","it_IT":"litaliano (Itali)","it_SM":"litaliano (S\u00e1ntu Marin\u025b)","it_CH":"litaliano (Swis\u025b)","ta":"litamuli","ta_IN":"litamuli (\u00cdnd\u025b)","ta_MY":"litamuli (Malezi)","ta_SG":"litamuli (Singapur\u025b)","ta_LK":"litamuli (Sirilanka)","th":"litaye","th_TH":"litaye (Tailand\u025b)","lt":"Lithuanian","lt_LT":"Lithuanian (Lithuania)","tr":"litiliki","tr_CY":"litiliki (S\u00edp\u025bl\u025b)","tr_TR":"litiliki (Tiliki)","cs":"litshek\u025b","cs_CZ":"litshek\u025b (Repibiki Tsek\u025b)","ur":"liurdu","ur_IN":"liurdu (\u00cdnd\u025b)","ur_PK":"liurdu (Pakisit\u00e1)","vi":"liviyetin\u00e1mi","vi_VN":"liviyetin\u00e1mi (Viyetinam\u025b)","ja":"lizap\u0254","ja_JP":"lizap\u0254 (Zap\u0254)","lu":"Luba-Katanga","lu_CD":"Luba-Katanga (Congo - Kinshasa)","lb":"Luxembourgish","lb_LU":"Luxembourgish (Luxembourg)","mk":"Macedonian","mk_MK":"Macedonian (Macedonia)","mg":"Malagasy","mg_MG":"Malagasy (Madagascar)","ms_Latn_BN":"Malay (Latin, Brunei)","ms_Latn_MY":"Malay (Latin, Malaysia)","ms_Latn_SG":"Malay (Latin, Singapore)","ms_Latn":"Malay (Latin)","ml":"Malayalam","ml_IN":"Malayalam (India)","mt":"Maltese","mt_MT":"Maltese (Malta)","gv":"Manx","gv_IM":"Manx (Isle of Man)","mr":"Marathi","mr_IN":"Marathi (India)","mn":"Mongolian","mn_Cyrl_MN":"Mongolian (Cyrillic, Mongolia)","mn_Cyrl":"Mongolian (Cyrillic)","mn_MN":"Mongolian (Mongolia)","nd":"North Ndebele","nd_ZW":"North Ndebele (Zimbabwe)","se":"Northern Sami","se_FI":"Northern Sami (Finland)","se_NO":"Northern Sami (Norway)","se_SE":"Northern Sami (Sweden)","no":"Norwegian","no_NO":"Norwegian (Norway)","nb":"Norwegian Bokm\u00e5l","nb_NO":"Norwegian Bokm\u00e5l (Norway)","nb_SJ":"Norwegian Bokm\u00e5l (Svalbard & Jan Mayen)","nn":"Norwegian Nynorsk","nn_NO":"Norwegian Nynorsk (Norway)","or":"Oriya","or_IN":"Oriya (India)","om":"Oromo","om_ET":"Oromo (Ethiopia)","om_KE":"Oromo (Kenya)","os":"Ossetic","os_GE":"Ossetic (Georgia)","os_RU":"Ossetic (Russia)","ps":"Pashto","ps_AF":"Pashto (Afghanistan)","pt_MO":"Portuguese (Macau SAR China)","pa_Arab_PK":"Punjabi (Arabic, Pakistan)","pa_Arab":"Punjabi (Arabic)","pa_Guru_IN":"Punjabi (Gurmukhi, India)","pa_Guru":"Punjabi (Gurmukhi)","qu":"Quechua","qu_BO":"Quechua (Bolivia)","qu_EC":"Quechua (Ecuador)","qu_PE":"Quechua (Peru)","rm":"Romansh","rm_CH":"Romansh (Switzerland)","rn":"Rundi","rn_BI":"Rundi (Burundi)","sg":"Sango","sg_CF":"Sango (Central African Republic)","gd":"Scottish Gaelic","gd_GB":"Scottish Gaelic (United Kingdom)","sr":"Serbian","sr_BA":"Serbian (Bosnia & Herzegovina)","sr_Cyrl_BA":"Serbian (Cyrillic, Bosnia & Herzegovina)","sr_Cyrl_XK":"Serbian (Cyrillic, Kosovo)","sr_Cyrl_ME":"Serbian (Cyrillic, Montenegro)","sr_Cyrl_RS":"Serbian (Cyrillic, Serbia)","sr_Cyrl":"Serbian (Cyrillic)","sr_XK":"Serbian (Kosovo)","sr_Latn_BA":"Serbian (Latin, Bosnia & Herzegovina)","sr_Latn_XK":"Serbian (Latin, Kosovo)","sr_Latn_ME":"Serbian (Latin, Montenegro)","sr_Latn_RS":"Serbian (Latin, Serbia)","sr_Latn":"Serbian (Latin)","sr_ME":"Serbian (Montenegro)","sr_RS":"Serbian (Serbia)","sh":"Serbo-Croatian","sh_BA":"Serbo-Croatian (Bosnia & Herzegovina)","sn":"Shona","sn_ZW":"Shona (Zimbabwe)","ii":"Sichuan Yi","ii_CN":"Sichuan Yi (China)","si":"Sinhala","si_LK":"Sinhala (Sri Lanka)","sk":"Slovak","sk_SK":"Slovak (Slovakia)","sl":"Slovenian","sl_SI":"Slovenian (Slovenia)","es_IC":"Spanish (Canary Islands)","es_EA":"Spanish (Ceuta & Melilla)","sw":"Swahili","sw_KE":"Swahili (Kenya)","sw_TZ":"Swahili (Tanzania)","sw_UG":"Swahili (Uganda)","sv_AX":"Swedish (\u00c5land Islands)","tl":"Tagalog","tl_PH":"Tagalog (Philippines)","te":"Telugu","te_IN":"Telugu (India)","bo":"Tibetan","bo_CN":"Tibetan (China)","bo_IN":"Tibetan (India)","ti":"Tigrinya","ti_ER":"Tigrinya (Eritrea)","ti_ET":"Tigrinya (Ethiopia)","to":"Tongan","to_TO":"Tongan (Tonga)","ug":"Uyghur","ug_Arab_CN":"Uyghur (Arabic, China)","ug_Arab":"Uyghur (Arabic)","ug_CN":"Uyghur (China)","uz":"Uzbek","uz_AF":"Uzbek (Afghanistan)","uz_Arab_AF":"Uzbek (Arabic, Afghanistan)","uz_Arab":"Uzbek (Arabic)","uz_Cyrl_UZ":"Uzbek (Cyrillic, Uzbekistan)","uz_Cyrl":"Uzbek (Cyrillic)","uz_Latn_UZ":"Uzbek (Latin, Uzbekistan)","uz_Latn":"Uzbek (Latin)","uz_UZ":"Uzbek (Uzbekistan)","cy":"Welsh","cy_GB":"Welsh (United Kingdom)","fy":"Western Frisian","fy_NL":"Western Frisian (Netherlands)","yi":"Yiddish","yo":"yoruba","yo_BJ":"yoruba (Ben\u025b)","yo_NG":"yoruba (Nizerya)","zu":"zulu","zu_ZA":"zulu (Afr\u00edka ya S\u00fadi)"}