{"el":"\u0e81\u0ea3\u0eb5\u0e81","el_GR":"\u0e81\u0ea3\u0eb5\u0e81 (\u0e81\u0ea3\u0eb5\u0e8a)","el_CY":"\u0e81\u0ea3\u0eb5\u0e81 (\u0ec4\u0e8a\u0e9b\u0ea3\u0eb1\u0eaa)","kl":"\u0e81\u0ea3\u0eb5\u0e99\u0ec1\u0ea5\u0e99\u0ea5\u0eb4\u0e94","kl_GL":"\u0e81\u0ea3\u0eb5\u0e99\u0ec1\u0ea5\u0e99\u0ea5\u0eb4\u0e94 (\u0e81\u0ea3\u0eb5\u0e99\u0ec1\u0ea5\u0e99)","gl":"\u0e81\u0eb2\u0ea5\u0eb4\u0e8a\u0ebd\u0e99","gl_ES":"\u0e81\u0eb2\u0ea5\u0eb4\u0e8a\u0ebd\u0e99 (\u0eaa\u0eb0\u0ec0\u0e9b\u0e99)","gu":"\u0e81\u0eb9\u0e88\u0eb2\u0ea3\u0eb2\u0e95\u0eb4","gu_IN":"\u0e81\u0eb9\u0e88\u0eb2\u0ea3\u0eb2\u0e95\u0eb4 (\u0ead\u0eb4\u0e99\u0ec0\u0e94\u0e8d)","ky":"\u0ec0\u0e81\u0e8d\u0e81\u0eb5\u0eaa","ky_KG":"\u0ec0\u0e81\u0e8d\u0e81\u0eb5\u0eaa (\u0e84\u0eb5\u0e81\u0eb4\u0eaa\u0e96\u0eb2\u0e99)","ky_Cyrl_KG":"\u0ec0\u0e81\u0e8d\u0e81\u0eb5\u0eaa (\u0e8a\u0eb5\u0ea3\u0eb4\u0ea7\u0ea5\u0eb4\u0e81, \u0e84\u0eb5\u0e81\u0eb4\u0eaa\u0e96\u0eb2\u0e99)","ky_Cyrl":"\u0ec0\u0e81\u0e8d\u0e81\u0eb5\u0eaa (\u0e8a\u0eb5\u0ea3\u0eb4\u0ea7\u0ea5\u0eb4\u0e81)","ko":"\u0ec0\u0e81\u0ebb\u0eb2\u0eab\u0ea5\u0eb5","ko_KR":"\u0ec0\u0e81\u0ebb\u0eb2\u0eab\u0ea5\u0eb5 (\u0ec0\u0e81\u0ebb\u0eb2\u0eab\u0ea5\u0eb5\u0ec3\u0e95\u0ec9)","ko_KP":"\u0ec0\u0e81\u0ebb\u0eb2\u0eab\u0ea5\u0eb5 (\u0ec0\u0e81\u0ebb\u0eb2\u0eab\u0ea5\u0eb5\u0ec0\u0edc\u0eb7\u0ead)","lg":"\u0ec1\u0e81\u0e99\u0e94\u0eb2","lg_UG":"\u0ec1\u0e81\u0e99\u0e94\u0eb2 (\u0ead\u0eb9\u0e81\u0eb2\u0e99\u0e94\u0eb2)","km":"\u0e82\u0eb0\u0ec0\u0edd\u0e99","km_KH":"\u0e82\u0eb0\u0ec0\u0edd\u0e99 (\u0e81\u0eb3\u0e9b\u0eb9\u0ec0\u0e88\u0e8d)","kw":"\u0e84\u0ecd\u0e99\u0eb4\u0e8a","kw_GB":"\u0e84\u0ecd\u0e99\u0eb4\u0e8a (\u0eaa\u0eb0\u0eab\u0eb0\u0ea5\u0eb2\u0e94\u0e8a\u0eb0\u0ead\u0eb0\u0e99\u0eb2\u0e88\u0eb1\u0e81)","ks":"\u0e84\u0eb1\u0e94\u0e8a\u0eb0\u0ea1\u0eb5\u0ea3\u0eb5","ks_Arab_IN":"\u0e84\u0eb1\u0e94\u0e8a\u0eb0\u0ea1\u0eb5\u0ea3\u0eb5 (\u0ead\u0eb2\u0ea3\u0eb2\u0e9a\u0eb4\u0e81, \u0ead\u0eb4\u0e99\u0ec0\u0e94\u0e8d)","ks_Arab":"\u0e84\u0eb1\u0e94\u0e8a\u0eb0\u0ea1\u0eb5\u0ea3\u0eb5 (\u0ead\u0eb2\u0ea3\u0eb2\u0e9a\u0eb4\u0e81)","ks_IN":"\u0e84\u0eb1\u0e94\u0e8a\u0eb0\u0ea1\u0eb5\u0ea3\u0eb5 (\u0ead\u0eb4\u0e99\u0ec0\u0e94\u0e8d)","kn":"\u0e84\u0eb1\u0e99\u0e99\u0eb2\u0e94\u0eb2","kn_IN":"\u0e84\u0eb1\u0e99\u0e99\u0eb2\u0e94\u0eb2 (\u0ead\u0eb4\u0e99\u0ec0\u0e94\u0e8d)","kk":"\u0e84\u0eb2\u0e8a\u0eb1\u0e81","kk_KZ":"\u0e84\u0eb2\u0e8a\u0eb1\u0e81 (\u0e84\u0eb2\u0e8a\u0eb1\u0e81\u0eaa\u0eb0\u0e96\u0eb2\u0e99)","kk_Cyrl_KZ":"\u0e84\u0eb2\u0e8a\u0eb1\u0e81 (\u0e8a\u0eb5\u0ea3\u0eb4\u0ea7\u0ea5\u0eb4\u0e81, \u0e84\u0eb2\u0e8a\u0eb1\u0e81\u0eaa\u0eb0\u0e96\u0eb2\u0e99)","kk_Cyrl":"\u0e84\u0eb2\u0e8a\u0eb1\u0e81 (\u0e8a\u0eb5\u0ea3\u0eb4\u0ea7\u0ea5\u0eb4\u0e81)","ca":"\u0e84\u0eb2\u0e95\u0eb2\u0ea5\u0eb2\u0e99","ca_ES":"\u0e84\u0eb2\u0e95\u0eb2\u0ea5\u0eb2\u0e99 (\u0eaa\u0eb0\u0ec0\u0e9b\u0e99)","ca_FR":"\u0e84\u0eb2\u0e95\u0eb2\u0ea5\u0eb2\u0e99 (\u0e9d\u0ea3\u0eb1\u0ec8\u0e87)","ca_AD":"\u0e84\u0eb2\u0e95\u0eb2\u0ea5\u0eb2\u0e99 (\u0ead\u0eb1\u0e99\u0e94\u0ecd\u0ea3\u0eb2)","ca_IT":"\u0e84\u0eb2\u0e95\u0eb2\u0ea5\u0eb2\u0e99 (\u0ead\u0eb4\u0e95\u0eb2\u0ea5\u0eb5)","ki":"\u0e84\u0eb4\u0e84\u0eb9\u0ea2\u0eb8","ki_KE":"\u0e84\u0eb4\u0e84\u0eb9\u0ea2\u0eb8 (\u0ec0\u0e84\u0e99\u0ea2\u0eb2)","rw":"\u0e84\u0eb4\u0e99\u0ea2\u0eb2\u0ea7\u0eb2\u0e99\u0e94\u0eb2","rw_RW":"\u0e84\u0eb4\u0e99\u0ea2\u0eb2\u0ea7\u0eb2\u0e99\u0e94\u0eb2 (\u0ea3\u0ea7\u0eb1\u0e99\u0e94\u0eb2)","qu":"\u0e84\u0eb5\u0e8a\u0ebb\u0ea7","qu_BO":"\u0e84\u0eb5\u0e8a\u0ebb\u0ea7 (\u0ec2\u0e9a\u0ea5\u0eb4\u0ec0\u0ea7\u0e8d)","qu_PE":"\u0e84\u0eb5\u0e8a\u0ebb\u0ea7 (\u0ec0\u0e9b\u0ea3\u0eb9)","qu_EC":"\u0e84\u0eb5\u0e8a\u0ebb\u0ea7 (\u0ec0\u0ead\u0e81\u0e81\u0ea7\u0eb2\u0e94\u0ecd)","hr":"\u0ec2\u0e84\u0ea3\u0ec0\u0ead\u0e97\u0ebd\u0e99","hr_HR":"\u0ec2\u0e84\u0ea3\u0ec0\u0ead\u0e97\u0ebd\u0e99 (\u0ec2\u0e84\u0ea3\u0ec0\u0ead\u0ec0\u0e97\u0e8d)","hr_BA":"\u0ec2\u0e84\u0ea3\u0ec0\u0ead\u0e97\u0ebd\u0e99 (\u0e9a\u0ead\u0e94\u0eaa\u0eb0\u0ec0\u0e99\u0e8d \u0ec1\u0ea5\u0eb0 \u0ec1\u0eae\u0eaa\u0ec2\u0e81\u0ea7\u0eb5\u0e99\u0eb2)","ka":"\u0e88\u0ecd\u0e88\u0ebd\u0e99","ka_GE":"\u0e88\u0ecd\u0e88\u0ebd\u0e99 (\u0e88\u0ecd\u0ec0\u0e88\u0e8d)","zh":"\u0e88\u0eb5\u0e99","zh_CN":"\u0e88\u0eb5\u0e99 (\u0e88\u0eb5\u0e99)","zh_SG":"\u0e88\u0eb5\u0e99 (\u0eaa\u0eb4\u0e87\u0e81\u0eb0\u0ec2\u0e9b)","zh_TW":"\u0e88\u0eb5\u0e99 (\u0ec4\u0e95\u0ec9\u0eab\u0ea7\u0eb1\u0e99)","zh_Hant_TW":"\u0e88\u0eb5\u0e99 (\u0ec1\u0e9a\u0e9a\u0e94\u0eb1\u0ec9\u0e87\u0ec0\u0e94\u0eb5\u0ea1, \u0ec4\u0e95\u0ec9\u0eab\u0ea7\u0eb1\u0e99)","zh_Hant_MO":"\u0e88\u0eb5\u0e99 (\u0ec1\u0e9a\u0e9a\u0e94\u0eb1\u0ec9\u0e87\u0ec0\u0e94\u0eb5\u0ea1, \u0ea1\u0eb2\u0ec0\u0e81\u0ebb\u0ec9\u0eb2 \u0ec0\u0e82\u0e94\u0e9b\u0ebb\u0e81\u0e84\u0ead\u0e87\u0e9e\u0eb4\u0ec0\u0eaa\u0e94 \u0e88\u0eb5\u0e99)","zh_Hant_HK":"\u0e88\u0eb5\u0e99 (\u0ec1\u0e9a\u0e9a\u0e94\u0eb1\u0ec9\u0e87\u0ec0\u0e94\u0eb5\u0ea1, \u0eae\u0ead\u0e87\u0e81\u0ebb\u0e87 \u0ec0\u0e82\u0e94\u0e9b\u0ebb\u0e81\u0e84\u0ead\u0e87\u0e9e\u0eb4\u0ec0\u0eaa\u0e94 \u0e88\u0eb5\u0e99)","zh_Hant":"\u0e88\u0eb5\u0e99 (\u0ec1\u0e9a\u0e9a\u0e94\u0eb1\u0ec9\u0e87\u0ec0\u0e94\u0eb5\u0ea1)","zh_Hans_CN":"\u0e88\u0eb5\u0e99 (\u0ec1\u0e9a\u0e9a\u0eae\u0ebd\u0e9a\u0e87\u0ec8\u0eb2\u0e8d, \u0e88\u0eb5\u0e99)","zh_Hans_SG":"\u0e88\u0eb5\u0e99 (\u0ec1\u0e9a\u0e9a\u0eae\u0ebd\u0e9a\u0e87\u0ec8\u0eb2\u0e8d, \u0eaa\u0eb4\u0e87\u0e81\u0eb0\u0ec2\u0e9b)","zh_Hans_MO":"\u0e88\u0eb5\u0e99 (\u0ec1\u0e9a\u0e9a\u0eae\u0ebd\u0e9a\u0e87\u0ec8\u0eb2\u0e8d, \u0ea1\u0eb2\u0ec0\u0e81\u0ebb\u0ec9\u0eb2 \u0ec0\u0e82\u0e94\u0e9b\u0ebb\u0e81\u0e84\u0ead\u0e87\u0e9e\u0eb4\u0ec0\u0eaa\u0e94 \u0e88\u0eb5\u0e99)","zh_Hans_HK":"\u0e88\u0eb5\u0e99 (\u0ec1\u0e9a\u0e9a\u0eae\u0ebd\u0e9a\u0e87\u0ec8\u0eb2\u0e8d, \u0eae\u0ead\u0e87\u0e81\u0ebb\u0e87 \u0ec0\u0e82\u0e94\u0e9b\u0ebb\u0e81\u0e84\u0ead\u0e87\u0e9e\u0eb4\u0ec0\u0eaa\u0e94 \u0e88\u0eb5\u0e99)","zh_Hans":"\u0e88\u0eb5\u0e99 (\u0ec1\u0e9a\u0e9a\u0eae\u0ebd\u0e9a\u0e87\u0ec8\u0eb2\u0e8d)","zh_MO":"\u0e88\u0eb5\u0e99 (\u0ea1\u0eb2\u0ec0\u0e81\u0ebb\u0ec9\u0eb2 \u0ec0\u0e82\u0e94\u0e9b\u0ebb\u0e81\u0e84\u0ead\u0e87\u0e9e\u0eb4\u0ec0\u0eaa\u0e94 \u0e88\u0eb5\u0e99)","zh_HK":"\u0e88\u0eb5\u0e99 (\u0eae\u0ead\u0e87\u0e81\u0ebb\u0e87 \u0ec0\u0e82\u0e94\u0e9b\u0ebb\u0e81\u0e84\u0ead\u0e87\u0e9e\u0eb4\u0ec0\u0eaa\u0e94 \u0e88\u0eb5\u0e99)","gd":"\u0eaa\u0eb0\u0e81\u0eb1\u0ead\u0e94\u0ec0\u0e81\u0ea5\u0eb4\u0e81","gd_GB":"\u0eaa\u0eb0\u0e81\u0eb1\u0ead\u0e94\u0ec0\u0e81\u0ea5\u0eb4\u0e81 (\u0eaa\u0eb0\u0eab\u0eb0\u0ea5\u0eb2\u0e94\u0e8a\u0eb0\u0ead\u0eb0\u0e99\u0eb2\u0e88\u0eb1\u0e81)","es":"\u0eaa\u0eb0\u0ec1\u0e9b\u0e99\u0e99\u0eb4\u0e8a","es_GT":"\u0eaa\u0eb0\u0ec1\u0e9b\u0e99\u0e99\u0eb4\u0e8a (\u0e81\u0ebb\u0ea7\u0ec0\u0e97\u0ea1\u0eb2\u0ea5\u0eb2)","es_CU":"\u0eaa\u0eb0\u0ec1\u0e9b\u0e99\u0e99\u0eb4\u0e8a (\u0e84\u0eb4\u0ea7\u0e9a\u0eb2)","es_CR":"\u0eaa\u0eb0\u0ec1\u0e9b\u0e99\u0e99\u0eb4\u0e8a (\u0ec2\u0e84\u0eaa\u0e95\u0eb2 \u0ea3\u0eb4\u0e81\u0eb2)","es_CO":"\u0eaa\u0eb0\u0ec1\u0e9b\u0e99\u0e99\u0eb4\u0e8a (\u0ec2\u0e84\u0ea5\u0ebb\u0ea1\u0ec0\u0e9a\u0e8d)","es_ES":"\u0eaa\u0eb0\u0ec1\u0e9b\u0e99\u0e99\u0eb4\u0e8a (\u0eaa\u0eb0\u0ec0\u0e9b\u0e99)","es_US":"\u0eaa\u0eb0\u0ec1\u0e9b\u0e99\u0e99\u0eb4\u0e8a (\u0eaa\u0eb0\u0eab\u0eb0\u0ea5\u0eb1\u0e94)","es_DO":"\u0eaa\u0eb0\u0ec1\u0e9b\u0e99\u0e99\u0eb4\u0e8a (\u0eaa\u0eb2\u0e97\u0eb2\u0ea5\u0eb0\u0e99\u0eb0\u0ea5\u0eb1\u0e94 \u0ec2\u0e94\u0ea1\u0eb4\u0e99\u0eb4\u0e81\u0eb1\u0e99)","es_CL":"\u0eaa\u0eb0\u0ec1\u0e9b\u0e99\u0e99\u0eb4\u0e8a (\u0e8a\u0eb4\u0ea5\u0eb5)","es_EA":"\u0eaa\u0eb0\u0ec1\u0e9b\u0e99\u0e99\u0eb4\u0e8a (\u0ec0\u0e8a\u0ea7\u0e95\u0eb2 \u0ec1\u0ea5\u0eb0\u0ec0\u0ea1\u0ea5\u0eb4\u0e99\u0ea5\u0eb2)","es_NI":"\u0eaa\u0eb0\u0ec1\u0e9b\u0e99\u0e99\u0eb4\u0e8a (\u0e99\u0eb4\u0e81\u0e84\u0eb2\u0ea3\u0eb2\u0e81\u0ebb\u0ea7)","es_BO":"\u0eaa\u0eb0\u0ec1\u0e9b\u0e99\u0e99\u0eb4\u0e8a (\u0ec2\u0e9a\u0ea5\u0eb4\u0ec0\u0ea7\u0e8d)","es_PE":"\u0eaa\u0eb0\u0ec1\u0e9b\u0e99\u0e99\u0eb4\u0e8a (\u0ec0\u0e9b\u0ea3\u0eb9)","es_PA":"\u0eaa\u0eb0\u0ec1\u0e9b\u0e99\u0e99\u0eb4\u0e8a (\u0e9e\u0eb2\u0e99\u0eb2\u0ea1\u0eb2)","es_PY":"\u0eaa\u0eb0\u0ec1\u0e9b\u0e99\u0e99\u0eb4\u0e8a (\u0e9e\u0eb2\u0ea3\u0eb2\u0e81\u0ea7\u0e8d)","es_PR":"\u0eaa\u0eb0\u0ec1\u0e9b\u0e99\u0e99\u0eb4\u0e8a (\u0ec0\u0e9e\u0eb7\u0ead\u0ec2\u0e95 \u0ea3\u0eb4\u0ec2\u0e81)","es_PH":"\u0eaa\u0eb0\u0ec1\u0e9b\u0e99\u0e99\u0eb4\u0e8a (\u0e9f\u0eb4\u0ea5\u0eb4\u0e9a\u0e9b\u0eb4\u0e99)","es_MX":"\u0eaa\u0eb0\u0ec1\u0e9b\u0e99\u0e99\u0eb4\u0e8a (\u0ec0\u0ea1\u0eb1\u0e81\u0e8a\u0eb4\u0ec2\u0e81)","es_VE":"\u0eaa\u0eb0\u0ec1\u0e9b\u0e99\u0e99\u0eb4\u0e8a (\u0ec0\u0ea7\u0ec0\u0e99\u0e8a\u0eb9\u0ec0\u0ead\u0ea5\u0eb2)","es_IC":"\u0eaa\u0eb0\u0ec1\u0e9b\u0e99\u0e99\u0eb4\u0e8a (\u0edd\u0eb9\u0ec8\u0ec0\u0e81\u0eb2\u0eb0\u0e84\u0eb2\u0e99\u0eb2\u0ea3\u0eb5)","es_AR":"\u0eaa\u0eb0\u0ec1\u0e9b\u0e99\u0e99\u0eb4\u0e8a (\u0ead\u0eb2\u0ec0\u0e88\u0e99\u0e97\u0eb4\u0e99\u0eb2)","es_GQ":"\u0eaa\u0eb0\u0ec1\u0e9b\u0e99\u0e99\u0eb4\u0e8a (\u0ead\u0eb5\u0e84\u0ebb\u0ea7\u0ec2\u0e95\u0ea3\u0ebd\u0ea7 \u0e81\u0eb5\u0e99\u0eb5)","es_UY":"\u0eaa\u0eb0\u0ec1\u0e9b\u0e99\u0e99\u0eb4\u0e8a (\u0ead\u0eb9\u0ea3\u0eb8\u0e81\u0ea7\u0e8d)","es_EC":"\u0eaa\u0eb0\u0ec1\u0e9b\u0e99\u0e99\u0eb4\u0e8a (\u0ec0\u0ead\u0e81\u0e81\u0ea7\u0eb2\u0e94\u0ecd)","es_SV":"\u0eaa\u0eb0\u0ec1\u0e9b\u0e99\u0e99\u0eb4\u0e8a (\u0ec0\u0ead\u0ea7 \u0e8a\u0ecd\u0ea7\u0eb2\u0e94\u0ecd)","es_HN":"\u0eaa\u0eb0\u0ec1\u0e9b\u0e99\u0e99\u0eb4\u0e8a (\u0eae\u0ead\u0e99\u0e94\u0eb9\u0ea3\u0eb1\u0eaa)","sl":"\u0eaa\u0eb0\u0ec2\u0ea5\u0ec0\u0ea7\u0e99\u0ebd\u0e99","sl_SI":"\u0eaa\u0eb0\u0ec2\u0ea5\u0ec0\u0ea7\u0e99\u0ebd\u0e99 (\u0eaa\u0eb0\u0ec2\u0ea5\u0ec0\u0ea7\u0ec0\u0e99\u0e8d)","sk":"\u0eaa\u0eb0\u0ec2\u0ea5\u0ec1\u0ea7\u0eb1\u0e81","sk_SK":"\u0eaa\u0eb0\u0ec2\u0ea5\u0ec1\u0ea7\u0eb1\u0e81 (\u0eaa\u0eb0\u0ec2\u0ea5\u0ea7\u0eb2\u0ec0\u0e81\u0e8d)","sv":"\u0eaa\u0eb0\u0ea7\u0eb5\u0e94\u0eb4\u0e8a","sv_SE":"\u0eaa\u0eb0\u0ea7\u0eb5\u0e94\u0eb4\u0e8a (\u0eaa\u0eb0\u0ea7\u0eb5\u0ec0\u0e94\u0eb1\u0e99)","sv_FI":"\u0eaa\u0eb0\u0ea7\u0eb5\u0e94\u0eb4\u0e8a (\u0e9f\u0eb4\u0e99\u0ec1\u0ea5\u0e99)","sv_AX":"\u0eaa\u0eb0\u0ea7\u0eb5\u0e94\u0eb4\u0e8a (\u0eab\u0ea1\u0eb9\u0ec8\u0ec0\u0e81\u0eb2\u0eb0\u0ec2\u0ead\u0ea5\u0eb1\u0e99)","si":"\u0eaa\u0eb4\u0e99\u0eab\u0eb2\u0ea5\u0eb2","si_LK":"\u0eaa\u0eb4\u0e99\u0eab\u0eb2\u0ea5\u0eb2 (\u0eaa\u0eb5\u0ea5\u0eb1\u0e87\u0e81\u0eb2)","sw":"\u0e8a\u0ea7\u0eb2\u0eae\u0eb5\u0ea5\u0eb4","sw_KE":"\u0e8a\u0ea7\u0eb2\u0eae\u0eb5\u0ea5\u0eb4 (\u0ec0\u0e84\u0e99\u0ea2\u0eb2)","sw_TZ":"\u0e8a\u0ea7\u0eb2\u0eae\u0eb5\u0ea5\u0eb4 (\u0e97\u0eb2\u0e99\u0e8a\u0eb2\u0ec0\u0e99\u0e8d)","sw_UG":"\u0e8a\u0ea7\u0eb2\u0eae\u0eb5\u0ea5\u0eb4 (\u0ead\u0eb9\u0e81\u0eb2\u0e99\u0e94\u0eb2)","se":"\u0e8a\u0eb2\u0ea1\u0eb4\u0ec0\u0edc\u0eb7\u0ead","se_SE":"\u0e8a\u0eb2\u0ea1\u0eb4\u0ec0\u0edc\u0eb7\u0ead (\u0eaa\u0eb0\u0ea7\u0eb5\u0ec0\u0e94\u0eb1\u0e99)","se_NO":"\u0e8a\u0eb2\u0ea1\u0eb4\u0ec0\u0edc\u0eb7\u0ead (\u0e99\u0ecd\u0ec0\u0ea7)","se_FI":"\u0e8a\u0eb2\u0ea1\u0eb4\u0ec0\u0edc\u0eb7\u0ead (\u0e9f\u0eb4\u0e99\u0ec1\u0ea5\u0e99)","zu":"\u0e8a\u0eb9\u0ea5\u0eb9","zu_ZA":"\u0e8a\u0eb9\u0ea5\u0eb9 (\u0ead\u0eb2\u0e9f\u0eb0\u0ea5\u0eb4\u0e81\u0eb2\u0ec3\u0e95\u0ec9)","cs":"\u0ec0\u0e8a\u0e81","cs_CZ":"\u0ec0\u0e8a\u0e81 (\u0eaa\u0eb2\u0e97\u0eb2\u0ea5\u0eb0\u0e99\u0eb0\u0ea5\u0eb1\u0e94\u0ec0\u0e8a\u0e81)","ii":"\u0ec0\u0e8a\u0eaa\u0ea7\u0e8d\u0ea2\u0eb5","ii_CN":"\u0ec0\u0e8a\u0eaa\u0ea7\u0e8d\u0ea2\u0eb5 (\u0e88\u0eb5\u0e99)","sr":"\u0ec0\u0e8a\u0eb5\u0e9a\u0ebd\u0e99","sr_XK":"\u0ec0\u0e8a\u0eb5\u0e9a\u0ebd\u0e99 (\u0ec2\u0e84\u0ec2\u0e8a\u0ec2\u0ea7)","sr_Cyrl_XK":"\u0ec0\u0e8a\u0eb5\u0e9a\u0ebd\u0e99 (\u0e8a\u0eb5\u0ea3\u0eb4\u0ea7\u0ea5\u0eb4\u0e81, \u0ec2\u0e84\u0ec2\u0e8a\u0ec2\u0ea7)","sr_Cyrl_RS":"\u0ec0\u0e8a\u0eb5\u0e9a\u0ebd\u0e99 (\u0e8a\u0eb5\u0ea3\u0eb4\u0ea7\u0ea5\u0eb4\u0e81, \u0ec0\u0e8a\u0eb5\u0ec0\u0e9a\u0e8d)","sr_Cyrl_BA":"\u0ec0\u0e8a\u0eb5\u0e9a\u0ebd\u0e99 (\u0e8a\u0eb5\u0ea3\u0eb4\u0ea7\u0ea5\u0eb4\u0e81, \u0e9a\u0ead\u0e94\u0eaa\u0eb0\u0ec0\u0e99\u0e8d \u0ec1\u0ea5\u0eb0 \u0ec1\u0eae\u0eaa\u0ec2\u0e81\u0ea7\u0eb5\u0e99\u0eb2)","sr_Cyrl_ME":"\u0ec0\u0e8a\u0eb5\u0e9a\u0ebd\u0e99 (\u0e8a\u0eb5\u0ea3\u0eb4\u0ea7\u0ea5\u0eb4\u0e81, \u0ea1\u0ead\u0e99\u0ec0\u0e95\u0ec0\u0e99\u0ec2\u0e81\u0ea3)","sr_Cyrl":"\u0ec0\u0e8a\u0eb5\u0e9a\u0ebd\u0e99 (\u0e8a\u0eb5\u0ea3\u0eb4\u0ea7\u0ea5\u0eb4\u0e81)","sr_RS":"\u0ec0\u0e8a\u0eb5\u0e9a\u0ebd\u0e99 (\u0ec0\u0e8a\u0eb5\u0ec0\u0e9a\u0e8d)","sr_BA":"\u0ec0\u0e8a\u0eb5\u0e9a\u0ebd\u0e99 (\u0e9a\u0ead\u0e94\u0eaa\u0eb0\u0ec0\u0e99\u0e8d \u0ec1\u0ea5\u0eb0 \u0ec1\u0eae\u0eaa\u0ec2\u0e81\u0ea7\u0eb5\u0e99\u0eb2)","sr_ME":"\u0ec0\u0e8a\u0eb5\u0e9a\u0ebd\u0e99 (\u0ea1\u0ead\u0e99\u0ec0\u0e95\u0ec0\u0e99\u0ec2\u0e81\u0ea3)","sr_Latn_XK":"\u0ec0\u0e8a\u0eb5\u0e9a\u0ebd\u0e99 (\u0ea5\u0eb2\u0e95\u0eb4\u0e99, \u0ec2\u0e84\u0ec2\u0e8a\u0ec2\u0ea7)","sr_Latn_RS":"\u0ec0\u0e8a\u0eb5\u0e9a\u0ebd\u0e99 (\u0ea5\u0eb2\u0e95\u0eb4\u0e99, \u0ec0\u0e8a\u0eb5\u0ec0\u0e9a\u0e8d)","sr_Latn_BA":"\u0ec0\u0e8a\u0eb5\u0e9a\u0ebd\u0e99 (\u0ea5\u0eb2\u0e95\u0eb4\u0e99, \u0e9a\u0ead\u0e94\u0eaa\u0eb0\u0ec0\u0e99\u0e8d \u0ec1\u0ea5\u0eb0 \u0ec1\u0eae\u0eaa\u0ec2\u0e81\u0ea7\u0eb5\u0e99\u0eb2)","sr_Latn_ME":"\u0ec0\u0e8a\u0eb5\u0e9a\u0ebd\u0e99 (\u0ea5\u0eb2\u0e95\u0eb4\u0e99, \u0ea1\u0ead\u0e99\u0ec0\u0e95\u0ec0\u0e99\u0ec2\u0e81\u0ea3)","sr_Latn":"\u0ec0\u0e8a\u0eb5\u0e9a\u0ebd\u0e99 (\u0ea5\u0eb2\u0e95\u0eb4\u0e99)","sh":"\u0ec0\u0e8a\u0eb5\u0ec2\u0e9a-\u0ec2\u0e81\u0ec0\u0e8a\u0e8d","sh_BA":"\u0ec0\u0e8a\u0eb5\u0ec2\u0e9a-\u0ec2\u0e81\u0ec0\u0e8a\u0e8d (\u0e9a\u0ead\u0e94\u0eaa\u0eb0\u0ec0\u0e99\u0e8d \u0ec1\u0ea5\u0eb0 \u0ec1\u0eae\u0eaa\u0ec2\u0e81\u0ea7\u0eb5\u0e99\u0eb2)","sg":"\u0ec1\u0e8a\u0e87\u0ec2\u0e81","sg_CF":"\u0ec1\u0e8a\u0e87\u0ec2\u0e81 (\u0eaa\u0eb2\u0e97\u0eb2\u0ea5\u0eb0\u0e99\u0eb0\u0ea5\u0eb1\u0e94\u0ead\u0eb2\u0e9f\u0ea3\u0eb4\u0e81\u0eb2\u0e81\u0eb2\u0e87)","sn":"\u0ec2\u0e8a\u0e99\u0eb2","sn_ZW":"\u0ec2\u0e8a\u0e99\u0eb2 (\u0e8a\u0eb4\u0ea1\u0e9a\u0eb1\u0e9a\u0ec0\u0ea7)","so":"\u0ec2\u0e8a\u0ea1\u0eb2\u0ea5\u0eb5","so_KE":"\u0ec2\u0e8a\u0ea1\u0eb2\u0ea5\u0eb5 (\u0ec0\u0e84\u0e99\u0ea2\u0eb2)","so_DJ":"\u0ec2\u0e8a\u0ea1\u0eb2\u0ea5\u0eb5 (\u0e88\u0eb4\u0e9a\u0eb9\u0e95\u0eb4)","so_SO":"\u0ec2\u0e8a\u0ea1\u0eb2\u0ea5\u0eb5 (\u0ec2\u0e8a\u0ea1\u0eb2\u0ec0\u0ea5\u0e8d)","so_ET":"\u0ec2\u0e8a\u0ea1\u0eb2\u0ea5\u0eb5 (\u0ead\u0eb5\u0e97\u0eb4\u0ec2\u0ead\u0ec0\u0e9b\u0e8d)","ja":"\u0e8d\u0eb5\u0ec8\u0e9b\u0eb8\u0ec8\u0e99","ja_JP":"\u0e8d\u0eb5\u0ec8\u0e9b\u0eb8\u0ec8\u0e99 (\u0e8d\u0eb5\u0ec8\u0e9b\u0eb8\u0ec8\u0e99)","nl":"\u0e94\u0eb1\u0e8a","nl_BQ":"\u0e94\u0eb1\u0e8a (\u0e84\u0eb2\u0ea3\u0eb4\u0e9a\u0e9a\u0ebd\u0e99 \u0ec0\u0e99\u0ec0\u0e97\u0eb5\u0ec1\u0ea5\u0e99)","nl_CW":"\u0e94\u0eb1\u0e8a (\u0e84\u0eb9\u0ea3\u0eb2\u0e8a\u0eb2\u0ea7)","nl_SX":"\u0e94\u0eb1\u0e8a (\u0e8a\u0eb4\u0e99 \u0ea1\u0eb2\u0ec0\u0e97\u0eb1\u0e99)","nl_SR":"\u0e94\u0eb1\u0e8a (\u0e8a\u0eb9\u0ea3\u0eb4\u0e99\u0eb2\u0ea1)","nl_NL":"\u0e94\u0eb1\u0e8a (\u0ec0\u0e99\u0ec0\u0e97\u0eb5\u0ec1\u0ea5\u0e99)","nl_BE":"\u0e94\u0eb1\u0e8a (\u0ec0\u0e9a\u0ea7\u0ea2\u0ebd\u0ea1)","nl_AW":"\u0e94\u0eb1\u0e8a (\u0ead\u0ecd\u0ea3\u0eb9\u0e9a\u0eb2)","dz":"\u0e94\u0eb5\u0e8a\u0ead\u0e87\u0e84\u0eb2","dz_BT":"\u0e94\u0eb5\u0e8a\u0ead\u0e87\u0e84\u0eb2 (\u0e9e\u0eb9\u0e96\u0eb2\u0e99)","da":"\u0ec1\u0e94\u0e99\u0eb4\u0e8a","da_GL":"\u0ec1\u0e94\u0e99\u0eb4\u0e8a (\u0e81\u0ea3\u0eb5\u0e99\u0ec1\u0ea5\u0e99)","da_DK":"\u0ec1\u0e94\u0e99\u0eb4\u0e8a (\u0ec0\u0e94\u0e99\u0ea1\u0eb2\u0e81)","tl":"\u0e95\u0eb2\u0e81\u0eb2\u0ea5\u0ead\u0e81","tl_PH":"\u0e95\u0eb2\u0e81\u0eb2\u0ea5\u0ead\u0e81 (\u0e9f\u0eb4\u0ea5\u0eb4\u0e9a\u0e9b\u0eb4\u0e99)","ti":"\u0e95\u0eb4\u0e81\u0ea3\u0eb4\u0e99\u0ea2\u0eb2","ti_ET":"\u0e95\u0eb4\u0e81\u0ea3\u0eb4\u0e99\u0ea2\u0eb2 (\u0ead\u0eb5\u0e97\u0eb4\u0ec2\u0ead\u0ec0\u0e9b\u0e8d)","ti_ER":"\u0e95\u0eb4\u0e81\u0ea3\u0eb4\u0e99\u0ea2\u0eb2 (\u0ec0\u0ead\u0ea3\u0eb4\u0ec0\u0e97\u0ea3\u0e8d)","te":"\u0ec0\u0e95\u0ea5\u0eb9\u0e81\u0eb9","te_IN":"\u0ec0\u0e95\u0ea5\u0eb9\u0e81\u0eb9 (\u0ead\u0eb4\u0e99\u0ec0\u0e94\u0e8d)","to":"\u0e97\u0ead\u0e87\u0e81\u0eb2\u0e99","to_TO":"\u0e97\u0ead\u0e87\u0e81\u0eb2\u0e99 (\u0e97\u0ead\u0e87\u0e81\u0eb2)","ta":"\u0e97\u0eb2\u0ea1\u0eb4\u0ea5","ta_SG":"\u0e97\u0eb2\u0ea1\u0eb4\u0ea5 (\u0eaa\u0eb4\u0e87\u0e81\u0eb0\u0ec2\u0e9b)","ta_LK":"\u0e97\u0eb2\u0ea1\u0eb4\u0ea5 (\u0eaa\u0eb5\u0ea5\u0eb1\u0e87\u0e81\u0eb2)","ta_MY":"\u0e97\u0eb2\u0ea1\u0eb4\u0ea5 (\u0ea1\u0eb2\u0ec0\u0ea5\u0ec0\u0e8a\u0e8d)","ta_IN":"\u0e97\u0eb2\u0ea1\u0eb4\u0ea5 (\u0ead\u0eb4\u0e99\u0ec0\u0e94\u0e8d)","bo":"\u0e97\u0eb4\u0ec0\u0e9a\u0e97\u0eb1\u0e99","bo_CN":"\u0e97\u0eb4\u0ec0\u0e9a\u0e97\u0eb1\u0e99 (\u0e88\u0eb5\u0e99)","bo_IN":"\u0e97\u0eb4\u0ec0\u0e9a\u0e97\u0eb1\u0e99 (\u0ead\u0eb4\u0e99\u0ec0\u0e94\u0e8d)","tr":"\u0ec0\u0e97\u0eb5\u0e84\u0eb4\u0e8a","tr_CY":"\u0ec0\u0e97\u0eb5\u0e84\u0eb4\u0e8a (\u0ec4\u0e8a\u0e9b\u0ea3\u0eb1\u0eaa)","tr_TR":"\u0ec0\u0e97\u0eb5\u0e84\u0eb4\u0e8a (\u0ec0\u0e97\u0eb5\u0e84\u0eb5)","th":"\u0ec4\u0e97","th_TH":"\u0ec4\u0e97 (\u0ec4\u0e97)","nn":"\u0e99\u0ecd\u0ec0\u0ea7\u0e88\u0ebd\u0e99 \u0e99\u0eb5\u0e99\u0ead\u0e81","nn_NO":"\u0e99\u0ecd\u0ec0\u0ea7\u0e88\u0ebd\u0e99 \u0e99\u0eb5\u0e99\u0ead\u0e81 (\u0e99\u0ecd\u0ec0\u0ea7)","nb":"\u0e99\u0ecd\u0ec0\u0ea7\u0e88\u0ebd\u0e99 \u0e9a\u0eb1\u0ead\u0e81\u0ea1\u0ead\u0ea5","nb_SJ":"\u0e99\u0ecd\u0ec0\u0ea7\u0e88\u0ebd\u0e99 \u0e9a\u0eb1\u0ead\u0e81\u0ea1\u0ead\u0ea5 (\u0eaa\u0eb0\u0ea7\u0eb2\u0e9a\u0eb2 \u0ec1\u0ea5\u0eb0 \u0ec1\u0ea2\u0e99 \u0ea1\u0eb2\u0ec0\u0ea2\u0e99)","nb_NO":"\u0e99\u0ecd\u0ec0\u0ea7\u0e88\u0ebd\u0e99 \u0e9a\u0eb1\u0ead\u0e81\u0ea1\u0ead\u0ea5 (\u0e99\u0ecd\u0ec0\u0ea7)","no":"\u0e99\u0ecd\u0ec0\u0ea7\u0e8d","no_NO":"\u0e99\u0ecd\u0ec0\u0ea7\u0e8d (\u0e99\u0ecd\u0ec0\u0ea7)","ne":"\u0ec0\u0e99\u0e9b\u0eb2\u0ea5\u0eb5","ne_NP":"\u0ec0\u0e99\u0e9b\u0eb2\u0ea5\u0eb5 (\u0ec0\u0e99\u0e9b\u0eb2\u0e99)","ne_IN":"\u0ec0\u0e99\u0e9b\u0eb2\u0ea5\u0eb5 (\u0ead\u0eb4\u0e99\u0ec0\u0e94\u0e8d)","bs":"\u0e9a\u0ead\u0eaa\u0e99\u0ebd\u0e99","bs_Cyrl_BA":"\u0e9a\u0ead\u0eaa\u0e99\u0ebd\u0e99 (\u0e8a\u0eb5\u0ea3\u0eb4\u0ea7\u0ea5\u0eb4\u0e81, \u0e9a\u0ead\u0e94\u0eaa\u0eb0\u0ec0\u0e99\u0e8d \u0ec1\u0ea5\u0eb0 \u0ec1\u0eae\u0eaa\u0ec2\u0e81\u0ea7\u0eb5\u0e99\u0eb2)","bs_Cyrl":"\u0e9a\u0ead\u0eaa\u0e99\u0ebd\u0e99 (\u0e8a\u0eb5\u0ea3\u0eb4\u0ea7\u0ea5\u0eb4\u0e81)","bs_BA":"\u0e9a\u0ead\u0eaa\u0e99\u0ebd\u0e99 (\u0e9a\u0ead\u0e94\u0eaa\u0eb0\u0ec0\u0e99\u0e8d \u0ec1\u0ea5\u0eb0 \u0ec1\u0eae\u0eaa\u0ec2\u0e81\u0ea7\u0eb5\u0e99\u0eb2)","bs_Latn_BA":"\u0e9a\u0ead\u0eaa\u0e99\u0ebd\u0e99 (\u0ea5\u0eb2\u0e95\u0eb4\u0e99, \u0e9a\u0ead\u0e94\u0eaa\u0eb0\u0ec0\u0e99\u0e8d \u0ec1\u0ea5\u0eb0 \u0ec1\u0eae\u0eaa\u0ec2\u0e81\u0ea7\u0eb5\u0e99\u0eb2)","bs_Latn":"\u0e9a\u0ead\u0eaa\u0e99\u0ebd\u0e99 (\u0ea5\u0eb2\u0e95\u0eb4\u0e99)","bg":"\u0e9a\u0eb1\u0e87\u0e81\u0eb2\u0ea3\u0ebd\u0e99","bg_BG":"\u0e9a\u0eb1\u0e87\u0e81\u0eb2\u0ea3\u0ebd\u0e99 (\u0e9a\u0eb1\u0e87\u0e81\u0eb2\u0ec0\u0ea3\u0e8d)","eu":"\u0e9a\u0eb1\u0eaa\u0e81\u0eb5","eu_ES":"\u0e9a\u0eb1\u0eaa\u0e81\u0eb5 (\u0eaa\u0eb0\u0ec0\u0e9b\u0e99)","bm":"\u0e9a\u0eb2\u0ea1\u0e9a\u0eb2\u0ea3\u0eb2","bm_Latn_ML":"\u0e9a\u0eb2\u0ea1\u0e9a\u0eb2\u0ea3\u0eb2 (\u0ea5\u0eb2\u0e95\u0eb4\u0e99, \u0ea1\u0eb2\u0ea5\u0eb4)","bm_Latn":"\u0e9a\u0eb2\u0ea1\u0e9a\u0eb2\u0ea3\u0eb2 (\u0ea5\u0eb2\u0e95\u0eb4\u0e99)","br":"\u0ec0\u0e9a\u0ea3\u0e95\u0eb1\u0e99","br_FR":"\u0ec0\u0e9a\u0ea3\u0e95\u0eb1\u0e99 (\u0e9d\u0ea3\u0eb1\u0ec8\u0e87)","be":"\u0ec0\u0e9a\u0ea5\u0eb2\u0ea3\u0eb1\u0eaa\u0e8a\u0ebd\u0e99","be_BY":"\u0ec0\u0e9a\u0ea5\u0eb2\u0ea3\u0eb1\u0eaa\u0e8a\u0ebd\u0e99 (\u0ec0\u0e9a\u0ea7\u0e9a\u0eb2\u0ea3\u0eb8\u0eaa)","bn":"\u0ec0\u0e9a\u0eb1\u0e87\u0e81\u0eb2\u0ea5\u0eb5","bn_BD":"\u0ec0\u0e9a\u0eb1\u0e87\u0e81\u0eb2\u0ea5\u0eb5 (\u0e9a\u0eb1\u0e87\u0e81\u0eb0\u0ea5\u0eb2\u0ec0\u0e97\u0e94)","bn_IN":"\u0ec0\u0e9a\u0eb1\u0e87\u0e81\u0eb2\u0ea5\u0eb5 (\u0ead\u0eb4\u0e99\u0ec0\u0e94\u0e8d)","pt":"\u0e9b\u0ecd\u0e95\u0eb9\u0e81\u0eb5\u0eaa","pt_GW":"\u0e9b\u0ecd\u0e95\u0eb9\u0e81\u0eb5\u0eaa (\u0e81\u0eb4\u0e99\u0eb5-\u0e9a\u0eb4\u0eaa\u0ec0\u0e8a\u0ebb\u0eb2)","pt_CV":"\u0e9b\u0ecd\u0e95\u0eb9\u0e81\u0eb5\u0eaa (\u0ec0\u0e84\u0e9a \u0ec0\u0ea7\u0eb5\u0e94)","pt_ST":"\u0e9b\u0ecd\u0e95\u0eb9\u0e81\u0eb5\u0eaa (\u0ec0\u0e8a\u0ebb\u0eb2\u0e97\u0eb9\u0ec0\u0ea1 \u0ec1\u0ea5\u0eb0 \u0e9e\u0ea3\u0eb4\u0e99\u0e8a\u0eb4\u0e9a)","pt_TL":"\u0e9b\u0ecd\u0e95\u0eb9\u0e81\u0eb5\u0eaa (\u0e97\u0eb4\u0ea1\u0ecd-\u0ec0\u0ea5\u0eaa\u0ec0\u0e95)","pt_BR":"\u0e9b\u0ecd\u0e95\u0eb9\u0e81\u0eb5\u0eaa (\u0e9a\u0ea3\u0eb2\u0e8a\u0eb4\u0ea7)","pt_PT":"\u0e9b\u0ecd\u0e95\u0eb9\u0e81\u0eb5\u0eaa (\u0e9e\u0ead\u0ea5\u0e97\u0eb9\u0ec2\u0e81)","pt_MO":"\u0e9b\u0ecd\u0e95\u0eb9\u0e81\u0eb5\u0eaa (\u0ea1\u0eb2\u0ec0\u0e81\u0ebb\u0ec9\u0eb2 \u0ec0\u0e82\u0e94\u0e9b\u0ebb\u0e81\u0e84\u0ead\u0e87\u0e9e\u0eb4\u0ec0\u0eaa\u0e94 \u0e88\u0eb5\u0e99)","pt_MZ":"\u0e9b\u0ecd\u0e95\u0eb9\u0e81\u0eb5\u0eaa (\u0ec2\u0ea1\u0ec1\u0e8a\u0ea1\u0e9a\u0eb4\u0e81)","pt_AO":"\u0e9b\u0ecd\u0e95\u0eb9\u0e81\u0eb5\u0eaa (\u0ead\u0eb1\u0e99\u0ec2\u0e81\u0ea5\u0eb2)","pa":"\u0e9b\u0eb1\u0e99\u0e88\u0eb2\u0e9a\u0eb5","pa_Guru_IN":"\u0e9b\u0eb1\u0e99\u0e88\u0eb2\u0e9a\u0eb5 (\u0e81\u0ebb\u0ea7\u0ea1\u0eb9\u0e84\u0eb5, \u0ead\u0eb4\u0e99\u0ec0\u0e94\u0e8d)","pa_Guru":"\u0e9b\u0eb1\u0e99\u0e88\u0eb2\u0e9a\u0eb5 (\u0e81\u0ebb\u0ea7\u0ea1\u0eb9\u0e84\u0eb5)","pa_PK":"\u0e9b\u0eb1\u0e99\u0e88\u0eb2\u0e9a\u0eb5 (\u0e9b\u0eb2\u0e81\u0eb4\u0eaa\u0e96\u0eb2\u0e99)","pa_Arab_PK":"\u0e9b\u0eb1\u0e99\u0e88\u0eb2\u0e9a\u0eb5 (\u0ead\u0eb2\u0ea3\u0eb2\u0e9a\u0eb4\u0e81, \u0e9b\u0eb2\u0e81\u0eb4\u0eaa\u0e96\u0eb2\u0e99)","pa_Arab":"\u0e9b\u0eb1\u0e99\u0e88\u0eb2\u0e9a\u0eb5 (\u0ead\u0eb2\u0ea3\u0eb2\u0e9a\u0eb4\u0e81)","pa_IN":"\u0e9b\u0eb1\u0e99\u0e88\u0eb2\u0e9a\u0eb5 (\u0ead\u0eb4\u0e99\u0ec0\u0e94\u0e8d)","ps":"\u0e9b\u0eb2\u0eaa\u0ec2\u0e95","ps_AF":"\u0e9b\u0eb2\u0eaa\u0ec2\u0e95 (\u0ead\u0eb2\u0e9f\u0e81\u0eb2\u0e99\u0eb4\u0eaa\u0e96\u0eb2\u0e99)","fa":"\u0ec0\u0e9b\u0eb5\u0e8a\u0ebd\u0e99","fa_AF":"\u0ec0\u0e9b\u0eb5\u0e8a\u0ebd\u0e99 (\u0ead\u0eb2\u0e9f\u0e81\u0eb2\u0e99\u0eb4\u0eaa\u0e96\u0eb2\u0e99)","fa_IR":"\u0ec0\u0e9b\u0eb5\u0e8a\u0ebd\u0e99 (\u0ead\u0eb5\u0ea3\u0ec8\u0eb2\u0e99)","pl":"\u0ec2\u0e9b\u0ea5\u0eb4\u0e8a","pl_PL":"\u0ec2\u0e9b\u0ea5\u0eb4\u0e8a (\u0ec2\u0e9b\u0ec1\u0ea5\u0e99)","fr":"\u0e9d\u0ea3\u0eb1\u0ec8\u0e87","fr_GA":"\u0e9d\u0ea3\u0eb1\u0ec8\u0e87 (\u0e81\u0eb2\u0e9a\u0ead\u0e99)","fr_GN":"\u0e9d\u0ea3\u0eb1\u0ec8\u0e87 (\u0e81\u0eb4\u0e99\u0eb5)","fr_GP":"\u0e9d\u0ea3\u0eb1\u0ec8\u0e87 (\u0e81\u0ebb\u0ea7\u0e94\u0eb2\u0ea5\u0eb9\u0e9a)","fr_CD":"\u0e9d\u0ea3\u0eb1\u0ec8\u0e87 (\u0e84\u0ead\u0e87\u0ec2\u0e81 - \u0e84\u0eb4\u0e99\u0e8a\u0eb2\u0e8a\u0eb2)","fr_CG":"\u0e9d\u0ea3\u0eb1\u0ec8\u0e87 (\u0e84\u0ead\u0e87\u0ec2\u0e81 - \u0e9a\u0ea3\u0eb2\u0e8a\u0eb2\u0ea7\u0eb4\u0ea7)","fr_CM":"\u0e9d\u0ea3\u0eb1\u0ec8\u0e87 (\u0e84\u0eb2\u0ec0\u0ea1\u0ea3\u0eb9\u0e99)","fr_CA":"\u0e9d\u0ea3\u0eb1\u0ec8\u0e87 (\u0ec1\u0e84\u0e99\u0eb2\u0e94\u0eb2)","fr_CI":"\u0e9d\u0ea3\u0eb1\u0ec8\u0e87 (\u0ec2\u0e84\u0e95\u0eb5 \u0ea7\u0ebb\u0ea7)","fr_KM":"\u0e9d\u0ea3\u0eb1\u0ec8\u0e87 (\u0ec2\u0e84\u0ec2\u0ea1\u0ec2\u0ea3\u0eaa)","fr_DJ":"\u0e9d\u0ea3\u0eb1\u0ec8\u0e87 (\u0e88\u0eb4\u0e9a\u0eb9\u0e95\u0eb4)","fr_CH":"\u0e9d\u0ea3\u0eb1\u0ec8\u0e87 (\u0eaa\u0eb0\u0ea7\u0eb4\u0e94\u0ec0\u0e8a\u0eb5\u0ec1\u0ea5\u0e99)","fr_CF":"\u0e9d\u0ea3\u0eb1\u0ec8\u0e87 (\u0eaa\u0eb2\u0e97\u0eb2\u0ea5\u0eb0\u0e99\u0eb0\u0ea5\u0eb1\u0e94\u0ead\u0eb2\u0e9f\u0ea3\u0eb4\u0e81\u0eb2\u0e81\u0eb2\u0e87)","fr_TD":"\u0e9d\u0ea3\u0eb1\u0ec8\u0e87 (\u0e8a\u0eb2\u0e94)","fr_SY":"\u0e9d\u0ea3\u0eb1\u0ec8\u0e87 (\u0e8a\u0eb5\u0ec0\u0ea3\u0e8d)","fr_SC":"\u0e9d\u0ea3\u0eb1\u0ec8\u0e87 (\u0ec0\u0e8a\u0ec0\u0e8a\u0ea7\u0ec0\u0ea5\u0eaa)","fr_BL":"\u0e9d\u0ea3\u0eb1\u0ec8\u0e87 (\u0ec0\u0e8a\u0e99 \u0e9a\u0eb2\u0ec0\u0e97\u0ec0\u0ea5\u0ea1\u0eb5)","fr_PM":"\u0e9d\u0ea3\u0eb1\u0ec8\u0e87 (\u0ec0\u0e8a\u0e99 \u0e9b\u0eb5\u0ec1\u0ead \u0ea1\u0eb4\u0ec0\u0e81\u0ea7\u0ea5\u0ead\u0e99)","fr_MF":"\u0e9d\u0ea3\u0eb1\u0ec8\u0e87 (\u0ec0\u0e8a\u0e99 \u0ea1\u0eb2\u0e97\u0eb4\u0e99)","fr_SN":"\u0e9d\u0ea3\u0eb1\u0ec8\u0e87 (\u0ec0\u0e8a\u0e99\u0eb5\u0ec2\u0e81\u0ea5)","fr_TN":"\u0e9d\u0ea3\u0eb1\u0ec8\u0e87 (\u0e95\u0eb9\u0e99\u0eb4\u0ec0\u0e8a\u0e8d)","fr_TG":"\u0e9d\u0ea3\u0eb1\u0ec8\u0e87 (\u0ec2\u0e95\u0ec2\u0e81)","fr_NE":"\u0e9d\u0ea3\u0eb1\u0ec8\u0e87 (\u0e99\u0eb4\u0ec0\u0e88\u0eb5)","fr_NC":"\u0e9d\u0ea3\u0eb1\u0ec8\u0e87 (\u0e99\u0eb4\u0ea7 \u0e84\u0eb2\u0ec0\u0ea5\u0ec2\u0e94\u0ec0\u0e99\u0e8d)","fr_BI":"\u0e9d\u0ea3\u0eb1\u0ec8\u0e87 (\u0e9a\u0eb9\u0ea3\u0eb8\u0e99\u0e94\u0eb4)","fr_BJ":"\u0e9d\u0ea3\u0eb1\u0ec8\u0e87 (\u0ec0\u0e9a\u0e99\u0eb4\u0e99)","fr_BE":"\u0e9d\u0ea3\u0eb1\u0ec8\u0e87 (\u0ec0\u0e9a\u0ea7\u0ea2\u0ebd\u0ea1)","fr_BF":"\u0e9d\u0ea3\u0eb1\u0ec8\u0e87 (\u0ec0\u0e9a\u0eb5\u0e81\u0eb4\u0e99\u0eb2 \u0e9f\u0eb2\u0ec2\u0e8a)","fr_FR":"\u0e9d\u0ea3\u0eb1\u0ec8\u0e87 (\u0e9d\u0ea3\u0eb1\u0ec8\u0e87)","fr_GF":"\u0e9d\u0ea3\u0eb1\u0ec8\u0e87 (\u0ec0\u0e9f\u0ea3\u0e99\u0e8a\u0ecc \u0e81\u0eb8\u0e8d\u0ead\u0eb2\u0e99\u0eb2)","fr_PF":"\u0e9d\u0ea3\u0eb1\u0ec8\u0e87 (\u0ec0\u0e9f\u0ea3\u0e99\u0e8a\u0ecc \u0ec2\u0e9e\u0ea5\u0eb5\u0e99\u0eb5\u0ec0\u0e8a\u0e8d)","fr_MG":"\u0e9d\u0ea3\u0eb1\u0ec8\u0e87 (\u0ea1\u0eb2\u0e94\u0eb2\u0e81\u0eb2\u0eaa\u0e81\u0eb2)","fr_MQ":"\u0e9d\u0ea3\u0eb1\u0ec8\u0e87 (\u0ea1\u0eb2\u0e95\u0eb4\u0e99\u0eb5\u0e81)","fr_YT":"\u0e9d\u0ea3\u0eb1\u0ec8\u0e87 (\u0ea1\u0eb2\u0ea2\u0eb1\u0ead\u0e94)","fr_ML":"\u0e9d\u0ea3\u0eb1\u0ec8\u0e87 (\u0ea1\u0eb2\u0ea5\u0eb4)","fr_MU":"\u0e9d\u0ea3\u0eb1\u0ec8\u0e87 (\u0ea1\u0ebb\u0ea7\u0ea3\u0eb4\u0e8a\u0ebd\u0eaa)","fr_MR":"\u0e9d\u0ea3\u0eb1\u0ec8\u0e87 (\u0ea1\u0ebb\u0ea7\u0ea3\u0eb4\u0ec0\u0e97\u0ec0\u0e99\u0e8d)","fr_MC":"\u0e9d\u0ea3\u0eb1\u0ec8\u0e87 (\u0ec2\u0ea1\u0e99\u0eb2\u0ec2\u0e84)","fr_MA":"\u0e9d\u0ea3\u0eb1\u0ec8\u0e87 (\u0ec2\u0ea1\u0ea3\u0eb1\u0ead\u0e81\u0ec2\u0e84)","fr_RW":"\u0e9d\u0ea3\u0eb1\u0ec8\u0e87 (\u0ea3\u0ea7\u0eb1\u0e99\u0e94\u0eb2)","fr_RE":"\u0e9d\u0ea3\u0eb1\u0ec8\u0e87 (\u0ec0\u0ea3\u0ead\u0eb9\u0e99\u0eb4\u0e8d\u0ebb\u0e87)","fr_LU":"\u0e9d\u0ea3\u0eb1\u0ec8\u0e87 (\u0ea5\u0eb8\u0e81\u0ec1\u0e8a\u0ea1\u0ec0\u0e9a\u0eb5\u0e81)","fr_VU":"\u0e9d\u0ea3\u0eb1\u0ec8\u0e87 (\u0ea7\u0eb2\u0e99\u0ebb\u0ea7\u0e95\u0eb9)","fr_WF":"\u0e9d\u0ea3\u0eb1\u0ec8\u0e87 (\u0ea7\u0eb2\u0ea5\u0eb4\u0eaa \u0ec1\u0ea5\u0eb0 \u0e9f\u0eb8\u0e95\u0eb9\u0e99\u0eb2)","fr_DZ":"\u0e9d\u0ea3\u0eb1\u0ec8\u0e87 (\u0ead\u0eb1\u0ea5\u0e88\u0eb4\u0ec0\u0ea3\u0e8d)","fr_GQ":"\u0e9d\u0ea3\u0eb1\u0ec8\u0e87 (\u0ead\u0eb5\u0e84\u0ebb\u0ea7\u0ec2\u0e95\u0ea3\u0ebd\u0ea7 \u0e81\u0eb5\u0e99\u0eb5)","fr_HT":"\u0e9d\u0ea3\u0eb1\u0ec8\u0e87 (\u0ec4\u0eae\u0e95\u0eb4)","fo":"\u0e9f\u0eb2\u0ec2\u0ea3\u0eaa","fo_FO":"\u0e9f\u0eb2\u0ec2\u0ea3\u0eaa (\u0eab\u0ea1\u0eb9\u0ec8\u0ec0\u0e81\u0eb2\u0eb0\u0ec1\u0e9f\u0ec2\u0ea3)","fi":"\u0e9f\u0eb4\u0e99\u0e99\u0eb4\u0e8a","fi_FI":"\u0e9f\u0eb4\u0e99\u0e99\u0eb4\u0e8a (\u0e9f\u0eb4\u0e99\u0ec1\u0ea5\u0e99)","ff":"\u0e9f\u0eb9\u0ea5\u0eb2","ff_GN":"\u0e9f\u0eb9\u0ea5\u0eb2 (\u0e81\u0eb4\u0e99\u0eb5)","ff_CM":"\u0e9f\u0eb9\u0ea5\u0eb2 (\u0e84\u0eb2\u0ec0\u0ea1\u0ea3\u0eb9\u0e99)","ff_SN":"\u0e9f\u0eb9\u0ea5\u0eb2 (\u0ec0\u0e8a\u0e99\u0eb5\u0ec2\u0e81\u0ea5)","ff_MR":"\u0e9f\u0eb9\u0ea5\u0eb2 (\u0ea1\u0ebb\u0ea7\u0ea3\u0eb4\u0ec0\u0e97\u0ec0\u0e99\u0e8d)","mn":"\u0ea1\u0ead\u0e87\u0ec2\u0e81\u0ec0\u0ea5\u0e8d","mn_Cyrl_MN":"\u0ea1\u0ead\u0e87\u0ec2\u0e81\u0ec0\u0ea5\u0e8d (\u0e8a\u0eb5\u0ea3\u0eb4\u0ea7\u0ea5\u0eb4\u0e81, \u0ea1\u0ead\u0e87\u0ec2\u0e81\u0ec0\u0ea5\u0e8d)","mn_Cyrl":"\u0ea1\u0ead\u0e87\u0ec2\u0e81\u0ec0\u0ea5\u0e8d (\u0e8a\u0eb5\u0ea3\u0eb4\u0ea7\u0ea5\u0eb4\u0e81)","mn_MN":"\u0ea1\u0ead\u0e87\u0ec2\u0e81\u0ec0\u0ea5\u0e8d (\u0ea1\u0ead\u0e87\u0ec2\u0e81\u0ec0\u0ea5\u0e8d)","mt":"\u0ea1\u0ead\u0ea5\u0e97\u0eb5\u0eaa","mt_MT":"\u0ea1\u0ead\u0ea5\u0e97\u0eb5\u0eaa (\u0ea1\u0ead\u0e99\u0e97\u0eb2)","mr":"\u0ea1\u0eb2\u0ea3\u0eb2\u0e97\u0eb5","mr_IN":"\u0ea1\u0eb2\u0ea3\u0eb2\u0e97\u0eb5 (\u0ead\u0eb4\u0e99\u0ec0\u0e94\u0e8d)","mg":"\u0ea1\u0eb2\u0ea5\u0eb2\u0e81\u0eb2\u0eaa\u0e8a\u0eb5","mg_MG":"\u0ea1\u0eb2\u0ea5\u0eb2\u0e81\u0eb2\u0eaa\u0e8a\u0eb5 (\u0ea1\u0eb2\u0e94\u0eb2\u0e81\u0eb2\u0eaa\u0e81\u0eb2)","ms":"\u0ea1\u0eb2\u0ec0\u0ea5","ms_SG":"\u0ea1\u0eb2\u0ec0\u0ea5 (\u0eaa\u0eb4\u0e87\u0e81\u0eb0\u0ec2\u0e9b)","ms_BN":"\u0ea1\u0eb2\u0ec0\u0ea5 (\u0e9a\u0ea3\u0eb9\u0ec4\u0e99)","ms_MY":"\u0ea1\u0eb2\u0ec0\u0ea5 (\u0ea1\u0eb2\u0ec0\u0ea5\u0ec0\u0e8a\u0e8d)","ms_Latn_SG":"\u0ea1\u0eb2\u0ec0\u0ea5 (\u0ea5\u0eb2\u0e95\u0eb4\u0e99, \u0eaa\u0eb4\u0e87\u0e81\u0eb0\u0ec2\u0e9b)","ms_Latn_BN":"\u0ea1\u0eb2\u0ec0\u0ea5 (\u0ea5\u0eb2\u0e95\u0eb4\u0e99, \u0e9a\u0ea3\u0eb9\u0ec4\u0e99)","ms_Latn_MY":"\u0ea1\u0eb2\u0ec0\u0ea5 (\u0ea5\u0eb2\u0e95\u0eb4\u0e99, \u0ea1\u0eb2\u0ec0\u0ea5\u0ec0\u0e8a\u0e8d)","ms_Latn":"\u0ea1\u0eb2\u0ec0\u0ea5 (\u0ea5\u0eb2\u0e95\u0eb4\u0e99)","ml":"\u0ea1\u0eb2\u0ec0\u0ea5\u0ead\u0eb2\u0ea5\u0eb3","ml_IN":"\u0ea1\u0eb2\u0ec0\u0ea5\u0ead\u0eb2\u0ea5\u0eb3 (\u0ead\u0eb4\u0e99\u0ec0\u0e94\u0e8d)","my":"\u0ea1\u0ebd\u0e99\u0ea1\u0eb2","my_MM":"\u0ea1\u0ebd\u0e99\u0ea1\u0eb2 (\u0ea1\u0ebd\u0e99\u0ea1\u0eb2 (\u0ec0\u0e9a\u0eb5\u0ea1\u0eb2))","gv":"\u0ec1\u0ea1\u0e87\u0e8a\u0ecc","gv_IM":"\u0ec1\u0ea1\u0e87\u0e8a\u0ecc (\u0ec0\u0ead\u0ea7 \u0ead\u0ead\u0e9a \u0ec1\u0ea1\u0e99)","mk":"\u0ec1\u0ea1\u0eb1\u0e81\u0ec0\u0e8a\u0ec2\u0e94\u0e99\u0ebd\u0e99","mk_MK":"\u0ec1\u0ea1\u0eb1\u0e81\u0ec0\u0e8a\u0ec2\u0e94\u0e99\u0ebd\u0e99 (\u0ec1\u0ea1\u0e8a\u0eb4\u0ec2\u0e94\u0ec0\u0e99\u0e8d)","yi":"\u0ea2\u0eb4\u0ea7","uk":"\u0ea2\u0eb9\u0ec0\u0e84\u0ea3\u0e99\u0ebd\u0e99","uk_UA":"\u0ea2\u0eb9\u0ec0\u0e84\u0ea3\u0e99\u0ebd\u0e99 (\u0ea2\u0eb9\u0ec0\u0e84\u0ea3\u0e99)","de":"\u0ec0\u0ea2\u0e8d\u0ea5\u0eb0\u0ea1\u0eb1\u0e99","de_CH":"\u0ec0\u0ea2\u0e8d\u0ea5\u0eb0\u0ea1\u0eb1\u0e99 (\u0eaa\u0eb0\u0ea7\u0eb4\u0e94\u0ec0\u0e8a\u0eb5\u0ec1\u0ea5\u0e99)","de_BE":"\u0ec0\u0ea2\u0e8d\u0ea5\u0eb0\u0ea1\u0eb1\u0e99 (\u0ec0\u0e9a\u0ea7\u0ea2\u0ebd\u0ea1)","de_DE":"\u0ec0\u0ea2\u0e8d\u0ea5\u0eb0\u0ea1\u0eb1\u0e99 (\u0ec0\u0ea2\u0e8d\u0ea5\u0eb0\u0ea1\u0eb1\u0e99)","de_LI":"\u0ec0\u0ea2\u0e8d\u0ea5\u0eb0\u0ea1\u0eb1\u0e99 (\u0ea5\u0eb4\u0e94\u0ec0\u0e97\u0e99\u0eaa\u0eb0\u0e95\u0eb2\u0e8d)","de_LU":"\u0ec0\u0ea2\u0e8d\u0ea5\u0eb0\u0ea1\u0eb1\u0e99 (\u0ea5\u0eb8\u0e81\u0ec1\u0e8a\u0ea1\u0ec0\u0e9a\u0eb5\u0e81)","de_AT":"\u0ec0\u0ea2\u0e8d\u0ea5\u0eb0\u0ea1\u0eb1\u0e99 (\u0ead\u0ead\u0eaa\u0ec0\u0e97\u0ea3\u0e8d)","yo":"\u0ec2\u0ea2\u0ea3\u0eb9\u0e9a\u0eb2","yo_NG":"\u0ec2\u0ea2\u0ea3\u0eb9\u0e9a\u0eb2 (\u0ec4\u0e99\u0e88\u0eb5\u0ec0\u0ea3\u0e8d)","yo_BJ":"\u0ec2\u0ea2\u0ea3\u0eb9\u0e9a\u0eb2 (\u0ec0\u0e9a\u0e99\u0eb4\u0e99)","ru":"\u0ea3\u0eb1\u0e94\u0e8a\u0ebd\u0e99","ru_KZ":"\u0ea3\u0eb1\u0e94\u0e8a\u0ebd\u0e99 (\u0e84\u0eb2\u0e8a\u0eb1\u0e81\u0eaa\u0eb0\u0e96\u0eb2\u0e99)","ru_KG":"\u0ea3\u0eb1\u0e94\u0e8a\u0ebd\u0e99 (\u0e84\u0eb5\u0e81\u0eb4\u0eaa\u0e96\u0eb2\u0e99)","ru_BY":"\u0ea3\u0eb1\u0e94\u0e8a\u0ebd\u0e99 (\u0ec0\u0e9a\u0ea7\u0e9a\u0eb2\u0ea3\u0eb8\u0eaa)","ru_MD":"\u0ea3\u0eb1\u0e94\u0e8a\u0ebd\u0e99 (\u0ec2\u0ea1\u0e99\u0ec2\u0e94\u0ea7\u0eb2)","ru_UA":"\u0ea3\u0eb1\u0e94\u0e8a\u0ebd\u0e99 (\u0ea2\u0eb9\u0ec0\u0e84\u0ea3\u0e99)","ru_RU":"\u0ea3\u0eb1\u0e94\u0e8a\u0ebd\u0e99 (\u0ea3\u0eb1\u0e94\u0ec0\u0e8a\u0e8d)","rn":"\u0ea3\u0eb8\u0e99\u0e94\u0eb4","rn_BI":"\u0ea3\u0eb8\u0e99\u0e94\u0eb4 (\u0e9a\u0eb9\u0ea3\u0eb8\u0e99\u0e94\u0eb4)","rm":"\u0ec2\u0ea3\u0ec1\u0ea1\u0e99","rm_CH":"\u0ec2\u0ea3\u0ec1\u0ea1\u0e99 (\u0eaa\u0eb0\u0ea7\u0eb4\u0e94\u0ec0\u0e8a\u0eb5\u0ec1\u0ea5\u0e99)","ro":"\u0ec2\u0ea3\u0ec1\u0ea1\u0e99\u0ebd\u0e99","ro_MD":"\u0ec2\u0ea3\u0ec1\u0ea1\u0e99\u0ebd\u0e99 (\u0ec2\u0ea1\u0e99\u0ec2\u0e94\u0ea7\u0eb2)","ro_RO":"\u0ec2\u0ea3\u0ec1\u0ea1\u0e99\u0ebd\u0e99 (\u0ec2\u0ea3\u0ec1\u0ea1\u0ec0\u0e99\u0e8d)","lb":"\u0ea5\u0eb1\u0e81\u0ec0\u0e8a\u0ea1\u0e9a\u0ea7\u0e81\u0e81\u0eb4\u0e8a","lb_LU":"\u0ea5\u0eb1\u0e81\u0ec0\u0e8a\u0ea1\u0e9a\u0ea7\u0e81\u0e81\u0eb4\u0e8a (\u0ea5\u0eb8\u0e81\u0ec1\u0e8a\u0ea1\u0ec0\u0e9a\u0eb5\u0e81)","lv":"\u0ea5\u0eb1\u0e94\u0ea7\u0ebd\u0e99","lv_LV":"\u0ea5\u0eb1\u0e94\u0ea7\u0ebd\u0e99 (\u0ea5\u0eb1\u0e94\u0ec0\u0ea7\u0e8d)","lo":"\u0ea5\u0eb2\u0ea7","lo_LA":"\u0ea5\u0eb2\u0ea7 (\u0ea5\u0eb2\u0ea7)","ln":"\u0ea5\u0eb4\u0e87\u0e81\u0eb2\u0ea5\u0eb2","ln_CD":"\u0ea5\u0eb4\u0e87\u0e81\u0eb2\u0ea5\u0eb2 (\u0e84\u0ead\u0e87\u0ec2\u0e81 - \u0e84\u0eb4\u0e99\u0e8a\u0eb2\u0e8a\u0eb2)","ln_CG":"\u0ea5\u0eb4\u0e87\u0e81\u0eb2\u0ea5\u0eb2 (\u0e84\u0ead\u0e87\u0ec2\u0e81 - \u0e9a\u0ea3\u0eb2\u0e8a\u0eb2\u0ea7\u0eb4\u0ea7)","ln_CF":"\u0ea5\u0eb4\u0e87\u0e81\u0eb2\u0ea5\u0eb2 (\u0eaa\u0eb2\u0e97\u0eb2\u0ea5\u0eb0\u0e99\u0eb0\u0ea5\u0eb1\u0e94\u0ead\u0eb2\u0e9f\u0ea3\u0eb4\u0e81\u0eb2\u0e81\u0eb2\u0e87)","ln_AO":"\u0ea5\u0eb4\u0e87\u0e81\u0eb2\u0ea5\u0eb2 (\u0ead\u0eb1\u0e99\u0ec2\u0e81\u0ea5\u0eb2)","lt":"\u0ea5\u0eb4\u0e97\u0ebb\u0ea7\u0e99\u0ebd\u0e99","lt_LT":"\u0ea5\u0eb4\u0e97\u0ebb\u0ea7\u0e99\u0ebd\u0e99 (\u0ea5\u0eb4\u0e97\u0ebb\u0ea7\u0ec0\u0e99\u0e8d)","lu":"\u0ea5\u0eb9\u0e9a\u0eb2-\u0e84\u0eb2\u0e95\u0eb1\u0e87\u0e81\u0eb2","lu_CD":"\u0ea5\u0eb9\u0e9a\u0eb2-\u0e84\u0eb2\u0e95\u0eb1\u0e87\u0e81\u0eb2 (\u0e84\u0ead\u0e87\u0ec2\u0e81 - \u0e84\u0eb4\u0e99\u0e8a\u0eb2\u0e8a\u0eb2)","fy":"\u0ec0\u0ea7\u0eaa\u0ec0\u0e97\u0eb5\u0e99 \u0e9f\u0ea3\u0eb4\u0e8a\u0ebd\u0e99","fy_NL":"\u0ec0\u0ea7\u0eaa\u0ec0\u0e97\u0eb5\u0e99 \u0e9f\u0ea3\u0eb4\u0e8a\u0ebd\u0e99 (\u0ec0\u0e99\u0ec0\u0e97\u0eb5\u0ec1\u0ea5\u0e99)","cy":"\u0ec0\u0ea7\u0ea7","cy_GB":"\u0ec0\u0ea7\u0ea7 (\u0eaa\u0eb0\u0eab\u0eb0\u0ea5\u0eb2\u0e94\u0e8a\u0eb0\u0ead\u0eb0\u0e99\u0eb2\u0e88\u0eb1\u0e81)","vi":"\u0eab\u0ea7\u0ebd\u0e94\u0e99\u0eb2\u0ea1","vi_VN":"\u0eab\u0ea7\u0ebd\u0e94\u0e99\u0eb2\u0ea1 (\u0eab\u0ea7\u0ebd\u0e94\u0e99\u0eb2\u0ea1)","os":"\u0ead\u0ead\u0e94\u0ec0\u0e8a\u0e95\u0eb4\u0e81","os_GE":"\u0ead\u0ead\u0e94\u0ec0\u0e8a\u0e95\u0eb4\u0e81 (\u0e88\u0ecd\u0ec0\u0e88\u0e8d)","os_RU":"\u0ead\u0ead\u0e94\u0ec0\u0e8a\u0e95\u0eb4\u0e81 (\u0ea3\u0eb1\u0e94\u0ec0\u0e8a\u0e8d)","en":"\u0ead\u0eb1\u0e87\u0e81\u0eb4\u0e94","en_GU":"\u0ead\u0eb1\u0e87\u0e81\u0eb4\u0e94 (\u0e81\u0ea7\u0ea1)","en_GY":"\u0ead\u0eb1\u0e87\u0e81\u0eb4\u0e94 (\u0e81\u0eb2\u0e8d\u0ea2\u0eb2\u0e99\u0eb2)","en_GH":"\u0ead\u0eb1\u0e87\u0e81\u0eb4\u0e94 (\u0e81\u0eb2\u0e99\u0eb2)","en_GD":"\u0ead\u0eb1\u0e87\u0e81\u0eb4\u0e94 (\u0ec0\u0e81\u0ea3\u0ec0\u0e99\u0e94\u0eb2)","en_CX":"\u0ead\u0eb1\u0e87\u0e81\u0eb4\u0e94 (\u0ec0\u0e81\u0eb2\u0eb0\u0e84\u0ea3\u0eb4\u0eaa\u0ea1\u0eb2\u0e94)","en_NF":"\u0ead\u0eb1\u0e87\u0e81\u0eb4\u0e94 (\u0ec0\u0e81\u0eb2\u0eb0\u0e99\u0ecd\u0ec2\u0e9f\u0e81)","en_GG":"\u0ead\u0eb1\u0e87\u0e81\u0eb4\u0e94 (\u0ec0\u0e81\u0eb5\u0e99\u0e8a\u0eb5)","en_IO":"\u0ead\u0eb1\u0e87\u0e81\u0eb4\u0e94 (\u0ec0\u0e82\u0e94\u0ec1\u0e94\u0e99\u0e9a\u0ea3\u0eb4\u0e97\u0eb4\u0eaa\u0ead\u0eb4\u0e99\u0e94\u0ebd\u0e99\u0ec2\u0ead\u0e8a\u0ebd\u0e99)","en_CM":"\u0ead\u0eb1\u0e87\u0e81\u0eb4\u0e94 (\u0e84\u0eb2\u0ec0\u0ea1\u0ea3\u0eb9\u0e99)","en_KI":"\u0ead\u0eb1\u0e87\u0e81\u0eb4\u0e94 (\u0e84\u0eb4\u0ea3\u0eb4\u0e9a\u0eb2\u0e97\u0eb4)","en_KE":"\u0ead\u0eb1\u0e87\u0e81\u0eb4\u0e94 (\u0ec0\u0e84\u0e99\u0ea2\u0eb2)","en_KY":"\u0ead\u0eb1\u0e87\u0e81\u0eb4\u0e94 (\u0ec0\u0e84\u0ec1\u0ea1\u0e99 \u0ec4\u0ead\u0ec1\u0ea5\u0e99)","en_CA":"\u0ead\u0eb1\u0e87\u0e81\u0eb4\u0e94 (\u0ec1\u0e84\u0e99\u0eb2\u0e94\u0eb2)","en_JM":"\u0ead\u0eb1\u0e87\u0e81\u0eb4\u0e94 (\u0e88\u0eb2\u0ec4\u0ea1\u0e84\u0eb2)","en_GI":"\u0ead\u0eb1\u0e87\u0e81\u0eb4\u0e94 (\u0e88\u0eb4\u0e9a\u0e9a\u0ea3\u0ead\u0e99\u0e97\u0eb2)","en_JE":"\u0ead\u0eb1\u0e87\u0e81\u0eb4\u0e94 (\u0ec0\u0e88\u0eb5\u0e8a\u0eb5)","en_SZ":"\u0ead\u0eb1\u0e87\u0e81\u0eb4\u0e94 (\u0eaa\u0eb0\u0ea7\u0eb2\u0e8a\u0eb4\u0ec1\u0ea5\u0e99)","en_US":"\u0ead\u0eb1\u0e87\u0e81\u0eb4\u0e94 (\u0eaa\u0eb0\u0eab\u0eb0\u0ea5\u0eb1\u0e94)","en_GB":"\u0ead\u0eb1\u0e87\u0e81\u0eb4\u0e94 (\u0eaa\u0eb0\u0eab\u0eb0\u0ea5\u0eb2\u0e94\u0e8a\u0eb0\u0ead\u0eb0\u0e99\u0eb2\u0e88\u0eb1\u0e81)","en_GM":"\u0ead\u0eb1\u0e87\u0e81\u0eb4\u0e94 (\u0eaa\u0eb2\u0e97\u0eb2\u0ea5\u0eb0\u0e99\u0eb0\u0ea5\u0eb1\u0e94\u0ec1\u0e81\u0ea1\u0ec0\u0e9a\u0e8d)","en_SG":"\u0ead\u0eb1\u0e87\u0e81\u0eb4\u0e94 (\u0eaa\u0eb4\u0e87\u0e81\u0eb0\u0ec2\u0e9b)","en_WS":"\u0ead\u0eb1\u0e87\u0e81\u0eb4\u0e94 (\u0e8a\u0eb2\u0ea1\u0ebb\u0ea7)","en_SX":"\u0ead\u0eb1\u0e87\u0e81\u0eb4\u0e94 (\u0e8a\u0eb4\u0e99 \u0ea1\u0eb2\u0ec0\u0e97\u0eb1\u0e99)","en_ZW":"\u0ead\u0eb1\u0e87\u0e81\u0eb4\u0e94 (\u0e8a\u0eb4\u0ea1\u0e9a\u0eb1\u0e9a\u0ec0\u0ea7)","en_SD":"\u0ead\u0eb1\u0e87\u0e81\u0eb4\u0e94 (\u0e8a\u0eb9\u0e94\u0eb2\u0e99)","en_SS":"\u0ead\u0eb1\u0e87\u0e81\u0eb4\u0e94 (\u0e8a\u0eb9\u0e94\u0eb2\u0e99\u0ec3\u0e95\u0ec9)","en_SC":"\u0ead\u0eb1\u0e87\u0e81\u0eb4\u0e94 (\u0ec0\u0e8a\u0ec0\u0e8a\u0ea7\u0ec0\u0ea5\u0eaa)","en_SL":"\u0ead\u0eb1\u0e87\u0e81\u0eb4\u0e94 (\u0ec0\u0e8a\u0e8d\u0ea3\u0eb2 \u0ea5\u0eb5\u0ec2\u0ead\u0e99)","en_KN":"\u0ead\u0eb1\u0e87\u0e81\u0eb4\u0e94 (\u0ec0\u0e8a\u0e99 \u0e84\u0eb4\u0e94 \u0ec1\u0ea5\u0eb0 \u0ec0\u0e99\u0ea7\u0eb4\u0eaa)","en_LC":"\u0ead\u0eb1\u0e87\u0e81\u0eb4\u0e94 (\u0ec0\u0e8a\u0e99 \u0ea5\u0eb9\u0ec0\u0e8a\u0e8d)","en_VC":"\u0ead\u0eb1\u0e87\u0e81\u0eb4\u0e94 (\u0ec0\u0e8a\u0e99 \u0ea7\u0eb4\u0e99\u0ec0\u0e8a\u0e99 & \u0ec0\u0e81\u0ea3\u0ec0\u0e99\u0e94\u0eb4\u0e99)","en_SH":"\u0ead\u0eb1\u0e87\u0e81\u0eb4\u0e94 (\u0ec0\u0e8a\u0e99 \u0ec0\u0eae\u0ec0\u0ea5\u0e99\u0eb2)","en_ZM":"\u0ead\u0eb1\u0e87\u0e81\u0eb4\u0e94 (\u0ec1\u0e8a\u0ea1\u0ec0\u0e9a\u0e8d)","en_DG":"\u0ead\u0eb1\u0e87\u0e81\u0eb4\u0e94 (\u0e94\u0eb4\u0ec0\u0ead\u0ec2\u0e81 \u0e81\u0eb2\u0ec0\u0e8a\u0e8d)","en_DM":"\u0ead\u0eb1\u0e87\u0e81\u0eb4\u0e94 (\u0ec2\u0e94\u0ea1\u0eb5\u0e99\u0eb4\u0e84\u0eb2)","en_TV":"\u0ead\u0eb1\u0e87\u0e81\u0eb4\u0e94 (\u0e95\u0eb9\u0ea7\u0eb2\u0ea5\u0eb9)","en_TK":"\u0ead\u0eb1\u0e87\u0e81\u0eb4\u0e94 (\u0ec2\u0e95\u0ec0\u0e81\u0ec0\u0ea5\u0ebb\u0eb2)","en_TT":"\u0ead\u0eb1\u0e87\u0e81\u0eb4\u0e94 (\u0e97\u0ea3\u0eb4\u0e99\u0eb4\u0ec1\u0e94\u0e94 \u0ec1\u0ea5\u0eb0 \u0ec2\u0e97\u0ec1\u0e9a\u0ec2\u0e81)","en_TO":"\u0ead\u0eb1\u0e87\u0e81\u0eb4\u0e94 (\u0e97\u0ead\u0e87\u0e81\u0eb2)","en_TZ":"\u0ead\u0eb1\u0e87\u0e81\u0eb4\u0e94 (\u0e97\u0eb2\u0e99\u0e8a\u0eb2\u0ec0\u0e99\u0e8d)","en_NA":"\u0ead\u0eb1\u0e87\u0e81\u0eb4\u0e94 (\u0e99\u0eb2\u0ea1\u0eb5\u0ec0\u0e9a\u0e8d)","en_NR":"\u0ead\u0eb1\u0e87\u0e81\u0eb4\u0e94 (\u0e99\u0eb2\u0ead\u0eb9\u0ea3\u0eb9)","en_NZ":"\u0ead\u0eb1\u0e87\u0e81\u0eb4\u0e94 (\u0e99\u0eb4\u0ea7\u0e8a\u0eb5\u0ec1\u0ea5\u0e99)","en_NU":"\u0ead\u0eb1\u0e87\u0e81\u0eb4\u0e94 (\u0e99\u0eb5\u0ead\u0eb9\u0ec0\u0ead)","en_NG":"\u0ead\u0eb1\u0e87\u0e81\u0eb4\u0e94 (\u0ec4\u0e99\u0e88\u0eb5\u0ec0\u0ea3\u0e8d)","en_BW":"\u0ead\u0eb1\u0e87\u0e81\u0eb4\u0e94 (\u0e9a\u0ead\u0e94\u0eaa\u0eb0\u0ea7\u0eb2\u0e99\u0eb2)","en_BB":"\u0ead\u0eb1\u0e87\u0e81\u0eb4\u0e94 (\u0e9a\u0eb2\u0e9a\u0eb2\u0ec2\u0e94\u0eaa)","en_BS":"\u0ead\u0eb1\u0e87\u0e81\u0eb4\u0e94 (\u0e9a\u0eb2\u0eae\u0eb2\u0ea1\u0eb2\u0eaa)","en_BZ":"\u0ead\u0eb1\u0e87\u0e81\u0eb4\u0e94 (\u0ec0\u0e9a\u0ea5\u0eb5\u0e8a)","en_BE":"\u0ead\u0eb1\u0e87\u0e81\u0eb4\u0e94 (\u0ec0\u0e9a\u0ea7\u0ea2\u0ebd\u0ea1)","en_BM":"\u0ead\u0eb1\u0e87\u0e81\u0eb4\u0e94 (\u0ec0\u0e9a\u0eb5\u0ea1\u0eb4\u0ea7\u0e94\u0eb2)","en_PK":"\u0ead\u0eb1\u0e87\u0e81\u0eb4\u0e94 (\u0e9b\u0eb2\u0e81\u0eb4\u0eaa\u0e96\u0eb2\u0e99)","en_PG":"\u0ead\u0eb1\u0e87\u0e81\u0eb4\u0e94 (\u0e9b\u0eb2\u0e9b\u0ebb\u0ea7\u0e99\u0eb4\u0ea7\u0e81\u0eb5\u0e99\u0eb5)","en_PW":"\u0ead\u0eb1\u0e87\u0e81\u0eb4\u0e94 (\u0e9b\u0eb2\u0ec0\u0ea5\u0ebb\u0eb2)","en_PR":"\u0ead\u0eb1\u0e87\u0e81\u0eb4\u0e94 (\u0ec0\u0e9e\u0eb7\u0ead\u0ec2\u0e95 \u0ea3\u0eb4\u0ec2\u0e81)","en_FJ":"\u0ead\u0eb1\u0e87\u0e81\u0eb4\u0e94 (\u0e9f\u0eb4\u0e88\u0eb4)","en_PH":"\u0ead\u0eb1\u0e87\u0e81\u0eb4\u0e94 (\u0e9f\u0eb4\u0ea5\u0eb4\u0e9a\u0e9b\u0eb4\u0e99)","en_MS":"\u0ead\u0eb1\u0e87\u0e81\u0eb4\u0e94 (\u0ea1\u0ead\u0e99\u0ec0\u0e8a\u0eb5\u0ea3\u0eb2\u0e94)","en_MT":"\u0ead\u0eb1\u0e87\u0e81\u0eb4\u0e94 (\u0ea1\u0ead\u0e99\u0e97\u0eb2)","en_MO":"\u0ead\u0eb1\u0e87\u0e81\u0eb4\u0e94 (\u0ea1\u0eb2\u0ec0\u0e81\u0ebb\u0ec9\u0eb2 \u0ec0\u0e82\u0e94\u0e9b\u0ebb\u0e81\u0e84\u0ead\u0e87\u0e9e\u0eb4\u0ec0\u0eaa\u0e94 \u0e88\u0eb5\u0e99)","en_MG":"\u0ead\u0eb1\u0e87\u0e81\u0eb4\u0e94 (\u0ea1\u0eb2\u0e94\u0eb2\u0e81\u0eb2\u0eaa\u0e81\u0eb2)","en_MW":"\u0ead\u0eb1\u0e87\u0e81\u0eb4\u0e94 (\u0ea1\u0eb2\u0ea5\u0eb2\u0ea7\u0eb5)","en_MY":"\u0ead\u0eb1\u0e87\u0e81\u0eb4\u0e94 (\u0ea1\u0eb2\u0ec0\u0ea5\u0ec0\u0e8a\u0e8d)","en_MU":"\u0ead\u0eb1\u0e87\u0e81\u0eb4\u0e94 (\u0ea1\u0ebb\u0ea7\u0ea3\u0eb4\u0e8a\u0ebd\u0eaa)","en_FM":"\u0ead\u0eb1\u0e87\u0e81\u0eb4\u0e94 (\u0ec4\u0ea1\u0ec2\u0e84\u0ea3\u0e99\u0eb5\u0ec0\u0e8a\u0e8d)","en_RW":"\u0ead\u0eb1\u0e87\u0e81\u0eb4\u0e94 (\u0ea3\u0ea7\u0eb1\u0e99\u0e94\u0eb2)","en_LR":"\u0ead\u0eb1\u0e87\u0e81\u0eb4\u0e94 (\u0ea5\u0eb4\u0ec0\u0e9a\u0eb5\u0ec0\u0ea3\u0e8d)","en_LS":"\u0ead\u0eb1\u0e87\u0e81\u0eb4\u0e94 (\u0ec0\u0ea5\u0ec2\u0e8a\u0ec2\u0e97)","en_VU":"\u0ead\u0eb1\u0e87\u0e81\u0eb4\u0e94 (\u0ea7\u0eb2\u0e99\u0ebb\u0ea7\u0e95\u0eb9)","en_TC":"\u0ead\u0eb1\u0e87\u0e81\u0eb4\u0e94 (\u0edd\u0eb9\u0ec8\u0ec0\u0e81\u0eb2\u0eb0 \u0ec0\u0e97\u0eb5\u0e81 \u0ec1\u0ea5\u0eb0 \u0ec4\u0e84\u0ec2\u0e84\u0eaa)","en_VG":"\u0ead\u0eb1\u0e87\u0e81\u0eb4\u0e94 (\u0edd\u0eb9\u0ec8\u0ec0\u0e81\u0eb2\u0eb0 \u0e9a\u0ea3\u0eb4\u0e97\u0eb4\u0e8a \u0ec0\u0ea7\u0eb5\u0e88\u0eb4\u0e99)","en_VI":"\u0ead\u0eb1\u0e87\u0e81\u0eb4\u0e94 (\u0edd\u0eb9\u0ec8\u0ec0\u0e81\u0eb2\u0eb0 \u0ea2\u0eb9\u0ec0\u0ead\u0eaa \u0ec0\u0ea7\u0eb5\u0e88\u0eb4\u0e99)","en_CC":"\u0ead\u0eb1\u0e87\u0e81\u0eb4\u0e94 (\u0eab\u0ea1\u0eb9\u0ec8\u0ec0\u0e81\u0eb2\u0eb0\u0ec2\u0e81\u0ec2\u0e81\u0eaa)","en_CK":"\u0ead\u0eb1\u0e87\u0e81\u0eb4\u0e94 (\u0edd\u0eb9\u0ec8\u0ec0\u0e81\u0eb2\u0eb0\u0e84\u0eb8\u0e81)","en_SB":"\u0ead\u0eb1\u0e87\u0e81\u0eb4\u0e94 (\u0eab\u0ea1\u0eb9\u0ec8\u0ec0\u0e81\u0eb2\u0eb0\u0ec2\u0e8a\u0ec2\u0ea5\u0ea1\u0ead\u0e99)","en_PN":"\u0ead\u0eb1\u0e87\u0e81\u0eb4\u0e94 (\u0edd\u0eb9\u0ec8\u0ec0\u0e81\u0eb2\u0eb0\u0e9e\u0eb4\u0e94\u0ec1\u0e84\u0e99)","en_FK":"\u0ead\u0eb1\u0e87\u0e81\u0eb4\u0e94 (\u0eab\u0ea1\u0eb9\u0ec8\u0ec0\u0e81\u0eb2\u0eb0\u0e9f\u0ead\u0e81\u0ec1\u0ea5\u0e99)","en_MH":"\u0ead\u0eb1\u0e87\u0e81\u0eb4\u0e94 (\u0eab\u0ea1\u0eb9\u0ec8\u0ec0\u0e81\u0eb2\u0eb0\u0ea1\u0eb2\u0ec1\u0e8a\u0ea7)","en_MP":"\u0ead\u0eb1\u0e87\u0e81\u0eb4\u0e94 (\u0eab\u0ea1\u0eb9\u0ec8\u0ec0\u0e81\u0eb2\u0eb0\u0ea1\u0eb2\u0ec1\u0e8a\u0ea7\u0e95\u0ead\u0e99\u0ec0\u0eab\u0e99\u0eb7\u0ead)","en_UM":"\u0ead\u0eb1\u0e87\u0e81\u0eb4\u0e94 (\u0edd\u0eb9\u0ec8\u0ec0\u0e81\u0eb2\u0eb0\u0eae\u0ead\u0e9a\u0e99\u0ead\u0e81\u0e82\u0ead\u0e87\u0eaa\u0eb0\u0eab\u0eb0\u0ea5\u0eb1\u0e94\u0eaf)","en_AU":"\u0ead\u0eb1\u0e87\u0e81\u0eb4\u0e94 (\u0ead\u0ead\u0eaa\u0ec0\u0e95\u0ea3\u0ec0\u0ea5\u0e8d)","en_AG":"\u0ead\u0eb1\u0e87\u0e81\u0eb4\u0e94 (\u0ead\u0eb2\u0e97\u0eb4\u0e81\u0ebb\u0ea7 \u0e9a\u0eb2\u0e9a\u0eb9\u0e94\u0eb2)","en_ZA":"\u0ead\u0eb1\u0e87\u0e81\u0eb4\u0e94 (\u0ead\u0eb2\u0e9f\u0eb0\u0ea5\u0eb4\u0e81\u0eb2\u0ec3\u0e95\u0ec9)","en_AS":"\u0ead\u0eb1\u0e87\u0e81\u0eb4\u0e94 (\u0ead\u0eb2\u0ec0\u0ea1\u0ea3\u0eb4\u0e81\u0eb2 \u0e8a\u0eb2\u0ea1\u0ebb\u0ea7)","en_IN":"\u0ead\u0eb1\u0e87\u0e81\u0eb4\u0e94 (\u0ead\u0eb4\u0e99\u0ec0\u0e94\u0e8d)","en_UG":"\u0ead\u0eb1\u0e87\u0e81\u0eb4\u0e94 (\u0ead\u0eb9\u0e81\u0eb2\u0e99\u0e94\u0eb2)","en_ER":"\u0ead\u0eb1\u0e87\u0e81\u0eb4\u0e94 (\u0ec0\u0ead\u0ea3\u0eb4\u0ec0\u0e97\u0ea3\u0e8d)","en_IM":"\u0ead\u0eb1\u0e87\u0e81\u0eb4\u0e94 (\u0ec0\u0ead\u0ea7 \u0ead\u0ead\u0e9a \u0ec1\u0ea1\u0e99)","en_AI":"\u0ead\u0eb1\u0e87\u0e81\u0eb4\u0e94 (\u0ec1\u0ead\u0e99\u0e81\u0eb8\u0e8d\u0ea5\u0eb2)","en_IE":"\u0ead\u0eb1\u0e87\u0e81\u0eb4\u0e94 (\u0ec4\u0ead\u0ea3\u0ecc\u0ec1\u0ea5\u0e99)","en_HK":"\u0ead\u0eb1\u0e87\u0e81\u0eb4\u0e94 (\u0eae\u0ead\u0e87\u0e81\u0ebb\u0e87 \u0ec0\u0e82\u0e94\u0e9b\u0ebb\u0e81\u0e84\u0ead\u0e87\u0e9e\u0eb4\u0ec0\u0eaa\u0e94 \u0e88\u0eb5\u0e99)","as":"\u0ead\u0eb1\u0eaa\u0e8a\u0eb2\u0ea1\u0eb5\u0eaa","as_IN":"\u0ead\u0eb1\u0eaa\u0e8a\u0eb2\u0ea1\u0eb5\u0eaa (\u0ead\u0eb4\u0e99\u0ec0\u0e94\u0e8d)","ak":"\u0ead\u0eb2\u0e81\u0eb2\u0e99","ak_GH":"\u0ead\u0eb2\u0e81\u0eb2\u0e99 (\u0e81\u0eb2\u0e99\u0eb2)","az":"\u0ead\u0eb2\u0ec0\u0e8a\u0eb5\u0ec4\u0e9a\u0e88\u0eb2\u0e99\u0eb4","az_Cyrl_AZ":"\u0ead\u0eb2\u0ec0\u0e8a\u0eb5\u0ec4\u0e9a\u0e88\u0eb2\u0e99\u0eb4 (\u0e8a\u0eb5\u0ea3\u0eb4\u0ea7\u0ea5\u0eb4\u0e81, \u0ead\u0eb2\u0ec0\u0e8a\u0eb5\u0ec4\u0e9a\u0e88\u0eb2\u0e99)","az_Cyrl":"\u0ead\u0eb2\u0ec0\u0e8a\u0eb5\u0ec4\u0e9a\u0e88\u0eb2\u0e99\u0eb4 (\u0e8a\u0eb5\u0ea3\u0eb4\u0ea7\u0ea5\u0eb4\u0e81)","az_Latn_AZ":"\u0ead\u0eb2\u0ec0\u0e8a\u0eb5\u0ec4\u0e9a\u0e88\u0eb2\u0e99\u0eb4 (\u0ea5\u0eb2\u0e95\u0eb4\u0e99, \u0ead\u0eb2\u0ec0\u0e8a\u0eb5\u0ec4\u0e9a\u0e88\u0eb2\u0e99)","az_Latn":"\u0ead\u0eb2\u0ec0\u0e8a\u0eb5\u0ec4\u0e9a\u0e88\u0eb2\u0e99\u0eb4 (\u0ea5\u0eb2\u0e95\u0eb4\u0e99)","az_AZ":"\u0ead\u0eb2\u0ec0\u0e8a\u0eb5\u0ec4\u0e9a\u0e88\u0eb2\u0e99\u0eb4 (\u0ead\u0eb2\u0ec0\u0e8a\u0eb5\u0ec4\u0e9a\u0e88\u0eb2\u0e99)","sq":"\u0ead\u0eb2\u0e99\u0e9a\u0eb2\u0e99\u0ebd\u0e99","sq_XK":"\u0ead\u0eb2\u0e99\u0e9a\u0eb2\u0e99\u0ebd\u0e99 (\u0ec2\u0e84\u0ec2\u0e8a\u0ec2\u0ea7)","sq_MK":"\u0ead\u0eb2\u0e99\u0e9a\u0eb2\u0e99\u0ebd\u0e99 (\u0ec1\u0ea1\u0e8a\u0eb4\u0ec2\u0e94\u0ec0\u0e99\u0e8d)","sq_AL":"\u0ead\u0eb2\u0e99\u0e9a\u0eb2\u0e99\u0ebd\u0e99 (\u0ec1\u0ead\u0ea7\u0ec0\u0e9a\u0ec0\u0e99\u0e8d)","af":"\u0ead\u0eb2\u0e9f\u0ea3\u0eb4\u0e81\u0eb2\u0e99","af_NA":"\u0ead\u0eb2\u0e9f\u0ea3\u0eb4\u0e81\u0eb2\u0e99 (\u0e99\u0eb2\u0ea1\u0eb5\u0ec0\u0e9a\u0e8d)","af_ZA":"\u0ead\u0eb2\u0e9f\u0ea3\u0eb4\u0e81\u0eb2\u0e99 (\u0ead\u0eb2\u0e9f\u0eb0\u0ea5\u0eb4\u0e81\u0eb2\u0ec3\u0e95\u0ec9)","hy":"\u0ead\u0eb2\u0ec0\u0ea1\u0e99\u0ebd\u0e99","hy_AM":"\u0ead\u0eb2\u0ec0\u0ea1\u0e99\u0ebd\u0e99 (\u0ead\u0eb2\u0ec0\u0ea1\u0ec0\u0e99\u0e8d)","ar":"\u0ead\u0eb2\u0ea3\u0eb1\u0e9a","ar_QA":"\u0ead\u0eb2\u0ea3\u0eb1\u0e9a (\u0e81\u0eb2\u0e95\u0eb2)","ar_KW":"\u0ead\u0eb2\u0ea3\u0eb1\u0e9a (\u0e84\u0eb9\u0ec0\u0ea7\u0e94)","ar_KM":"\u0ead\u0eb2\u0ea3\u0eb1\u0e9a (\u0ec2\u0e84\u0ec2\u0ea1\u0ec2\u0ea3\u0eaa)","ar_JO":"\u0ead\u0eb2\u0ea3\u0eb1\u0e9a (\u0e88\u0ecd\u0ec1\u0e94\u0e99)","ar_DJ":"\u0ead\u0eb2\u0ea3\u0eb1\u0e9a (\u0e88\u0eb4\u0e9a\u0eb9\u0e95\u0eb4)","ar_AE":"\u0ead\u0eb2\u0ea3\u0eb1\u0e9a (\u0eaa\u0eb0\u0eab\u0eb0\u0ea5\u0eb1\u0e94\u0ead\u0eb2\u0ea3\u0eb1\u0e9a\u0ec0\u0ead\u0ea1\u0eb4\u0ec0\u0ea3\u0e94)","ar_TD":"\u0ead\u0eb2\u0ea3\u0eb1\u0e9a (\u0e8a\u0eb2\u0e94)","ar_SA":"\u0ead\u0eb2\u0ea3\u0eb1\u0e9a (\u0e8a\u0eb2\u0ead\u0eb8\u0e94\u0eb4 \u0ead\u0eb2\u0ea3\u0eb2\u0ec0\u0e9a\u0e8d)","ar_EH":"\u0ead\u0eb2\u0ea3\u0eb1\u0e9a (\u0e8a\u0eb2\u0eae\u0eb2\u0ea3\u0eb2\u0e95\u0eb2\u0ec0\u0ea7\u0eb1\u0e99\u0e95\u0ebb\u0e81)","ar_SY":"\u0ead\u0eb2\u0ea3\u0eb1\u0e9a (\u0e8a\u0eb5\u0ec0\u0ea3\u0e8d)","ar_SD":"\u0ead\u0eb2\u0ea3\u0eb1\u0e9a (\u0e8a\u0eb9\u0e94\u0eb2\u0e99)","ar_SS":"\u0ead\u0eb2\u0ea3\u0eb1\u0e9a (\u0e8a\u0eb9\u0e94\u0eb2\u0e99\u0ec3\u0e95\u0ec9)","ar_SO":"\u0ead\u0eb2\u0ea3\u0eb1\u0e9a (\u0ec2\u0e8a\u0ea1\u0eb2\u0ec0\u0ea5\u0e8d)","ar_PS":"\u0ead\u0eb2\u0ea3\u0eb1\u0e9a (\u0e94\u0eb4\u0e99\u0ec1\u0e94\u0e99 \u0e9b\u0eb2\u0ec0\u0ea5\u0eaa\u0e95\u0eb4\u0e99\u0ebd\u0e99)","ar_TN":"\u0ead\u0eb2\u0ea3\u0eb1\u0e9a (\u0e95\u0eb9\u0e99\u0eb4\u0ec0\u0e8a\u0e8d)","ar_BH":"\u0ead\u0eb2\u0ea3\u0eb1\u0e9a (\u0e9a\u0eb2\u0ec0\u0ea3\u0e99)","ar_MR":"\u0ead\u0eb2\u0ea3\u0eb1\u0e9a (\u0ea1\u0ebb\u0ea7\u0ea3\u0eb4\u0ec0\u0e97\u0ec0\u0e99\u0e8d)","ar_MA":"\u0ead\u0eb2\u0ea3\u0eb1\u0e9a (\u0ec2\u0ea1\u0ea3\u0eb1\u0ead\u0e81\u0ec2\u0e84)","ar_YE":"\u0ead\u0eb2\u0ea3\u0eb1\u0e9a (\u0ec0\u0ea2\u0ec0\u0ea1\u0e99)","ar_LY":"\u0ead\u0eb2\u0ea3\u0eb1\u0e9a (\u0ea5\u0eb4\u0ec0\u0e9a\u0e8d)","ar_LB":"\u0ead\u0eb2\u0ea3\u0eb1\u0e9a (\u0ec0\u0ea5\u0e9a\u0eb2\u0e99\u0ead\u0e99)","ar_DZ":"\u0ead\u0eb2\u0ea3\u0eb1\u0e9a (\u0ead\u0eb1\u0ea5\u0e88\u0eb4\u0ec0\u0ea3\u0e8d)","ar_IL":"\u0ead\u0eb2\u0ea3\u0eb1\u0e9a (\u0ead\u0eb4\u0eaa\u0ea3\u0eb2\u0ec0\u0ead\u0ea7)","ar_EG":"\u0ead\u0eb2\u0ea3\u0eb1\u0e9a (\u0ead\u0eb5\u0ea2\u0eb4\u0e9a)","ar_IQ":"\u0ead\u0eb2\u0ea3\u0eb1\u0e9a (\u0ead\u0eb5\u0ea3\u0eb1\u0e81)","ar_ER":"\u0ead\u0eb2\u0ea3\u0eb1\u0e9a (\u0ec0\u0ead\u0ea3\u0eb4\u0ec0\u0e97\u0ea3\u0e8d)","ar_OM":"\u0ead\u0eb2\u0ea3\u0eb1\u0e9a (\u0ec2\u0ead\u0ea1\u0eb2\u0e99)","am":"\u0ead\u0eb3\u0eae\u0eb2\u0ea3\u0eb4\u0e81","am_ET":"\u0ead\u0eb3\u0eae\u0eb2\u0ea3\u0eb4\u0e81 (\u0ead\u0eb5\u0e97\u0eb4\u0ec2\u0ead\u0ec0\u0e9b\u0e8d)","ig":"\u0ead\u0eb4\u0e81\u0ec2\u0e9a","ig_NG":"\u0ead\u0eb4\u0e81\u0ec2\u0e9a (\u0ec4\u0e99\u0e88\u0eb5\u0ec0\u0ea3\u0e8d)","it":"\u0ead\u0eb4\u0e95\u0eb2\u0ea5\u0ebd\u0e99","it_CH":"\u0ead\u0eb4\u0e95\u0eb2\u0ea5\u0ebd\u0e99 (\u0eaa\u0eb0\u0ea7\u0eb4\u0e94\u0ec0\u0e8a\u0eb5\u0ec1\u0ea5\u0e99)","it_SM":"\u0ead\u0eb4\u0e95\u0eb2\u0ea5\u0ebd\u0e99 (\u0ec1\u0e8a\u0e99 \u0ea1\u0eb2\u0ea3\u0eb4\u0ec2\u0e99)","it_IT":"\u0ead\u0eb4\u0e95\u0eb2\u0ea5\u0ebd\u0e99 (\u0ead\u0eb4\u0e95\u0eb2\u0ea5\u0eb5)","id":"\u0ead\u0eb4\u0e99\u0ec2\u0e94\u0ec0\u0e99\u0e8a\u0ebd\u0e99","id_ID":"\u0ead\u0eb4\u0e99\u0ec2\u0e94\u0ec0\u0e99\u0e8a\u0ebd\u0e99 (\u0ead\u0eb4\u0e99\u0ec2\u0e94\u0ec0\u0e99\u0ec0\u0e8a\u0e8d)","ee":"\u0ead\u0eb4\u0ea7\u0eb2","ee_GH":"\u0ead\u0eb4\u0ea7\u0eb2 (\u0e81\u0eb2\u0e99\u0eb2)","ee_TG":"\u0ead\u0eb4\u0ea7\u0eb2 (\u0ec2\u0e95\u0ec2\u0e81)","uz":"\u0ead\u0eb8\u0eaa\u0ec0\u0e9a\u0e81","uz_Cyrl_UZ":"\u0ead\u0eb8\u0eaa\u0ec0\u0e9a\u0e81 (\u0e8a\u0eb5\u0ea3\u0eb4\u0ea7\u0ea5\u0eb4\u0e81, \u0ead\u0eb8\u0eaa\u0ec0\u0e9a\u0e81\u0eb4\u0eaa\u0e96\u0eb2\u0e99)","uz_Cyrl":"\u0ead\u0eb8\u0eaa\u0ec0\u0e9a\u0e81 (\u0e8a\u0eb5\u0ea3\u0eb4\u0ea7\u0ea5\u0eb4\u0e81)","uz_Latn_UZ":"\u0ead\u0eb8\u0eaa\u0ec0\u0e9a\u0e81 (\u0ea5\u0eb2\u0e95\u0eb4\u0e99, \u0ead\u0eb8\u0eaa\u0ec0\u0e9a\u0e81\u0eb4\u0eaa\u0e96\u0eb2\u0e99)","uz_Latn":"\u0ead\u0eb8\u0eaa\u0ec0\u0e9a\u0e81 (\u0ea5\u0eb2\u0e95\u0eb4\u0e99)","uz_AF":"\u0ead\u0eb8\u0eaa\u0ec0\u0e9a\u0e81 (\u0ead\u0eb2\u0e9f\u0e81\u0eb2\u0e99\u0eb4\u0eaa\u0e96\u0eb2\u0e99)","uz_Arab_AF":"\u0ead\u0eb8\u0eaa\u0ec0\u0e9a\u0e81 (\u0ead\u0eb2\u0ea3\u0eb2\u0e9a\u0eb4\u0e81, \u0ead\u0eb2\u0e9f\u0e81\u0eb2\u0e99\u0eb4\u0eaa\u0e96\u0eb2\u0e99)","uz_Arab":"\u0ead\u0eb8\u0eaa\u0ec0\u0e9a\u0e81 (\u0ead\u0eb2\u0ea3\u0eb2\u0e9a\u0eb4\u0e81)","uz_UZ":"\u0ead\u0eb8\u0eaa\u0ec0\u0e9a\u0e81 (\u0ead\u0eb8\u0eaa\u0ec0\u0e9a\u0e81\u0eb4\u0eaa\u0e96\u0eb2\u0e99)","ug":"\u0ead\u0eb8\u0e8d\u0ec0\u0e84\u0eb5","ug_CN":"\u0ead\u0eb8\u0e8d\u0ec0\u0e84\u0eb5 (\u0e88\u0eb5\u0e99)","ug_Arab_CN":"\u0ead\u0eb8\u0e8d\u0ec0\u0e84\u0eb5 (\u0ead\u0eb2\u0ea3\u0eb2\u0e9a\u0eb4\u0e81, \u0e88\u0eb5\u0e99)","ug_Arab":"\u0ead\u0eb8\u0e8d\u0ec0\u0e84\u0eb5 (\u0ead\u0eb2\u0ea3\u0eb2\u0e9a\u0eb4\u0e81)","ur":"\u0ead\u0eb9\u0ea3\u0eb0\u0e94\u0eb9","ur_PK":"\u0ead\u0eb9\u0ea3\u0eb0\u0e94\u0eb9 (\u0e9b\u0eb2\u0e81\u0eb4\u0eaa\u0e96\u0eb2\u0e99)","ur_IN":"\u0ead\u0eb9\u0ea3\u0eb0\u0e94\u0eb9 (\u0ead\u0eb4\u0e99\u0ec0\u0e94\u0e8d)","et":"\u0ec0\u0ead\u0eaa\u0ec2\u0e95\u0e99\u0ebd\u0e99","et_EE":"\u0ec0\u0ead\u0eaa\u0ec2\u0e95\u0e99\u0ebd\u0e99 (\u0ec0\u0ead\u0eaa\u0ec2\u0e95\u0ec0\u0e99\u0e8d)","eo":"\u0ec0\u0ead\u0eaa\u0ec0\u0e9b\u0eb5\u0ea3\u0eb1\u0e99\u0ec2\u0e95","nd":"\u0ec0\u0ead\u0eb1\u0e99\u0ec0\u0e94\u0ec0\u0e9a\u0ec0\u0ea5\u0ec0\u0edc\u0eb7\u0ead","nd_ZW":"\u0ec0\u0ead\u0eb1\u0e99\u0ec0\u0e94\u0ec0\u0e9a\u0ec0\u0ea5\u0ec0\u0edc\u0eb7\u0ead (\u0e8a\u0eb4\u0ea1\u0e9a\u0eb1\u0e9a\u0ec0\u0ea7)","or":"\u0ec2\u0ead\u0ea3\u0eb4\u0ea2\u0eb2","or_IN":"\u0ec2\u0ead\u0ea3\u0eb4\u0ea2\u0eb2 (\u0ead\u0eb4\u0e99\u0ec0\u0e94\u0e8d)","om":"\u0ec2\u0ead\u0ec2\u0ea3\u0ec2\u0ea1","om_KE":"\u0ec2\u0ead\u0ec2\u0ea3\u0ec2\u0ea1 (\u0ec0\u0e84\u0e99\u0ea2\u0eb2)","om_ET":"\u0ec2\u0ead\u0ec2\u0ea3\u0ec2\u0ea1 (\u0ead\u0eb5\u0e97\u0eb4\u0ec2\u0ead\u0ec0\u0e9b\u0e8d)","is":"\u0ec4\u0ead\u0eaa\u0ec1\u0ea5\u0e99\u0e94\u0eb4\u0e81","is_IS":"\u0ec4\u0ead\u0eaa\u0ec1\u0ea5\u0e99\u0e94\u0eb4\u0e81 (\u0ec4\u0ead\u0eaa\u0ec1\u0ea5\u0e99)","ga":"\u0ec4\u0ead\u0ea3\u0eb4\u0eaa","ga_IE":"\u0ec4\u0ead\u0ea3\u0eb4\u0eaa (\u0ec4\u0ead\u0ea3\u0ecc\u0ec1\u0ea5\u0e99)","hu":"\u0eae\u0eb1\u0e87\u0e81\u0eb2\u0ea3\u0ebd\u0e99","hu_HU":"\u0eae\u0eb1\u0e87\u0e81\u0eb2\u0ea3\u0ebd\u0e99 (\u0eae\u0eb1\u0e87\u0e81\u0eb2\u0ea3\u0eb5)","hi":"\u0eae\u0eb4\u0e99\u0e94\u0eb4","hi_IN":"\u0eae\u0eb4\u0e99\u0e94\u0eb4 (\u0ead\u0eb4\u0e99\u0ec0\u0e94\u0e8d)","he":"\u0eae\u0eb5\u0e9a\u0ea3\u0eb4\u0ea7","he_IL":"\u0eae\u0eb5\u0e9a\u0ea3\u0eb4\u0ea7 (\u0ead\u0eb4\u0eaa\u0ea3\u0eb2\u0ec0\u0ead\u0ea7)","ha":"\u0ec0\u0eae\u0ebb\u0eb2\u0e8a\u0eb2","ha_GH":"\u0ec0\u0eae\u0ebb\u0eb2\u0e8a\u0eb2 (\u0e81\u0eb2\u0e99\u0eb2)","ha_NE":"\u0ec0\u0eae\u0ebb\u0eb2\u0e8a\u0eb2 (\u0e99\u0eb4\u0ec0\u0e88\u0eb5)","ha_NG":"\u0ec0\u0eae\u0ebb\u0eb2\u0e8a\u0eb2 (\u0ec4\u0e99\u0e88\u0eb5\u0ec0\u0ea3\u0e8d)","ha_Latn_GH":"\u0ec0\u0eae\u0ebb\u0eb2\u0e8a\u0eb2 (\u0ea5\u0eb2\u0e95\u0eb4\u0e99, \u0e81\u0eb2\u0e99\u0eb2)","ha_Latn_NE":"\u0ec0\u0eae\u0ebb\u0eb2\u0e8a\u0eb2 (\u0ea5\u0eb2\u0e95\u0eb4\u0e99, \u0e99\u0eb4\u0ec0\u0e88\u0eb5)","ha_Latn_NG":"\u0ec0\u0eae\u0ebb\u0eb2\u0e8a\u0eb2 (\u0ea5\u0eb2\u0e95\u0eb4\u0e99, \u0ec4\u0e99\u0e88\u0eb5\u0ec0\u0ea3\u0e8d)","ha_Latn":"\u0ec0\u0eae\u0ebb\u0eb2\u0e8a\u0eb2 (\u0ea5\u0eb2\u0e95\u0eb4\u0e99)"}