{"af":"afrikan\u0173","af_NA":"afrikan\u0173 (Namibija)","af_ZA":"afrikan\u0173 (Piet\u0173 Afrika)","ga":"airi\u0173","ga_IE":"airi\u0173 (Airija)","ak":"akan\u0173","ak_GH":"akan\u0173 (Gana)","sq":"alban\u0173","sq_AL":"alban\u0173 (Albanija)","sq_XK":"alban\u0173 (Kosovas)","sq_MK":"alban\u0173 (Makedonija)","am":"amhar\u0173","am_ET":"amhar\u0173 (Etiopija)","en":"angl\u0173","en_IE":"angl\u0173 (Airija)","en_AS":"angl\u0173 (Amerikos Samoa)","en_AI":"angl\u0173 (Angilija)","en_AG":"angl\u0173 (Antigva ir Barbuda)","en_AU":"angl\u0173 (Australija)","en_BS":"angl\u0173 (Bahamos)","en_BB":"angl\u0173 (Barbadosas)","en_BE":"angl\u0173 (Belgija)","en_BZ":"angl\u0173 (Belizas)","en_BM":"angl\u0173 (Bermuda)","en_BW":"angl\u0173 (Botsvana)","en_GB":"angl\u0173 (Did\u017eioji Britanija)","en_VG":"angl\u0173 (Did\u017eiosios Britanijos Mergeli\u0173 Salos)","en_DG":"angl\u0173 (Diego Garsija)","en_DM":"angl\u0173 (Dominika)","en_JE":"angl\u0173 (D\u017eersis)","en_ER":"angl\u0173 (Eritr\u0117ja)","en_FJ":"angl\u0173 (Fid\u017eis)","en_PH":"angl\u0173 (Filipinai)","en_FK":"angl\u0173 (Folklando Salos)","en_GY":"angl\u0173 (Gajana)","en_GM":"angl\u0173 (Gambija)","en_GH":"angl\u0173 (Gana)","en_GG":"angl\u0173 (Gernsis)","en_GI":"angl\u0173 (Gibraltaras)","en_GD":"angl\u0173 (Grenada)","en_GU":"angl\u0173 (Guamas)","en_IN":"angl\u0173 (Indija)","en_IO":"angl\u0173 (Indijos Vandenyno Brit\u0173 Sritis)","en_HK":"angl\u0173 (Ypatingasis Administracinis Kinijos Regionas Honkongas)","en_MO":"angl\u0173 (Ypatingasis Administracinis Kinijos Regionas Makao)","en_JM":"angl\u0173 (Jamaika)","en_US":"angl\u0173 (Jungtin\u0117s Valstijos)","en_UM":"angl\u0173 (Jungtini\u0173 Valstij\u0173 Ma\u017eosios Tolimosios Salos)","en_VI":"angl\u0173 (Jungtini\u0173 Valstij\u0173 Mergeli\u0173 Salos)","en_KY":"angl\u0173 (Kaiman\u0173 Salos)","en_CX":"angl\u0173 (Kal\u0117d\u0173 Sala)","en_CM":"angl\u0173 (Kamer\u016bnas)","en_CA":"angl\u0173 (Kanada)","en_KE":"angl\u0173 (Kenija)","en_KI":"angl\u0173 (Kiribatis)","en_CC":"angl\u0173 (Kokos\u0173 (Kilingo) Salos)","en_CK":"angl\u0173 (Kuko Salos)","en_LS":"angl\u0173 (Lesotas)","en_LR":"angl\u0173 (Liberija)","en_MG":"angl\u0173 (Madagaskaras)","en_MY":"angl\u0173 (Malaizija)","en_MW":"angl\u0173 (Malavis)","en_MT":"angl\u0173 (Malta)","en_MP":"angl\u0173 (Marianos \u0160iaurin\u0117s Salos)","en_MH":"angl\u0173 (Mar\u0161alo Salos)","en_MU":"angl\u0173 (Mauricijus)","en_IM":"angl\u0173 (Meno Sala)","en_FM":"angl\u0173 (Mikronezija)","en_MS":"angl\u0173 (Montseratas)","en_NA":"angl\u0173 (Namibija)","en_NZ":"angl\u0173 (Naujoji Zelandija)","en_NR":"angl\u0173 (Nauru)","en_NG":"angl\u0173 (Nigerija)","en_NU":"angl\u0173 (Niuj\u0117)","en_NF":"angl\u0173 (Norfolko sala)","en_PK":"angl\u0173 (Pakistanas)","en_PW":"angl\u0173 (Palau)","en_PG":"angl\u0173 (Papua Naujoji Gvin\u0117ja)","en_ZA":"angl\u0173 (Piet\u0173 Afrika)","en_SS":"angl\u0173 (Piet\u0173 Sudanas)","en_PN":"angl\u0173 (Pitkernas)","en_PR":"angl\u0173 (Puerto Rikas)","en_RW":"angl\u0173 (Ruanda)","en_SB":"angl\u0173 (Saliamono Salos)","en_WS":"angl\u0173 (Samoa)","en_SC":"angl\u0173 (Sei\u0161eliai)","en_KN":"angl\u0173 (Sent Kitsas ir Nevis)","en_SL":"angl\u0173 (Siera Leon\u0117)","en_SG":"angl\u0173 (Singap\u016bras)","en_SX":"angl\u0173 (Sint Martenas)","en_SD":"angl\u0173 (Sudanas)","en_SZ":"angl\u0173 (Svazilandas)","en_SH":"angl\u0173 (\u0160v. Elenos Sala)","en_VC":"angl\u0173 (\u0160ventasis Vincentas ir Grenadinai)","en_LC":"angl\u0173 (\u0160ventoji Liucija)","en_TZ":"angl\u0173 (Tanzanija)","en_TC":"angl\u0173 (Terkso ir Kaikoso Salos)","en_TK":"angl\u0173 (Tokelau)","en_TO":"angl\u0173 (Tonga)","en_TT":"angl\u0173 (Trinidadas ir Tobagas)","en_TV":"angl\u0173 (Tuvalu)","en_UG":"angl\u0173 (Uganda)","en_VU":"angl\u0173 (Vanuatu)","en_ZM":"angl\u0173 (Zambija)","en_ZW":"angl\u0173 (Zimbabv\u0117)","ar":"arab\u0173","ar_DZ":"arab\u0173 (Al\u017eyras)","ar_BH":"arab\u0173 (Bahreinas)","ar_TD":"arab\u0173 (\u010cadas)","ar_DJ":"arab\u0173 (D\u017eibutis)","ar_EG":"arab\u0173 (Egiptas)","ar_ER":"arab\u0173 (Eritr\u0117ja)","ar_IQ":"arab\u0173 (Irakas)","ar_IL":"arab\u0173 (Izraelis)","ar_YE":"arab\u0173 (Jemenas)","ar_JO":"arab\u0173 (Jordanija)","ar_AE":"arab\u0173 (Jungtiniai Arab\u0173 Emyratai)","ar_QA":"arab\u0173 (Kataras)","ar_KM":"arab\u0173 (Komorai)","ar_KW":"arab\u0173 (Kuveitas)","ar_LB":"arab\u0173 (Libanas)","ar_LY":"arab\u0173 (Libija)","ar_MA":"arab\u0173 (Marokas)","ar_MR":"arab\u0173 (Mauritanija)","ar_OM":"arab\u0173 (Omanas)","ar_PS":"arab\u0173 (Palestinos teritorija)","ar_SS":"arab\u0173 (Piet\u0173 Sudanas)","ar_SA":"arab\u0173 (Saudo Arabija)","ar_SY":"arab\u0173 (Sirija)","ar_SO":"arab\u0173 (Somalis)","ar_SD":"arab\u0173 (Sudanas)","ar_TN":"arab\u0173 (Tunisas)","ar_EH":"arab\u0173 (Vakar\u0173 Sachara)","hy":"arm\u0117n\u0173","hy_AM":"arm\u0117n\u0173 (Arm\u0117nija)","as":"asam\u0173","as_IN":"asam\u0173 (Indija)","az":"azerbaid\u017eanie\u010di\u0173","az_AZ":"azerbaid\u017eanie\u010di\u0173 (Azerbaid\u017eanas)","az_Cyrl_AZ":"azerbaid\u017eanie\u010di\u0173 (kirilica, Azerbaid\u017eanas)","az_Cyrl":"azerbaid\u017eanie\u010di\u0173 (kirilica)","az_Latn_AZ":"azerbaid\u017eanie\u010di\u0173 (lotyn\u0173, Azerbaid\u017eanas)","az_Latn":"azerbaid\u017eanie\u010di\u0173 (lotyn\u0173)","be":"baltarusi\u0173","be_BY":"baltarusi\u0173 (Baltarusija)","bm":"bambar\u0173","bm_Latn_ML":"bambar\u0173 (lotyn\u0173, Malis)","bm_Latn":"bambar\u0173 (lotyn\u0173)","eu":"bask\u0173","eu_ES":"bask\u0173 (Ispanija)","bn":"bengal\u0173","bn_BD":"bengal\u0173 (Banglade\u0161as)","bn_IN":"bengal\u0173 (Indija)","my":"birmie\u010di\u0173","my_MM":"birmie\u010di\u0173 (Mianmaras (Birma))","bs":"bosni\u0173","bs_BA":"bosni\u0173 (Bosnija ir Hercegovina)","bs_Cyrl_BA":"bosni\u0173 (kirilica, Bosnija ir Hercegovina)","bs_Cyrl":"bosni\u0173 (kirilica)","bs_Latn_BA":"bosni\u0173 (lotyn\u0173, Bosnija ir Hercegovina)","bs_Latn":"bosni\u0173 (lotyn\u0173)","dz":"botij\u0173","dz_BT":"botij\u0173 (Butanas)","br":"breton\u0173","br_FR":"breton\u0173 (Pranc\u016bzija)","bg":"bulgar\u0173","bg_BG":"bulgar\u0173 (Bulgarija)","cs":"\u010dek\u0173","cs_CZ":"\u010dek\u0173 (\u010cekija)","da":"dan\u0173","da_DK":"dan\u0173 (Danija)","da_GL":"dan\u0173 (Grenlandija)","eo":"esperanto","et":"est\u0173","et_EE":"est\u0173 (Estija)","ee":"evi\u0173","ee_GH":"evi\u0173 (Gana)","ee_TG":"evi\u0173 (Togas)","fo":"farer\u0173","fo_FO":"farer\u0173 (Farer\u0173 Salos)","ff":"fulah\u0173","ff_GN":"fulah\u0173 (Gvin\u0117ja)","ff_CM":"fulah\u0173 (Kamer\u016bnas)","ff_MR":"fulah\u0173 (Mauritanija)","ff_SN":"fulah\u0173 (Senegalas)","gl":"galis\u0173","gl_ES":"galis\u0173 (Ispanija)","lg":"ganda","lg_UG":"ganda (Uganda)","el":"graik\u0173","el_GR":"graik\u0173 (Graikija)","el_CY":"graik\u0173 (Kipras)","ka":"gruzin\u0173","ka_GE":"gruzin\u0173 (Gruzija)","gu":"gud\u017earat\u0173","gu_IN":"gud\u017earat\u0173 (Indija)","ha":"haus\u0173","ha_GH":"haus\u0173 (Gana)","ha_Latn_GH":"haus\u0173 (lotyn\u0173, Gana)","ha_Latn_NG":"haus\u0173 (lotyn\u0173, Nigerija)","ha_Latn_NE":"haus\u0173 (lotyn\u0173, Nigeris)","ha_Latn":"haus\u0173 (lotyn\u0173)","ha_NG":"haus\u0173 (Nigerija)","ha_NE":"haus\u0173 (Nigeris)","he":"hebraj\u0173","he_IL":"hebraj\u0173 (Izraelis)","hi":"hindi","hi_IN":"hindi (Indija)","ig":"igb\u0173","ig_NG":"igb\u0173 (Nigerija)","id":"indonezie\u010di\u0173","id_ID":"indonezie\u010di\u0173 (Indonezija)","is":"island\u0173","is_IS":"island\u0173 (Islandija)","es":"ispan\u0173","es_AR":"ispan\u0173 (Argentina)","es_BO":"ispan\u0173 (Bolivija)","es_CL":"ispan\u0173 (\u010cil\u0117)","es_DO":"ispan\u0173 (Dominikos Respublika)","es_EC":"ispan\u0173 (Ekvadoras)","es_PH":"ispan\u0173 (Filipinai)","es_GT":"ispan\u0173 (Gvatemala)","es_HN":"ispan\u0173 (Hond\u016bras)","es_ES":"ispan\u0173 (Ispanija)","es_US":"ispan\u0173 (Jungtin\u0117s Valstijos)","es_IC":"ispan\u0173 (Kanar\u0173 salos)","es_CO":"ispan\u0173 (Kolumbija)","es_CR":"ispan\u0173 (Kosta Rika)","es_CU":"ispan\u0173 (Kuba)","es_MX":"ispan\u0173 (Meksika)","es_NI":"ispan\u0173 (Nikaragva)","es_PA":"ispan\u0173 (Panama)","es_PY":"ispan\u0173 (Paragvajus)","es_PE":"ispan\u0173 (Peru)","es_PR":"ispan\u0173 (Puerto Rikas)","es_GQ":"ispan\u0173 (Pusiaujo Gvin\u0117ja)","es_SV":"ispan\u0173 (Salvadoras)","es_EA":"ispan\u0173 (Seuta ir Melila)","es_UY":"ispan\u0173 (Urugvajus)","es_VE":"ispan\u0173 (Venesuela)","it":"ital\u0173","it_IT":"ital\u0173 (Italija)","it_SM":"ital\u0173 (San Marinas)","it_CH":"ital\u0173 (\u0160veicarija)","ja":"japon\u0173","ja_JP":"japon\u0173 (Japonija)","yi":"jidi\u0161","yo":"jorub\u0173","yo_BJ":"jorub\u0173 (Beninas)","yo_NG":"jorub\u0173 (Nigerija)","kl":"kalalisut","kl_GL":"kalalisut (Grenlandija)","kn":"kanad\u0173","kn_IN":"kanad\u0173 (Indija)","ks":"ka\u0161myr\u0173","ks_Arab_IN":"ka\u0161myr\u0173 (arab\u0173, Indija)","ks_Arab":"ka\u0161myr\u0173 (arab\u0173)","ks_IN":"ka\u0161myr\u0173 (Indija)","ca":"katalon\u0173","ca_AD":"katalon\u0173 (Andora)","ca_ES":"katalon\u0173 (Ispanija)","ca_IT":"katalon\u0173 (Italija)","ca_FR":"katalon\u0173 (Pranc\u016bzija)","kk":"kazach\u0173","kk_KZ":"kazach\u0173 (Kazachstanas)","kk_Cyrl_KZ":"kazach\u0173 (kirilica, Kazachstanas)","kk_Cyrl":"kazach\u0173 (kirilica)","qu":"ke\u010duj\u0173","qu_BO":"ke\u010duj\u0173 (Bolivija)","qu_EC":"ke\u010duj\u0173 (Ekvadoras)","qu_PE":"ke\u010duj\u0173 (Peru)","km":"khmer\u0173","km_KH":"khmer\u0173 (Kambod\u017ea)","ki":"kikuj\u0173","ki_KE":"kikuj\u0173 (Kenija)","rw":"kinjaruand\u0173","rw_RW":"kinjaruand\u0173 (Ruanda)","zh":"kin\u0173","zh_HK":"kin\u0173 (Ypatingasis Administracinis Kinijos Regionas Honkongas)","zh_MO":"kin\u0173 (Ypatingasis Administracinis Kinijos Regionas Makao)","zh_CN":"kin\u0173 (Kinija)","zh_SG":"kin\u0173 (Singap\u016bras)","zh_Hans_HK":"kin\u0173 (supaprastinti, Ypatingasis Administracinis Kinijos Regionas Honkongas)","zh_Hans_MO":"kin\u0173 (supaprastinti, Ypatingasis Administracinis Kinijos Regionas Makao)","zh_Hans_CN":"kin\u0173 (supaprastinti, Kinija)","zh_Hans_SG":"kin\u0173 (supaprastinti, Singap\u016bras)","zh_Hans":"kin\u0173 (supaprastinti)","zh_TW":"kin\u0173 (Taivanas)","zh_Hant_HK":"kin\u0173 (tradiciniai, Ypatingasis Administracinis Kinijos Regionas Honkongas)","zh_Hant_MO":"kin\u0173 (tradiciniai, Ypatingasis Administracinis Kinijos Regionas Makao)","zh_Hant_TW":"kin\u0173 (tradiciniai, Taivanas)","zh_Hant":"kin\u0173 (tradiciniai)","ky":"kirgiz\u0173","ky_KG":"kirgiz\u0173 (Kirgizija)","ky_Cyrl_KG":"kirgiz\u0173 (kirilica, Kirgizija)","ky_Cyrl":"kirgiz\u0173 (kirilica)","ko":"kor\u0117jie\u010di\u0173","ko_KR":"kor\u0117jie\u010di\u0173 (Piet\u0173 Kor\u0117ja)","ko_KP":"kor\u0117jie\u010di\u0173 (\u0160iaur\u0117s Kor\u0117ja)","kw":"korn\u0173","kw_GB":"korn\u0173 (Did\u017eioji Britanija)","hr":"kroat\u0173","hr_BA":"kroat\u0173 (Bosnija ir Hercegovina)","hr_HR":"kroat\u0173 (Kroatija)","lo":"laosie\u010di\u0173","lo_LA":"laosie\u010di\u0173 (Laosas)","lv":"latvi\u0173","lv_LV":"latvi\u0173 (Latvija)","pl":"lenk\u0173","pl_PL":"lenk\u0173 (Lenkija)","lt":"lietuvi\u0173","lt_LT":"lietuvi\u0173 (Lietuva)","lb":"liuksemburgie\u010di\u0173","lb_LU":"liuksemburgie\u010di\u0173 (Liuksemburgas)","lu":"luba katanga","lu_CD":"luba katanga (Kongas-Kin\u0161asa)","mk":"makedon\u0173","mk_MK":"makedon\u0173 (Makedonija)","mg":"malagas\u0173","mg_MG":"malagas\u0173 (Madagaskaras)","ml":"malajali\u0173","ml_IN":"malajali\u0173 (Indija)","ms":"malajie\u010di\u0173","ms_BN":"malajie\u010di\u0173 (Brun\u0117jus)","ms_Latn_BN":"malajie\u010di\u0173 (lotyn\u0173, Brun\u0117jus)","ms_Latn_MY":"malajie\u010di\u0173 (lotyn\u0173, Malaizija)","ms_Latn_SG":"malajie\u010di\u0173 (lotyn\u0173, Singap\u016bras)","ms_Latn":"malajie\u010di\u0173 (lotyn\u0173)","ms_MY":"malajie\u010di\u0173 (Malaizija)","ms_SG":"malajie\u010di\u0173 (Singap\u016bras)","mt":"maltie\u010di\u0173","mt_MT":"maltie\u010di\u0173 (Malta)","mr":"marat\u0173","mr_IN":"marat\u0173 (Indija)","gv":"menie\u010di\u0173","gv_IM":"menie\u010di\u0173 (Meno Sala)","mn":"mongol\u0173","mn_Cyrl_MN":"mongol\u0173 (kirilica, Mongolija)","mn_Cyrl":"mongol\u0173 (kirilica)","mn_MN":"mongol\u0173 (Mongolija)","nn":"naujoji norveg\u0173","nn_NO":"naujoji norveg\u0173 (Norvegija)","ne":"nepalie\u010di\u0173","ne_IN":"nepalie\u010di\u0173 (Indija)","ne_NP":"nepalie\u010di\u0173 (Nepalas)","ln":"ngal\u0173","ln_AO":"ngal\u0173 (Angola)","ln_CF":"ngal\u0173 (Centrin\u0117s Afrikos Respublika)","ln_CG":"ngal\u0173 (Kongas-Brazavilis)","ln_CD":"ngal\u0173 (Kongas-Kin\u0161asa)","nb":"Norvegijos ra\u0161ytin\u0117 \u2013 b\u016bkmol\u0173","nb_NO":"Norvegijos ra\u0161ytin\u0117 \u2013 b\u016bkmol\u0173 (Norvegija)","nb_SJ":"Norvegijos ra\u0161ytin\u0117 \u2013 b\u016bkmol\u0173 (Svalbardas ir Janas Majenas)","no":"norveg\u0173","no_NO":"norveg\u0173 (Norvegija)","nl":"oland\u0173","nl_AW":"oland\u0173 (Aruba)","nl_BE":"oland\u0173 (Belgija)","nl_BQ":"oland\u0173 (Karib\u0173 Nyderlandai)","nl_CW":"oland\u0173 (Kiurasao)","nl_NL":"oland\u0173 (Nyderlandai)","nl_SX":"oland\u0173 (Sint Martenas)","nl_SR":"oland\u0173 (Surinamas)","or":"orij\u0173","or_IN":"orij\u0173 (Indija)","om":"orom\u0173","om_ET":"orom\u0173 (Etiopija)","om_KE":"orom\u0173 (Kenija)","os":"osetin\u0173","os_GE":"osetin\u0173 (Gruzija)","os_RU":"osetin\u0173 (Rusija)","pa":"pend\u017eab\u0173","pa_Arab_PK":"pend\u017eab\u0173 (arab\u0173, Pakistanas)","pa_Arab":"pend\u017eab\u0173 (arab\u0173)","pa_Guru_IN":"pend\u017eab\u0173 (gurmuki, Indija)","pa_Guru":"pend\u017eab\u0173 (gurmuki)","pa_IN":"pend\u017eab\u0173 (Indija)","pa_PK":"pend\u017eab\u0173 (Pakistanas)","fa":"pers\u0173","fa_AF":"pers\u0173 (Afganistanas)","fa_IR":"pers\u0173 (Iranas)","pt":"portugal\u0173","pt_AO":"portugal\u0173 (Angola)","pt_GW":"portugal\u0173 (Bisau Gvin\u0117ja)","pt_BR":"portugal\u0173 (Brazilija)","pt_MO":"portugal\u0173 (Ypatingasis Administracinis Kinijos Regionas Makao)","pt_MZ":"portugal\u0173 (Mozambikas)","pt_PT":"portugal\u0173 (Portugalija)","pt_TL":"portugal\u0173 (Ryt\u0173 Timoras)","pt_ST":"portugal\u0173 (San Tom\u0117 ir Prinsip\u0117)","pt_CV":"portugal\u0173 (\u017daliasis Ky\u0161ulys)","fr":"pranc\u016bz\u0173","fr_DZ":"pranc\u016bz\u0173 (Al\u017eyras)","fr_BE":"pranc\u016bz\u0173 (Belgija)","fr_BJ":"pranc\u016bz\u0173 (Beninas)","fr_BF":"pranc\u016bz\u0173 (Burkina Fasas)","fr_BI":"pranc\u016bz\u0173 (Burundis)","fr_CF":"pranc\u016bz\u0173 (Centrin\u0117s Afrikos Respublika)","fr_TD":"pranc\u016bz\u0173 (\u010cadas)","fr_CI":"pranc\u016bz\u0173 (Dramblio Kaulo Krantas)","fr_DJ":"pranc\u016bz\u0173 (D\u017eibutis)","fr_GA":"pranc\u016bz\u0173 (Gabonas)","fr_GP":"pranc\u016bz\u0173 (Gvadelupa)","fr_GN":"pranc\u016bz\u0173 (Gvin\u0117ja)","fr_HT":"pranc\u016bz\u0173 (Haitis)","fr_CM":"pranc\u016bz\u0173 (Kamer\u016bnas)","fr_CA":"pranc\u016bz\u0173 (Kanada)","fr_KM":"pranc\u016bz\u0173 (Komorai)","fr_CG":"pranc\u016bz\u0173 (Kongas-Brazavilis)","fr_CD":"pranc\u016bz\u0173 (Kongas-Kin\u0161asa)","fr_LU":"pranc\u016bz\u0173 (Liuksemburgas)","fr_MG":"pranc\u016bz\u0173 (Madagaskaras)","fr_YT":"pranc\u016bz\u0173 (Majotas)","fr_ML":"pranc\u016bz\u0173 (Malis)","fr_MA":"pranc\u016bz\u0173 (Marokas)","fr_MQ":"pranc\u016bz\u0173 (Martinika)","fr_MU":"pranc\u016bz\u0173 (Mauricijus)","fr_MR":"pranc\u016bz\u0173 (Mauritanija)","fr_MC":"pranc\u016bz\u0173 (Monakas)","fr_NC":"pranc\u016bz\u0173 (Naujoji Kaledonija)","fr_NE":"pranc\u016bz\u0173 (Nigeris)","fr_FR":"pranc\u016bz\u0173 (Pranc\u016bzija)","fr_GF":"pranc\u016bz\u0173 (Pranc\u016bzijos Gviana)","fr_PF":"pranc\u016bz\u0173 (Pranc\u016bz\u0173 Polinezija)","fr_GQ":"pranc\u016bz\u0173 (Pusiaujo Gvin\u0117ja)","fr_RE":"pranc\u016bz\u0173 (Reunjonas)","fr_RW":"pranc\u016bz\u0173 (Ruanda)","fr_SC":"pranc\u016bz\u0173 (Sei\u0161eliai)","fr_BL":"pranc\u016bz\u0173 (Sen Bartelemi)","fr_MF":"pranc\u016bz\u0173 (Sen Martenas)","fr_PM":"pranc\u016bz\u0173 (Sen Pjeras ir Mikelonas)","fr_SN":"pranc\u016bz\u0173 (Senegalas)","fr_SY":"pranc\u016bz\u0173 (Sirija)","fr_CH":"pranc\u016bz\u0173 (\u0160veicarija)","fr_TG":"pranc\u016bz\u0173 (Togas)","fr_TN":"pranc\u016bz\u0173 (Tunisas)","fr_VU":"pranc\u016bz\u0173 (Vanuatu)","fr_WF":"pranc\u016bz\u0173 (Volisas ir Futuna)","ps":"pu\u0161t\u016bn\u0173","ps_AF":"pu\u0161t\u016bn\u0173 (Afganistanas)","rm":"retoroman\u0173","rm_CH":"retoroman\u0173 (\u0160veicarija)","ro":"rumun\u0173","ro_MD":"rumun\u0173 (Moldova)","ro_RO":"rumun\u0173 (Rumunija)","rn":"rundi","rn_BI":"rundi (Burundis)","ru":"rus\u0173","ru_BY":"rus\u0173 (Baltarusija)","ru_KZ":"rus\u0173 (Kazachstanas)","ru_KG":"rus\u0173 (Kirgizija)","ru_MD":"rus\u0173 (Moldova)","ru_RU":"rus\u0173 (Rusija)","ru_UA":"rus\u0173 (Ukraina)","sg":"sango","sg_CF":"sango (Centrin\u0117s Afrikos Respublika)","sr":"serb\u0173","sr_BA":"serb\u0173 (Bosnija ir Hercegovina)","sr_ME":"serb\u0173 (Juodkalnija)","sr_Cyrl_BA":"serb\u0173 (kirilica, Bosnija ir Hercegovina)","sr_Cyrl_ME":"serb\u0173 (kirilica, Juodkalnija)","sr_Cyrl_XK":"serb\u0173 (kirilica, Kosovas)","sr_Cyrl_RS":"serb\u0173 (kirilica, Serbija)","sr_Cyrl":"serb\u0173 (kirilica)","sr_XK":"serb\u0173 (Kosovas)","sr_Latn_BA":"serb\u0173 (lotyn\u0173, Bosnija ir Hercegovina)","sr_Latn_ME":"serb\u0173 (lotyn\u0173, Juodkalnija)","sr_Latn_XK":"serb\u0173 (lotyn\u0173, Kosovas)","sr_Latn_RS":"serb\u0173 (lotyn\u0173, Serbija)","sr_Latn":"serb\u0173 (lotyn\u0173)","sr_RS":"serb\u0173 (Serbija)","sh":"serb\u0173-kroat\u0173","sh_BA":"serb\u0173-kroat\u0173 (Bosnija ir Hercegovina)","ii":"si\u010duan ji","ii_CN":"si\u010duan ji (Kinija)","si":"sinhal\u0173","si_LK":"sinhal\u0173 (\u0160ri Lanka)","sk":"slovak\u0173","sk_SK":"slovak\u0173 (Slovakija)","sl":"slov\u0117n\u0173","sl_SI":"slov\u0117n\u0173 (Slov\u0117nija)","so":"somalie\u010di\u0173","so_DJ":"somalie\u010di\u0173 (D\u017eibutis)","so_ET":"somalie\u010di\u0173 (Etiopija)","so_KE":"somalie\u010di\u0173 (Kenija)","so_SO":"somalie\u010di\u0173 (Somalis)","sw":"suahili\u0173","sw_KE":"suahili\u0173 (Kenija)","sw_TZ":"suahili\u0173 (Tanzanija)","sw_UG":"suahili\u0173 (Uganda)","fi":"suomi\u0173","fi_FI":"suomi\u0173 (Suomija)","nd":"\u0161iaur\u0117s ndebel\u0173","nd_ZW":"\u0161iaur\u0117s ndebel\u0173 (Zimbabv\u0117)","se":"\u0161iaur\u0117s sami\u0173","se_NO":"\u0161iaur\u0117s sami\u0173 (Norvegija)","se_FI":"\u0161iaur\u0117s sami\u0173 (Suomija)","se_SE":"\u0161iaur\u0117s sami\u0173 (\u0160vedija)","gd_GB":"\u0161kot\u0173 (Did\u017eioji Britanija)","gd":"\u0161kot\u0173 (g\u0117l\u0173)","sn":"\u0161on\u0173","sn_ZW":"\u0161on\u0173 (Zimbabv\u0117)","sv":"\u0161ved\u0173","sv_AX":"\u0161ved\u0173 (Aland\u0173 Salos)","sv_FI":"\u0161ved\u0173 (Suomija)","sv_SE":"\u0161ved\u0173 (\u0160vedija)","tl":"tagalog\u0173","tl_PH":"tagalog\u0173 (Filipinai)","th":"taj\u0173","th_TH":"taj\u0173 (Tailandas)","ta":"tamil\u0173","ta_IN":"tamil\u0173 (Indija)","ta_MY":"tamil\u0173 (Malaizija)","ta_SG":"tamil\u0173 (Singap\u016bras)","ta_LK":"tamil\u0173 (\u0160ri Lanka)","te":"telug\u0173","te_IN":"telug\u0173 (Indija)","bo":"tibetie\u010di\u0173","bo_IN":"tibetie\u010di\u0173 (Indija)","bo_CN":"tibetie\u010di\u0173 (Kinija)","ti":"tigraj\u0173","ti_ER":"tigraj\u0173 (Eritr\u0117ja)","ti_ET":"tigraj\u0173 (Etiopija)","to":"tongan\u0173","to_TO":"tongan\u0173 (Tonga)","tr":"turk\u0173","tr_CY":"turk\u0173 (Kipras)","tr_TR":"turk\u0173 (Turkija)","ug":"uig\u016br\u0173","ug_Arab_CN":"uig\u016br\u0173 (arab\u0173, Kinija)","ug_Arab":"uig\u016br\u0173 (arab\u0173)","ug_CN":"uig\u016br\u0173 (Kinija)","uk":"ukrainie\u010di\u0173","uk_UA":"ukrainie\u010di\u0173 (Ukraina)","ur":"urd\u0173","ur_IN":"urd\u0173 (Indija)","ur_PK":"urd\u0173 (Pakistanas)","uz":"uzbek\u0173","uz_AF":"uzbek\u0173 (Afganistanas)","uz_Arab_AF":"uzbek\u0173 (arab\u0173, Afganistanas)","uz_Arab":"uzbek\u0173 (arab\u0173)","uz_Cyrl_UZ":"uzbek\u0173 (kirilica, Uzbekistanas)","uz_Cyrl":"uzbek\u0173 (kirilica)","uz_Latn_UZ":"uzbek\u0173 (lotyn\u0173, Uzbekistanas)","uz_Latn":"uzbek\u0173 (lotyn\u0173)","uz_UZ":"uzbek\u0173 (Uzbekistanas)","fy":"vakar\u0173 fryz\u0173","fy_NL":"vakar\u0173 fryz\u0173 (Nyderlandai)","cy":"val\u0173","cy_GB":"val\u0173 (Did\u017eioji Britanija)","hu":"vengr\u0173","hu_HU":"vengr\u0173 (Vengrija)","vi":"vietnamie\u010di\u0173","vi_VN":"vietnamie\u010di\u0173 (Vietnamas)","de":"vokie\u010di\u0173","de_AT":"vokie\u010di\u0173 (Austrija)","de_BE":"vokie\u010di\u0173 (Belgija)","de_LI":"vokie\u010di\u0173 (Lichten\u0161teinas)","de_LU":"vokie\u010di\u0173 (Liuksemburgas)","de_CH":"vokie\u010di\u0173 (\u0160veicarija)","de_DE":"vokie\u010di\u0173 (Vokietija)","zu":"zul\u0173","zu_ZA":"zul\u0173 (Piet\u0173 Afrika)"}