{"af":"afrikandu","af_ZA":"afrikandu (Dienvid\u0101frikas Republika)","af_NA":"afrikandu (Nam\u012bbija)","ak":"akanu","ak_GH":"akanu (Gana)","sq":"alb\u0101\u0146u","sq_AL":"alb\u0101\u0146u (Alb\u0101nija)","sq_XK":"alb\u0101\u0146u (Kosova)","sq_MK":"alb\u0101\u0146u (Ma\u0137edonija)","am":"amharu","am_ET":"amharu (Etiopija)","en":"ang\u013cu","en_AS":"ang\u013cu (Amerik\u0101\u0146u Samoa)","en_US":"ang\u013cu (Amerikas Savienot\u0101s Valstis)","en_AI":"ang\u013cu (Angilja)","en_AG":"ang\u013cu (Antigva un Barbuda)","en_UM":"ang\u013cu (ASV Aizj\u016bras salas)","en_VI":"ang\u013cu (ASV Vird\u017e\u012bnas)","en_AU":"ang\u013cu (Austr\u0101lija)","en_BS":"ang\u013cu (Bahamu salas)","en_BB":"ang\u013cu (Barbadosa)","en_BZ":"ang\u013cu (Beliza)","en_BE":"ang\u013cu (Be\u013c\u0123ija)","en_BM":"ang\u013cu (Bermudu salas)","en_BW":"ang\u013cu (Botsv\u0101na)","en_VG":"ang\u013cu (Britu Vird\u017e\u012bnas)","en_ZA":"ang\u013cu (Dienvid\u0101frikas Republika)","en_SS":"ang\u013cu (Dienvidsud\u0101na)","en_DG":"ang\u013cu (Djego Garsijas atols)","en_DM":"ang\u013cu (Dominika)","en_JE":"ang\u013cu (D\u017e\u0113rsija)","en_ER":"ang\u013cu (Eritreja)","en_FJ":"ang\u013cu (Fid\u017ei)","en_PH":"ang\u013cu (Filip\u012bnas)","en_FK":"ang\u013cu (Folklenda salas)","en_GY":"ang\u013cu (Gaj\u0101na)","en_GM":"ang\u013cu (Gambija)","en_GH":"ang\u013cu (Gana)","en_GG":"ang\u013cu (G\u0113rnsija)","en_GI":"ang\u013cu (Gibralt\u0101rs)","en_GD":"ang\u013cu (Gren\u0101da)","en_GU":"ang\u013cu (Guama)","en_IN":"ang\u013cu (Indija)","en_IO":"ang\u013cu (Indijas oke\u0101na Britu teritorija)","en_IE":"ang\u013cu (\u012arija)","en_JM":"ang\u013cu (Jamaika)","en_NZ":"ang\u013cu (Jaunz\u0113lande)","en_KY":"ang\u013cu (Kaimanu salas)","en_CM":"ang\u013cu (Kamer\u016bna)","en_CA":"ang\u013cu (Kan\u0101da)","en_KE":"ang\u013cu (Kenija)","en_KI":"ang\u013cu (Kiribati)","en_CC":"ang\u013cu (Kokosu jeb K\u012blinga salas)","en_CK":"ang\u013cu (Kuka salas)","en_HK":"ang\u013cu (\u0136\u012bnas \u012bpa\u0161\u0101s p\u0101rvaldes apgabals Honkonga)","en_MO":"ang\u013cu (\u0136\u012bnas \u012bpa\u0161\u0101s p\u0101rvaldes apgabals Makao)","en_LS":"ang\u013cu (Lesoto)","en_LR":"ang\u013cu (Lib\u0113rija)","en_GB":"ang\u013cu (Lielbrit\u0101nija)","en_MG":"ang\u013cu (Madagaskara)","en_MY":"ang\u013cu (Malaizija)","en_MW":"ang\u013cu (Mal\u0101vija)","en_MT":"ang\u013cu (Malta)","en_MH":"ang\u013cu (M\u0101r\u0161ala salas)","en_MU":"ang\u013cu (Maur\u012bcija)","en_IM":"ang\u013cu (Mena)","en_FM":"ang\u013cu (Mikron\u0113zija)","en_MS":"ang\u013cu (Montserrata)","en_NA":"ang\u013cu (Nam\u012bbija)","en_NR":"ang\u013cu (Nauru)","en_NG":"ang\u013cu (Nig\u0113rija)","en_NU":"ang\u013cu (Niue)","en_NF":"ang\u013cu (Norfolkas sala)","en_PK":"ang\u013cu (Pakist\u0101na)","en_PW":"ang\u013cu (Palau)","en_PG":"ang\u013cu (Papua-Jaungvineja)","en_PN":"ang\u013cu (Pitk\u0113rna)","en_PR":"ang\u013cu (Puertoriko)","en_RW":"ang\u013cu (Ruanda)","en_WS":"ang\u013cu (Samoa)","en_KN":"ang\u013cu (Sentkitsa un Nevisa)","en_LC":"ang\u013cu (Sentl\u016bsija)","en_VC":"ang\u013cu (Sentvinsenta un Grenad\u012bnas)","en_SG":"ang\u013cu (Singap\u016bra)","en_SX":"ang\u013cu (Sintm\u0101rtena)","en_SL":"ang\u013cu (Sjerraleone)","en_SD":"ang\u013cu (Sud\u0101na)","en_SH":"ang\u013cu (Sv.Hel\u0113nas sala)","en_SZ":"ang\u013cu (Svazilenda)","en_SC":"ang\u013cu (\u0160ei\u0161elu salas)","en_TZ":"ang\u013cu (Tanz\u0101nija)","en_TC":"ang\u013cu (T\u0113rksas un Kaikosas salas)","en_TK":"ang\u013cu (Tokelau)","en_TO":"ang\u013cu (Tonga)","en_TT":"ang\u013cu (Trinid\u0101da un Tob\u0101go)","en_TV":"ang\u013cu (Tuvalu)","en_UG":"ang\u013cu (Uganda)","en_VU":"ang\u013cu (Vanuatu)","en_SB":"ang\u013cu (Z\u0101lamana salas)","en_ZM":"ang\u013cu (Zambija)","en_MP":"ang\u013cu (Zieme\u013cu Marianas salas)","en_CX":"ang\u013cu (Ziemsv\u0113tku sala)","en_ZW":"ang\u013cu (Zimbabve)","ar":"ar\u0101bu","ar_DZ":"ar\u0101bu (Al\u017e\u012brija)","ar_AE":"ar\u0101bu (Apvienotie Ar\u0101bu Emir\u0101ti)","ar_BH":"ar\u0101bu (Bahreina)","ar_TD":"ar\u0101bu (\u010cada)","ar_SS":"ar\u0101bu (Dienvidsud\u0101na)","ar_DJ":"ar\u0101bu (D\u017eibutija)","ar_EG":"ar\u0101bu (\u0112\u0123ipte)","ar_ER":"ar\u0101bu (Eritreja)","ar_IQ":"ar\u0101bu (Ir\u0101ka)","ar_IL":"ar\u0101bu (Izra\u0113la)","ar_YE":"ar\u0101bu (Jemena)","ar_JO":"ar\u0101bu (Jord\u0101nija)","ar_QA":"ar\u0101bu (Katara)","ar_KM":"ar\u0101bu (Komoru salas)","ar_KW":"ar\u0101bu (Kuveita)","ar_LB":"ar\u0101bu (Lib\u0101na)","ar_LY":"ar\u0101bu (L\u012bbija)","ar_MA":"ar\u0101bu (Maroka)","ar_MR":"ar\u0101bu (Maurit\u0101nija)","ar_OM":"ar\u0101bu (Om\u0101na)","ar_PS":"ar\u0101bu (Palest\u012bna)","ar_EH":"ar\u0101bu (Rietumsah\u0101ra)","ar_SA":"ar\u0101bu (Sa\u016bda Ar\u0101bija)","ar_SY":"ar\u0101bu (S\u012brija)","ar_SO":"ar\u0101bu (Som\u0101lija)","ar_SD":"ar\u0101bu (Sud\u0101na)","ar_TN":"ar\u0101bu (Tunisija)","hy":"arm\u0113\u0146u","hy_AM":"arm\u0113\u0146u (Arm\u0113nija)","as":"asamie\u0161u","as_IN":"asamie\u0161u (Indija)","az":"azerbaid\u017e\u0101\u0146u","az_AZ":"azerbaid\u017e\u0101\u0146u (Azerbaid\u017e\u0101na)","az_Cyrl_AZ":"azerbaid\u017e\u0101\u0146u (kirilica, Azerbaid\u017e\u0101na)","az_Cyrl":"azerbaid\u017e\u0101\u0146u (kirilica)","az_Latn_AZ":"azerbaid\u017e\u0101\u0146u (lat\u012b\u0146u, Azerbaid\u017e\u0101na)","az_Latn":"azerbaid\u017e\u0101\u0146u (lat\u012b\u0146u)","be":"baltkrievu","be_BY":"baltkrievu (Baltkrievija)","bm":"bambaru","bm_Latn_ML":"bambaru (lat\u012b\u0146u, Mali)","bm_Latn":"bambaru (lat\u012b\u0146u)","eu":"basku","eu_ES":"basku (Sp\u0101nija)","bn":"beng\u0101\u013cu","bn_BD":"beng\u0101\u013cu (Banglade\u0161a)","bn_IN":"beng\u0101\u013cu (Indija)","my":"birmie\u0161u","my_MM":"birmie\u0161u (Mjanma (Birma))","bs":"bosnie\u0161u","bs_BA":"bosnie\u0161u (Bosnija un Hercegovina)","bs_Cyrl_BA":"bosnie\u0161u (kirilica, Bosnija un Hercegovina)","bs_Cyrl":"bosnie\u0161u (kirilica)","bs_Latn_BA":"bosnie\u0161u (lat\u012b\u0146u, Bosnija un Hercegovina)","bs_Latn":"bosnie\u0161u (lat\u012b\u0146u)","br":"breto\u0146u","br_FR":"breto\u0146u (Francija)","bg":"bulg\u0101ru","bg_BG":"bulg\u0101ru (Bulg\u0101rija)","cs":"\u010dehu","cs_CZ":"\u010dehu (\u010cehija)","da":"d\u0101\u0146u","da_DK":"d\u0101\u0146u (D\u0101nija)","da_GL":"d\u0101\u0146u (Grenlande)","dz":"dzongke","dz_BT":"dzongke (But\u0101na)","eo":"esperanto","ee":"evu","ee_GH":"evu (Gana)","ee_TG":"evu (Togo)","fo":"f\u0113ru","fo_FO":"f\u0113ru (F\u0113ru Salas)","fr":"fran\u010du","fr_DZ":"fran\u010du (Al\u017e\u012brija)","fr_BE":"fran\u010du (Be\u013c\u0123ija)","fr_BJ":"fran\u010du (Benina)","fr_BF":"fran\u010du (Burkinafaso)","fr_BI":"fran\u010du (Burundi)","fr_CF":"fran\u010du (Centr\u0101l\u0101frikas Republika)","fr_TD":"fran\u010du (\u010cada)","fr_DJ":"fran\u010du (D\u017eibutija)","fr_GQ":"fran\u010du (Ekvatori\u0101l\u0101 Gvineja)","fr_FR":"fran\u010du (Francija)","fr_GF":"fran\u010du (Fran\u010du Gvi\u0101na)","fr_PF":"fran\u010du (Fran\u010du Polin\u0113zija)","fr_GA":"fran\u010du (Gabona)","fr_GP":"fran\u010du (Gvadelupa)","fr_GN":"fran\u010du (Gvineja)","fr_HT":"fran\u010du (Haiti)","fr_NC":"fran\u010du (Jaunkaledonija)","fr_CM":"fran\u010du (Kamer\u016bna)","fr_CA":"fran\u010du (Kan\u0101da)","fr_KM":"fran\u010du (Komoru salas)","fr_CG":"fran\u010du (Kongo - Brazavila)","fr_CD":"fran\u010du (Kongo-Kin\u0161asa)","fr_CI":"fran\u010du (Kotdivu\u0101ra)","fr_LU":"fran\u010du (Luksemburga)","fr_MG":"fran\u010du (Madagaskara)","fr_YT":"fran\u010du (Majota)","fr_ML":"fran\u010du (Mali)","fr_MA":"fran\u010du (Maroka)","fr_MQ":"fran\u010du (Martinika)","fr_MU":"fran\u010du (Maur\u012bcija)","fr_MR":"fran\u010du (Maurit\u0101nija)","fr_MC":"fran\u010du (Monako)","fr_NE":"fran\u010du (Nig\u0113ra)","fr_RE":"fran\u010du (Reinjona)","fr_RW":"fran\u010du (Ruanda)","fr_BL":"fran\u010du (Senbartelm\u012b)","fr_SN":"fran\u010du (Seneg\u0101la)","fr_MF":"fran\u010du (Senmart\u0113na)","fr_PM":"fran\u010du (Senpj\u0113ra un Mikelona)","fr_SY":"fran\u010du (S\u012brija)","fr_SC":"fran\u010du (\u0160ei\u0161elu salas)","fr_CH":"fran\u010du (\u0160veice)","fr_TG":"fran\u010du (Togo)","fr_TN":"fran\u010du (Tunisija)","fr_VU":"fran\u010du (Vanuatu)","fr_WF":"fran\u010du (Volisa un Futuna)","ff":"fulu","ff_GN":"fulu (Gvineja)","ff_CM":"fulu (Kamer\u016bna)","ff_MR":"fulu (Maurit\u0101nija)","ff_SN":"fulu (Seneg\u0101la)","gl":"galisie\u0161u","gl_ES":"galisie\u0161u (Sp\u0101nija)","lg":"gandu","lg_UG":"gandu (Uganda)","gd":"g\u0113lu","gd_GB":"g\u0113lu (Lielbrit\u0101nija)","kl":"grenlandie\u0161u","kl_GL":"grenlandie\u0161u (Grenlande)","el":"grie\u0137u","el_GR":"grie\u0137u (Grie\u0137ija)","el_CY":"grie\u0137u (Kipra)","ka":"gruz\u012bnu","ka_GE":"gruz\u012bnu (Gruzija)","gu":"gud\u017earatu","gu_IN":"gud\u017earatu (Indija)","ha":"hausu","ha_GH":"hausu (Gana)","ha_Latn_GH":"hausu (lat\u012b\u0146u, Gana)","ha_Latn_NE":"hausu (lat\u012b\u0146u, Nig\u0113ra)","ha_Latn_NG":"hausu (lat\u012b\u0146u, Nig\u0113rija)","ha_Latn":"hausu (lat\u012b\u0146u)","ha_NE":"hausu (Nig\u0113ra)","ha_NG":"hausu (Nig\u0113rija)","hi":"hindi","hi_IN":"hindi (Indija)","nl":"holandie\u0161u","nl_AW":"holandie\u0161u (Aruba)","nl_BE":"holandie\u0161u (Be\u013c\u0123ija)","nl_CW":"holandie\u0161u (Kirasao)","nl_NL":"holandie\u0161u (N\u012bderlande)","nl_BQ":"holandie\u0161u (N\u012bderlandes Kar\u012bbu salas)","nl_SX":"holandie\u0161u (Sintm\u0101rtena)","nl_SR":"holandie\u0161u (Surinama)","hr":"horv\u0101tu","hr_BA":"horv\u0101tu (Bosnija un Hercegovina)","hr_HR":"horv\u0101tu (Horv\u0101tija)","et":"igau\u0146u","et_EE":"igau\u0146u (Igaunija)","ig":"igbo","ig_NG":"igbo (Nig\u0113rija)","id":"indon\u0113zie\u0161u","id_ID":"indon\u0113zie\u0161u (Indon\u0113zija)","ga":"\u012bru","ga_IE":"\u012bru (\u012arija)","is":"\u012bslandie\u0161u","is_IS":"\u012bslandie\u0161u (\u012aslande)","it":"it\u0101\u013cu","it_IT":"it\u0101\u013cu (It\u0101lija)","it_SM":"it\u0101\u013cu (Sanmar\u012bno)","it_CH":"it\u0101\u013cu (\u0160veice)","he":"ivrits","he_IL":"ivrits (Izra\u0113la)","ja":"jap\u0101\u0146u","ja_JP":"jap\u0101\u0146u (Jap\u0101na)","nn":"jaunnorv\u0113\u0123u","nn_NO":"jaunnorv\u0113\u0123u (Norv\u0113\u0123ija)","yi":"jidi\u0161s","yo":"jorubu","yo_BJ":"jorubu (Benina)","yo_NG":"jorubu (Nig\u0113rija)","kn":"kannadu","kn_IN":"kannadu (Indija)","ks":"ka\u0161mirie\u0161u","ks_Arab_IN":"ka\u0161mirie\u0161u (ar\u0101bu, Indija)","ks_Arab":"ka\u0161mirie\u0161u (ar\u0101bu)","ks_IN":"ka\u0161mirie\u0161u (Indija)","ca":"katal\u0101\u0146u","ca_AD":"katal\u0101\u0146u (Andora)","ca_FR":"katal\u0101\u0146u (Francija)","ca_IT":"katal\u0101\u0146u (It\u0101lija)","ca_ES":"katal\u0101\u0146u (Sp\u0101nija)","kk":"kazahu","kk_KZ":"kazahu (Kazahst\u0101na)","kk_Cyrl_KZ":"kazahu (kirilica, Kazahst\u0101na)","kk_Cyrl":"kazahu (kirilica)","qu":"ke\u010dvu","qu_BO":"ke\u010dvu (Bol\u012bvija)","qu_EC":"ke\u010dvu (Ekvadora)","qu_PE":"ke\u010dvu (Peru)","km":"khmeru","km_KH":"khmeru (Kambod\u017ea)","ki":"kikuju","ki_KE":"kikuju (Kenija)","rw":"ki\u0146aruanda","rw_RW":"ki\u0146aruanda (Ruanda)","ky":"kirg\u012bzu","ky_KG":"kirg\u012bzu (Kirgizst\u0101na)","ky_Cyrl_KG":"kirg\u012bzu (kirilica, Kirgizst\u0101na)","ky_Cyrl":"kirg\u012bzu (kirilica)","ko":"korejie\u0161u","ko_KR":"korejie\u0161u (Dienvidkoreja)","ko_KP":"korejie\u0161u (Zieme\u013ckoreja)","kw":"kornie\u0161u","kw_GB":"kornie\u0161u (Lielbrit\u0101nija)","ru":"krievu","ru_BY":"krievu (Baltkrievija)","ru_KZ":"krievu (Kazahst\u0101na)","ru_KG":"krievu (Kirgizst\u0101na)","ru_RU":"krievu (Krievija)","ru_MD":"krievu (Moldova)","ru_UA":"krievu (Ukraina)","zh":"\u0137\u012bnie\u0161u","zh_CN":"\u0137\u012bnie\u0161u (\u0136\u012bna)","zh_HK":"\u0137\u012bnie\u0161u (\u0136\u012bnas \u012bpa\u0161\u0101s p\u0101rvaldes apgabals Honkonga)","zh_MO":"\u0137\u012bnie\u0161u (\u0136\u012bnas \u012bpa\u0161\u0101s p\u0101rvaldes apgabals Makao)","zh_Hant_HK":"\u0137\u012bnie\u0161u (\u0137\u012bnie\u0161u tradicion\u0101l\u0101, \u0136\u012bnas \u012bpa\u0161\u0101s p\u0101rvaldes apgabals Honkonga)","zh_Hant_MO":"\u0137\u012bnie\u0161u (\u0137\u012bnie\u0161u tradicion\u0101l\u0101, \u0136\u012bnas \u012bpa\u0161\u0101s p\u0101rvaldes apgabals Makao)","zh_Hant_TW":"\u0137\u012bnie\u0161u (\u0137\u012bnie\u0161u tradicion\u0101l\u0101, Taiv\u0101na)","zh_Hant":"\u0137\u012bnie\u0161u (\u0137\u012bnie\u0161u tradicion\u0101l\u0101)","zh_Hans_CN":"\u0137\u012bnie\u0161u (\u0137\u012bnie\u0161u vienk\u0101r\u0161ot\u0101, \u0136\u012bna)","zh_Hans_HK":"\u0137\u012bnie\u0161u (\u0137\u012bnie\u0161u vienk\u0101r\u0161ot\u0101, \u0136\u012bnas \u012bpa\u0161\u0101s p\u0101rvaldes apgabals Honkonga)","zh_Hans_MO":"\u0137\u012bnie\u0161u (\u0137\u012bnie\u0161u vienk\u0101r\u0161ot\u0101, \u0136\u012bnas \u012bpa\u0161\u0101s p\u0101rvaldes apgabals Makao)","zh_Hans_SG":"\u0137\u012bnie\u0161u (\u0137\u012bnie\u0161u vienk\u0101r\u0161ot\u0101, Singap\u016bra)","zh_Hans":"\u0137\u012bnie\u0161u (\u0137\u012bnie\u0161u vienk\u0101r\u0161ot\u0101)","zh_SG":"\u0137\u012bnie\u0161u (Singap\u016bra)","zh_TW":"\u0137\u012bnie\u0161u (Taiv\u0101na)","lo":"laosie\u0161u","lo_LA":"laosie\u0161u (Laosa)","lv":"latvie\u0161u","lv_LV":"latvie\u0161u (Latvija)","lt":"lietuvie\u0161u","lt_LT":"lietuvie\u0161u (Lietuva)","ln":"lingala","ln_AO":"lingala (Angola)","ln_CF":"lingala (Centr\u0101l\u0101frikas Republika)","ln_CG":"lingala (Kongo - Brazavila)","ln_CD":"lingala (Kongo-Kin\u0161asa)","lu":"lubakatanga","lu_CD":"lubakatanga (Kongo-Kin\u0161asa)","lb":"luksemburgie\u0161u","lb_LU":"luksemburgie\u0161u (Luksemburga)","mk":"ma\u0137edonie\u0161u","mk_MK":"ma\u0137edonie\u0161u (Ma\u0137edonija)","mg":"malagasu","mg_MG":"malagasu (Madagaskara)","ml":"malajalu","ml_IN":"malajalu (Indija)","ms":"malajie\u0161u","ms_BN":"malajie\u0161u (Bruneja)","ms_Latn_BN":"malajie\u0161u (lat\u012b\u0146u, Bruneja)","ms_Latn_MY":"malajie\u0161u (lat\u012b\u0146u, Malaizija)","ms_Latn_SG":"malajie\u0161u (lat\u012b\u0146u, Singap\u016bra)","ms_Latn":"malajie\u0161u (lat\u012b\u0146u)","ms_MY":"malajie\u0161u (Malaizija)","ms_SG":"malajie\u0161u (Singap\u016bra)","mt":"maltie\u0161u","mt_MT":"maltie\u0161u (Malta)","mr":"maratu","mr_IN":"maratu (Indija)","gv":"menie\u0161u","gv_IM":"menie\u0161u (Mena)","mn":"mongo\u013cu","mn_Cyrl_MN":"mongo\u013cu (kirilica, Mongolija)","mn_Cyrl":"mongo\u013cu (kirilica)","mn_MN":"mongo\u013cu (Mongolija)","ne":"nep\u0101lie\u0161u","ne_IN":"nep\u0101lie\u0161u (Indija)","ne_NP":"nep\u0101lie\u0161u (Nep\u0101la)","no":"norv\u0113\u0123u","no_NO":"norv\u0113\u0123u (Norv\u0113\u0123ija)","nb":"norv\u0113\u0123u bukmols","nb_NO":"norv\u0113\u0123u bukmols (Norv\u0113\u0123ija)","nb_SJ":"norv\u0113\u0123u bukmols (Svalb\u0101ra un Jana Majena sala)","or":"oriju","or_IN":"oriju (Indija)","om":"oromu","om_ET":"oromu (Etiopija)","om_KE":"oromu (Kenija)","os":"oset\u012bnu","os_GE":"oset\u012bnu (Gruzija)","os_RU":"oset\u012bnu (Krievija)","pa":"pand\u017eabu","pa_Arab_PK":"pand\u017eabu (ar\u0101bu, Pakist\u0101na)","pa_Arab":"pand\u017eabu (ar\u0101bu)","pa_IN":"pand\u017eabu (Indija)","pa_PK":"pand\u017eabu (Pakist\u0101na)","pa_Guru_IN":"pand\u017eabu (pand\u017eabu, Indija)","pa_Guru":"pand\u017eabu (pand\u017eabu)","fa":"persie\u0161u","fa_AF":"persie\u0161u (Afganist\u0101na)","fa_IR":"persie\u0161u (Ir\u0101na)","pl":"po\u013cu","pl_PL":"po\u013cu (Polija)","pt":"portug\u0101\u013cu","pt_AO":"portug\u0101\u013cu (Angola)","pt_TL":"portug\u0101\u013cu (Austrumtimora)","pt_BR":"portug\u0101\u013cu (Braz\u012blija)","pt_GW":"portug\u0101\u013cu (Gvineja-Bisava)","pt_CV":"portug\u0101\u013cu (Kaboverde)","pt_MO":"portug\u0101\u013cu (\u0136\u012bnas \u012bpa\u0161\u0101s p\u0101rvaldes apgabals Makao)","pt_MZ":"portug\u0101\u013cu (Mozambika)","pt_PT":"portug\u0101\u013cu (Portug\u0101le)","pt_ST":"portug\u0101\u013cu (Santome un Prinsipi)","ps":"pu\u0161tu","ps_AF":"pu\u0161tu (Afganist\u0101na)","rm":"retorom\u0101\u0146u","rm_CH":"retorom\u0101\u0146u (\u0160veice)","fy":"rietumfr\u012bzu","fy_NL":"rietumfr\u012bzu (N\u012bderlande)","ro":"rum\u0101\u0146u","ro_MD":"rum\u0101\u0146u (Moldova)","ro_RO":"rum\u0101\u0146u (Rum\u0101nija)","rn":"rundu","rn_BI":"rundu (Burundi)","sg":"sango","sg_CF":"sango (Centr\u0101l\u0101frikas Republika)","sr":"serbu","sr_BA":"serbu (Bosnija un Hercegovina)","sr_Cyrl_BA":"serbu (kirilica, Bosnija un Hercegovina)","sr_Cyrl_XK":"serbu (kirilica, Kosova)","sr_Cyrl_ME":"serbu (kirilica, Melnkalne)","sr_Cyrl_RS":"serbu (kirilica, Serbija)","sr_Cyrl":"serbu (kirilica)","sr_XK":"serbu (Kosova)","sr_Latn_BA":"serbu (lat\u012b\u0146u, Bosnija un Hercegovina)","sr_Latn_XK":"serbu (lat\u012b\u0146u, Kosova)","sr_Latn_ME":"serbu (lat\u012b\u0146u, Melnkalne)","sr_Latn_RS":"serbu (lat\u012b\u0146u, Serbija)","sr_Latn":"serbu (lat\u012b\u0146u)","sr_ME":"serbu (Melnkalne)","sr_RS":"serbu (Serbija)","sh":"serbu-horv\u0101tu","sh_BA":"serbu-horv\u0101tu (Bosnija un Hercegovina)","ii":"Si\u010dua\u0146as ji","ii_CN":"Si\u010dua\u0146as ji (\u0136\u012bna)","si":"sing\u0101\u013cu","si_LK":"sing\u0101\u013cu (\u0160rilanka)","sk":"slov\u0101ku","sk_SK":"slov\u0101ku (Slov\u0101kija)","sl":"slov\u0113\u0146u","sl_SI":"slov\u0113\u0146u (Slov\u0113nija)","so":"som\u0101\u013cu","so_DJ":"som\u0101\u013cu (D\u017eibutija)","so_ET":"som\u0101\u013cu (Etiopija)","so_KE":"som\u0101\u013cu (Kenija)","so_SO":"som\u0101\u013cu (Som\u0101lija)","fi":"somu","fi_FI":"somu (Somija)","es":"sp\u0101\u0146u","es_US":"sp\u0101\u0146u (Amerikas Savienot\u0101s Valstis)","es_AR":"sp\u0101\u0146u (Argent\u012bna)","es_BO":"sp\u0101\u0146u (Bol\u012bvija)","es_CL":"sp\u0101\u0146u (\u010c\u012ble)","es_DO":"sp\u0101\u0146u (Dominik\u0101na)","es_EC":"sp\u0101\u0146u (Ekvadora)","es_GQ":"sp\u0101\u0146u (Ekvatori\u0101l\u0101 Gvineja)","es_PH":"sp\u0101\u0146u (Filip\u012bnas)","es_GT":"sp\u0101\u0146u (Gvatemala)","es_HN":"sp\u0101\u0146u (Hondurasa)","es_IC":"sp\u0101\u0146u (Kan\u0101riju salas)","es_CO":"sp\u0101\u0146u (Kolumbija)","es_CR":"sp\u0101\u0146u (Kostarika)","es_CU":"sp\u0101\u0146u (Kuba)","es_MX":"sp\u0101\u0146u (Meksika)","es_NI":"sp\u0101\u0146u (Nikaragva)","es_PA":"sp\u0101\u0146u (Panama)","es_PY":"sp\u0101\u0146u (Paragvaja)","es_PE":"sp\u0101\u0146u (Peru)","es_PR":"sp\u0101\u0146u (Puertoriko)","es_SV":"sp\u0101\u0146u (Salvadora)","es_EA":"sp\u0101\u0146u (Se\u016bta un Melilja)","es_ES":"sp\u0101\u0146u (Sp\u0101nija)","es_UY":"sp\u0101\u0146u (Urugvaja)","es_VE":"sp\u0101\u0146u (Venecu\u0113la)","sw":"svahili","sw_KE":"svahili (Kenija)","sw_TZ":"svahili (Tanz\u0101nija)","sw_UG":"svahili (Uganda)","sn":"\u0161onu","sn_ZW":"\u0161onu (Zimbabve)","tl":"tagalu","tl_PH":"tagalu (Filip\u012bnas)","th":"taju","th_TH":"taju (Taizeme)","ta":"tamilu","ta_IN":"tamilu (Indija)","ta_MY":"tamilu (Malaizija)","ta_SG":"tamilu (Singap\u016bra)","ta_LK":"tamilu (\u0160rilanka)","te":"telugu","te_IN":"telugu (Indija)","bo":"tibetie\u0161u","bo_IN":"tibetie\u0161u (Indija)","bo_CN":"tibetie\u0161u (\u0136\u012bna)","ti":"tigrinja","ti_ER":"tigrinja (Eritreja)","ti_ET":"tigrinja (Etiopija)","to":"tongie\u0161u","to_TO":"tongie\u0161u (Tonga)","tr":"turku","tr_CY":"turku (Kipra)","tr_TR":"turku (Turcija)","ug":"uiguru","ug_Arab_CN":"uiguru (ar\u0101bu, \u0136\u012bna)","ug_Arab":"uiguru (ar\u0101bu)","ug_CN":"uiguru (\u0136\u012bna)","uk":"ukrai\u0146u","uk_UA":"ukrai\u0146u (Ukraina)","hu":"ung\u0101ru","hu_HU":"ung\u0101ru (Ung\u0101rija)","ur":"urdu","ur_IN":"urdu (Indija)","ur_PK":"urdu (Pakist\u0101na)","uz":"uzbeku","uz_AF":"uzbeku (Afganist\u0101na)","uz_Arab_AF":"uzbeku (ar\u0101bu, Afganist\u0101na)","uz_Arab":"uzbeku (ar\u0101bu)","uz_Cyrl_UZ":"uzbeku (kirilica, Uzbekist\u0101na)","uz_Cyrl":"uzbeku (kirilica)","uz_Latn_UZ":"uzbeku (lat\u012b\u0146u, Uzbekist\u0101na)","uz_Latn":"uzbeku (lat\u012b\u0146u)","uz_UZ":"uzbeku (Uzbekist\u0101na)","de":"v\u0101cu","de_AT":"v\u0101cu (Austrija)","de_BE":"v\u0101cu (Be\u013c\u0123ija)","de_LI":"v\u0101cu (Lihten\u0161teina)","de_LU":"v\u0101cu (Luksemburga)","de_CH":"v\u0101cu (\u0160veice)","de_DE":"v\u0101cu (V\u0101cija)","cy":"velsie\u0161u","cy_GB":"velsie\u0161u (Lielbrit\u0101nija)","vi":"vjetnamie\u0161u","vi_VN":"vjetnamie\u0161u (Vjetnama)","nd":"zieme\u013cndebelu","nd_ZW":"zieme\u013cndebelu (Zimbabve)","se":"zieme\u013cs\u0101mu","se_NO":"zieme\u013cs\u0101mu (Norv\u0113\u0123ija)","se_FI":"zieme\u013cs\u0101mu (Somija)","se_SE":"zieme\u013cs\u0101mu (Zviedrija)","zu":"zulu","zu_ZA":"zulu (Dienvid\u0101frikas Republika)","sv":"zviedru","sv_AX":"zviedru (Olandes salas)","sv_FI":"zviedru (Somija)","sv_SE":"zviedru (Zviedrija)"}