{"af":"Afrikaans","af_NA":"Afrikaans (Namibia)","af_ZA":"Afrikaans (South Africa)","ak":"Akan","ak_GH":"Akan (Ghana)","sq":"Albanian","sq_AL":"Albanian (Albania)","sq_XK":"Albanian (Kosovo)","sq_MK":"Albanian (Macedonia)","de":"Alemanina","de_DE":"Alemanina (Alemaina)","de_AT":"Alemanina (Aotrisy)","de_BE":"Alemanina (Belzika)","de_LU":"Alemanina (Lioksamboro)","de_LI":"Alemanina (Listenstein)","de_CH":"Alemanina (Soisa)","am":"Amharika","am_ET":"Amharika (Ethiopia)","en":"Anglisy","en_ZA":"Anglisy (Afrika Atsimo)","en_GB":"Anglisy (Angletera)","en_AI":"Anglisy (Anguilla)","en_AG":"Anglisy (Antiga sy Barboda)","en_AU":"Anglisy (Aostralia)","en_BS":"Anglisy (Bahamas)","en_BB":"Anglisy (Barbady)","en_BZ":"Anglisy (Belize)","en_BE":"Anglisy (Belzika)","en_BM":"Anglisy (Bermioda)","en_BW":"Anglisy (Botsoana)","en_DM":"Anglisy (Dominika)","en_ER":"Anglisy (Eritrea)","en_US":"Anglisy (Etazonia)","en_IO":"Anglisy (Faridranomasina indiana britanika)","en_FJ":"Anglisy (Fidji)","en_PH":"Anglisy (Filipina)","en_GM":"Anglisy (Gambia)","en_GH":"Anglisy (Ghana)","en_GD":"Anglisy (Grenady)","en_GU":"Anglisy (Guam)","en_GY":"Anglisy (Guyana)","en_IN":"Anglisy (Indy)","en_IE":"Anglisy (Irlandy)","en_JM":"Anglisy (Jama\u00efka)","en_CM":"Anglisy (Kamerona)","en_CA":"Anglisy (Kanada)","en_KE":"Anglisy (Kenya)","en_KI":"Anglisy (Kiribati)","en_LS":"Anglisy (Lesotho)","en_LR":"Anglisy (Liberia)","en_MG":"Anglisy (Madagasikara)","en_MY":"Anglisy (Malaizia)","en_MW":"Anglisy (Malao\u00ec)","en_MT":"Anglisy (Malta)","en_MU":"Anglisy (Maorisy)","en_FM":"Anglisy (Mikr\u00f4nezia)","en_MS":"Anglisy (Montserrat)","en_NA":"Anglisy (Namibia)","en_NR":"Anglisy (Naor\u00f2)","en_NU":"Anglisy (Nio\u00e9)","en_NG":"Anglisy (Nizeria)","en_VG":"Anglisy (Nosy britanika virijiny)","en_FK":"Anglisy (Nosy Falkand)","en_KY":"Anglisy (Nosy Kayman)","en_CK":"Anglisy (Nosy Kook)","en_MP":"Anglisy (Nosy Mariana Atsinanana)","en_MH":"Anglisy (Nosy Marshall)","en_NF":"Anglisy (Nosy Norfolk)","en_SB":"Anglisy (Nosy Salomona)","en_TC":"Anglisy (Nosy Turks sy Ca\u00efques)","en_VI":"Anglisy (Nosy Virijiny Etazonia)","en_NZ":"Anglisy (Nouvelle-Z\u00e9lande)","en_UG":"Anglisy (Oganda)","en_PK":"Anglisy (Pakistan)","en_PW":"Anglisy (Palao)","en_PG":"Anglisy (Papouasie-Nouvelle-Guin\u00e9e)","en_PN":"Anglisy (Pitkairn)","en_PR":"Anglisy (P\u00f4rt\u00f4 Rik\u00f4)","en_RW":"Anglisy (Roanda)","en_KN":"Anglisy (Saint-Christophe-et-Ni\u00e9v\u00e8s)","en_VC":"Anglisy (Saint-Vincent-et-les Grenadines)","en_SH":"Anglisy (Sainte-H\u00e9l\u00e8ne)","en_LC":"Anglisy (Sainte-Lucie)","en_AS":"Anglisy (Samoa amerikanina)","en_WS":"Anglisy (Samoa)","en_SC":"Anglisy (Seyshela)","en_SL":"Anglisy (Sierra Leone)","en_SG":"Anglisy (Singaporo)","en_SZ":"Anglisy (Soazilandy)","en_SD":"Anglisy (Sodan)","en_TZ":"Anglisy (Tanzania)","en_TK":"Anglisy (Tokelao)","en_TO":"Anglisy (Tong\u00e0)","en_TV":"Anglisy (Toval\u00f2)","en_TT":"Anglisy (Trinidad sy Tobag\u00f4)","en_VU":"Anglisy (Vanoat\u00f2)","en_ZM":"Anglisy (Zambia)","en_GI":"Anglisy (Zibraltara)","en_ZW":"Anglisy (Zimbaboe)","ar_SS":"Arabic (South Sudan)","ar_EH":"Arabic (Western Sahara)","ar":"Arabo","ar_DZ":"Arabo (Alzeria)","ar_SA":"Arabo (Arabia saodita)","ar_BH":"Arabo (Bahrain)","ar_DJ":"Arabo (Djiboti)","ar_EG":"Arabo (Ejypta)","ar_AE":"Arabo (Emir\u00e0 Arabo mitambatra)","ar_ER":"Arabo (Eritrea)","ar_IQ":"Arabo (Irak)","ar_IL":"Arabo (Israely)","ar_JO":"Arabo (Jordania)","ar_QA":"Arabo (Katar)","ar_KW":"Arabo (K\u00f4eity)","ar_KM":"Arabo (K\u00f4maoro)","ar_LB":"Arabo (Libana)","ar_LY":"Arabo (Libya)","ar_MR":"Arabo (Maoritania)","ar_MA":"Arabo (Mar\u00f4ka)","ar_OM":"Arabo (Oman)","ar_PS":"Arabo (Palestina)","ar_SD":"Arabo (Sodan)","ar_SO":"Arabo (Somalia)","ar_SY":"Arabo (Syria)","ar_TN":"Arabo (Tonizia)","ar_TD":"Arabo (Tsady)","ar_YE":"Arabo (Yemen)","hy":"Armenian","hy_AM":"Armenian (Armenia)","as":"Assamese","as_IN":"Assamese (India)","az":"Azerbaijani","az_AZ":"Azerbaijani (Azerbaijan)","az_Cyrl_AZ":"Azerbaijani (Cyrillic, Azerbaijan)","az_Cyrl":"Azerbaijani (Cyrillic)","az_Latn_AZ":"Azerbaijani (Latin, Azerbaijan)","az_Latn":"Azerbaijani (Latin)","bm":"Bambara","bm_Latn_ML":"Bambara (Latin, Mali)","bm_Latn":"Bambara (Latin)","eu":"Basque","eu_ES":"Basque (Spain)","bn":"Bengali","bn_BD":"Bengali (Bangladesy)","bn_IN":"Bengali (Indy)","be":"Bielorosy","be_BY":"Bielorosy (Belarosy)","bg":"Biolgara","bg_BG":"Biolgara (Biolgaria)","my":"Birmana","my_MM":"Birmana (Myanmar)","bs":"Bosnian","bs_BA":"Bosnian (Bosnia & Herzegovina)","bs_Cyrl_BA":"Bosnian (Cyrillic, Bosnia & Herzegovina)","bs_Cyrl":"Bosnian (Cyrillic)","bs_Latn_BA":"Bosnian (Latin, Bosnia & Herzegovina)","bs_Latn":"Bosnian (Latin)","br":"Breton","br_FR":"Breton (France)","ca":"Catalan","ca_AD":"Catalan (Andorra)","ca_FR":"Catalan (France)","ca_IT":"Catalan (Italy)","ca_ES":"Catalan (Spain)","zh_HK":"Chinese (Hong Kong SAR China)","zh_MO":"Chinese (Macau SAR China)","zh_Hans_CN":"Chinese (Simplified, China)","zh_Hans_HK":"Chinese (Simplified, Hong Kong SAR China)","zh_Hans_MO":"Chinese (Simplified, Macau SAR China)","zh_Hans_SG":"Chinese (Simplified, Singapore)","zh_Hans":"Chinese (Simplified)","zh_Hant_HK":"Chinese (Traditional, Hong Kong SAR China)","zh_Hant_MO":"Chinese (Traditional, Macau SAR China)","zh_Hant_TW":"Chinese (Traditional, Taiwan)","zh_Hant":"Chinese (Traditional)","kw":"Cornish","kw_GB":"Cornish (United Kingdom)","hr":"Croatian","hr_BA":"Croatian (Bosnia & Herzegovina)","hr_HR":"Croatian (Croatia)","da":"Danish","da_DK":"Danish (Denmark)","da_GL":"Danish (Greenland)","nl_BQ":"Dutch (Caribbean Netherlands)","nl_CW":"Dutch (Cura\u00e7ao)","nl_SX":"Dutch (Sint Maarten)","dz":"Dzongkha","dz_BT":"Dzongkha (Bhutan)","en_CX":"English (Christmas Island)","en_CC":"English (Cocos (Keeling) Islands)","en_DG":"English (Diego Garcia)","en_GG":"English (Guernsey)","en_HK":"English (Hong Kong SAR China)","en_IM":"English (Isle of Man)","en_JE":"English (Jersey)","en_MO":"English (Macau SAR China)","en_SX":"English (Sint Maarten)","en_SS":"English (South Sudan)","en_UM":"English (U.S. Outlying Islands)","es":"Espaniola","es_AR":"Espaniola (Arzantina)","es_BO":"Espaniola (Bolivia)","es_EC":"Espaniola (Ekoatera)","es_SV":"Espaniola (El Salvador)","es_ES":"Espaniola (Espaina)","es_US":"Espaniola (Etazonia)","es_PH":"Espaniola (Filipina)","es_GT":"Espaniola (Goatemal\u00e0)","es_GQ":"Espaniola (Guinea Ekoatera)","es_HN":"Espaniola (Hondiorasy)","es_CU":"Espaniola (Kiob\u00e0)","es_CO":"Espaniola (K\u00f4l\u00f4mbia)","es_CR":"Espaniola (Kosta Rik\u00e0)","es_MX":"Espaniola (Meksika)","es_NI":"Espaniola (Nikarago\u00e0)","es_UY":"Espaniola (Orogoay)","es_PA":"Espaniola (Panama)","es_PY":"Espaniola (Paragoay)","es_PE":"Espaniola (Peroa)","es_PR":"Espaniola (P\u00f4rt\u00f4 Rik\u00f4)","es_DO":"Espaniola (Repoblika Dominikanina)","es_CL":"Espaniola (Shili)","es_VE":"Espaniola (Venezoel\u00e0)","eo":"Esperanto","et":"Estonian","et_EE":"Estonian (Estonia)","ee":"Ewe","ee_GH":"Ewe (Ghana)","ee_TG":"Ewe (Togo)","fo":"Faroese","fo_FO":"Faroese (Faroe Islands)","fi":"Finnish","fi_FI":"Finnish (Finland)","fr":"Frantsay","fr_DZ":"Frantsay (Alzeria)","fr_BE":"Frantsay (Belzika)","fr_BJ":"Frantsay (Benin)","fr_BF":"Frantsay (Borkina Faso)","fr_BI":"Frantsay (Borondi)","fr_CI":"Frantsay (C\u00f4te d\u2019Ivoire)","fr_DJ":"Frantsay (Djiboti)","fr_FR":"Frantsay (Frantsa)","fr_GA":"Frantsay (Gabon)","fr_GN":"Frantsay (Ginea)","fr_GP":"Frantsay (Goadelopy)","fr_GQ":"Frantsay (Guinea Ekoatera)","fr_GF":"Frantsay (Guyana frantsay)","fr_HT":"Frantsay (Haiti)","fr_CM":"Frantsay (Kamerona)","fr_CA":"Frantsay (Kanada)","fr_KM":"Frantsay (K\u00f4maoro)","fr_CG":"Frantsay (K\u00f4ng\u00f4)","fr_RE":"Frantsay (Larenion)","fr_LU":"Frantsay (Lioksamboro)","fr_MG":"Frantsay (Madagasikara)","fr_ML":"Frantsay (Mali)","fr_MU":"Frantsay (Maorisy)","fr_MR":"Frantsay (Maoritania)","fr_MA":"Frantsay (Mar\u00f4ka)","fr_MQ":"Frantsay (Martinika)","fr_YT":"Frantsay (May\u00f4ty)","fr_MC":"Frantsay (M\u00f4nak\u00f4)","fr_NE":"Frantsay (Niger)","fr_NC":"Frantsay (Nouvelle-Cal\u00e9donie)","fr_PF":"Frantsay (Polynezia frantsay)","fr_CF":"Frantsay (Repoblika Ivon\u2019Afrika)","fr_CD":"Frantsay (Repoblikan\u2019i Kongo)","fr_RW":"Frantsay (Roanda)","fr_PM":"Frantsay (Saint-Pierre-et-Miquelon)","fr_SN":"Frantsay (Senegal)","fr_SC":"Frantsay (Seyshela)","fr_CH":"Frantsay (Soisa)","fr_SY":"Frantsay (Syria)","fr_TG":"Frantsay (Togo)","fr_TN":"Frantsay (Tonizia)","fr_TD":"Frantsay (Tsady)","fr_VU":"Frantsay (Vanoat\u00f2)","fr_WF":"Frantsay (Wallis sy Futuna)","fr_BL":"French (St. Barth\u00e9lemy)","fr_MF":"French (St. Martin)","ff":"Fulah","ff_CM":"Fulah (Cameroon)","ff_GN":"Fulah (Guinea)","ff_MR":"Fulah (Mauritania)","ff_SN":"Fulah (Senegal)","gl":"Galician","gl_ES":"Galician (Spain)","lg":"Ganda","lg_UG":"Ganda (Uganda)","ka":"Georgian","ka_GE":"Georgian (Georgia)","el":"Grika","el_GR":"Grika (Gresy)","el_CY":"Grika (Sypra)","gu":"Gujarati","gu_IN":"Gujarati (India)","ha":"haoussa","ha_GH":"haoussa (Ghana)","ha_NE":"haoussa (Niger)","ha_NG":"haoussa (Nizeria)","ha_Latn_GH":"Hausa (Latin, Ghana)","ha_Latn_NE":"Hausa (Latin, Niger)","ha_Latn_NG":"Hausa (Latin, Nigeria)","ha_Latn":"Hausa (Latin)","he":"Hebrew","he_IL":"Hebrew (Israel)","hi":"hindi","hi_IN":"hindi (Indy)","nl":"Holandey","nl_AW":"Holandey (Arob\u00e0)","nl_BE":"Holandey (Belzika)","nl_NL":"Holandey (Holanda)","nl_SR":"Holandey (Sorinam)","hu":"hongro\u00e0","hu_HU":"hongro\u00e0 (Hongria)","is":"Icelandic","is_IS":"Icelandic (Iceland)","ig":"igbo","ig_NG":"igbo (Nizeria)","id":"Indonezianina","id_ID":"Indonezianina (Indonezia)","ga":"Irish","ga_IE":"Irish (Ireland)","it":"Italianina","it_IT":"Italianina (Italia)","it_SM":"Italianina (Saint-Marin)","it_CH":"Italianina (Soisa)","ja":"Japoney","ja_JP":"Japoney (Japana)","kl":"Kalaallisut","kl_GL":"Kalaallisut (Greenland)","kn":"Kannada","kn_IN":"Kannada (India)","ks":"Kashmiri","ks_Arab_IN":"Kashmiri (Arabic, India)","ks_Arab":"Kashmiri (Arabic)","ks_IN":"Kashmiri (India)","kk":"Kazakh","kk_Cyrl_KZ":"Kazakh (Cyrillic, Kazakhstan)","kk_Cyrl":"Kazakh (Cyrillic)","kk_KZ":"Kazakh (Kazakhstan)","km":"khmer","km_KH":"khmer (Kamb\u00f4dja)","ki":"Kikuyu","ki_KE":"Kikuyu (Kenya)","ko":"Koreanina","ko_KR":"Koreanina (Korea Atsimo)","ko_KP":"Koreanina (Korea Avaratra)","ky":"Kyrgyz","ky_Cyrl_KG":"Kyrgyz (Cyrillic, Kyrgyzstan)","ky_Cyrl":"Kyrgyz (Cyrillic)","ky_KG":"Kyrgyz (Kyrgyzstan)","lo":"Lao","lo_LA":"Lao (Laos)","lv":"Latvian","lv_LV":"Latvian (Latvia)","ln":"Lingala","ln_AO":"Lingala (Angola)","ln_CF":"Lingala (Central African Republic)","ln_CG":"Lingala (Congo - Brazzaville)","ln_CD":"Lingala (Congo - Kinshasa)","lt":"Lithuanian","lt_LT":"Lithuanian (Lithuania)","lu":"Luba-Katanga","lu_CD":"Luba-Katanga (Congo - Kinshasa)","lb":"Luxembourgish","lb_LU":"Luxembourgish (Luxembourg)","mk":"Macedonian","mk_MK":"Macedonian (Macedonia)","mg":"Malagasy","mg_MG":"Malagasy (Madagasikara)","ms":"Malay","ms_BN":"Malay (Brunei)","ms_Latn_BN":"Malay (Latin, Brunei)","ms_Latn_MY":"Malay (Latin, Malaysia)","ms_Latn_SG":"Malay (Latin, Singapore)","ms_Latn":"Malay (Latin)","ms_MY":"Malay (Malaizia)","ms_SG":"Malay (Singaporo)","ml":"Malayalam","ml_IN":"Malayalam (India)","mt":"Maltese","mt_MT":"Maltese (Malta)","gv":"Manx","gv_IM":"Manx (Isle of Man)","mr":"Marathi","mr_IN":"Marathi (India)","mn":"Mongolian","mn_Cyrl_MN":"Mongolian (Cyrillic, Mongolia)","mn_Cyrl":"Mongolian (Cyrillic)","mn_MN":"Mongolian (Mongolia)","ne":"Nepale","ne_IN":"Nepale (Indy)","ne_NP":"Nepale (Nepala)","nd":"North Ndebele","nd_ZW":"North Ndebele (Zimbabwe)","se":"Northern Sami","se_FI":"Northern Sami (Finland)","se_NO":"Northern Sami (Norway)","se_SE":"Northern Sami (Sweden)","no":"Norwegian","no_NO":"Norwegian (Norway)","nb":"Norwegian Bokm\u00e5l","nb_NO":"Norwegian Bokm\u00e5l (Norway)","nb_SJ":"Norwegian Bokm\u00e5l (Svalbard & Jan Mayen)","nn":"Norwegian Nynorsk","nn_NO":"Norwegian Nynorsk (Norway)","uk":"Okrainianina","uk_UA":"Okrainianina (Okraina)","ur":"Ord\u00f2","ur_IN":"Ord\u00f2 (Indy)","ur_PK":"Ord\u00f2 (Pakistan)","or":"Oriya","or_IN":"Oriya (India)","om":"Oromo","om_ET":"Oromo (Ethiopia)","om_KE":"Oromo (Kenya)","os":"Ossetic","os_GE":"Ossetic (Georgia)","os_RU":"Ossetic (Russia)","ps":"Pashto","ps_AF":"Pashto (Afghanistan)","pa":"Penjabi","pa_IN":"Penjabi (Indy)","pa_PK":"Penjabi (Pakistan)","fa":"Persa","fa_AF":"Persa (Afghanistan)","fa_IR":"Persa (Iran)","pl":"Poloney","pl_PL":"Poloney (P\u00f4l\u00f4na)","pt":"Portiogey","pt_AO":"Portiogey (Angola)","pt_BR":"Portiogey (Brezila)","pt_GW":"Portiogey (Gin\u00e9-Bisao)","pt_MZ":"Portiogey (Mozambika)","pt_CV":"Portiogey (Nosy Cap-Vert)","pt_PT":"Portiogey (P\u00f4rtiogala)","pt_ST":"Portiogey (S\u00e3o Tom\u00e9-et-Pr\u00edncipe)","pt_TL":"Portiogey (Timor Atsinanana)","pt_MO":"Portuguese (Macau SAR China)","pa_Arab_PK":"Punjabi (Arabic, Pakistan)","pa_Arab":"Punjabi (Arabic)","pa_Guru_IN":"Punjabi (Gurmukhi, India)","pa_Guru":"Punjabi (Gurmukhi)","qu":"Quechua","qu_BO":"Quechua (Bolivia)","qu_EC":"Quechua (Ecuador)","qu_PE":"Quechua (Peru)","rw":"Roande","rw_RW":"Roande (Roanda)","ro":"Romanianina","ro_MD":"Romanianina (M\u00f4ldavia)","ro_RO":"Romanianina (Romania)","rm":"Romansh","rm_CH":"Romansh (Switzerland)","ru":"Rosianina","ru_BY":"Rosianina (Belarosy)","ru_KZ":"Rosianina (Kazakhstan)","ru_KG":"Rosianina (Kiordistan)","ru_MD":"Rosianina (M\u00f4ldavia)","ru_UA":"Rosianina (Okraina)","ru_RU":"Rosianina (Rosia)","rn":"Rundi","rn_BI":"Rundi (Burundi)","sg":"Sango","sg_CF":"Sango (Central African Republic)","gd":"Scottish Gaelic","gd_GB":"Scottish Gaelic (United Kingdom)","sr":"Serbian","sr_BA":"Serbian (Bosnia & Herzegovina)","sr_Cyrl_BA":"Serbian (Cyrillic, Bosnia & Herzegovina)","sr_Cyrl_XK":"Serbian (Cyrillic, Kosovo)","sr_Cyrl_ME":"Serbian (Cyrillic, Montenegro)","sr_Cyrl_RS":"Serbian (Cyrillic, Serbia)","sr_Cyrl":"Serbian (Cyrillic)","sr_XK":"Serbian (Kosovo)","sr_Latn_BA":"Serbian (Latin, Bosnia & Herzegovina)","sr_Latn_XK":"Serbian (Latin, Kosovo)","sr_Latn_ME":"Serbian (Latin, Montenegro)","sr_Latn_RS":"Serbian (Latin, Serbia)","sr_Latn":"Serbian (Latin)","sr_ME":"Serbian (Montenegro)","sr_RS":"Serbian (Serbia)","sh":"Serbo-Croatian","sh_BA":"Serbo-Croatian (Bosnia & Herzegovina)","sn":"Shona","sn_ZW":"Shona (Zimbabwe)","ii":"Sichuan Yi","ii_CN":"Sichuan Yi (China)","si":"Sinhala","si_LK":"Sinhala (Sri Lanka)","zh":"Sinoa, Mandarin","zh_CN":"Sinoa, Mandarin (Sina)","zh_SG":"Sinoa, Mandarin (Singaporo)","zh_TW":"Sinoa, Mandarin (Taioana)","sk":"Slovak","sk_SK":"Slovak (Slovakia)","sl":"Slovenian","sl_SI":"Slovenian (Slovenia)","sv":"Soisa","sv_FI":"Soisa (Finlandy)","sv_SE":"Soisa (Soedy)","so":"Somalianina","so_DJ":"Somalianina (Djiboti)","so_ET":"Somalianina (Ethiopia)","so_KE":"Somalianina (Kenya)","so_SO":"Somalianina (Somalia)","es_IC":"Spanish (Canary Islands)","es_EA":"Spanish (Ceuta & Melilla)","sw":"Swahili","sw_KE":"Swahili (Kenya)","sw_TZ":"Swahili (Tanzania)","sw_UG":"Swahili (Uganda)","sv_AX":"Swedish (\u00c5land Islands)","tl":"Tagalog","tl_PH":"Tagalog (Philippines)","th":"Taioaney","th_TH":"Taioaney (Thailandy)","ta":"Tamoila","ta_IN":"Tamoila (Indy)","ta_MY":"Tamoila (Malaizia)","ta_SG":"Tamoila (Singaporo)","ta_LK":"Tamoila (Sri Lanka)","te":"Telugu","te_IN":"Telugu (India)","bo":"Tibetan","bo_CN":"Tibetan (China)","bo_IN":"Tibetan (India)","ti":"Tigrinya","ti_ER":"Tigrinya (Eritrea)","ti_ET":"Tigrinya (Ethiopia)","tr":"Tiorka","tr_CY":"Tiorka (Sypra)","tr_TR":"Tiorka (Torkia)","to":"Tongan","to_TO":"Tongan (Tonga)","cs":"Tseky","cs_CZ":"Tseky (Repoblikan\u2019i Tseky)","ug":"Uyghur","ug_Arab_CN":"Uyghur (Arabic, China)","ug_Arab":"Uyghur (Arabic)","ug_CN":"Uyghur (China)","uz":"Uzbek","uz_AF":"Uzbek (Afghanistan)","uz_Arab_AF":"Uzbek (Arabic, Afghanistan)","uz_Arab":"Uzbek (Arabic)","uz_Cyrl_UZ":"Uzbek (Cyrillic, Uzbekistan)","uz_Cyrl":"Uzbek (Cyrillic)","uz_Latn_UZ":"Uzbek (Latin, Uzbekistan)","uz_Latn":"Uzbek (Latin)","uz_UZ":"Uzbek (Uzbekistan)","vi":"Vietnamianina","vi_VN":"Vietnamianina (Vietnam)","cy":"Welsh","cy_GB":"Welsh (United Kingdom)","fy":"Western Frisian","fy_NL":"Western Frisian (Netherlands)","yi":"Yiddish","yo":"Y\u00f4rob\u00e0","yo_BJ":"Y\u00f4rob\u00e0 (Benin)","yo_NG":"Y\u00f4rob\u00e0 (Nizeria)","zu":"Zol\u00f2","zu_ZA":"Zol\u00f2 (Afrika Atsimo)"}