{"af":"Afrikaans","af_ZA":"Afrikaans (Afrika Selatan)","af_NA":"Afrikaans (Namibia)","ak":"Akan","ak_GH":"Akan (Ghana)","sq":"Albania","sq_AL":"Albania (Albania)","sq_XK":"Albania (Kosovo)","sq_MK":"Albania (Macedonia)","am":"Amharic","am_ET":"Amharic (Ethiopia)","ar":"Arab","ar_DZ":"Arab (Algeria)","ar_SA":"Arab (Arab Saudi)","ar_BH":"Arab (Bahrain)","ar_TD":"Arab (Chad)","ar_KM":"Arab (Comoros)","ar_DJ":"Arab (Djibouti)","ar_AE":"Arab (Emiriah Arab Bersatu)","ar_ER":"Arab (Eritrea)","ar_IQ":"Arab (Iraq)","ar_IL":"Arab (Israel)","ar_JO":"Arab (Jordan)","ar_KW":"Arab (Kuwait)","ar_LY":"Arab (Libya)","ar_LB":"Arab (Lubnan)","ar_MA":"Arab (Maghribi)","ar_MR":"Arab (Mauritania)","ar_EG":"Arab (Mesir)","ar_OM":"Arab (Oman)","ar_QA":"Arab (Qatar)","ar_EH":"Arab (Sahara Barat)","ar_SO":"Arab (Somalia)","ar_SS":"Arab (Sudan Selatan)","ar_SD":"Arab (Sudan)","ar_SY":"Arab (Syria)","ar_TN":"Arab (Tunisia)","ar_PS":"Arab (Wilayah Palestin)","ar_YE":"Arab (Yaman)","hy":"Armenia","hy_AM":"Armenia (Armenia)","as":"Assam","as_IN":"Assam (India)","az":"Azerbaijan","az_AZ":"Azerbaijan (Azerbaijan)","az_Cyrl_AZ":"Azerbaijan (Cyril, Azerbaijan)","az_Cyrl":"Azerbaijan (Cyril)","az_Latn_AZ":"Azerbaijan (Latin, Azerbaijan)","az_Latn":"Azerbaijan (Latin)","ms":"Bahasa Melayu","ms_BN":"Bahasa Melayu (Brunei)","ms_Latn_BN":"Bahasa Melayu (Latin, Brunei)","ms_Latn_MY":"Bahasa Melayu (Latin, Malaysia)","ms_Latn_SG":"Bahasa Melayu (Latin, Singapura)","ms_Latn":"Bahasa Melayu (Latin)","ms_MY":"Bahasa Melayu (Malaysia)","ms_SG":"Bahasa Melayu (Singapura)","bm":"Bambara","bm_Latn_ML":"Bambara (Latin, Mali)","bm_Latn":"Bambara (Latin)","eu":"Basque","eu_ES":"Basque (Sepanyol)","nl":"Belanda","nl_AW":"Belanda (Aruba)","nl_BQ":"Belanda (Belanda Caribbean)","nl_NL":"Belanda (Belanda)","nl_BE":"Belanda (Belgium)","nl_CW":"Belanda (Curacao)","nl_SX":"Belanda (Sint Maarten)","nl_SR":"Belanda (Surinam)","be":"Belarus","be_BY":"Belarus (Belarus)","bn":"Benggala","bn_BD":"Benggala (Bangladesh)","bn_IN":"Benggala (India)","nb":"Bokm\u00e5l Norway","nb_NO":"Bokm\u00e5l Norway (Norway)","nb_SJ":"Bokm\u00e5l Norway (Svalbard dan Jan Mayen)","bs":"Bosnia","bs_BA":"Bosnia (Bosnia dan Herzegovina)","bs_Cyrl_BA":"Bosnia (Cyril, Bosnia dan Herzegovina)","bs_Cyrl":"Bosnia (Cyril)","bs_Latn_BA":"Bosnia (Latin, Bosnia dan Herzegovina)","bs_Latn":"Bosnia (Latin)","br":"Breton","br_FR":"Breton (Perancis)","bg":"Bulgaria","bg_BG":"Bulgaria (Bulgaria)","my":"Burma","my_MM":"Burma (Myanmar (Burma))","ca":"Catalonia","ca_AD":"Catalonia (Andorra)","ca_IT":"Catalonia (Itali)","ca_FR":"Catalonia (Perancis)","ca_ES":"Catalonia (Sepanyol)","zh":"Cina","zh_CN":"Cina (China)","zh_HK":"Cina (Hong Kong SAR China)","zh_MO":"Cina (Macau SAR China)","zh_Hans_CN":"Cina (Ringkas, China)","zh_Hans_HK":"Cina (Ringkas, Hong Kong SAR China)","zh_Hans_MO":"Cina (Ringkas, Macau SAR China)","zh_Hans_SG":"Cina (Ringkas, Singapura)","zh_Hans":"Cina (Ringkas)","zh_SG":"Cina (Singapura)","zh_TW":"Cina (Taiwan)","zh_Hant_HK":"Cina (Tradisional, Hong Kong SAR China)","zh_Hant_MO":"Cina (Tradisional, Macau SAR China)","zh_Hant_TW":"Cina (Tradisional, Taiwan)","zh_Hant":"Cina (Tradisional)","kw":"Cornish","kw_GB":"Cornish (United Kingdom)","hr":"Croat","hr_BA":"Croat (Bosnia dan Herzegovina)","hr_HR":"Croat (Croatia)","cs":"Czech","cs_CZ":"Czech (Republik Czech)","da":"Denmark","da_DK":"Denmark (Denmark)","da_GL":"Denmark (Greenland)","dz":"Dzongkha","dz_BT":"Dzongkha (Bhutan)","eo":"Esperanto","et":"Estonia","et_EE":"Estonia (Estonia)","ee":"Ewe","ee_GH":"Ewe (Ghana)","ee_TG":"Ewe (Togo)","fo":"Faroe","fo_FO":"Faroe (Kepulauan Faroe)","fi":"Finland","fi_FI":"Finland (Finland)","fy":"Frisian","fy_NL":"Frisian (Belanda)","ff":"Fulah","ff_CM":"Fulah (Cameroon)","ff_GN":"Fulah (Guinea)","ff_MR":"Fulah (Mauritania)","ff_SN":"Fulah (Senegal)","gl":"Galicia","gl_ES":"Galicia (Sepanyol)","lg":"Ganda","lg_UG":"Ganda (Uganda)","ka":"Georgia","ka_GE":"Georgia (Georgia)","el":"Greek","el_CY":"Greek (Cyprus)","el_GR":"Greek (Yunani)","gu":"Gujerat","gu_IN":"Gujerat (India)","ha":"Hausa","ha_GH":"Hausa (Ghana)","ha_Latn_GH":"Hausa (Latin, Ghana)","ha_Latn_NE":"Hausa (Latin, Niger)","ha_Latn_NG":"Hausa (Latin, Nigeria)","ha_Latn":"Hausa (Latin)","ha_NE":"Hausa (Niger)","ha_NG":"Hausa (Nigeria)","hi":"Hindi","hi_IN":"Hindi (India)","hu":"Hungary","hu_HU":"Hungary (Hungary)","he":"Ibrani","he_IL":"Ibrani (Israel)","is":"Iceland","is_IS":"Iceland (Iceland)","ig":"Igbo","ig_NG":"Igbo (Nigeria)","id":"Indonesia","id_ID":"Indonesia (Indonesia)","en":"Inggeris","en_ZA":"Inggeris (Afrika Selatan)","en_US":"Inggeris (Amerika Syarikat)","en_AI":"Inggeris (Anguilla)","en_AG":"Inggeris (Antigua dan Barbuda)","en_AU":"Inggeris (Australia)","en_BS":"Inggeris (Bahamas)","en_BB":"Inggeris (Barbados)","en_BE":"Inggeris (Belgium)","en_BZ":"Inggeris (Belize)","en_BM":"Inggeris (Bermuda)","en_BW":"Inggeris (Botswana)","en_CM":"Inggeris (Cameroon)","en_DG":"Inggeris (Diego Garcia)","en_DM":"Inggeris (Dominica)","en_ER":"Inggeris (Eritrea)","en_FJ":"Inggeris (Fiji)","en_PH":"Inggeris (Filipina)","en_GM":"Inggeris (Gambia)","en_GH":"Inggeris (Ghana)","en_GI":"Inggeris (Gibraltar)","en_GD":"Inggeris (Grenada)","en_GU":"Inggeris (Guam)","en_GG":"Inggeris (Guernsey)","en_GY":"Inggeris (Guyana)","en_HK":"Inggeris (Hong Kong SAR China)","en_IN":"Inggeris (India)","en_IE":"Inggeris (Ireland)","en_IM":"Inggeris (Isle of Man)","en_JM":"Inggeris (Jamaica)","en_JE":"Inggeris (Jersey)","en_CA":"Inggeris (Kanada)","en_KE":"Inggeris (Kenya)","en_KY":"Inggeris (Kepulauan Cayman)","en_CC":"Inggeris (Kepulauan Cocos (Keeling))","en_CK":"Inggeris (Kepulauan Cook)","en_FK":"Inggeris (Kepulauan Falkland)","en_MP":"Inggeris (Kepulauan Mariana Utara)","en_MH":"Inggeris (Kepulauan Marshall)","en_PN":"Inggeris (Kepulauan Pitcairn)","en_SB":"Inggeris (Kepulauan Solomon)","en_UM":"Inggeris (Kepulauan Terpencil A.S.)","en_TC":"Inggeris (Kepulauan Turks dan Caicos)","en_VI":"Inggeris (Kepulauan Virgin A.S.)","en_VG":"Inggeris (Kepulauan Virgin British)","en_KI":"Inggeris (Kiribati)","en_LS":"Inggeris (Lesotho)","en_LR":"Inggeris (Liberia)","en_MO":"Inggeris (Macau SAR China)","en_MG":"Inggeris (Madagaskar)","en_MW":"Inggeris (Malawi)","en_MY":"Inggeris (Malaysia)","en_MT":"Inggeris (Malta)","en_MU":"Inggeris (Mauritius)","en_FM":"Inggeris (Micronesia)","en_MS":"Inggeris (Montserrat)","en_NA":"Inggeris (Namibia)","en_NR":"Inggeris (Nauru)","en_NZ":"Inggeris (New Zealand)","en_NG":"Inggeris (Nigeria)","en_NU":"Inggeris (Niue)","en_PK":"Inggeris (Pakistan)","en_PW":"Inggeris (Palau)","en_PG":"Inggeris (Papua New Guinea)","en_PR":"Inggeris (Puerto Rico)","en_CX":"Inggeris (Pulau Krismas)","en_NF":"Inggeris (Pulau Norfolk)","en_RW":"Inggeris (Rwanda)","en_SH":"Inggeris (Saint Helena)","en_KN":"Inggeris (Saint Kitts dan Nevis)","en_LC":"Inggeris (Saint Lucia)","en_VC":"Inggeris (Saint Vincent dan Grenadines)","en_AS":"Inggeris (Samoa Amerika)","en_WS":"Inggeris (Samoa)","en_SC":"Inggeris (Seychelles)","en_SL":"Inggeris (Sierra Leone)","en_SG":"Inggeris (Singapura)","en_SX":"Inggeris (Sint Maarten)","en_SS":"Inggeris (Sudan Selatan)","en_SD":"Inggeris (Sudan)","en_SZ":"Inggeris (Swaziland)","en_TZ":"Inggeris (Tanzania)","en_TK":"Inggeris (Tokelau)","en_TO":"Inggeris (Tonga)","en_TT":"Inggeris (Trinidad dan Tobago)","en_TV":"Inggeris (Tuvalu)","en_UG":"Inggeris (Uganda)","en_GB":"Inggeris (United Kingdom)","en_VU":"Inggeris (Vanuatu)","en_IO":"Inggeris (Wilayah Lautan Hindi British)","en_ZM":"Inggeris (Zambia)","en_ZW":"Inggeris (Zimbabwe)","ga":"Ireland","ga_IE":"Ireland (Ireland)","it":"Itali","it_IT":"Itali (Itali)","it_SM":"Itali (San Marino)","it_CH":"Itali (Switzerland)","ja":"Jepun","ja_JP":"Jepun (Jepun)","de":"Jerman","de_AT":"Jerman (Austria)","de_BE":"Jerman (Belgium)","de_DE":"Jerman (Jerman)","de_LI":"Jerman (Liechtenstein)","de_LU":"Jerman (Luxembourg)","de_CH":"Jerman (Switzerland)","kl":"Kalaallisut","kl_GL":"Kalaallisut (Greenland)","kn":"Kannada","kn_IN":"Kannada (India)","ks":"Kashmir","ks_Arab_IN":"Kashmir (Arab, India)","ks_Arab":"Kashmir (Arab)","ks_IN":"Kashmir (India)","kk":"Kazakhstan","kk_Cyrl_KZ":"Kazakhstan (Cyril, Kazakhstan)","kk_Cyrl":"Kazakhstan (Cyril)","kk_KZ":"Kazakhstan (Kazakhstan)","km":"Khmer","km_KH":"Khmer (Kemboja)","ki":"Kikuya","ki_KE":"Kikuya (Kenya)","rw":"Kinyarwanda","rw_RW":"Kinyarwanda (Rwanda)","ky":"Kirghiz","ky_Cyrl_KG":"Kirghiz (Cyril, Kyrgyzstan)","ky_Cyrl":"Kirghiz (Cyril)","ky_KG":"Kirghiz (Kyrgyzstan)","ko":"Korea","ko_KR":"Korea (Korea Selatan)","ko_KP":"Korea (Korea Utara)","lo":"Laos","lo_LA":"Laos (Laos)","lv":"Latvia","lv_LV":"Latvia (Latvia)","ln":"Lingala","ln_AO":"Lingala (Angola)","ln_CG":"Lingala (Congo - Brazzaville)","ln_CD":"Lingala (Congo - Kinshasa)","ln_CF":"Lingala (Republik Afrika Tengah)","lt":"Lithuania","lt_LT":"Lithuania (Lithuania)","lu":"Luba-Katanga","lu_CD":"Luba-Katanga (Congo - Kinshasa)","lb":"Luxembourg","lb_LU":"Luxembourg (Luxembourg)","mk":"Macedonia","mk_MK":"Macedonia (Macedonia)","mg":"Malagasy","mg_MG":"Malagasy (Madagaskar)","ml":"Malayalam","ml_IN":"Malayalam (India)","mt":"Malta","mt_MT":"Malta (Malta)","gv":"Manx","gv_IM":"Manx (Isle of Man)","mr":"Marathi","mr_IN":"Marathi (India)","mn":"Mongolia","mn_Cyrl_MN":"Mongolia (Cyril, Mongolia)","mn_Cyrl":"Mongolia (Cyril)","mn_MN":"Mongolia (Mongolia)","nd":"Ndebele Utara","nd_ZW":"Ndebele Utara (Zimbabwe)","ne":"Nepal","ne_IN":"Nepal (India)","ne_NP":"Nepal (Nepal)","no":"Norway","no_NO":"Norway (Norway)","nn":"Nynorsk Norway","nn_NO":"Nynorsk Norway (Norway)","or":"Oriya","or_IN":"Oriya (India)","om":"Oromo","om_ET":"Oromo (Ethiopia)","om_KE":"Oromo (Kenya)","os":"Ossete","os_GE":"Ossete (Georgia)","os_RU":"Ossete (Rusia)","fa":"Parsi","fa_AF":"Parsi (Afghanistan)","fa_IR":"Parsi (Iran)","ps":"Pashto","ps_AF":"Pashto (Afghanistan)","fr":"Perancis","fr_DZ":"Perancis (Algeria)","fr_BE":"Perancis (Belgium)","fr_BJ":"Perancis (Benin)","fr_BF":"Perancis (Burkina Faso)","fr_BI":"Perancis (Burundi)","fr_CM":"Perancis (Cameroon)","fr_TD":"Perancis (Chad)","fr_KM":"Perancis (Comoros)","fr_CG":"Perancis (Congo - Brazzaville)","fr_CD":"Perancis (Congo - Kinshasa)","fr_CI":"Perancis (Cote d\u2019Ivoire)","fr_DJ":"Perancis (Djibouti)","fr_GA":"Perancis (Gabon)","fr_GP":"Perancis (Guadeloupe)","fr_GF":"Perancis (Guiana Perancis)","fr_GQ":"Perancis (Guinea Khatulistiwa)","fr_GN":"Perancis (Guinea)","fr_HT":"Perancis (Haiti)","fr_CA":"Perancis (Kanada)","fr_LU":"Perancis (Luxembourg)","fr_MG":"Perancis (Madagaskar)","fr_MA":"Perancis (Maghribi)","fr_ML":"Perancis (Mali)","fr_MQ":"Perancis (Martinique)","fr_MR":"Perancis (Mauritania)","fr_MU":"Perancis (Mauritius)","fr_YT":"Perancis (Mayotte)","fr_MC":"Perancis (Monaco)","fr_NC":"Perancis (New Caledonia)","fr_NE":"Perancis (Niger)","fr_FR":"Perancis (Perancis)","fr_PF":"Perancis (Polinesia Perancis)","fr_CF":"Perancis (Republik Afrika Tengah)","fr_RE":"Perancis (Reunion)","fr_RW":"Perancis (Rwanda)","fr_BL":"Perancis (Saint Barth\u00e9lemy)","fr_MF":"Perancis (Saint Martin)","fr_PM":"Perancis (Saint Pierre dan Miquelon)","fr_SN":"Perancis (Senegal)","fr_SC":"Perancis (Seychelles)","fr_CH":"Perancis (Switzerland)","fr_SY":"Perancis (Syria)","fr_TG":"Perancis (Togo)","fr_TN":"Perancis (Tunisia)","fr_VU":"Perancis (Vanuatu)","fr_WF":"Perancis (Wallis dan Futuna)","pl":"Poland","pl_PL":"Poland (Poland)","pt":"Portugis","pt_AO":"Portugis (Angola)","pt_BR":"Portugis (Brazil)","pt_CV":"Portugis (Cape Verde)","pt_GW":"Portugis (Guinea Bissau)","pt_MO":"Portugis (Macau SAR China)","pt_MZ":"Portugis (Mozambique)","pt_PT":"Portugis (Portugal)","pt_ST":"Portugis (Sao Tome dan Principe)","pt_TL":"Portugis (Timor-Leste)","pa":"Punjabi","pa_Arab_PK":"Punjabi (Arab, Pakistan)","pa_Arab":"Punjabi (Arab)","pa_Guru_IN":"Punjabi (Gurmukhi, India)","pa_Guru":"Punjabi (Gurmukhi)","pa_IN":"Punjabi (India)","pa_PK":"Punjabi (Pakistan)","qu":"Quechua","qu_BO":"Quechua (Bolivia)","qu_EC":"Quechua (Ecuador)","qu_PE":"Quechua (Peru)","ro":"Romania","ro_MD":"Romania (Moldova)","ro_RO":"Romania (Romania)","rm":"Romansh","rm_CH":"Romansh (Switzerland)","rn":"Rundi","rn_BI":"Rundi (Burundi)","ru":"Rusia","ru_BY":"Rusia (Belarus)","ru_KZ":"Rusia (Kazakhstan)","ru_KG":"Rusia (Kyrgyzstan)","ru_MD":"Rusia (Moldova)","ru_RU":"Rusia (Rusia)","ru_UA":"Rusia (Ukraine)","se":"Sami Utara","se_FI":"Sami Utara (Finland)","se_NO":"Sami Utara (Norway)","se_SE":"Sami Utara (Sweden)","sg":"Sango","sg_CF":"Sango (Republik Afrika Tengah)","gd":"Scots Gaelic","gd_GB":"Scots Gaelic (United Kingdom)","es":"Sepanyol","es_US":"Sepanyol (Amerika Syarikat)","es_AR":"Sepanyol (Argentina)","es_BO":"Sepanyol (Bolivia)","es_EA":"Sepanyol (Ceuta dan Melilla)","es_CL":"Sepanyol (Chile)","es_CO":"Sepanyol (Colombia)","es_CR":"Sepanyol (Costa Rica)","es_CU":"Sepanyol (Cuba)","es_EC":"Sepanyol (Ecuador)","es_SV":"Sepanyol (El Salvador)","es_PH":"Sepanyol (Filipina)","es_GT":"Sepanyol (Guatemala)","es_GQ":"Sepanyol (Guinea Khatulistiwa)","es_HN":"Sepanyol (Honduras)","es_IC":"Sepanyol (Kepulauan Canary)","es_MX":"Sepanyol (Mexico)","es_NI":"Sepanyol (Nicaragua)","es_PA":"Sepanyol (Panama)","es_PY":"Sepanyol (Paraguay)","es_PE":"Sepanyol (Peru)","es_PR":"Sepanyol (Puerto Rico)","es_DO":"Sepanyol (Republik Dominica)","es_ES":"Sepanyol (Sepanyol)","es_UY":"Sepanyol (Uruguay)","es_VE":"Sepanyol (Venezuela)","sr":"Serbia","sr_BA":"Serbia (Bosnia dan Herzegovina)","sr_Cyrl_BA":"Serbia (Cyril, Bosnia dan Herzegovina)","sr_Cyrl_XK":"Serbia (Cyril, Kosovo)","sr_Cyrl_ME":"Serbia (Cyril, Montenegro)","sr_Cyrl_RS":"Serbia (Cyril, Serbia)","sr_Cyrl":"Serbia (Cyril)","sr_XK":"Serbia (Kosovo)","sr_Latn_BA":"Serbia (Latin, Bosnia dan Herzegovina)","sr_Latn_XK":"Serbia (Latin, Kosovo)","sr_Latn_ME":"Serbia (Latin, Montenegro)","sr_Latn_RS":"Serbia (Latin, Serbia)","sr_Latn":"Serbia (Latin)","sr_ME":"Serbia (Montenegro)","sr_RS":"Serbia (Serbia)","sh":"SerboCroatia","sh_BA":"SerboCroatia (Bosnia dan Herzegovina)","sn":"Shona","sn_ZW":"Shona (Zimbabwe)","ii":"Sichuan Yi","ii_CN":"Sichuan Yi (China)","si":"Sinhala","si_LK":"Sinhala (Sri Lanka)","sk":"Slovak","sk_SK":"Slovak (Slovakia)","sl":"Slovenia","sl_SI":"Slovenia (Slovenia)","so":"Somali","so_DJ":"Somali (Djibouti)","so_ET":"Somali (Ethiopia)","so_KE":"Somali (Kenya)","so_SO":"Somali (Somalia)","sw":"Swahili","sw_KE":"Swahili (Kenya)","sw_TZ":"Swahili (Tanzania)","sw_UG":"Swahili (Uganda)","sv":"Sweden","sv_FI":"Sweden (Finland)","sv_AX":"Sweden (Kepulauan Aland)","sv_SE":"Sweden (Sweden)","tl":"Tagalog","tl_PH":"Tagalog (Philippines)","ta":"Tamil","ta_IN":"Tamil (India)","ta_MY":"Tamil (Malaysia)","ta_SG":"Tamil (Singapura)","ta_LK":"Tamil (Sri Lanka)","te":"Telugu","te_IN":"Telugu (India)","th":"Thai","th_TH":"Thai (Thailand)","bo":"Tibet","bo_CN":"Tibet (China)","bo_IN":"Tibet (India)","ti":"Tigrinya","ti_ER":"Tigrinya (Eritrea)","ti_ET":"Tigrinya (Ethiopia)","to":"Tonga","to_TO":"Tonga (Tonga)","tr":"Turki","tr_CY":"Turki (Cyprus)","tr_TR":"Turki (Turki)","uk":"Ukraine","uk_UA":"Ukraine (Ukraine)","ur":"Urdu","ur_IN":"Urdu (India)","ur_PK":"Urdu (Pakistan)","ug":"Uyghur","ug_Arab_CN":"Uyghur (Arab, China)","ug_Arab":"Uyghur (Arab)","ug_CN":"Uyghur (China)","uz":"Uzbekistan","uz_AF":"Uzbekistan (Afghanistan)","uz_Arab_AF":"Uzbekistan (Arab, Afghanistan)","uz_Arab":"Uzbekistan (Arab)","uz_Cyrl_UZ":"Uzbekistan (Cyril, Uzbekistan)","uz_Cyrl":"Uzbekistan (Cyril)","uz_Latn_UZ":"Uzbekistan (Latin, Uzbekistan)","uz_Latn":"Uzbekistan (Latin)","uz_UZ":"Uzbekistan (Uzbekistan)","vi":"Vietnam","vi_VN":"Vietnam (Vietnam)","cy":"Wales","cy_GB":"Wales (United Kingdom)","yi":"Yiddish","yo":"Yoruba","yo_BJ":"Yoruba (Benin)","yo_NG":"Yoruba (Nigeria)","zu":"Zulu","zu_ZA":"Zulu (Afrika Selatan)"}