{"af":"Afrikans","af_ZA":"Afrikans (Afrika t\u2019Isfel)","af_NA":"Afrikans (Namibja)","ak":"Akan","ak_GH":"Akan (Gana)","sq_XK":"Albanian (Kosovo)","sq":"Albani\u017c","sq_AL":"Albani\u017c (Albanija)","sq_MK":"Albani\u017c (Ma\u010bedonja)","am":"Am\u0127ariku","am_ET":"Am\u0127ariku (Etijopja)","ar_SS":"Arabic (South Sudan)","hy":"Armenjan","hy_AM":"Armenjan (Armenja)","as":"Assamese","as_IN":"Assamese (L-Indja)","az":"A\u017cerbaj\u0121ani","az_AZ":"A\u017cerbaj\u0121ani (A\u017cerbaj\u0121an)","az_Cyrl_AZ":"A\u017cerbaj\u0121ani (\u010airilliku, A\u017cerbaj\u0121an)","az_Cyrl":"A\u017cerbaj\u0121ani (\u010airilliku)","az_Latn_AZ":"A\u017cerbaj\u0121ani (Latin, A\u017cerbaj\u0121an)","az_Latn":"A\u017cerbaj\u0121ani (Latin)","bm":"Bambara","bm_Latn_ML":"Bambara (Latin, Mali)","bm_Latn":"Bambara (Latin)","eu":"Bask","eu_ES":"Bask (Spanja)","be":"Belarussu","be_BY":"Belarussu (Bjelorussja)","bn":"Bengali","bn_BD":"Bengali (Bangladexx)","bn_IN":"Bengali (L-Indja)","nb":"Bokmahal Norve\u0121i\u017c","nb_NO":"Bokmahal Norve\u0121i\u017c (Norve\u0121ja)","nb_SJ":"Bokmahal Norve\u0121i\u017c (Svalbard and Jan Mayen)","bs":"Bosnijan","bs_BA":"Bosnijan (Bo\u017cnija \u0126er\u017cegovina)","bs_Cyrl_BA":"Bosnijan (\u010airilliku, Bo\u017cnija \u0126er\u017cegovina)","bs_Cyrl":"Bosnijan (\u010airilliku)","bs_Latn_BA":"Bosnijan (Latin, Bo\u017cnija \u0126er\u017cegovina)","bs_Latn":"Bosnijan (Latin)","br":"Brenton","br_FR":"Brenton (Franza)","bg":"Bulgaru","bg_BG":"Bulgaru (Bulgarija)","my":"Burmi\u017c","my_MM":"Burmi\u017c (Mjanmar)","cs":"\u010aek","cs_CZ":"\u010aek (Repubblika \u010aeka)","zh":"\u010aini\u017c","zh_HK":"\u010aini\u017c (\u0126ong Kong S.A.R. \u010aina)","zh_CN":"\u010aini\u017c (I\u010b-\u010aina)","zh_MO":"\u010aini\u017c (Macao S.A.R., China)","zh_Hans_HK":"\u010aini\u017c (Simplifikat, \u0126ong Kong S.A.R. \u010aina)","zh_Hans_CN":"\u010aini\u017c (Simplifikat, I\u010b-\u010aina)","zh_Hans_MO":"\u010aini\u017c (Simplifikat, Macao S.A.R., China)","zh_Hans_SG":"\u010aini\u017c (Simplifikat, Singapor)","zh_Hans":"\u010aini\u017c (Simplifikat)","zh_SG":"\u010aini\u017c (Singapor)","zh_TW":"\u010aini\u017c (Tajwan)","zh_Hant_HK":"\u010aini\u017c (Tradizzjonali, \u0126ong Kong S.A.R. \u010aina)","zh_Hant_MO":"\u010aini\u017c (Tradizzjonali, Macao S.A.R., China)","zh_Hant_TW":"\u010aini\u017c (Tradizzjonali, Tajwan)","zh_Hant":"\u010aini\u017c (Tradizzjonali)","da":"Dani\u017c","da_DK":"Dani\u017c (Danimarka)","da_GL":"Dani\u017c (Grinlandja)","nl_BQ":"Dutch (Caribbean Netherlands)","nl_CW":"Dutch (Cura\u00e7ao)","nl_SX":"Dutch (Sint Maarten)","dz":"D\u017congka","dz_BT":"D\u017congka (Butan)","he":"Ebrajk","he_IL":"Ebrajk (I\u017crael)","en_DG":"English (Diego Garcia)","en_GG":"English (Guernsey)","en_JE":"English (Jersey)","en_SX":"English (Sint Maarten)","en_SS":"English (South Sudan)","eo":"Esperanto","et":"Estonjan","et_EE":"Estonjan (Estonja)","ee":"Ewe","ee_GH":"Ewe (Gana)","ee_TG":"Ewe (Togo)","fo":"Fawri\u017c","fo_FO":"Fawri\u017c (G\u017cejjer Faroe)","fi":"Finlandi\u017c","fi_FI":"Finlandi\u017c (Finlandja)","fr":"Fran\u010bi\u017c","fr_DZ":"Fran\u010bi\u017c (Al\u0121erija)","fr_BE":"Fran\u010bi\u017c (Bel\u0121ju)","fr_BJ":"Fran\u010bi\u017c (Benin)","fr_BF":"Fran\u010bi\u017c (Burkina Faso)","fr_BI":"Fran\u010bi\u017c (Burundi)","fr_TD":"Fran\u010bi\u017c (\u010aad)","fr_CD":"Fran\u010bi\u017c (Democratic Republic of the Congo)","fr_FR":"Fran\u010bi\u017c (Franza)","fr_DJ":"Fran\u010bi\u017c (\u0120ibuti)","fr_GA":"Fran\u010bi\u017c (Gabon)","fr_GQ":"Fran\u010bi\u017c (Ginea Ekwatorjali)","fr_GN":"Fran\u010bi\u017c (Gineja)","fr_GF":"Fran\u010bi\u017c (Gujana Fran\u010bi\u017ca)","fr_GP":"Fran\u010bi\u017c (Gwadelupe)","fr_HT":"Fran\u010bi\u017c (\u0126aiti)","fr_CM":"Fran\u010bi\u017c (Kamerun)","fr_CA":"Fran\u010bi\u017c (Kanada)","fr_KM":"Fran\u010bi\u017c (Komoros)","fr_CG":"Fran\u010bi\u017c (Kongo)","fr_CI":"Fran\u010bi\u017c (Kosta ta\u2019 l-Avorju)","fr_LU":"Fran\u010bi\u017c (Lussemburgu)","fr_MG":"Fran\u010bi\u017c (Madagaskar)","fr_YT":"Fran\u010bi\u017c (Majotte)","fr_ML":"Fran\u010bi\u017c (Mali)","fr_MA":"Fran\u010bi\u017c (Marokk)","fr_MQ":"Fran\u010bi\u017c (Martinik)","fr_MR":"Fran\u010bi\u017c (Mawritanja)","fr_MU":"Fran\u010bi\u017c (Mawrizju)","fr_MC":"Fran\u010bi\u017c (Monako)","fr_NC":"Fran\u010bi\u017c (New Caledonia)","fr_NE":"Fran\u010bi\u017c (Ni\u0121er)","fr_PF":"Fran\u010bi\u017c (Polinesja Fran\u010bi\u017ca)","fr_CF":"Fran\u010bi\u017c (Repubblika Afrikana \u010aentrali)","fr_RE":"Fran\u010bi\u017c (R\u00e9union)","fr_RW":"Fran\u010bi\u017c (Rwanda)","fr_PM":"Fran\u010bi\u017c (Saint Pierre and Miquelon)","fr_SN":"Fran\u010bi\u017c (Senegal)","fr_SC":"Fran\u010bi\u017c (Seychelles)","fr_SY":"Fran\u010bi\u017c (Sirja)","fr_CH":"Fran\u010bi\u017c (Svizzera)","fr_TG":"Fran\u010bi\u017c (Togo)","fr_TN":"Fran\u010bi\u017c (Tune\u017c)","fr_VU":"Fran\u010bi\u017c (Vanwatu)","fr_WF":"Fran\u010bi\u017c (Wallis and Futuna)","fr_BL":"French (St. Barth\u00e9lemy)","fr_MF":"French (St. Martin)","fy":"Fri\u017cjan","fy_NL":"Fri\u017cjan (Olanda)","ff":"Fula\u0127","ff_GN":"Fula\u0127 (Gineja)","ff_CM":"Fula\u0127 (Kamerun)","ff_MR":"Fula\u0127 (Mawritanja)","ff_SN":"Fula\u0127 (Senegal)","ja":"\u0120appuni\u017c","ja_JP":"\u0120appuni\u017c (Il-\u0120appun)","de":"\u0120ermani\u017c","de_AT":"\u0120ermani\u017c (Awstrija)","de_BE":"\u0120ermani\u017c (Bel\u0121ju)","de_DE":"\u0120ermani\u017c (Il-\u0120ermanja)","de_LI":"\u0120ermani\u017c (Liechtenstein)","de_LU":"\u0120ermani\u017c (Lussemburgu)","de_CH":"\u0120ermani\u017c (Svizzera)","ka":"\u0120or\u0121jan","ka_GE":"\u0120or\u0121jan (\u0120or\u0121ja)","gl":"Gallegjan","gl_ES":"Gallegjan (Spanja)","gd":"Galliku Sko\u010b\u010bi\u017c","gd_GB":"Galliku Sko\u010b\u010bi\u017c (L-Ingilterra)","lg":"Ganda","lg_UG":"Ganda (Uganda)","el":"Grieg","el_CY":"Grieg (\u010aipru)","el_GR":"Grieg (Gre\u010bja)","gu":"Gu\u0121arati","gu_IN":"Gu\u0121arati (L-Indja)","ar":"G\u0127arbi","ar_DZ":"G\u0127arbi (Al\u0121erija)","ar_BH":"G\u0127arbi (Ba\u0127rajn)","ar_TD":"G\u0127arbi (\u010aad)","ar_EG":"G\u0127arbi (E\u0121ittu)","ar_AE":"G\u0127arbi (Emirati G\u0127arab Maqg\u0127uda)","ar_ER":"G\u0127arbi (Eritreja)","ar_DJ":"G\u0127arbi (\u0120ibuti)","ar_JO":"G\u0127arbi (\u0120ordan)","ar_SA":"G\u0127arbi (G\u0127arabja Sawdita)","ar_IQ":"G\u0127arbi (Iraq)","ar_IL":"G\u0127arbi (I\u017crael)","ar_YE":"G\u0127arbi (Jemen)","ar_KM":"G\u0127arbi (Komoros)","ar_KW":"G\u0127arbi (Kuwajt)","ar_LB":"G\u0127arbi (Libanu)","ar_LY":"G\u0127arbi (Libja)","ar_MA":"G\u0127arbi (Marokk)","ar_MR":"G\u0127arbi (Mawritanja)","ar_OM":"G\u0127arbi (Oman)","ar_QA":"G\u0127arbi (Qatar)","ar_EH":"G\u0127arbi (Sahara tal-Punent)","ar_SY":"G\u0127arbi (Sirja)","ar_SO":"G\u0127arbi (Somalja)","ar_SD":"G\u0127arbi (Sudan)","ar_PS":"G\u0127arbi (Territorju Palestinjan)","ar_TN":"G\u0127arbi (Tune\u017c)","ha":"\u0126awsa","ha_GH":"\u0126awsa (Gana)","ha_Latn_GH":"\u0126awsa (Latin, Gana)","ha_Latn_NE":"\u0126awsa (Latin, Ni\u0121er)","ha_Latn_NG":"\u0126awsa (Latin, Ni\u0121erja)","ha_Latn":"\u0126awsa (Latin)","ha_NE":"\u0126awsa (Ni\u0121er)","ha_NG":"\u0126awsa (Ni\u0121erja)","hi":"\u0126indi","hi_IN":"\u0126indi (L-Indja)","ig":"Igbo","ig_NG":"Igbo (Ni\u0121erja)","id":"Indone\u017cjan","id_ID":"Indone\u017cjan (Indone\u017cja)","en":"Ingli\u017c","en_ZA":"Ingli\u017c (Afrika t\u2019Isfel)","en_AI":"Ingli\u017c (Angwilla)","en_AG":"Ingli\u017c (Antigua and Barbuda)","en_AU":"Ingli\u017c (Awstralja)","en_BS":"Ingli\u017c (Ba\u0127amas)","en_BB":"Ingli\u017c (Barbados)","en_BE":"Ingli\u017c (Bel\u0121ju)","en_BZ":"Ingli\u017c (Beli\u017ce)","en_BM":"Ingli\u017c (Bermuda)","en_BW":"Ingli\u017c (Botswana)","en_IO":"Ingli\u017c (British Indian Ocean Territory)","en_VG":"Ingli\u017c (British Virgin Islands)","en_CX":"Ingli\u017c (Christmas Island)","en_CC":"Ingli\u017c (Cocos (Keeling) Islands)","en_CK":"Ingli\u017c (Cook Islands)","en_DM":"Ingli\u017c (Dominika)","en_ER":"Ingli\u017c (Eritreja)","en_FK":"Ingli\u017c (Falkland Islands)","en_FJ":"Ingli\u017c (Fi\u0121i)","en_PH":"Ingli\u017c (Filippini)","en_JM":"Ingli\u017c (\u0120amajka)","en_GM":"Ingli\u017c (Gambja)","en_GH":"Ingli\u017c (Gana)","en_GI":"Ingli\u017c (Gibraltar)","en_GD":"Ingli\u017c (Grenada)","en_GY":"Ingli\u017c (Gujana)","en_GU":"Ingli\u017c (Gwam)","en_KY":"Ingli\u017c (G\u017cejjer Kajmani)","en_MP":"Ingli\u017c (G\u017cejjer Marjana ta\u2019 Fuq)","en_MH":"Ingli\u017c (G\u017cejjer ta\u2019 Marshall)","en_HK":"Ingli\u017c (\u0126ong Kong S.A.R. \u010aina)","en_IE":"Ingli\u017c (Irlanda)","en_IM":"Ingli\u017c (Isle of Man)","en_CM":"Ingli\u017c (Kamerun)","en_CA":"Ingli\u017c (Kanada)","en_KE":"Ingli\u017c (Kenja)","en_KI":"Ingli\u017c (Kiribati)","en_IN":"Ingli\u017c (L-Indja)","en_GB":"Ingli\u017c (L-Ingilterra)","en_US":"Ingli\u017c (L-Istati Uniti)","en_LS":"Ingli\u017c (Lesoto)","en_LR":"Ingli\u017c (Liberja)","en_MO":"Ingli\u017c (Macao S.A.R., China)","en_MG":"Ingli\u017c (Madagaskar)","en_MY":"Ingli\u017c (Malasja)","en_MW":"Ingli\u017c (Malawi)","en_MT":"Ingli\u017c (Malta)","en_MU":"Ingli\u017c (Mawrizju)","en_FM":"Ingli\u017c (Mikronesja)","en_MS":"Ingli\u017c (Montserrat)","en_NA":"Ingli\u017c (Namibja)","en_NR":"Ingli\u017c (Nauru)","en_NZ":"Ingli\u017c (New Zealand)","en_NG":"Ingli\u017c (Ni\u0121erja)","en_NU":"Ingli\u017c (Niue)","en_NF":"Ingli\u017c (Norfolk Island)","en_PK":"Ingli\u017c (Pakistan)","en_PW":"Ingli\u017c (Palau)","en_PG":"Ingli\u017c (Papwa-Ginea \u0120dida)","en_PN":"Ingli\u017c (Pitcairn)","en_PR":"Ingli\u017c (Puerto Rico)","en_RW":"Ingli\u017c (Rwanda)","en_SH":"Ingli\u017c (Saint Helena)","en_KN":"Ingli\u017c (Saint Kitts and Nevis)","en_VC":"Ingli\u017c (Saint Vincent and the Grenadines)","en_AS":"Ingli\u017c (Samoa Amerikana)","en_WS":"Ingli\u017c (Samoa)","en_LC":"Ingli\u017c (Santa Lu\u010bija)","en_SC":"Ingli\u017c (Seychelles)","en_SL":"Ingli\u017c (Sierra Leone)","en_SG":"Ingli\u017c (Singapor)","en_SB":"Ingli\u017c (Solomon Islands)","en_SD":"Ingli\u017c (Sudan)","en_SZ":"Ingli\u017c (Swa\u017ciland)","en_TZ":"Ingli\u017c (Tan\u017canija)","en_TK":"Ingli\u017c (Tokelaw)","en_TO":"Ingli\u017c (Tonga)","en_TT":"Ingli\u017c (Trinidad u Tobago)","en_TC":"Ingli\u017c (Turks and Caicos Islands)","en_TV":"Ingli\u017c (Tuvalu)","en_VI":"Ingli\u017c (U.S. Virgin Islands)","en_UG":"Ingli\u017c (Uganda)","en_UM":"Ingli\u017c (United States Minor Outlying Islands)","en_VU":"Ingli\u017c (Vanwatu)","en_ZM":"Ingli\u017c (\u017bambja)","en_ZW":"Ingli\u017c (\u017bimbabwe)","ga":"Irlandi\u017c","ga_IE":"Irlandi\u017c (Irlanda)","is":"I\u017clandi\u017c","is_IS":"I\u017clandi\u017c (Islanda)","yi":"Jiddix","yo":"Joruba","yo_BJ":"Joruba (Benin)","yo_NG":"Joruba (Ni\u0121erja)","kl":"Kalallisut","kl_GL":"Kalallisut (Grinlandja)","kn":"Kannada","kn_IN":"Kannada (L-Indja)","ca":"Katalan","ca_AD":"Katalan (Andorra)","ca_FR":"Katalan (Franza)","ca_IT":"Katalan (L-Italja)","ca_ES":"Katalan (Spanja)","ks":"Kaxmiri","ks_Arab_IN":"Kaxmiri (G\u0127arbi, L-Indja)","ks_Arab":"Kaxmiri (G\u0127arbi)","ks_IN":"Kaxmiri (L-Indja)","kk":"Ka\u017cak","kk_Cyrl_KZ":"Ka\u017cak (\u010airilliku, Ka\u017cakstan)","kk_Cyrl":"Ka\u017cak (\u010airilliku)","kk_KZ":"Ka\u017cak (Ka\u017cakstan)","qu":"Ke\u010bwa","qu_BO":"Ke\u010bwa (Bolivja)","qu_EC":"Ke\u010bwa (Ekwador)","qu_PE":"Ke\u010bwa (Peru)","ki":"Kikuju","ki_KE":"Kikuju (Kenja)","rw":"Kinjarwanda","rw_RW":"Kinjarwanda (Rwanda)","ky":"Kirgi\u017c","ky_Cyrl_KG":"Kirgi\u017c (\u010airilliku, Kirgistan)","ky_Cyrl":"Kirgi\u017c (\u010airilliku)","ky_KG":"Kirgi\u017c (Kirgistan)","km":"Kmer","km_KH":"Kmer (Kambodja)","ko":"Korejan","ko_KR":"Korejan (Koreja t\u2019Isfel)","ko_KP":"Korejan (Koreja ta\u2019 Fuq)","kw":"Korniku","kw_GB":"Korniku (L-Ingilterra)","hr":"Kroat","hr_BA":"Kroat (Bo\u017cnija \u0126er\u017cegovina)","hr_HR":"Kroat (Kroazja)","lo":"Lao","lo_LA":"Lao (Laos)","lv":"Latvjan","lv_LV":"Latvjan (Latvja)","lb":"Let\u017cburgi\u017c","lb_LU":"Let\u017cburgi\u017c (Lussemburgu)","ln":"Lingaljan","ln_AO":"Lingaljan (Angola)","ln_CD":"Lingaljan (Democratic Republic of the Congo)","ln_CG":"Lingaljan (Kongo)","ln_CF":"Lingaljan (Repubblika Afrikana \u010aentrali)","lt":"Litwanjan","lt_LT":"Litwanjan (Litwanja)","lu":"Luba-Katanga","lu_CD":"Luba-Katanga (Democratic Republic of the Congo)","mk":"Ma\u010bedonjan","mk_MK":"Ma\u010bedonjan (Ma\u010bedonja)","mg":"Malaga\u017ci","mg_MG":"Malaga\u017ci (Madagaskar)","ml":"Malajalam","ml_IN":"Malajalam (L-Indja)","ms":"Malajan","ms_BN":"Malajan (Brunej)","ms_Latn_BN":"Malajan (Latin, Brunej)","ms_Latn_MY":"Malajan (Latin, Malasja)","ms_Latn_SG":"Malajan (Latin, Singapor)","ms_Latn":"Malajan (Latin)","ms_MY":"Malajan (Malasja)","ms_SG":"Malajan (Singapor)","mt":"Malti","mt_MT":"Malti (Malta)","gv":"Manks","gv_IM":"Manks (Isle of Man)","mr":"Marati","mr_IN":"Marati (L-Indja)","mn":"Mongoljan","mn_Cyrl_MN":"Mongoljan (\u010airilliku, Mongolja)","mn_Cyrl":"Mongoljan (\u010airilliku)","mn_MN":"Mongoljan (Mongolja)","nd":"Ndebele, ta\u2019 Fuq","nd_ZW":"Ndebele, ta\u2019 Fuq (\u017bimbabwe)","ne":"Nepali\u017c","ne_IN":"Nepali\u017c (L-Indja)","ne_NP":"Nepali\u017c (Nepal)","nn":"Ninorsk Norve\u0121i\u017c","nn_NO":"Ninorsk Norve\u0121i\u017c (Norve\u0121ja)","no":"Norve\u0121i\u017c","no_NO":"Norve\u0121i\u017c (Norve\u0121ja)","nl":"Olandi\u017c","nl_AW":"Olandi\u017c (Aruba)","nl_BE":"Olandi\u017c (Bel\u0121ju)","nl_NL":"Olandi\u017c (Olanda)","nl_SR":"Olandi\u017c (Surinam)","or":"Orija","or_IN":"Orija (L-Indja)","om":"Oromo (Afan)","om_ET":"Oromo (Etijopja)","om_KE":"Oromo (Kenja)","os":"Ossettiku","os_GE":"Ossettiku (\u0120or\u0121ja)","os_RU":"Ossettiku (Ir-Russja)","ps":"Paxtun","ps_AF":"Paxtun (Afganistan)","fa":"Persjan","fa_AF":"Persjan (Afganistan)","fa_IR":"Persjan (Iran)","pl":"Pollakk","pl_PL":"Pollakk (Polonja)","pt":"Portugi\u017c","pt_AO":"Portugi\u017c (Angola)","pt_GW":"Portugi\u017c (Ginea-Bissaw)","pt_BR":"Portugi\u017c (Il-Bra\u017cil)","pt_CV":"Portugi\u017c (Kape Verde)","pt_MO":"Portugi\u017c (Macao S.A.R., China)","pt_MZ":"Portugi\u017c (Mo\u017cambik)","pt_PT":"Portugi\u017c (Portugall)","pt_ST":"Portugi\u017c (Sao Tome and Principe)","pt_TL":"Portugi\u017c (Timor tal-Lvant)","pa":"Pun\u0121abi","pa_Arab_PK":"Pun\u0121abi (G\u0127arbi, Pakistan)","pa_Arab":"Pun\u0121abi (G\u0127arbi)","pa_IN":"Pun\u0121abi (L-Indja)","pa_PK":"Pun\u0121abi (Pakistan)","pa_Guru_IN":"Punjabi (Gurmukhi, India)","pa_Guru":"Punjabi (Gurmukhi)","rm":"Reto-Romanz","rm_CH":"Reto-Romanz (Svizzera)","ro":"Rumen","ro_MD":"Rumen (Maldova)","ro_RO":"Rumen (Rumanija)","rn":"Rundi","rn_BI":"Rundi (Burundi)","ru":"Russu","ru_BY":"Russu (Bjelorussja)","ru_RU":"Russu (Ir-Russja)","ru_KZ":"Russu (Ka\u017cakstan)","ru_KG":"Russu (Kirgistan)","ru_MD":"Russu (Maldova)","ru_UA":"Russu (Ukraina)","se":"Sami ta\u2019 Fuq","se_FI":"Sami ta\u2019 Fuq (Finlandja)","se_NO":"Sami ta\u2019 Fuq (Norve\u0121ja)","se_SE":"Sami ta\u2019 Fuq (\u017bvezja)","sg":"Sango","sg_CF":"Sango (Repubblika Afrikana \u010aentrali)","sr":"Serb","sr_BA":"Serb (Bo\u017cnija \u0126er\u017cegovina)","sr_Cyrl_BA":"Serb (\u010airilliku, Bo\u017cnija \u0126er\u017cegovina)","sr_Cyrl":"Serb (\u010airilliku)","sr_Latn_BA":"Serb (Latin, Bo\u017cnija \u0126er\u017cegovina)","sr_Latn":"Serb (Latin)","sr_Cyrl_XK":"Serbian (Cyrillic, Kosovo)","sr_Cyrl_ME":"Serbian (Cyrillic, Montenegro)","sr_Cyrl_RS":"Serbian (Cyrillic, Serbia)","sr_XK":"Serbian (Kosovo)","sr_Latn_XK":"Serbian (Latin, Kosovo)","sr_Latn_ME":"Serbian (Latin, Montenegro)","sr_Latn_RS":"Serbian (Latin, Serbia)","sr_ME":"Serbian (Montenegro)","sr_RS":"Serbian (Serbia)","sh":"Serbo-Kroat","sh_BA":"Serbo-Kroat (Bo\u017cnija \u0126er\u017cegovina)","ii":"Sichuan Yi","ii_CN":"Sichuan Yi (I\u010b-\u010aina)","si":"Sin\u0127ali\u017c","si_LK":"Sin\u0127ali\u017c (Sri Lanka)","sk":"Slovakk","sk_SK":"Slovakk (Slovakkja)","sl":"Sloven","sl_SI":"Sloven (Slovenja)","so":"Somali","so_ET":"Somali (Etijopja)","so_DJ":"Somali (\u0120ibuti)","so_KE":"Somali (Kenja)","so_SO":"Somali (Somalja)","es_IC":"Spanish (Canary Islands)","es_EA":"Spanish (Ceuta & Melilla)","es":"Spanjol","es_AR":"Spanjol (Ar\u0121entina)","es_BO":"Spanjol (Bolivja)","es_CL":"Spanjol (\u010aili)","es_EC":"Spanjol (Ekwador)","es_SV":"Spanjol (El Salvador)","es_PH":"Spanjol (Filippini)","es_GQ":"Spanjol (Ginea Ekwatorjali)","es_GT":"Spanjol (Gwatemala)","es_HN":"Spanjol (\u0126onduras)","es_CO":"Spanjol (Kolumbja)","es_CR":"Spanjol (Kosta Rika)","es_CU":"Spanjol (Kuba)","es_US":"Spanjol (L-Istati Uniti)","es_MX":"Spanjol (Messiku)","es_NI":"Spanjol (Nikaragwa)","es_PA":"Spanjol (Panama)","es_PY":"Spanjol (Paragwaj)","es_PE":"Spanjol (Peru)","es_PR":"Spanjol (Puerto Rico)","es_DO":"Spanjol (Republikka Domenikana)","es_ES":"Spanjol (Spanja)","es_UY":"Spanjol (Urugwaj)","es_VE":"Spanjol (Venezwela)","sv":"Svedi\u017c","sv_FI":"Svedi\u017c (Finlandja)","sv_AX":"Svedi\u017c (G\u017cejjer Aland)","sv_SE":"Svedi\u017c (\u017bvezja)","sw":"Swa\u0127ili","sw_KE":"Swa\u0127ili (Kenja)","sw_TZ":"Swa\u0127ili (Tan\u017canija)","sw_UG":"Swa\u0127ili (Uganda)","tl":"Tagalog","tl_PH":"Tagalog (Filippini)","th":"Tajlandi\u017c","th_TH":"Tajlandi\u017c (Tajlandja)","it":"Taljan","it_IT":"Taljan (L-Italja)","it_SM":"Taljan (San Marino)","it_CH":"Taljan (Svizzera)","ta":"Tamil","ta_IN":"Tamil (L-Indja)","ta_MY":"Tamil (Malasja)","ta_SG":"Tamil (Singapor)","ta_LK":"Tamil (Sri Lanka)","te":"Telugu","te_IN":"Telugu (L-Indja)","bo":"Tibetjan","bo_CN":"Tibetjan (I\u010b-\u010aina)","bo_IN":"Tibetjan (L-Indja)","ti":"Tigrinja","ti_ER":"Tigrinja (Eritreja)","ti_ET":"Tigrinja (Etijopja)","to":"Tongan","to_TO":"Tongan (Tonga)","tr":"Tork","tr_CY":"Tork (\u010aipru)","tr_TR":"Tork (Turkija)","uk":"Ukranjan","uk_UA":"Ukranjan (Ukraina)","hu":"Ungeri\u017c","hu_HU":"Ungeri\u017c (Ungerija)","ur":"Urdu","ur_IN":"Urdu (L-Indja)","ur_PK":"Urdu (Pakistan)","uz":"U\u017cbek","uz_AF":"U\u017cbek (Afganistan)","uz_Cyrl_UZ":"U\u017cbek (\u010airilliku, U\u017cbekistan)","uz_Cyrl":"U\u017cbek (\u010airilliku)","uz_Arab_AF":"U\u017cbek (G\u0127arbi, Afganistan)","uz_Arab":"U\u017cbek (G\u0127arbi)","uz_Latn_UZ":"U\u017cbek (Latin, U\u017cbekistan)","uz_Latn":"U\u017cbek (Latin)","uz_UZ":"U\u017cbek (U\u017cbekistan)","vi":"Vjetnami\u017c","vi_VN":"Vjetnami\u017c (Vjetnam)","cy":"Welx","cy_GB":"Welx (L-Ingilterra)","ug":"Wigur","ug_Arab_CN":"Wigur (G\u0127arbi, I\u010b-\u010aina)","ug_Arab":"Wigur (G\u0127arbi)","ug_CN":"Wigur (I\u010b-\u010aina)","sn":"Xona","sn_ZW":"Xona (\u017bimbabwe)","zu":"\u017bulu","zu_ZA":"\u017bulu (Afrika t\u2019Isfel)"}