{"af":"Afrikaans","af_NA":"Afrikaans (Namibia)","af_ZA":"Afrikaans (South Africa)","sq":"Albanian","sq_AL":"Albanian (Albania)","sq_XK":"Albanian (Kosovo)","sq_MK":"Albanian (Macedonia)","ar_SS":"Arabic (South Sudan)","ar_EH":"Arabic (Western Sahara)","hy":"Armenian","hy_AM":"Armenian (Armenia)","as":"Assamese","as_IN":"Assamese (India)","az":"Azerbaijani","az_AZ":"Azerbaijani (Azerbaijan)","az_Cyrl_AZ":"Azerbaijani (Cyrillic, Azerbaijan)","az_Cyrl":"Azerbaijani (Cyrillic)","az_Latn_AZ":"Azerbaijani (Latin, Azerbaijan)","az_Latn":"Azerbaijani (Latin)","bm":"Bambara","bm_Latn_ML":"Bambara (Latin, Mali)","bm_Latn":"Bambara (Latin)","eu":"Basque","eu_ES":"Basque (Spain)","bs":"Bosnian","bs_BA":"Bosnian (Bosnia & Herzegovina)","bs_Cyrl_BA":"Bosnian (Cyrillic, Bosnia & Herzegovina)","bs_Cyrl":"Bosnian (Cyrillic)","bs_Latn_BA":"Bosnian (Latin, Bosnia & Herzegovina)","bs_Latn":"Bosnian (Latin)","br":"Breton","br_FR":"Breton (France)","ca":"Catalan","ca_AD":"Catalan (Andorra)","ca_FR":"Catalan (France)","ca_IT":"Catalan (Italy)","ca_ES":"Catalan (Spain)","zh_HK":"Chinese (Hong Kong SAR China)","zh_MO":"Chinese (Macau SAR China)","zh_Hans_CN":"Chinese (Simplified, China)","zh_Hans_HK":"Chinese (Simplified, Hong Kong SAR China)","zh_Hans_MO":"Chinese (Simplified, Macau SAR China)","zh_Hans_SG":"Chinese (Simplified, Singapore)","zh_Hans":"Chinese (Simplified)","zh_Hant_HK":"Chinese (Traditional, Hong Kong SAR China)","zh_Hant_MO":"Chinese (Traditional, Macau SAR China)","zh_Hant_TW":"Chinese (Traditional, Taiwan)","zh_Hant":"Chinese (Traditional)","kw":"Cornish","kw_GB":"Cornish (United Kingdom)","hr":"Croatian","hr_BA":"Croatian (Bosnia & Herzegovina)","hr_HR":"Croatian (Croatia)","da":"Danish","da_DK":"Danish (Denmark)","da_GL":"Danish (Greenland)","nl_BQ":"Dutch (Caribbean Netherlands)","nl_CW":"Dutch (Cura\u00e7ao)","nl_SX":"Dutch (Sint Maarten)","dz":"Dzongkha","dz_BT":"Dzongkha (Bhutan)","en_CX":"English (Christmas Island)","en_CC":"English (Cocos (Keeling) Islands)","en_DG":"English (Diego Garcia)","en_GG":"English (Guernsey)","en_HK":"English (Hong Kong SAR China)","en_IM":"English (Isle of Man)","en_JE":"English (Jersey)","en_MO":"English (Macau SAR China)","en_SX":"English (Sint Maarten)","en_SS":"English (South Sudan)","en_UM":"English (U.S. Outlying Islands)","eo":"Esperanto","et":"Estonian","et_EE":"Estonian (Estonia)","ee":"Ewe","ee_GH":"Ewe (Ghana)","ee_TG":"Ewe (Togo)","fo":"Faroese","fo_FO":"Faroese (Faroe Islands)","fi":"Finnish","fi_FI":"Finnish (Finland)","fr_BL":"French (St. Barth\u00e9lemy)","fr_MF":"French (St. Martin)","ff":"Fulah","ff_CM":"Fulah (Cameroon)","ff_GN":"Fulah (Guinea)","ff_MR":"Fulah (Mauritania)","ff_SN":"Fulah (Senegal)","gl":"Galician","gl_ES":"Galician (Spain)","lg":"Ganda","lg_UG":"Ganda (Uganda)","ka":"Georgian","ka_GE":"Georgian (Georgia)","gu":"Gujarati","gu_IN":"Gujarati (India)","ha_Latn_GH":"Hausa (Latin, Ghana)","ha_Latn_NE":"Hausa (Latin, Niger)","ha_Latn_NG":"Hausa (Latin, Nigeria)","ha_Latn":"Hausa (Latin)","he":"Hebrew","he_IL":"Hebrew (Israel)","is":"Icelandic","is_IS":"Icelandic (Iceland)","ga":"Irish","ga_IE":"Irish (Ireland)","ak":"isi-Akhani","ak_GH":"isi-Akhani (Ghana)","ar":"isi-Alabhu","ar_DZ":"isi-Alabhu (Aljeriya)","ar_BH":"isi-Alabhu (Bhahareni)","ar_TD":"isi-Alabhu (Chadi)","ar_DJ":"isi-Alabhu (Djibouti)","ar_EG":"isi-Alabhu (Egypt)","ar_ER":"isi-Alabhu (Eritrea)","ar_IQ":"isi-Alabhu (Iraki)","ar_IL":"isi-Alabhu (Isuraeli)","ar_JO":"isi-Alabhu (Jodani)","ar_QA":"isi-Alabhu (Kathari)","ar_KM":"isi-Alabhu (Khomoro)","ar_KW":"isi-Alabhu (Khuweiti)","ar_LB":"isi-Alabhu (Lebhanoni)","ar_LY":"isi-Alabhu (Libhiya)","ar_MR":"isi-Alabhu (Mauritania)","ar_MA":"isi-Alabhu (Morokho)","ar_OM":"isi-Alabhu (Omani)","ar_PS":"isi-Alabhu (Palestinian West Bank and Gaza)","ar_SA":"isi-Alabhu (Saudi Arabia)","ar_SO":"isi-Alabhu (Somaliya)","ar_SD":"isi-Alabhu (Sudani)","ar_SY":"isi-Alabhu (Syria)","ar_TN":"isi-Alabhu (Tunisiya)","ar_AE":"isi-Alabhu (United Arab Emirates)","ar_YE":"isi-Alabhu (Yemeni)","am":"isi-Amaharikhi","am_ET":"isi-Amaharikhi (Ethiopia)","be":"isi-Bhelarashiyani","be_BY":"isi-Bhelarashiyani (Bhelarusi)","bn":"isi-Bhengali","bn_BD":"isi-Bhengali (Bhangiladeshi)","bn_IN":"isi-Bhengali (Indiya)","bg":"isi-Bulgaria","bg_BG":"isi-Bulgaria (Bhulgariya)","my":"isi-Burma","my_MM":"isi-Burma (Myanmar)","zh":"isi-China","zh_CN":"isi-China (China)","zh_SG":"isi-China (Singapore)","zh_TW":"isi-China (Thayiwani)","cs":"isi-Czech","cs_CZ":"isi-Czech (Czech Republic)","nl":"isi-Dutch","nl_AW":"isi-Dutch (Arubha)","nl_BE":"isi-Dutch (Bhelgium)","nl_NL":"isi-Dutch (Netherlands)","nl_SR":"isi-Dutch (Suriname)","fr":"isi-Fulentshi","fr_DZ":"isi-Fulentshi (Aljeriya)","fr_BE":"isi-Fulentshi (Bhelgium)","fr_BJ":"isi-Fulentshi (Bhenini)","fr_BF":"isi-Fulentshi (Bhukina Faso)","fr_BI":"isi-Fulentshi (Bhurundi)","fr_CF":"isi-Fulentshi (Central African Republic)","fr_TD":"isi-Fulentshi (Chadi)","fr_CD":"isi-Fulentshi (Democratic Republic of the Congo)","fr_DJ":"isi-Fulentshi (Djibouti)","fr_GQ":"isi-Fulentshi (Equatorial Guinea)","fr_FR":"isi-Fulentshi (Furansi)","fr_GA":"isi-Fulentshi (Gabhoni)","fr_GP":"isi-Fulentshi (Guadeloupe)","fr_GN":"isi-Fulentshi (Guinea)","fr_GF":"isi-Fulentshi (Gwiyana ye Furansi)","fr_HT":"isi-Fulentshi (Hayiti)","fr_CI":"isi-Fulentshi (Ivory Coast)","fr_CM":"isi-Fulentshi (Khameruni)","fr_CA":"isi-Fulentshi (Khanada)","fr_KM":"isi-Fulentshi (Khomoro)","fr_CG":"isi-Fulentshi (Khongo)","fr_LU":"isi-Fulentshi (Luxembourg)","fr_MG":"isi-Fulentshi (Madagaska)","fr_ML":"isi-Fulentshi (Mali)","fr_MQ":"isi-Fulentshi (Martinique)","fr_MR":"isi-Fulentshi (Mauritania)","fr_MU":"isi-Fulentshi (Mauritius)","fr_YT":"isi-Fulentshi (Mayotte)","fr_MC":"isi-Fulentshi (Monakho)","fr_MA":"isi-Fulentshi (Morokho)","fr_NC":"isi-Fulentshi (New Caledonia)","fr_NE":"isi-Fulentshi (Niger)","fr_PF":"isi-Fulentshi (Pholinesiya ye Fulansi)","fr_RE":"isi-Fulentshi (R\u00e9union)","fr_RW":"isi-Fulentshi (Ruwanda)","fr_PM":"isi-Fulentshi (Saint Pierre and Miquelon)","fr_SN":"isi-Fulentshi (Senegali)","fr_SC":"isi-Fulentshi (Seychelles)","fr_CH":"isi-Fulentshi (Switzerland)","fr_SY":"isi-Fulentshi (Syria)","fr_TG":"isi-Fulentshi (Thogo)","fr_TN":"isi-Fulentshi (Tunisiya)","fr_VU":"isi-Fulentshi (Vhanuatu)","fr_WF":"isi-Fulentshi (Wallis and Futuna)","el":"isi-Giliki","el_CY":"isi-Giliki (Cyprus)","el_GR":"isi-Giliki (Greece)","hu":"isi-Hangari","hu_HU":"isi-Hangari (Hungary)","ha":"isi-Hausa","ha_GH":"isi-Hausa (Ghana)","ha_NE":"isi-Hausa (Niger)","ha_NG":"isi-Hausa (Nigeriya)","hi":"isi-Hindi","hi_IN":"isi-Hindi (Indiya)","ig":"isi-Igbo","ig_NG":"isi-Igbo (Nigeriya)","id":"isi-Indonesia","id_ID":"isi-Indonesia (Indonesiya)","it":"isi-Italiano","it_IT":"isi-Italiano (Itali)","it_SM":"isi-Italiano (San Marino)","it_CH":"isi-Italiano (Switzerland)","de":"isi-Jalimani","de_AT":"isi-Jalimani (Austria)","de_BE":"isi-Jalimani (Bhelgium)","de_DE":"isi-Jalimani (Germany)","de_LI":"isi-Jalimani (Liechtenstein)","de_LU":"isi-Jalimani (Luxembourg)","de_CH":"isi-Jalimani (Switzerland)","ja":"isi-Japhani","ja_JP":"isi-Japhani (Japan)","km":"isi-Khambodiya","km_KH":"isi-Khambodiya (Cambodia)","ko":"isi-Koriya","ko_KP":"isi-Koriya (North Korea)","ko_KR":"isi-Koriya (South Korea)","ms":"isi-Malayi","ms_BN":"isi-Malayi (Brunei)","ms_MY":"isi-Malayi (Malezhiya)","ms_SG":"isi-Malayi (Singapore)","ne":"isi-Nepali","ne_IN":"isi-Nepali (Indiya)","ne_NP":"isi-Nepali (Nephali)","en":"isi-Ngisi","en_US":"isi-Ngisi (Amelika)","en_AI":"isi-Ngisi (Anguilla)","en_AG":"isi-Ngisi (Antigua le Barbuda)","en_AU":"isi-Ngisi (Australia)","en_BB":"isi-Ngisi (Bhabhadosi)","en_BS":"isi-Ngisi (Bhahamas)","en_BE":"isi-Ngisi (Bhelgium)","en_BZ":"isi-Ngisi (Bhelize)","en_BM":"isi-Ngisi (Bhemuda)","en_BW":"isi-Ngisi (Botswana)","en_IO":"isi-Ngisi (British Indian Ocean Territory)","en_VG":"isi-Ngisi (British Virgin Islands)","en_KY":"isi-Ngisi (Cayman Islands)","en_CK":"isi-Ngisi (Cook Islands)","en_DM":"isi-Ngisi (Dominikha)","en_ER":"isi-Ngisi (Eritrea)","en_FK":"isi-Ngisi (Falkland Islands)","en_FJ":"isi-Ngisi (Fiji)","en_GM":"isi-Ngisi (Gambiya)","en_GH":"isi-Ngisi (Ghana)","en_GI":"isi-Ngisi (Gibraltar)","en_GD":"isi-Ngisi (Grenada)","en_GU":"isi-Ngisi (Guam)","en_GY":"isi-Ngisi (Guyana)","en_IN":"isi-Ngisi (Indiya)","en_IE":"isi-Ngisi (Ireland)","en_JM":"isi-Ngisi (Jamaica)","en_CM":"isi-Ngisi (Khameruni)","en_CA":"isi-Ngisi (Khanada)","en_KE":"isi-Ngisi (Khenya)","en_KI":"isi-Ngisi (Khiribati)","en_LS":"isi-Ngisi (Lesotho)","en_LR":"isi-Ngisi (Libheriya)","en_MG":"isi-Ngisi (Madagaska)","en_MW":"isi-Ngisi (Malawi)","en_MY":"isi-Ngisi (Malezhiya)","en_MT":"isi-Ngisi (Malta)","en_MH":"isi-Ngisi (Marshall Islands)","en_MU":"isi-Ngisi (Mauritius)","en_FM":"isi-Ngisi (Micronesia)","en_MS":"isi-Ngisi (Montserrat)","en_ZA":"isi-Ngisi (Mzansi ye Afrika)","en_NA":"isi-Ngisi (Namibhiya)","en_NR":"isi-Ngisi (Nauru)","en_NZ":"isi-Ngisi (New Zealand)","en_NG":"isi-Ngisi (Nigeriya)","en_NU":"isi-Ngisi (Niue)","en_NF":"isi-Ngisi (Norfolk Island)","en_MP":"isi-Ngisi (Northern Mariana Islands)","en_PW":"isi-Ngisi (Palau)","en_PG":"isi-Ngisi (Papua New Guinea)","en_PK":"isi-Ngisi (Phakistani)","en_PH":"isi-Ngisi (Philippines)","en_PN":"isi-Ngisi (Pitcairn)","en_PR":"isi-Ngisi (Puerto Rico)","en_RW":"isi-Ngisi (Ruwanda)","en_SH":"isi-Ngisi (Saint Helena)","en_KN":"isi-Ngisi (Saint Kitts and Nevis)","en_LC":"isi-Ngisi (Saint Lucia)","en_VC":"isi-Ngisi (Saint Vincent and the Grenadines)","en_AS":"isi-Ngisi (Samoa ye Amelika)","en_WS":"isi-Ngisi (Samowa)","en_SC":"isi-Ngisi (Seychelles)","en_SL":"isi-Ngisi (Sierra Leone)","en_SG":"isi-Ngisi (Singapore)","en_SB":"isi-Ngisi (Solomon Islands)","en_SD":"isi-Ngisi (Sudani)","en_SZ":"isi-Ngisi (Swaziland)","en_TZ":"isi-Ngisi (Tanzaniya)","en_TK":"isi-Ngisi (Thokelawu)","en_TO":"isi-Ngisi (Thonga)","en_TV":"isi-Ngisi (Thuvalu)","en_TT":"isi-Ngisi (Trinidad le Tobago)","en_TC":"isi-Ngisi (Turks and Caicos Islands)","en_VI":"isi-Ngisi (U.S. Virgin Islands)","en_UG":"isi-Ngisi (Uganda)","en_GB":"isi-Ngisi (United Kingdom)","en_VU":"isi-Ngisi (Vhanuatu)","en_ZM":"isi-Ngisi (Zambiya)","en_ZW":"isi-Ngisi (Zimbabwe)","fa":"isi-Pheshiyani","fa_AF":"isi-Pheshiyani (Afghanistan)","fa_IR":"isi-Pheshiyani (Iran)","pl":"isi-Pholoshi","pl_PL":"isi-Pholoshi (Pholandi)","pa":"isi-Phunjabi","pa_IN":"isi-Phunjabi (Indiya)","pa_PK":"isi-Phunjabi (Phakistani)","pt":"isi-Potukezi","pt_AO":"isi-Potukezi (Angola)","pt_BR":"isi-Potukezi (Brazili)","pt_CV":"isi-Potukezi (Cape Verde Islands)","pt_TL":"isi-Potukezi (East Timor)","pt_GW":"isi-Potukezi (Guinea-Bissau)","pt_MZ":"isi-Potukezi (Mozambique)","pt_PT":"isi-Potukezi (Portugal)","pt_ST":"isi-Potukezi (S\u00e3o Tom\u00e9 and Pr\u00edncipe)","ru":"isi-Rashiya","ru_BY":"isi-Rashiya (Bhelarusi)","ru_KZ":"isi-Rashiya (Kazakhstan)","ru_KG":"isi-Rashiya (Kyrgyzstan)","ru_MD":"isi-Rashiya (Moldova)","ru_RU":"isi-Rashiya (Rashiya)","ru_UA":"isi-Rashiya (Yukreini)","ro":"isi-Romani","ro_MD":"isi-Romani (Moldova)","ro_RO":"isi-Romani (Romania)","rw":"isi-Ruwanda","rw_RW":"isi-Ruwanda (Ruwanda)","es":"isi-Sipeyini","es_AR":"isi-Sipeyini (Ajentina)","es_US":"isi-Sipeyini (Amelika)","es_BO":"isi-Sipeyini (Bholiviya)","es_CL":"isi-Sipeyini (Chile)","es_CU":"isi-Sipeyini (Cuba)","es_DO":"isi-Sipeyini (Dominican Republic)","es_EC":"isi-Sipeyini (Ecuador)","es_SV":"isi-Sipeyini (El Salvador)","es_GQ":"isi-Sipeyini (Equatorial Guinea)","es_GT":"isi-Sipeyini (Guatemala)","es_HN":"isi-Sipeyini (Honduras)","es_CO":"isi-Sipeyini (Kholombiya)","es_CR":"isi-Sipeyini (Khosta Rikha)","es_MX":"isi-Sipeyini (Meksikho)","es_NI":"isi-Sipeyini (Nicaragua)","es_PA":"isi-Sipeyini (Panama)","es_PY":"isi-Sipeyini (Paraguay)","es_PE":"isi-Sipeyini (Pheru)","es_PH":"isi-Sipeyini (Philippines)","es_PR":"isi-Sipeyini (Puerto Rico)","es_ES":"isi-Sipeyini (Spain)","es_VE":"isi-Sipeyini (Venezuela)","es_UY":"isi-Sipeyini (Yurugwai)","so":"isi-Somali","so_DJ":"isi-Somali (Djibouti)","so_ET":"isi-Somali (Ethiopia)","so_KE":"isi-Somali (Khenya)","so_SO":"isi-Somali (Somaliya)","sv":"isi-Swidishi","sv_FI":"isi-Swidishi (Finland)","sv_SE":"isi-Swidishi (Sweden)","ta":"isi-Thamil","ta_IN":"isi-Thamil (Indiya)","ta_MY":"isi-Thamil (Malezhiya)","ta_SG":"isi-Thamil (Singapore)","ta_LK":"isi-Thamil (Sri Lanka)","th":"isi-Thayi","th_TH":"isi-Thayi (Thayilandi)","tr":"isi-Thekishi","tr_CY":"isi-Thekishi (Cyprus)","tr_TR":"isi-Thekishi (Thekhi)","ur":"isi-Udu","ur_IN":"isi-Udu (Indiya)","ur_PK":"isi-Udu (Phakistani)","uk":"isi-Ukrain","uk_UA":"isi-Ukrain (Yukreini)","vi":"isi-Vietnamese","vi_VN":"isi-Vietnamese (Vietnam)","yo":"isi-Yorubha","yo_BJ":"isi-Yorubha (Bhenini)","yo_NG":"isi-Yorubha (Nigeriya)","zu":"isi-Zulu","zu_ZA":"isi-Zulu (Mzansi ye Afrika)","nd":"isiNdebele","nd_ZW":"isiNdebele (Zimbabwe)","kl":"Kalaallisut","kl_GL":"Kalaallisut (Greenland)","kn":"Kannada","kn_IN":"Kannada (India)","ks":"Kashmiri","ks_Arab_IN":"Kashmiri (Arabic, India)","ks_Arab":"Kashmiri (Arabic)","ks_IN":"Kashmiri (India)","kk":"Kazakh","kk_Cyrl_KZ":"Kazakh (Cyrillic, Kazakhstan)","kk_Cyrl":"Kazakh (Cyrillic)","kk_KZ":"Kazakh (Kazakhstan)","ki":"Kikuyu","ki_KE":"Kikuyu (Kenya)","ky":"Kyrgyz","ky_Cyrl_KG":"Kyrgyz (Cyrillic, Kyrgyzstan)","ky_Cyrl":"Kyrgyz (Cyrillic)","ky_KG":"Kyrgyz (Kyrgyzstan)","lo":"Lao","lo_LA":"Lao (Laos)","lv":"Latvian","lv_LV":"Latvian (Latvia)","ln":"Lingala","ln_AO":"Lingala (Angola)","ln_CF":"Lingala (Central African Republic)","ln_CG":"Lingala (Congo - Brazzaville)","ln_CD":"Lingala (Congo - Kinshasa)","lt":"Lithuanian","lt_LT":"Lithuanian (Lithuania)","lu":"Luba-Katanga","lu_CD":"Luba-Katanga (Congo - Kinshasa)","lb":"Luxembourgish","lb_LU":"Luxembourgish (Luxembourg)","mk":"Macedonian","mk_MK":"Macedonian (Macedonia)","mg":"Malagasy","mg_MG":"Malagasy (Madagascar)","ms_Latn_BN":"Malay (Latin, Brunei)","ms_Latn_MY":"Malay (Latin, Malaysia)","ms_Latn_SG":"Malay (Latin, Singapore)","ms_Latn":"Malay (Latin)","ml":"Malayalam","ml_IN":"Malayalam (India)","mt":"Maltese","mt_MT":"Maltese (Malta)","gv":"Manx","gv_IM":"Manx (Isle of Man)","mr":"Marathi","mr_IN":"Marathi (India)","mn":"Mongolian","mn_Cyrl_MN":"Mongolian (Cyrillic, Mongolia)","mn_Cyrl":"Mongolian (Cyrillic)","mn_MN":"Mongolian (Mongolia)","se":"Northern Sami","se_FI":"Northern Sami (Finland)","se_NO":"Northern Sami (Norway)","se_SE":"Northern Sami (Sweden)","no":"Norwegian","no_NO":"Norwegian (Norway)","nb":"Norwegian Bokm\u00e5l","nb_NO":"Norwegian Bokm\u00e5l (Norway)","nb_SJ":"Norwegian Bokm\u00e5l (Svalbard & Jan Mayen)","nn":"Norwegian Nynorsk","nn_NO":"Norwegian Nynorsk (Norway)","or":"Oriya","or_IN":"Oriya (India)","om":"Oromo","om_ET":"Oromo (Ethiopia)","om_KE":"Oromo (Kenya)","os":"Ossetic","os_GE":"Ossetic (Georgia)","os_RU":"Ossetic (Russia)","ps":"Pashto","ps_AF":"Pashto (Afghanistan)","pt_MO":"Portuguese (Macau SAR China)","pa_Arab_PK":"Punjabi (Arabic, Pakistan)","pa_Arab":"Punjabi (Arabic)","pa_Guru_IN":"Punjabi (Gurmukhi, India)","pa_Guru":"Punjabi (Gurmukhi)","qu":"Quechua","qu_BO":"Quechua (Bolivia)","qu_EC":"Quechua (Ecuador)","qu_PE":"Quechua (Peru)","rm":"Romansh","rm_CH":"Romansh (Switzerland)","rn":"Rundi","rn_BI":"Rundi (Burundi)","sg":"Sango","sg_CF":"Sango (Central African Republic)","gd":"Scottish Gaelic","gd_GB":"Scottish Gaelic (United Kingdom)","sr":"Serbian","sr_BA":"Serbian (Bosnia & Herzegovina)","sr_Cyrl_BA":"Serbian (Cyrillic, Bosnia & Herzegovina)","sr_Cyrl_XK":"Serbian (Cyrillic, Kosovo)","sr_Cyrl_ME":"Serbian (Cyrillic, Montenegro)","sr_Cyrl_RS":"Serbian (Cyrillic, Serbia)","sr_Cyrl":"Serbian (Cyrillic)","sr_XK":"Serbian (Kosovo)","sr_Latn_BA":"Serbian (Latin, Bosnia & Herzegovina)","sr_Latn_XK":"Serbian (Latin, Kosovo)","sr_Latn_ME":"Serbian (Latin, Montenegro)","sr_Latn_RS":"Serbian (Latin, Serbia)","sr_Latn":"Serbian (Latin)","sr_ME":"Serbian (Montenegro)","sr_RS":"Serbian (Serbia)","sh":"Serbo-Croatian","sh_BA":"Serbo-Croatian (Bosnia & Herzegovina)","sn":"Shona","sn_ZW":"Shona (Zimbabwe)","ii":"Sichuan Yi","ii_CN":"Sichuan Yi (China)","si":"Sinhala","si_LK":"Sinhala (Sri Lanka)","sk":"Slovak","sk_SK":"Slovak (Slovakia)","sl":"Slovenian","sl_SI":"Slovenian (Slovenia)","es_IC":"Spanish (Canary Islands)","es_EA":"Spanish (Ceuta & Melilla)","sw":"Swahili","sw_KE":"Swahili (Kenya)","sw_TZ":"Swahili (Tanzania)","sw_UG":"Swahili (Uganda)","sv_AX":"Swedish (\u00c5land Islands)","tl":"Tagalog","tl_PH":"Tagalog (Philippines)","te":"Telugu","te_IN":"Telugu (India)","bo":"Tibetan","bo_CN":"Tibetan (China)","bo_IN":"Tibetan (India)","ti":"Tigrinya","ti_ER":"Tigrinya (Eritrea)","ti_ET":"Tigrinya (Ethiopia)","to":"Tongan","to_TO":"Tongan (Tonga)","ug":"Uyghur","ug_Arab_CN":"Uyghur (Arabic, China)","ug_Arab":"Uyghur (Arabic)","ug_CN":"Uyghur (China)","uz":"Uzbek","uz_AF":"Uzbek (Afghanistan)","uz_Arab_AF":"Uzbek (Arabic, Afghanistan)","uz_Arab":"Uzbek (Arabic)","uz_Cyrl_UZ":"Uzbek (Cyrillic, Uzbekistan)","uz_Cyrl":"Uzbek (Cyrillic)","uz_Latn_UZ":"Uzbek (Latin, Uzbekistan)","uz_Latn":"Uzbek (Latin)","uz_UZ":"Uzbek (Uzbekistan)","cy":"Welsh","cy_GB":"Welsh (United Kingdom)","fy":"Western Frisian","fy_NL":"Western Frisian (Netherlands)","yi":"Yiddish"}