{"om":"Afaan Oromo","om_ET":"Afaan Oromo (Ethiopi\u00eb)","om_KE":"Afaan Oromo (Kenia)","af":"Afrikaans","af_NA":"Afrikaans (Namibi\u00eb)","af_ZA":"Afrikaans (Zuid-Afrika)","ak":"Akan","ak_GH":"Akan (Ghana)","sq":"Albanees","sq_AL":"Albanees (Albani\u00eb)","sq_XK":"Albanees (Kosovo)","sq_MK":"Albanees (Macedoni\u00eb)","am":"Amhaars","am_ET":"Amhaars (Ethiopi\u00eb)","ar":"Arabisch","ar_DZ":"Arabisch (Algerije)","ar_BH":"Arabisch (Bahrein)","ar_KM":"Arabisch (Comoren)","ar_DJ":"Arabisch (Djibouti)","ar_EG":"Arabisch (Egypte)","ar_ER":"Arabisch (Eritrea)","ar_IQ":"Arabisch (Irak)","ar_IL":"Arabisch (Isra\u00ebl)","ar_YE":"Arabisch (Jemen)","ar_JO":"Arabisch (Jordani\u00eb)","ar_KW":"Arabisch (Koeweit)","ar_LB":"Arabisch (Libanon)","ar_LY":"Arabisch (Libi\u00eb)","ar_MA":"Arabisch (Marokko)","ar_MR":"Arabisch (Mauritani\u00eb)","ar_OM":"Arabisch (Oman)","ar_PS":"Arabisch (Palestijnse gebieden)","ar_QA":"Arabisch (Qatar)","ar_SA":"Arabisch (Saoedi-Arabi\u00eb)","ar_SD":"Arabisch (Soedan)","ar_SO":"Arabisch (Somali\u00eb)","ar_SY":"Arabisch (Syri\u00eb)","ar_TD":"Arabisch (Tsjaad)","ar_TN":"Arabisch (Tunesi\u00eb)","ar_AE":"Arabisch (Verenigde Arabische Emiraten)","ar_EH":"Arabisch (Westelijke Sahara)","ar_SS":"Arabisch (Zuid-Soedan)","hy":"Armeens","hy_AM":"Armeens (Armeni\u00eb)","as":"Assamees","as_IN":"Assamees (India)","az":"Azerbeidzjaans","az_AZ":"Azerbeidzjaans (Azerbeidzjan)","az_Cyrl_AZ":"Azerbeidzjaans (Cyrillisch, Azerbeidzjan)","az_Cyrl":"Azerbeidzjaans (Cyrillisch)","az_Latn_AZ":"Azerbeidzjaans (Latijn, Azerbeidzjan)","az_Latn":"Azerbeidzjaans (Latijn)","bm":"Bambara","bm_Latn_ML":"Bambara (Latijn, Mali)","bm_Latn":"Bambara (Latijn)","eu":"Baskisch","eu_ES":"Baskisch (Spanje)","bn":"Bengaals","bn_BD":"Bengaals (Bangladesh)","bn_IN":"Bengaals (India)","my":"Birmaans","my_MM":"Birmaans (Myanmar (Birma))","bs":"Bosnisch","bs_BA":"Bosnisch (Bosni\u00eb en Herzegovina)","bs_Cyrl_BA":"Bosnisch (Cyrillisch, Bosni\u00eb en Herzegovina)","bs_Cyrl":"Bosnisch (Cyrillisch)","bs_Latn_BA":"Bosnisch (Latijn, Bosni\u00eb en Herzegovina)","bs_Latn":"Bosnisch (Latijn)","br":"Bretons","br_FR":"Bretons (Frankrijk)","bg":"Bulgaars","bg_BG":"Bulgaars (Bulgarije)","ca":"Catalaans","ca_AD":"Catalaans (Andorra)","ca_FR":"Catalaans (Frankrijk)","ca_IT":"Catalaans (Itali\u00eb)","ca_ES":"Catalaans (Spanje)","zh":"Chinees","zh_CN":"Chinees (China)","zh_HK":"Chinees (Hongkong SAR van China)","zh_MO":"Chinees (Macau SAR van China)","zh_SG":"Chinees (Singapore)","zh_TW":"Chinees (Taiwan)","zh_Hant_HK":"Chinees (traditioneel, Hongkong SAR van China)","zh_Hant_MO":"Chinees (traditioneel, Macau SAR van China)","zh_Hant_TW":"Chinees (traditioneel, Taiwan)","zh_Hant":"Chinees (traditioneel)","zh_Hans_CN":"Chinees (vereenvoudigd, China)","zh_Hans_HK":"Chinees (vereenvoudigd, Hongkong SAR van China)","zh_Hans_MO":"Chinees (vereenvoudigd, Macau SAR van China)","zh_Hans_SG":"Chinees (vereenvoudigd, Singapore)","zh_Hans":"Chinees (vereenvoudigd)","kw":"Cornish","kw_GB":"Cornish (Verenigd Koninkrijk)","da":"Deens","da_DK":"Deens (Denemarken)","da_GL":"Deens (Groenland)","de":"Duits","de_BE":"Duits (Belgi\u00eb)","de_DE":"Duits (Duitsland)","de_LI":"Duits (Liechtenstein)","de_LU":"Duits (Luxemburg)","de_AT":"Duits (Oostenrijk)","de_CH":"Duits (Zwitserland)","dz":"Dzongkha","dz_BT":"Dzongkha (Bhutan)","en":"Engels","en_AS":"Engels (Amerikaans-Samoa)","en_VI":"Engels (Amerikaanse Maagdeneilanden)","en_AI":"Engels (Anguilla)","en_AG":"Engels (Antigua en Barbuda)","en_AU":"Engels (Australi\u00eb)","en_BS":"Engels (Bahama\u2019s)","en_BB":"Engels (Barbados)","en_BE":"Engels (Belgi\u00eb)","en_BZ":"Engels (Belize)","en_BM":"Engels (Bermuda)","en_BW":"Engels (Botswana)","en_IO":"Engels (Britse Gebieden in de Indische Oceaan)","en_VG":"Engels (Britse Maagdeneilanden)","en_CA":"Engels (Canada)","en_KY":"Engels (Caymaneilanden)","en_CX":"Engels (Christmaseiland)","en_CC":"Engels (Cocoseilanden)","en_CK":"Engels (Cookeilanden)","en_DG":"Engels (Diego Garcia)","en_DM":"Engels (Dominica)","en_ER":"Engels (Eritrea)","en_FK":"Engels (Falklandeilanden)","en_FJ":"Engels (Fiji)","en_PH":"Engels (Filipijnen)","en_GM":"Engels (Gambia)","en_GH":"Engels (Ghana)","en_GI":"Engels (Gibraltar)","en_GD":"Engels (Grenada)","en_GU":"Engels (Guam)","en_GG":"Engels (Guernsey)","en_GY":"Engels (Guyana)","en_HK":"Engels (Hongkong SAR van China)","en_IE":"Engels (Ierland)","en_IN":"Engels (India)","en_IM":"Engels (Isle of Man)","en_JM":"Engels (Jamaica)","en_JE":"Engels (Jersey)","en_CM":"Engels (Kameroen)","en_KE":"Engels (Kenia)","en_KI":"Engels (Kiribati)","en_UM":"Engels (Kleine afgelegen eilanden van de Verenigde Staten)","en_LS":"Engels (Lesotho)","en_LR":"Engels (Liberia)","en_MO":"Engels (Macau SAR van China)","en_MG":"Engels (Madagaskar)","en_MW":"Engels (Malawi)","en_MY":"Engels (Maleisi\u00eb)","en_MT":"Engels (Malta)","en_MH":"Engels (Marshalleilanden)","en_MU":"Engels (Mauritius)","en_FM":"Engels (Micronesia)","en_MS":"Engels (Montserrat)","en_NA":"Engels (Namibi\u00eb)","en_NR":"Engels (Nauru)","en_NZ":"Engels (Nieuw-Zeeland)","en_NG":"Engels (Nigeria)","en_NU":"Engels (Niue)","en_MP":"Engels (Noordelijke Marianen)","en_NF":"Engels (Norfolk)","en_UG":"Engels (Oeganda)","en_PK":"Engels (Pakistan)","en_PW":"Engels (Palau)","en_PG":"Engels (Papoea-Nieuw-Guinea)","en_PN":"Engels (Pitcairneilanden)","en_PR":"Engels (Puerto Rico)","en_RW":"Engels (Rwanda)","en_KN":"Engels (Saint Kitts en Nevis)","en_LC":"Engels (Saint Lucia)","en_VC":"Engels (Saint Vincent en de Grenadines)","en_SB":"Engels (Salomonseilanden)","en_WS":"Engels (Samoa)","en_SC":"Engels (Seychellen)","en_SL":"Engels (Sierra Leone)","en_SG":"Engels (Singapore)","en_SH":"Engels (Sint-Helena)","en_SX":"Engels (Sint-Maarten)","en_SD":"Engels (Soedan)","en_SZ":"Engels (Swaziland)","en_TZ":"Engels (Tanzania)","en_TK":"Engels (Tokelau)","en_TO":"Engels (Tonga)","en_TT":"Engels (Trinidad en Tobago)","en_TC":"Engels (Turks- en Caicoseilanden)","en_TV":"Engels (Tuvalu)","en_VU":"Engels (Vanuatu)","en_GB":"Engels (Verenigd Koninkrijk)","en_US":"Engels (Verenigde Staten)","en_ZM":"Engels (Zambia)","en_ZW":"Engels (Zimbabwe)","en_ZA":"Engels (Zuid-Afrika)","en_SS":"Engels (Zuid-Soedan)","eo":"Esperanto","et":"Estisch","et_EE":"Estisch (Estland)","ee":"Ewe","ee_GH":"Ewe (Ghana)","ee_TG":"Ewe (Togo)","fo":"Faer\u00f6ers","fo_FO":"Faer\u00f6ers (Faer\u00f6er)","fi":"Fins","fi_FI":"Fins (Finland)","fr":"Frans","fr_DZ":"Frans (Algerije)","fr_BE":"Frans (Belgi\u00eb)","fr_BJ":"Frans (Benin)","fr_BF":"Frans (Burkina Faso)","fr_BI":"Frans (Burundi)","fr_CA":"Frans (Canada)","fr_CF":"Frans (Centraal-Afrikaanse Republiek)","fr_KM":"Frans (Comoren)","fr_CG":"Frans (Congo-Brazzaville)","fr_CD":"Frans (Congo-Kinshasa)","fr_DJ":"Frans (Djibouti)","fr_GQ":"Frans (Equatoriaal-Guinea)","fr_FR":"Frans (Frankrijk)","fr_GF":"Frans (Frans-Guyana)","fr_PF":"Frans (Frans-Polynesi\u00eb)","fr_GA":"Frans (Gabon)","fr_GP":"Frans (Guadeloupe)","fr_GN":"Frans (Guinee)","fr_HT":"Frans (Ha\u00efti)","fr_CI":"Frans (Ivoorkust)","fr_CM":"Frans (Kameroen)","fr_LU":"Frans (Luxemburg)","fr_MG":"Frans (Madagaskar)","fr_ML":"Frans (Mali)","fr_MA":"Frans (Marokko)","fr_MQ":"Frans (Martinique)","fr_MR":"Frans (Mauritani\u00eb)","fr_MU":"Frans (Mauritius)","fr_YT":"Frans (Mayotte)","fr_MC":"Frans (Monaco)","fr_NC":"Frans (Nieuw-Caledoni\u00eb)","fr_NE":"Frans (Niger)","fr_RE":"Frans (R\u00e9union)","fr_RW":"Frans (Rwanda)","fr_BL":"Frans (Saint-Barth\u00e9lemy)","fr_MF":"Frans (Saint-Martin)","fr_PM":"Frans (Saint-Pierre en Miquelon)","fr_SN":"Frans (Senegal)","fr_SC":"Frans (Seychellen)","fr_SY":"Frans (Syri\u00eb)","fr_TG":"Frans (Togo)","fr_TD":"Frans (Tsjaad)","fr_TN":"Frans (Tunesi\u00eb)","fr_VU":"Frans (Vanuatu)","fr_WF":"Frans (Wallis en Futuna)","fr_CH":"Frans (Zwitserland)","fy":"Fries","fy_NL":"Fries (Nederland)","ff":"Fulah","ff_GN":"Fulah (Guinee)","ff_CM":"Fulah (Kameroen)","ff_MR":"Fulah (Mauritani\u00eb)","ff_SN":"Fulah (Senegal)","gl":"Galicisch","gl_ES":"Galicisch (Spanje)","ka":"Georgisch","ka_GE":"Georgisch (Georgi\u00eb)","ki":"Gikuyu","ki_KE":"Gikuyu (Kenia)","el":"Grieks","el_CY":"Grieks (Cyprus)","el_GR":"Grieks (Griekenland)","kl":"Groenlands","kl_GL":"Groenlands (Groenland)","gu":"Gujarati","gu_IN":"Gujarati (India)","ha":"Hausa","ha_GH":"Hausa (Ghana)","ha_Latn_GH":"Hausa (Latijn, Ghana)","ha_Latn_NE":"Hausa (Latijn, Niger)","ha_Latn_NG":"Hausa (Latijn, Nigeria)","ha_Latn":"Hausa (Latijn)","ha_NE":"Hausa (Niger)","ha_NG":"Hausa (Nigeria)","he":"Hebreeuws","he_IL":"Hebreeuws (Isra\u00ebl)","hi":"Hindi","hi_IN":"Hindi (India)","hu":"Hongaars","hu_HU":"Hongaars (Hongarije)","ga":"Iers","ga_IE":"Iers (Ierland)","ig":"Igbo","ig_NG":"Igbo (Nigeria)","is":"IJslands","is_IS":"IJslands (IJsland)","id":"Indonesisch","id_ID":"Indonesisch (Indonesi\u00eb)","it":"Italiaans","it_IT":"Italiaans (Itali\u00eb)","it_SM":"Italiaans (San Marino)","it_CH":"Italiaans (Zwitserland)","ja":"Japans","ja_JP":"Japans (Japan)","yi":"Jiddisch","kn":"Kannada","kn_IN":"Kannada (India)","ks":"Kasjmiri","ks_Arab_IN":"Kasjmiri (Arabisch, India)","ks_Arab":"Kasjmiri (Arabisch)","ks_IN":"Kasjmiri (India)","kk":"Kazachs","kk_Cyrl_KZ":"Kazachs (Cyrillisch, Kazachstan)","kk_Cyrl":"Kazachs (Cyrillisch)","kk_KZ":"Kazachs (Kazachstan)","km":"Khmer","km_KH":"Khmer (Cambodja)","rw":"Kinyarwanda","rw_RW":"Kinyarwanda (Rwanda)","ky":"Kirgizisch","ky_Cyrl_KG":"Kirgizisch (Cyrillisch, Kirgizi\u00eb)","ky_Cyrl":"Kirgizisch (Cyrillisch)","ky_KG":"Kirgizisch (Kirgizi\u00eb)","rn":"Kirundi","rn_BI":"Kirundi (Burundi)","ko":"Koreaans","ko_KP":"Koreaans (Noord-Korea)","ko_KR":"Koreaans (Zuid-Korea)","hr":"Kroatisch","hr_BA":"Kroatisch (Bosni\u00eb en Herzegovina)","hr_HR":"Kroatisch (Kroati\u00eb)","lo":"Laotiaans","lo_LA":"Laotiaans (Laos)","lv":"Lets","lv_LV":"Lets (Letland)","ln":"Lingala","ln_AO":"Lingala (Angola)","ln_CF":"Lingala (Centraal-Afrikaanse Republiek)","ln_CG":"Lingala (Congo-Brazzaville)","ln_CD":"Lingala (Congo-Kinshasa)","lt":"Litouws","lt_LT":"Litouws (Litouwen)","lu":"Luba-Katanga","lu_CD":"Luba-Katanga (Congo-Kinshasa)","lg":"Luganda","lg_UG":"Luganda (Oeganda)","lb":"Luxemburgs","lb_LU":"Luxemburgs (Luxemburg)","mk":"Macedonisch","mk_MK":"Macedonisch (Macedoni\u00eb)","mg":"Malagassisch","mg_MG":"Malagassisch (Madagaskar)","ml":"Malayalam","ml_IN":"Malayalam (India)","ms":"Maleis","ms_BN":"Maleis (Brunei)","ms_Latn_BN":"Maleis (Latijn, Brunei)","ms_Latn_MY":"Maleis (Latijn, Maleisi\u00eb)","ms_Latn_SG":"Maleis (Latijn, Singapore)","ms_Latn":"Maleis (Latijn)","ms_MY":"Maleis (Maleisi\u00eb)","ms_SG":"Maleis (Singapore)","mt":"Maltees","mt_MT":"Maltees (Malta)","gv":"Manx","gv_IM":"Manx (Isle of Man)","mr":"Marathi","mr_IN":"Marathi (India)","mn":"Mongools","mn_Cyrl_MN":"Mongools (Cyrillisch, Mongoli\u00eb)","mn_Cyrl":"Mongools (Cyrillisch)","mn_MN":"Mongools (Mongoli\u00eb)","nl":"Nederlands","nl_AW":"Nederlands (Aruba)","nl_BE":"Nederlands (Belgi\u00eb)","nl_BQ":"Nederlands (Caribisch Nederland)","nl_CW":"Nederlands (Cura\u00e7ao)","nl_NL":"Nederlands (Nederland)","nl_SX":"Nederlands (Sint-Maarten)","nl_SR":"Nederlands (Suriname)","ne":"Nepalees","ne_IN":"Nepalees (India)","ne_NP":"Nepalees (Nepal)","nd":"Noord-Ndebele","nd_ZW":"Noord-Ndebele (Zimbabwe)","se":"Noord-Samisch","se_FI":"Noord-Samisch (Finland)","se_NO":"Noord-Samisch (Noorwegen)","se_SE":"Noord-Samisch (Zweden)","no":"Noors","nb":"Noors - Bokm\u00e5l","nb_NO":"Noors - Bokm\u00e5l (Noorwegen)","nb_SJ":"Noors - Bokm\u00e5l (Spitsbergen en Jan Mayen)","nn":"Noors - Nynorsk","nn_NO":"Noors - Nynorsk (Noorwegen)","no_NO":"Noors (Noorwegen)","or":"Odia","or_IN":"Odia (India)","ug":"Oeigoers","ug_Arab_CN":"Oeigoers (Arabisch, China)","ug_Arab":"Oeigoers (Arabisch)","ug_CN":"Oeigoers (China)","uk":"Oekra\u00efens","uk_UA":"Oekra\u00efens (Oekra\u00efne)","uz":"Oezbeeks","uz_AF":"Oezbeeks (Afghanistan)","uz_Arab_AF":"Oezbeeks (Arabisch, Afghanistan)","uz_Arab":"Oezbeeks (Arabisch)","uz_Cyrl_UZ":"Oezbeeks (Cyrillisch, Oezbekistan)","uz_Cyrl":"Oezbeeks (Cyrillisch)","uz_Latn_UZ":"Oezbeeks (Latijn, Oezbekistan)","uz_Latn":"Oezbeeks (Latijn)","uz_UZ":"Oezbeeks (Oezbekistan)","os":"Ossetisch","os_GE":"Ossetisch (Georgi\u00eb)","os_RU":"Ossetisch (Rusland)","ps":"Pasjtoe","ps_AF":"Pasjtoe (Afghanistan)","fa":"Perzisch","fa_AF":"Perzisch (Afghanistan)","fa_IR":"Perzisch (Iran)","pl":"Pools","pl_PL":"Pools (Polen)","pt":"Portugees","pt_AO":"Portugees (Angola)","pt_BR":"Portugees (Brazili\u00eb)","pt_GW":"Portugees (Guinee-Bissau)","pt_CV":"Portugees (Kaapverdi\u00eb)","pt_MO":"Portugees (Macau SAR van China)","pt_MZ":"Portugees (Mozambique)","pt_TL":"Portugees (Oost-Timor)","pt_PT":"Portugees (Portugal)","pt_ST":"Portugees (Sao Tom\u00e9 en Principe)","pa":"Punjabi","pa_Arab_PK":"Punjabi (Arabisch, Pakistan)","pa_Arab":"Punjabi (Arabisch)","pa_Guru_IN":"Punjabi (Gurmukhi, India)","pa_Guru":"Punjabi (Gurmukhi)","pa_IN":"Punjabi (India)","pa_PK":"Punjabi (Pakistan)","qu":"Quechua","qu_BO":"Quechua (Bolivia)","qu_EC":"Quechua (Ecuador)","qu_PE":"Quechua (Peru)","rm":"Reto-Romaans","rm_CH":"Reto-Romaans (Zwitserland)","ro":"Roemeens","ro_MD":"Roemeens (Moldavi\u00eb)","ro_RO":"Roemeens (Roemeni\u00eb)","ru":"Russisch","ru_KZ":"Russisch (Kazachstan)","ru_KG":"Russisch (Kirgizi\u00eb)","ru_MD":"Russisch (Moldavi\u00eb)","ru_UA":"Russisch (Oekra\u00efne)","ru_RU":"Russisch (Rusland)","ru_BY":"Russisch (Wit-Rusland)","sg":"Sango","sg_CF":"Sango (Centraal-Afrikaanse Republiek)","gd":"Schots-Gaelisch","gd_GB":"Schots-Gaelisch (Verenigd Koninkrijk)","sr":"Servisch","sr_BA":"Servisch (Bosni\u00eb en Herzegovina)","sr_Cyrl_BA":"Servisch (Cyrillisch, Bosni\u00eb en Herzegovina)","sr_Cyrl_XK":"Servisch (Cyrillisch, Kosovo)","sr_Cyrl_ME":"Servisch (Cyrillisch, Montenegro)","sr_Cyrl_RS":"Servisch (Cyrillisch, Servi\u00eb)","sr_Cyrl":"Servisch (Cyrillisch)","sr_XK":"Servisch (Kosovo)","sr_Latn_BA":"Servisch (Latijn, Bosni\u00eb en Herzegovina)","sr_Latn_XK":"Servisch (Latijn, Kosovo)","sr_Latn_ME":"Servisch (Latijn, Montenegro)","sr_Latn_RS":"Servisch (Latijn, Servi\u00eb)","sr_Latn":"Servisch (Latijn)","sr_ME":"Servisch (Montenegro)","sr_RS":"Servisch (Servi\u00eb)","sh":"Servokroatisch","sh_BA":"Servokroatisch (Bosni\u00eb en Herzegovina)","sn":"Shona","sn_ZW":"Shona (Zimbabwe)","si":"Singalees","si_LK":"Singalees (Sri Lanka)","sl":"Sloveens","sl_SI":"Sloveens (Sloveni\u00eb)","sk":"Slowaaks","sk_SK":"Slowaaks (Slowakije)","so":"Somalisch","so_DJ":"Somalisch (Djibouti)","so_ET":"Somalisch (Ethiopi\u00eb)","so_KE":"Somalisch (Kenia)","so_SO":"Somalisch (Somali\u00eb)","es":"Spaans","es_AR":"Spaans (Argentini\u00eb)","es_BO":"Spaans (Bolivia)","es_IC":"Spaans (Canarische Eilanden)","es_EA":"Spaans (Ceuta en Melilla)","es_CL":"Spaans (Chili)","es_CO":"Spaans (Colombia)","es_CR":"Spaans (Costa Rica)","es_CU":"Spaans (Cuba)","es_DO":"Spaans (Dominicaanse Republiek)","es_EC":"Spaans (Ecuador)","es_SV":"Spaans (El Salvador)","es_GQ":"Spaans (Equatoriaal-Guinea)","es_PH":"Spaans (Filipijnen)","es_GT":"Spaans (Guatemala)","es_HN":"Spaans (Honduras)","es_MX":"Spaans (Mexico)","es_NI":"Spaans (Nicaragua)","es_PA":"Spaans (Panama)","es_PY":"Spaans (Paraguay)","es_PE":"Spaans (Peru)","es_PR":"Spaans (Puerto Rico)","es_ES":"Spaans (Spanje)","es_UY":"Spaans (Uruguay)","es_VE":"Spaans (Venezuela)","es_US":"Spaans (Verenigde Staten)","sw":"Swahili","sw_KE":"Swahili (Kenia)","sw_UG":"Swahili (Oeganda)","sw_TZ":"Swahili (Tanzania)","tl":"Tagalog","tl_PH":"Tagalog (Filipijnen)","ta":"Tamil","ta_IN":"Tamil (India)","ta_MY":"Tamil (Maleisi\u00eb)","ta_SG":"Tamil (Singapore)","ta_LK":"Tamil (Sri Lanka)","te":"Telugu","te_IN":"Telugu (India)","th":"Thais","th_TH":"Thais (Thailand)","bo":"Tibetaans","bo_CN":"Tibetaans (China)","bo_IN":"Tibetaans (India)","ti":"Tigrinya","ti_ER":"Tigrinya (Eritrea)","ti_ET":"Tigrinya (Ethiopi\u00eb)","to":"Tongaans","to_TO":"Tongaans (Tonga)","cs":"Tsjechisch","cs_CZ":"Tsjechisch (Tsjechi\u00eb)","tr":"Turks","tr_CY":"Turks (Cyprus)","tr_TR":"Turks (Turkije)","ur":"Urdu","ur_IN":"Urdu (India)","ur_PK":"Urdu (Pakistan)","vi":"Vietnamees","vi_VN":"Vietnamees (Vietnam)","cy":"Welsh","cy_GB":"Welsh (Verenigd Koninkrijk)","be":"Wit-Russisch","be_BY":"Wit-Russisch (Wit-Rusland)","ii":"Yi","ii_CN":"Yi (China)","yo":"Yoruba","yo_BJ":"Yoruba (Benin)","yo_NG":"Yoruba (Nigeria)","zu":"Zoeloe","zu_ZA":"Zoeloe (Zuid-Afrika)","sv":"Zweeds","sv_AX":"Zweeds (\u00c5land)","sv_FI":"Zweeds (Finland)","sv_SE":"Zweeds (Zweden)"}