{"af":"afrikaans","af_NA":"afrikaans (Namibia)","af_ZA":"afrikaans (S\u00f8r-Afrika)","ak":"akan","ak_GH":"akan (Ghana)","sq_XK":"Albanian (Kosovo)","sq":"albansk","sq_AL":"albansk (Albania)","sq_MK":"albansk (Makedonia)","am":"amharisk","am_ET":"amharisk (Etiopia)","ar_SS":"Arabic (South Sudan)","ar":"arabisk","ar_DZ":"arabisk (Algerie)","ar_BH":"arabisk (Bahrain)","ar_AE":"arabisk (Dei sameinte arabiske emirata)","ar_DJ":"arabisk (Djibouti)","ar_EG":"arabisk (Egypt)","ar_ER":"arabisk (Eritrea)","ar_IQ":"arabisk (Irak)","ar_IL":"arabisk (Israel)","ar_JO":"arabisk (Jordan)","ar_KM":"arabisk (Komorene)","ar_KW":"arabisk (Kuwait)","ar_LB":"arabisk (Libanon)","ar_LY":"arabisk (Libya)","ar_MA":"arabisk (Marokko)","ar_MR":"arabisk (Mauritania)","ar_OM":"arabisk (Oman)","ar_PS":"arabisk (Palestinsk territorium)","ar_QA":"arabisk (Qatar)","ar_SA":"arabisk (Saudi Arabia)","ar_SO":"arabisk (Somalia)","ar_SD":"arabisk (Sudan)","ar_SY":"arabisk (Syria)","ar_TD":"arabisk (Tchad)","ar_TN":"arabisk (Tunisia)","ar_EH":"arabisk (Vest-Sahara)","ar_YE":"arabisk (Yemen)","hy":"armensk","hy_AM":"armensk (Armenia)","az":"aserbajdsjansk","az_AZ":"aserbajdsjansk (Aserbajdsjan)","az_Cyrl_AZ":"aserbajdsjansk (kyrillisk, Aserbajdsjan)","az_Cyrl":"aserbajdsjansk (kyrillisk)","az_Latn_AZ":"aserbajdsjansk (latinsk, Aserbajdsjan)","az_Latn":"aserbajdsjansk (latinsk)","as":"assamisk","as_IN":"assamisk (India)","bm":"bambara","bm_Latn_ML":"bambara (latinsk, Mali)","bm_Latn":"bambara (latinsk)","eu":"baskisk","eu_ES":"baskisk (Spania)","bn":"bengali","bn_BD":"bengali (Bangladesh)","bn_IN":"bengali (India)","nb":"bokm\u00e5l","nb_NO":"bokm\u00e5l (Noreg)","nb_SJ":"bokm\u00e5l (Svalbard og Jan Mayen)","bs":"bosnisk","bs_BA":"bosnisk (Bosnia og Hercegovina)","bs_Cyrl_BA":"bosnisk (kyrillisk, Bosnia og Hercegovina)","bs_Cyrl":"bosnisk (kyrillisk)","bs_Latn_BA":"bosnisk (latinsk, Bosnia og Hercegovina)","bs_Latn":"bosnisk (latinsk)","br":"bretonsk","br_FR":"bretonsk (Frankrike)","bg":"bulgarsk","bg_BG":"bulgarsk (Bulgaria)","my":"burmesisk","my_MM":"burmesisk (Myanmar)","da":"dansk","da_DK":"dansk (Danmark)","da_GL":"dansk (Gr\u00f8nland)","nl_BQ":"Dutch (Caribbean Netherlands)","nl_CW":"Dutch (Cura\u00e7ao)","nl_SX":"Dutch (Sint Maarten)","dz":"dzongkha","dz_BT":"dzongkha (Bhutan)","en":"engelsk","en_AS":"engelsk (Amerikansk Samoa)","en_AI":"engelsk (Anguilla)","en_AG":"engelsk (Antigua og Barbuda)","en_AU":"engelsk (Australia)","en_BS":"engelsk (Bahamas)","en_BB":"engelsk (Barbados)","en_BE":"engelsk (Belgia)","en_BZ":"engelsk (Belize)","en_BM":"engelsk (Bermuda)","en_BW":"engelsk (Botswana)","en_IO":"engelsk (Britiske omr\u00e5de i Det indiske hav)","en_CA":"engelsk (Canada)","en_KY":"engelsk (Cayman\u00f8yane)","en_CX":"engelsk (Christmas\u00f8ya)","en_CK":"engelsk (Cook\u00f8yane)","en_VI":"engelsk (Dei amerikanske jomfru\u00f8yane)","en_VG":"engelsk (Dei britiske jomfru\u00f8yane)","en_DG":"engelsk (Diego Garcia)","en_DM":"engelsk (Dominica)","en_ER":"engelsk (Eritrea)","en_FK":"engelsk (Falklands\u00f8yane)","en_FJ":"engelsk (Fiji)","en_PH":"engelsk (Filippinane)","en_GM":"engelsk (Gambia)","en_GH":"engelsk (Ghana)","en_GI":"engelsk (Gibraltar)","en_GD":"engelsk (Grenada)","en_GU":"engelsk (Guam)","en_GG":"engelsk (Guernsey)","en_GY":"engelsk (Guyana)","en_HK":"engelsk (Hongkong S.A.R. Kina)","en_IN":"engelsk (India)","en_IE":"engelsk (Irland)","en_JM":"engelsk (Jamaica)","en_JE":"engelsk (Jersey)","en_CM":"engelsk (Kamerun)","en_KE":"engelsk (Kenya)","en_KI":"engelsk (Kiribati)","en_CC":"engelsk (Kokos\u00f8yane)","en_LS":"engelsk (Lesotho)","en_LR":"engelsk (Liberia)","en_MO":"engelsk (Macao S.A.R. Kina)","en_MG":"engelsk (Madagaskar)","en_MW":"engelsk (Malawi)","en_MY":"engelsk (Malaysia)","en_MT":"engelsk (Malta)","en_IM":"engelsk (Man)","en_MH":"engelsk (Marshall\u00f8yane)","en_MU":"engelsk (Mauritius)","en_FM":"engelsk (Mikronesiaf\u00f8derasjonen)","en_MS":"engelsk (Montserrat)","en_NA":"engelsk (Namibia)","en_NR":"engelsk (Nauru)","en_NZ":"engelsk (New Zealand)","en_NG":"engelsk (Nigeria)","en_NU":"engelsk (Niue)","en_MP":"engelsk (Nord-Marianane)","en_NF":"engelsk (Norfolk\u00f8yane)","en_PK":"engelsk (Pakistan)","en_PW":"engelsk (Palau)","en_PG":"engelsk (Papua Ny-Guinea)","en_PN":"engelsk (Pitcairn)","en_PR":"engelsk (Puerto Rico)","en_RW":"engelsk (Rwanda)","en_SH":"engelsk (Saint Helena)","en_SB":"engelsk (Salomon\u00f8yane)","en_WS":"engelsk (Samoa)","en_SC":"engelsk (Seychellane)","en_SL":"engelsk (Sierra Leone)","en_SG":"engelsk (Singapore)","en_KN":"engelsk (St. Christopher og Nevis)","en_LC":"engelsk (St. Lucia)","en_VC":"engelsk (St. Vincent og Grenadinane)","en_GB":"engelsk (Storbritannia)","en_SD":"engelsk (Sudan)","en_SZ":"engelsk (Swaziland)","en_ZA":"engelsk (S\u00f8r-Afrika)","en_TZ":"engelsk (Tanzania)","en_TK":"engelsk (Tokelau)","en_TO":"engelsk (Tonga)","en_TT":"engelsk (Trinidad og Tobago)","en_TC":"engelsk (Turks- og Caicos\u00f8yane)","en_TV":"engelsk (Tuvalu)","en_UG":"engelsk (Uganda)","en_US":"engelsk (USA)","en_UM":"engelsk (USAs ytre sm\u00e5\u00f8yar)","en_VU":"engelsk (Vanuatu)","en_ZM":"engelsk (Zambia)","en_ZW":"engelsk (Zimbabwe)","en_SX":"English (Sint Maarten)","en_SS":"English (South Sudan)","eo":"esperanto","et":"estisk","et_EE":"estisk (Estland)","ee":"ewe","ee_GH":"ewe (Ghana)","ee_TG":"ewe (Togo)","fi":"finsk","fi_FI":"finsk (Finland)","fr":"fransk","fr_DZ":"fransk (Algerie)","fr_BE":"fransk (Belgia)","fr_BJ":"fransk (Benin)","fr_BF":"fransk (Burkina Faso)","fr_BI":"fransk (Burundi)","fr_CA":"fransk (Canada)","fr_CF":"fransk (Den sentralafrikanske republikken)","fr_DJ":"fransk (Djibouti)","fr_GQ":"fransk (Ekvatorial-Guinea)","fr_CI":"fransk (Elfenbeinskysten)","fr_FR":"fransk (Frankrike)","fr_GF":"fransk (Fransk Guyana)","fr_PF":"fransk (Fransk Polynesia)","fr_GA":"fransk (Gabon)","fr_GP":"fransk (Guadeloupe)","fr_GN":"fransk (Guinea)","fr_HT":"fransk (Haiti)","fr_CM":"fransk (Kamerun)","fr_KM":"fransk (Komorene)","fr_CG":"fransk (Kongo-Brazzaville)","fr_CD":"fransk (Kongo-Kinshasa)","fr_LU":"fransk (Luxembourg)","fr_MG":"fransk (Madagaskar)","fr_ML":"fransk (Mali)","fr_MA":"fransk (Marokko)","fr_MQ":"fransk (Martinique)","fr_MR":"fransk (Mauritania)","fr_MU":"fransk (Mauritius)","fr_YT":"fransk (Mayotte)","fr_MC":"fransk (Monaco)","fr_NE":"fransk (Niger)","fr_NC":"fransk (Ny-Caledonia)","fr_RE":"fransk (R\u00e9union)","fr_RW":"fransk (Rwanda)","fr_BL":"fransk (Saint Barth\u00e9lemy)","fr_MF":"fransk (Saint Martin)","fr_SN":"fransk (Senegal)","fr_SC":"fransk (Seychellane)","fr_PM":"fransk (St. Pierre og Miquelon)","fr_CH":"fransk (Sveits)","fr_SY":"fransk (Syria)","fr_TD":"fransk (Tchad)","fr_TG":"fransk (Togo)","fr_TN":"fransk (Tunisia)","fr_VU":"fransk (Vanuatu)","fr_WF":"fransk (Wallis og Futuna)","ff":"fulani","ff_GN":"fulani (Guinea)","ff_CM":"fulani (Kamerun)","ff_MR":"fulani (Mauritania)","ff_SN":"fulani (Senegal)","fo":"f\u00e6r\u00f8ysk","fo_FO":"f\u00e6r\u00f8ysk (F\u00e6r\u00f8yane)","gl":"galicisk","gl_ES":"galicisk (Spania)","lg":"ganda","lg_UG":"ganda (Uganda)","ka":"georgisk","ka_GE":"georgisk (Georgia)","el":"gresk","el_GR":"gresk (Hellas)","el_CY":"gresk (Kypros)","gu":"gujarati","gu_IN":"gujarati (India)","ha":"hausa","ha_GH":"hausa (Ghana)","ha_Latn_GH":"hausa (latinsk, Ghana)","ha_Latn_NE":"hausa (latinsk, Niger)","ha_Latn_NG":"hausa (latinsk, Nigeria)","ha_Latn":"hausa (latinsk)","ha_NE":"hausa (Niger)","ha_NG":"hausa (Nigeria)","he":"hebraisk","he_IL":"hebraisk (Israel)","hi":"hindi","hi_IN":"hindi (India)","ig":"ibo","ig_NG":"ibo (Nigeria)","id":"indonesisk","id_ID":"indonesisk (Indonesia)","ga":"irsk","ga_IE":"irsk (Irland)","is":"islandsk","is_IS":"islandsk (Island)","it":"italiensk","it_IT":"italiensk (Italia)","it_SM":"italiensk (San Marino)","it_CH":"italiensk (Sveits)","ja":"japansk","ja_JP":"japansk (Japan)","yi":"jiddisk","yo":"joruba","yo_BJ":"joruba (Benin)","yo_NG":"joruba (Nigeria)","kl":"kalaallisut; gr\u00f8nlandsk","kl_GL":"kalaallisut; gr\u00f8nlandsk (Gr\u00f8nland)","kn":"kannada","kn_IN":"kannada (India)","kk":"kasakhisk","kk_KZ":"kasakhisk (Kasakhstan)","kk_Cyrl_KZ":"kasakhisk (kyrillisk, Kasakhstan)","kk_Cyrl":"kasakhisk (kyrillisk)","ks":"kasjmiri","ks_Arab_IN":"kasjmiri (arabisk, India)","ks_Arab":"kasjmiri (arabisk)","ks_IN":"kasjmiri (India)","ca":"katalansk","ca_AD":"katalansk (Andorra)","ca_FR":"katalansk (Frankrike)","ca_IT":"katalansk (Italia)","ca_ES":"katalansk (Spania)","km":"khmer","km_KH":"khmer (Kambodsja)","ki":"kikuyu","ki_KE":"kikuyu (Kenya)","zh":"kinesisk","zh_Hans_HK":"kinesisk (forenkla kinesisk, Hongkong S.A.R. Kina)","zh_Hans_CN":"kinesisk (forenkla kinesisk, Kina)","zh_Hans_MO":"kinesisk (forenkla kinesisk, Macao S.A.R. Kina)","zh_Hans_SG":"kinesisk (forenkla kinesisk, Singapore)","zh_Hans":"kinesisk (forenkla kinesisk)","zh_HK":"kinesisk (Hongkong S.A.R. Kina)","zh_CN":"kinesisk (Kina)","zh_MO":"kinesisk (Macao S.A.R. Kina)","zh_SG":"kinesisk (Singapore)","zh_TW":"kinesisk (Taiwan)","zh_Hant_HK":"kinesisk (tradisjonell kinesisk, Hongkong S.A.R. Kina)","zh_Hant_MO":"kinesisk (tradisjonell kinesisk, Macao S.A.R. Kina)","zh_Hant_TW":"kinesisk (tradisjonell kinesisk, Taiwan)","zh_Hant":"kinesisk (tradisjonell kinesisk)","rw":"kinjarwanda","rw_RW":"kinjarwanda (Rwanda)","ky":"kirgisisk","ky_KG":"kirgisisk (Kirgisistan)","ky_Cyrl_KG":"kirgisisk (kyrillisk, Kirgisistan)","ky_Cyrl":"kirgisisk (kyrillisk)","ko":"koreansk","ko_KP":"koreansk (Nord-Korea)","ko_KR":"koreansk (S\u00f8r-Korea)","kw":"kornisk","kw_GB":"kornisk (Storbritannia)","hr":"kroatisk","hr_BA":"kroatisk (Bosnia og Hercegovina)","hr_HR":"kroatisk (Kroatia)","be":"kviterussisk","be_BY":"kviterussisk (Kviterussland)","lo":"laotisk","lo_LA":"laotisk (Laos)","lv":"latvisk","lv_LV":"latvisk (Latvia)","ln":"lingala","ln_AO":"lingala (Angola)","ln_CF":"lingala (Den sentralafrikanske republikken)","ln_CG":"lingala (Kongo-Brazzaville)","ln_CD":"lingala (Kongo-Kinshasa)","lt":"litauisk","lt_LT":"litauisk (Litauen)","lu":"luba-katanga","lu_CD":"luba-katanga (Kongo-Kinshasa)","lb":"luxemburgsk","lb_LU":"luxemburgsk (Luxembourg)","mg":"madagassisk","mg_MG":"madagassisk (Madagaskar)","mk":"makedonsk","mk_MK":"makedonsk (Makedonia)","ml":"malayalam","ml_IN":"malayalam (India)","ms":"malayisk","ms_BN":"malayisk (Brunei Darussalam)","ms_Latn_BN":"malayisk (latinsk, Brunei Darussalam)","ms_Latn_MY":"malayisk (latinsk, Malaysia)","ms_Latn_SG":"malayisk (latinsk, Singapore)","ms_Latn":"malayisk (latinsk)","ms_MY":"malayisk (Malaysia)","ms_SG":"malayisk (Singapore)","mt":"maltesisk","mt_MT":"maltesisk (Malta)","gv":"manx","gv_IM":"manx (Man)","mr":"marathi","mr_IN":"marathi (India)","mn":"mongolsk","mn_Cyrl_MN":"mongolsk (kyrillisk, Mongolia)","mn_Cyrl":"mongolsk (kyrillisk)","mn_MN":"mongolsk (Mongolia)","nl":"nederlandsk","nl_AW":"nederlandsk (Aruba)","nl_BE":"nederlandsk (Belgia)","nl_NL":"nederlandsk (Nederland)","nl_SR":"nederlandsk (Surinam)","ne":"nepalsk","ne_IN":"nepalsk (India)","ne_NP":"nepalsk (Nepal)","nd":"nord-ndebele","nd_ZW":"nord-ndebele (Zimbabwe)","se":"nordsamisk","se_FI":"nordsamisk (Finland)","se_NO":"nordsamisk (Noreg)","se_SE":"nordsamisk (Sverige)","no":"norsk","no_NO":"norsk (Noreg)","nn":"nynorsk","nn_NO":"nynorsk (Noreg)","or":"oriya","or_IN":"oriya (India)","om":"oromo","om_ET":"oromo (Etiopia)","om_KE":"oromo (Kenya)","os":"ossetisk","os_GE":"ossetisk (Georgia)","os_RU":"ossetisk (Russland)","pa":"panjabi","pa_Arab_PK":"panjabi (arabisk, Pakistan)","pa_Arab":"panjabi (arabisk)","pa_Guru_IN":"panjabi (gurmukhi, India)","pa_Guru":"panjabi (gurmukhi)","pa_IN":"panjabi (India)","pa_PK":"panjabi (Pakistan)","ps":"pashto","ps_AF":"pashto (Afghanistan)","fa":"persisk","fa_AF":"persisk (Afghanistan)","fa_IR":"persisk (Iran)","pl":"polsk","pl_PL":"polsk (Polen)","pt":"portugisisk","pt_AO":"portugisisk (Angola)","pt_TL":"portugisisk (Aust-Timor)","pt_BR":"portugisisk (Brasil)","pt_GW":"portugisisk (Guinea-Bissau)","pt_CV":"portugisisk (Kapp Verde)","pt_MO":"portugisisk (Macao S.A.R. Kina)","pt_MZ":"portugisisk (Mosambik)","pt_PT":"portugisisk (Portugal)","pt_ST":"portugisisk (S\u00e3o Tom\u00e9 og Pr\u00edncipe)","qu":"quechua","qu_BO":"quechua (Bolivia)","qu_EC":"quechua (Ecuador)","qu_PE":"quechua (Peru)","rm":"retoromansk","rm_CH":"retoromansk (Sveits)","ro":"rumensk","ro_MD":"rumensk (Moldova)","ro_RO":"rumensk (Romania)","rn":"rundi","rn_BI":"rundi (Burundi)","ru":"russisk","ru_KZ":"russisk (Kasakhstan)","ru_KG":"russisk (Kirgisistan)","ru_BY":"russisk (Kviterussland)","ru_MD":"russisk (Moldova)","ru_RU":"russisk (Russland)","ru_UA":"russisk (Ukraina)","sg":"sango","sg_CF":"sango (Den sentralafrikanske republikken)","sr_Cyrl_XK":"Serbian (Cyrillic, Kosovo)","sr_XK":"Serbian (Kosovo)","sr_Latn_XK":"Serbian (Latin, Kosovo)","sr":"serbisk","sr_BA":"serbisk (Bosnia og Hercegovina)","sr_Cyrl_BA":"serbisk (kyrillisk, Bosnia og Hercegovina)","sr_Cyrl_ME":"serbisk (kyrillisk, Montenegro)","sr_Cyrl_RS":"serbisk (kyrillisk, Serbia)","sr_Cyrl":"serbisk (kyrillisk)","sr_Latn_BA":"serbisk (latinsk, Bosnia og Hercegovina)","sr_Latn_ME":"serbisk (latinsk, Montenegro)","sr_Latn_RS":"serbisk (latinsk, Serbia)","sr_Latn":"serbisk (latinsk)","sr_ME":"serbisk (Montenegro)","sr_RS":"serbisk (Serbia)","sh":"serbokroatisk","sh_BA":"serbokroatisk (Bosnia og Hercegovina)","sn":"shona","sn_ZW":"shona (Zimbabwe)","ii":"sichuan-yi","ii_CN":"sichuan-yi (Kina)","si":"singalesisk","si_LK":"singalesisk (Sri Lanka)","gd":"skotsk-g\u00e6lisk","gd_GB":"skotsk-g\u00e6lisk (Storbritannia)","sk":"slovakisk","sk_SK":"slovakisk (Slovakia)","sl":"slovensk","sl_SI":"slovensk (Slovenia)","so":"somali","so_DJ":"somali (Djibouti)","so_ET":"somali (Etiopia)","so_KE":"somali (Kenya)","so_SO":"somali (Somalia)","es":"spansk","es_AR":"spansk (Argentina)","es_BO":"spansk (Bolivia)","es_EA":"spansk (Ceuta og Melilla)","es_CL":"spansk (Chile)","es_CO":"spansk (Colombia)","es_CR":"spansk (Costa Rica)","es_CU":"spansk (Cuba)","es_DO":"spansk (Den dominikanske republikken)","es_EC":"spansk (Ecuador)","es_GQ":"spansk (Ekvatorial-Guinea)","es_SV":"spansk (El Salvador)","es_PH":"spansk (Filippinane)","es_GT":"spansk (Guatemala)","es_HN":"spansk (Honduras)","es_IC":"spansk (Kanari\u00f8yane)","es_MX":"spansk (Mexico)","es_NI":"spansk (Nicaragua)","es_PA":"spansk (Panama)","es_PY":"spansk (Paraguay)","es_PE":"spansk (Peru)","es_PR":"spansk (Puerto Rico)","es_ES":"spansk (Spania)","es_UY":"spansk (Uruguay)","es_US":"spansk (USA)","es_VE":"spansk (Venezuela)","sv":"svensk","sv_FI":"svensk (Finland)","sv_SE":"svensk (Sverige)","sv_AX":"svensk (\u00c5land)","sw":"swahili","sw_KE":"swahili (Kenya)","sw_TZ":"swahili (Tanzania)","sw_UG":"swahili (Uganda)","tl":"tagalog","tl_PH":"tagalog (Filippinane)","ta":"tamil","ta_IN":"tamil (India)","ta_MY":"tamil (Malaysia)","ta_SG":"tamil (Singapore)","ta_LK":"tamil (Sri Lanka)","te":"telugu","te_IN":"telugu (India)","th":"thai","th_TH":"thai (Thailand)","bo":"tibetansk","bo_IN":"tibetansk (India)","bo_CN":"tibetansk (Kina)","ti":"tigrinja","ti_ER":"tigrinja (Eritrea)","ti_ET":"tigrinja (Etiopia)","to":"tonga (Tonga-\u00f8yane)","to_TO":"tonga (Tonga)","cs":"tsjekkisk","cs_CZ":"tsjekkisk (Tsjekkia)","tr":"tyrkisk","tr_CY":"tyrkisk (Kypros)","tr_TR":"tyrkisk (Tyrkia)","de":"tysk","de_AT":"tysk (Austerrike)","de_BE":"tysk (Belgia)","de_LI":"tysk (Liechtenstein)","de_LU":"tysk (Luxembourg)","de_CH":"tysk (Sveits)","de_DE":"tysk (Tyskland)","ug":"uigurisk","ug_Arab_CN":"uigurisk (arabisk, Kina)","ug_Arab":"uigurisk (arabisk)","ug_CN":"uigurisk (Kina)","uk":"ukrainsk","uk_UA":"ukrainsk (Ukraina)","hu":"ungarsk","hu_HU":"ungarsk (Ungarn)","ur":"urdu","ur_IN":"urdu (India)","ur_PK":"urdu (Pakistan)","uz":"usbekisk","uz_AF":"usbekisk (Afghanistan)","uz_Arab_AF":"usbekisk (arabisk, Afghanistan)","uz_Arab":"usbekisk (arabisk)","uz_Cyrl_UZ":"usbekisk (kyrillisk, Usbekistan)","uz_Cyrl":"usbekisk (kyrillisk)","uz_Latn_UZ":"usbekisk (latinsk, Usbekistan)","uz_Latn":"usbekisk (latinsk)","uz_UZ":"usbekisk (Usbekistan)","fy":"vestfrisisk","fy_NL":"vestfrisisk (Nederland)","vi":"vietnamesisk","vi_VN":"vietnamesisk (Vietnam)","cy":"walisisk","cy_GB":"walisisk (Storbritannia)","zu":"zulu","zu_ZA":"zulu (S\u00f8r-Afrika)"}