{"sq":"Afaan Albaniyaa","ga":"Afaan Ayirishii","az":"Afaan Azerbaijani","az_Latn":"Afaan Azerbaijani (Latin)","bn":"Afaan Baangladeshi","bn_IN":"Afaan Baangladeshi (India)","eu":"Afaan Baskuu","be":"Afaan Belarusia","bs":"Afaan Bosniyaa","bs_Latn":"Afaan Bosniyaa (Latin)","bg":"Afaan Bulgariya","hr":"Afaan Croatian","cs":"Afaan Czech","nl":"Afaan Dachii","da":"Afaan Deenmaark","eo":"Afaan Esperantoo","fr":"Afaan Faransaayii","fr_FR":"Afaan Faransaayii (France)","fo":"Afaan Faroese","fi":"Afaan Fiilaandi","fy":"Afaan Firisiyaani","gl":"Afaan Galishii","ka":"Afaan Georgian","el":"Afaan Giriiki","gu":"Afaan Gujarati","gu_IN":"Afaan Gujarati (India)","hu":"Afaan Hangaari","he":"Afaan Hebrew","hi":"Afaan Hindii","hi_IN":"Afaan Hindii (India)","id":"Afaan Indoneziya","sl":"Afaan Islovaniyaa","es":"Afaan Ispeen","es_US":"Afaan Ispeen (United States)","et":"Afaan Istooniya","ja":"Afaan Japanii","ja_JP":"Afaan Japanii (Japan)","de":"Afaan Jarmanii","de_DE":"Afaan Jarmanii (Germany)","kn":"Afaan Kannada","kn_IN":"Afaan Kannada (India)","ca":"Afaan Katalaa","ca_FR":"Afaan Katalaa (France)","ca_IT":"Afaan Katalaa (Italy)","ko":"Afaan Korea","lv":"Afaan Lativiyaa","lt":"Afaan Liituniyaa","mk":"Afaan Macedooniyaa","mt":"Afaan Maltesii","mr":"Afaan Maratii","mr_IN":"Afaan Maratii (India)","ne":"Afaan Nepalii","ne_IN":"Afaan Nepalii (India)","nn":"Afaan Norwegian","no":"Afaan Norweyii","fa":"Afaan Persia","pl":"Afaan Polandii","pt":"Afaan Porchugaal","pt_BR":"Afaan Porchugaal (Brazil)","pa":"Afaan Punjabii","pa_IN":"Afaan Punjabii (India)","ro":"Afaan Romaniyaa","ru":"Afaan Rushiyaa","ru_RU":"Afaan Rushiyaa (Russia)","sr":"Afaan Serbiya","sr_Latn":"Afaan Serbiya (Latin)","am":"Afaan Sidaamaa","am_ET":"Afaan Sidaamaa (Itoophiyaa)","si":"Afaan Sinhalese","sk":"Afaan Slovak","sv":"Afaan Suwidiin","ta":"Afaan Tamilii","ta_IN":"Afaan Tamilii (India)","th":"Afaan Tayii","te":"Afaan Telugu","te_IN":"Afaan Telugu (India)","ti":"Afaan Tigiree","ti_ET":"Afaan Tigiree (Itoophiyaa)","tr":"Afaan Turkii","uk":"Afaan Ukreenii","ur":"Afaan Urdu","ur_IN":"Afaan Urdu (India)","uz":"Afaan Uzbek","uz_Latn":"Afaan Uzbek (Latin)","vi":"Afaan Veetinam","it":"Afaan Xaaliyaani","it_IT":"Afaan Xaaliyaani (Italy)","zu":"Afaan Zuulu","af_NA":"Afrikaans (Namibia)","af_ZA":"Afrikaans (South Africa)","af":"Afrikoota","ak":"Akan","ak_GH":"Akan (Ghana)","sq_AL":"Albanian (Albania)","sq_XK":"Albanian (Kosovo)","sq_MK":"Albanian (Macedonia)","ar_DZ":"Arabic (Algeria)","ar_BH":"Arabic (Bahrain)","ar_KM":"Arabic (Comoros)","ar_DJ":"Arabic (Djibouti)","ar_EG":"Arabic (Egypt)","ar_ER":"Arabic (Eritrea)","ar_IQ":"Arabic (Iraq)","ar_IL":"Arabic (Israel)","ar_JO":"Arabic (Jordan)","ar_KW":"Arabic (Kuwait)","ar_LB":"Arabic (Lebanon)","ar_LY":"Arabic (Libya)","ar_MR":"Arabic (Mauritania)","ar_MA":"Arabic (Morocco)","ar_OM":"Arabic (Oman)","ar_PS":"Arabic (Palestinian Territories)","ar_QA":"Arabic (Qatar)","ar_SA":"Arabic (Saudi Arabia)","ar_SO":"Arabic (Somalia)","ar_SS":"Arabic (South Sudan)","ar_SD":"Arabic (Sudan)","ar_SY":"Arabic (Syria)","ar_TN":"Arabic (Tunisia)","ar_AE":"Arabic (United Arab Emirates)","ar_EH":"Arabic (Western Sahara)","ar_YE":"Arabic (Yemen)","ar_TD":"Arabic (Chad)","ar":"Arabiffaa","hy":"Armenian","hy_AM":"Armenian (Armenia)","as":"Assamese","as_IN":"Assamese (India)","is":"Ayiislandiffaa","az_AZ":"Azerbaijani (Azerbaijan)","az_Cyrl_AZ":"Azerbaijani (Cyrillic, Azerbaijan)","az_Cyrl":"Azerbaijani (Cyrillic)","az_Latn_AZ":"Azerbaijani (Latin, Azerbaijan)","bm":"Bambara","bm_Latn_ML":"Bambara (Latin, Mali)","bm_Latn":"Bambara (Latin)","eu_ES":"Basque (Spain)","be_BY":"Belarusian (Belarus)","bn_BD":"Bengali (Bangladesh)","bs_BA":"Bosnian (Bosnia & Herzegovina)","bs_Cyrl_BA":"Bosnian (Cyrillic, Bosnia & Herzegovina)","bs_Cyrl":"Bosnian (Cyrillic)","bs_Latn_BA":"Bosnian (Latin, Bosnia & Herzegovina)","br":"Breton","br_FR":"Breton (France)","bg_BG":"Bulgarian (Bulgaria)","my":"Burmese","my_MM":"Burmese (Myanmar (Burma))","ca_AD":"Catalan (Andorra)","ca_ES":"Catalan (Spain)","kw":"Cornish","kw_GB":"Cornish (United Kingdom)","hr_BA":"Croatian (Bosnia & Herzegovina)","hr_HR":"Croatian (Croatia)","cs_CZ":"Czech (Czech Republic)","da_DK":"Danish (Denmark)","da_GL":"Danish (Greenland)","nl_AW":"Dutch (Aruba)","nl_BE":"Dutch (Belgium)","nl_BQ":"Dutch (Caribbean Netherlands)","nl_CW":"Dutch (Cura\u00e7ao)","nl_NL":"Dutch (Netherlands)","nl_SX":"Dutch (Sint Maarten)","nl_SR":"Dutch (Suriname)","dz":"Dzongkha","dz_BT":"Dzongkha (Bhutan)","en_AS":"English (American Samoa)","en_AI":"English (Anguilla)","en_AG":"English (Antigua & Barbuda)","en_AU":"English (Australia)","en_BS":"English (Bahamas)","en_BB":"English (Barbados)","en_BE":"English (Belgium)","en_BZ":"English (Belize)","en_BM":"English (Bermuda)","en_BW":"English (Botswana)","en_IO":"English (British Indian Ocean Territory)","en_VG":"English (British Virgin Islands)","en_CM":"English (Cameroon)","en_CA":"English (Canada)","en_KY":"English (Cayman Islands)","en_CC":"English (Cocos (Keeling) Islands)","en_CK":"English (Cook Islands)","en_DG":"English (Diego Garcia)","en_DM":"English (Dominica)","en_ER":"English (Eritrea)","en_FK":"English (Falkland Islands)","en_FJ":"English (Fiji)","en_GM":"English (Gambia)","en_GH":"English (Ghana)","en_GI":"English (Gibraltar)","en_GD":"English (Grenada)","en_GU":"English (Guam)","en_GG":"English (Guernsey)","en_GY":"English (Guyana)","en_HK":"English (Hong Kong SAR China)","en_IE":"English (Ireland)","en_IM":"English (Isle of Man)","en_JM":"English (Jamaica)","en_JE":"English (Jersey)","en_KI":"English (Kiribati)","en_LS":"English (Lesotho)","en_LR":"English (Liberia)","en_MO":"English (Macau SAR China)","en_MG":"English (Madagascar)","en_MW":"English (Malawi)","en_MY":"English (Malaysia)","en_MT":"English (Malta)","en_MH":"English (Marshall Islands)","en_MU":"English (Mauritius)","en_FM":"English (Micronesia)","en_MS":"English (Montserrat)","en_NA":"English (Namibia)","en_NR":"English (Nauru)","en_NZ":"English (New Zealand)","en_NG":"English (Nigeria)","en_NU":"English (Niue)","en_NF":"English (Norfolk Island)","en_MP":"English (Northern Mariana Islands)","en_PK":"English (Pakistan)","en_PW":"English (Palau)","en_PG":"English (Papua New Guinea)","en_PN":"English (Pitcairn Islands)","en_PR":"English (Puerto Rico)","en_RW":"English (Rwanda)","en_WS":"English (Samoa)","en_SC":"English (Seychelles)","en_SL":"English (Sierra Leone)","en_SG":"English (Singapore)","en_SX":"English (Sint Maarten)","en_SB":"English (Solomon Islands)","en_ZA":"English (South Africa)","en_SS":"English (South Sudan)","en_SH":"English (St. Helena)","en_KN":"English (St. Kitts & Nevis)","en_LC":"English (St. Lucia)","en_VC":"English (St. Vincent & Grenadines)","en_SD":"English (Sudan)","en_SZ":"English (Swaziland)","en_TZ":"English (Tanzania)","en_TK":"English (Tokelau)","en_TO":"English (Tonga)","en_TT":"English (Trinidad & Tobago)","en_TC":"English (Turks & Caicos Islands)","en_TV":"English (Tuvalu)","en_UM":"English (U.S. Outlying Islands)","en_VI":"English (U.S. Virgin Islands)","en_UG":"English (Uganda)","en_VU":"English (Vanuatu)","en_ZM":"English (Zambia)","en_ZW":"English (Zimbabwe)","en_CX":"English (Christmas Island)","en_PH":"English (Philippines)","et_EE":"Estonian (Estonia)","ee":"Ewe","ee_GH":"Ewe (Ghana)","ee_TG":"Ewe (Togo)","fo_FO":"Faroese (Faroe Islands)","fi_FI":"Finnish (Finland)","fr_DZ":"French (Algeria)","fr_BE":"French (Belgium)","fr_BJ":"French (Benin)","fr_BF":"French (Burkina Faso)","fr_BI":"French (Burundi)","fr_CM":"French (Cameroon)","fr_CA":"French (Canada)","fr_CF":"French (Central African Republic)","fr_KM":"French (Comoros)","fr_CG":"French (Congo - Brazzaville)","fr_CD":"French (Congo - Kinshasa)","fr_CI":"French (C\u00f4te d\u2019Ivoire)","fr_DJ":"French (Djibouti)","fr_GQ":"French (Equatorial Guinea)","fr_GF":"French (French Guiana)","fr_PF":"French (French Polynesia)","fr_GA":"French (Gabon)","fr_GP":"French (Guadeloupe)","fr_GN":"French (Guinea)","fr_HT":"French (Haiti)","fr_LU":"French (Luxembourg)","fr_MG":"French (Madagascar)","fr_ML":"French (Mali)","fr_MQ":"French (Martinique)","fr_MR":"French (Mauritania)","fr_MU":"French (Mauritius)","fr_YT":"French (Mayotte)","fr_MC":"French (Monaco)","fr_MA":"French (Morocco)","fr_NC":"French (New Caledonia)","fr_NE":"French (Niger)","fr_RE":"French (R\u00e9union)","fr_RW":"French (Rwanda)","fr_SN":"French (Senegal)","fr_SC":"French (Seychelles)","fr_BL":"French (St. Barth\u00e9lemy)","fr_MF":"French (St. Martin)","fr_PM":"French (St. Pierre & Miquelon)","fr_CH":"French (Switzerland)","fr_SY":"French (Syria)","fr_TG":"French (Togo)","fr_TN":"French (Tunisia)","fr_VU":"French (Vanuatu)","fr_WF":"French (Wallis & Futuna)","fr_TD":"French (Chad)","ff":"Fulah","ff_CM":"Fulah (Cameroon)","ff_GN":"Fulah (Guinea)","ff_MR":"Fulah (Mauritania)","ff_SN":"Fulah (Senegal)","gl_ES":"Galician (Spain)","lg":"Ganda","lg_UG":"Ganda (Uganda)","ka_GE":"Georgian (Georgia)","de_AT":"German (Austria)","de_BE":"German (Belgium)","de_LI":"German (Liechtenstein)","de_LU":"German (Luxembourg)","de_CH":"German (Switzerland)","el_CY":"Greek (Cyprus)","el_GR":"Greek (Greece)","ha":"Hausa","ha_GH":"Hausa (Ghana)","ha_Latn_GH":"Hausa (Latin, Ghana)","ha_Latn_NE":"Hausa (Latin, Niger)","ha_Latn_NG":"Hausa (Latin, Nigeria)","ha_Latn":"Hausa (Latin)","ha_NE":"Hausa (Niger)","ha_NG":"Hausa (Nigeria)","he_IL":"Hebrew (Israel)","hu_HU":"Hungarian (Hungary)","is_IS":"Icelandic (Iceland)","ig":"Igbo","ig_NG":"Igbo (Nigeria)","id_ID":"Indonesian (Indonesia)","en":"Ingliffa","en_IN":"Ingliffa (India)","en_KE":"Ingliffa (Keeniyaa)","en_GB":"Ingliffa (United Kingdom)","en_US":"Ingliffa (United States)","ga_IE":"Irish (Ireland)","it_SM":"Italian (San Marino)","it_CH":"Italian (Switzerland)","kl":"Kalaallisut","kl_GL":"Kalaallisut (Greenland)","kk":"Kazakh","kk_Cyrl_KZ":"Kazakh (Cyrillic, Kazakhstan)","kk_Cyrl":"Kazakh (Cyrillic)","kk_KZ":"Kazakh (Kazakhstan)","ks":"Kashmiri","ks_Arab_IN":"Kashmiri (Arabic, India)","ks_Arab":"Kashmiri (Arabic)","ks_IN":"Kashmiri (India)","ki":"Kikuyu","ki_KE":"Kikuyu (Kenya)","rw":"Kinyarwanda","rw_RW":"Kinyarwanda (Rwanda)","ko_KP":"Korean (North Korea)","ko_KR":"Korean (South Korea)","ky":"Kyrgyz","ky_Cyrl_KG":"Kyrgyz (Cyrillic, Kyrgyzstan)","ky_Cyrl":"Kyrgyz (Cyrillic)","ky_KG":"Kyrgyz (Kyrgyzstan)","lo":"Lao","lo_LA":"Lao (Laos)","lv_LV":"Latvian (Latvia)","ln":"Lingala","ln_AO":"Lingala (Angola)","ln_CF":"Lingala (Central African Republic)","ln_CG":"Lingala (Congo - Brazzaville)","ln_CD":"Lingala (Congo - Kinshasa)","lt_LT":"Lithuanian (Lithuania)","lu":"Luba-Katanga","lu_CD":"Luba-Katanga (Congo - Kinshasa)","lb":"Luxembourgish","lb_LU":"Luxembourgish (Luxembourg)","mk_MK":"Macedonian (Macedonia)","ms":"Malaayiffaa","ms_Latn":"Malaayiffaa (Latin)","mg":"Malagasy","mg_MG":"Malagasy (Madagascar)","ms_BN":"Malay (Brunei)","ms_Latn_BN":"Malay (Latin, Brunei)","ms_Latn_MY":"Malay (Latin, Malaysia)","ms_Latn_SG":"Malay (Latin, Singapore)","ms_MY":"Malay (Malaysia)","ms_SG":"Malay (Singapore)","ml":"Malayaalamiffaa","ml_IN":"Malayaalamiffaa (India)","mt_MT":"Maltese (Malta)","gv":"Manx","gv_IM":"Manx (Isle of Man)","mn":"Mongolian","mn_Cyrl_MN":"Mongolian (Cyrillic, Mongolia)","mn_Cyrl":"Mongolian (Cyrillic)","mn_MN":"Mongolian (Mongolia)","ne_NP":"Nepali (Nepal)","nd":"North Ndebele","nd_ZW":"North Ndebele (Zimbabwe)","se":"Northern Sami","se_FI":"Northern Sami (Finland)","se_NO":"Northern Sami (Norway)","se_SE":"Northern Sami (Sweden)","no_NO":"Norwegian (Norway)","nb":"Norwegian Bokm\u00e5l","nb_NO":"Norwegian Bokm\u00e5l (Norway)","nb_SJ":"Norwegian Bokm\u00e5l (Svalbard & Jan Mayen)","nn_NO":"Norwegian Nynorsk (Norway)","or":"Oriya","or_IN":"Oriya (India)","om":"Oromoo","om_ET":"Oromoo (Itoophiyaa)","om_KE":"Oromoo (Keeniyaa)","os":"Ossetic","os_GE":"Ossetic (Georgia)","os_RU":"Ossetic (Russia)","ps":"Pashto","ps_AF":"Pashto (Afghanistan)","fa_AF":"Persian (Afghanistan)","fa_IR":"Persian (Iran)","pl_PL":"Polish (Poland)","pt_AO":"Portuguese (Angola)","pt_CV":"Portuguese (Cape Verde)","pt_GW":"Portuguese (Guinea-Bissau)","pt_MO":"Portuguese (Macau SAR China)","pt_MZ":"Portuguese (Mozambique)","pt_PT":"Portuguese (Portugal)","pt_ST":"Portuguese (S\u00e3o Tom\u00e9 & Pr\u00edncipe)","pt_TL":"Portuguese (Timor-Leste)","pa_Arab_PK":"Punjabi (Arabic, Pakistan)","pa_Arab":"Punjabi (Arabic)","pa_Guru_IN":"Punjabi (Gurmukhi, India)","pa_Guru":"Punjabi (Gurmukhi)","pa_PK":"Punjabi (Pakistan)","qu":"Quechua","qu_BO":"Quechua (Bolivia)","qu_EC":"Quechua (Ecuador)","qu_PE":"Quechua (Peru)","ro_MD":"Romanian (Moldova)","ro_RO":"Romanian (Romania)","rm":"Romansh","rm_CH":"Romansh (Switzerland)","rn":"Rundi","rn_BI":"Rundi (Burundi)","ru_BY":"Russian (Belarus)","ru_KZ":"Russian (Kazakhstan)","ru_KG":"Russian (Kyrgyzstan)","ru_MD":"Russian (Moldova)","ru_UA":"Russian (Ukraine)","sg":"Sango","sg_CF":"Sango (Central African Republic)","gd":"Scots Gaelic","gd_GB":"Scots Gaelic (United Kingdom)","sr_BA":"Serbian (Bosnia & Herzegovina)","sr_Cyrl_BA":"Serbian (Cyrillic, Bosnia & Herzegovina)","sr_Cyrl_XK":"Serbian (Cyrillic, Kosovo)","sr_Cyrl_ME":"Serbian (Cyrillic, Montenegro)","sr_Cyrl_RS":"Serbian (Cyrillic, Serbia)","sr_Cyrl":"Serbian (Cyrillic)","sr_XK":"Serbian (Kosovo)","sr_Latn_BA":"Serbian (Latin, Bosnia & Herzegovina)","sr_Latn_XK":"Serbian (Latin, Kosovo)","sr_Latn_ME":"Serbian (Latin, Montenegro)","sr_Latn_RS":"Serbian (Latin, Serbia)","sr_ME":"Serbian (Montenegro)","sr_RS":"Serbian (Serbia)","sh":"Serbo-Croatian","sh_BA":"Serbo-Croatian (Bosnia & Herzegovina)","si_LK":"Sinhala (Sri Lanka)","ii":"Sichuan Yi","ii_CN":"Sichuan Yi (China)","sk_SK":"Slovak (Slovakia)","sl_SI":"Slovenian (Slovenia)","so":"Somali","so_DJ":"Somali (Djibouti)","so_ET":"Somali (Ethiopia)","so_KE":"Somali (Kenya)","so_SO":"Somali (Somalia)","es_AR":"Spanish (Argentina)","es_BO":"Spanish (Bolivia)","es_IC":"Spanish (Canary Islands)","es_EA":"Spanish (Ceuta & Melilla)","es_CO":"Spanish (Colombia)","es_CR":"Spanish (Costa Rica)","es_CU":"Spanish (Cuba)","es_DO":"Spanish (Dominican Republic)","es_EC":"Spanish (Ecuador)","es_SV":"Spanish (El Salvador)","es_GQ":"Spanish (Equatorial Guinea)","es_GT":"Spanish (Guatemala)","es_HN":"Spanish (Honduras)","es_MX":"Spanish (Mexico)","es_NI":"Spanish (Nicaragua)","es_PA":"Spanish (Panama)","es_PY":"Spanish (Paraguay)","es_PE":"Spanish (Peru)","es_PR":"Spanish (Puerto Rico)","es_ES":"Spanish (Spain)","es_UY":"Spanish (Uruguay)","es_VE":"Spanish (Venezuela)","es_CL":"Spanish (Chile)","es_PH":"Spanish (Philippines)","sw":"Suwahilii","sw_KE":"Suwahilii (Keeniyaa)","sw_TZ":"Swahili (Tanzania)","sw_UG":"Swahili (Uganda)","sv_AX":"Swedish (\u00c5land Islands)","sv_FI":"Swedish (Finland)","sv_SE":"Swedish (Sweden)","tl":"Tagalog","tl_PH":"Tagalog (Philippines)","ta_MY":"Tamil (Malaysia)","ta_SG":"Tamil (Singapore)","ta_LK":"Tamil (Sri Lanka)","th_TH":"Thai (Thailand)","bo":"Tibetan","bo_IN":"Tibetan (India)","bo_CN":"Tibetan (China)","ti_ER":"Tigrinya (Eritrea)","to":"Tongan","to_TO":"Tongan (Tonga)","tr_CY":"Turkish (Cyprus)","tr_TR":"Turkish (Turkey)","uk_UA":"Ukrainian (Ukraine)","ur_PK":"Urdu (Pakistan)","ug":"Uyghur","ug_Arab_CN":"Uyghur (Arabic, China)","ug_Arab":"Uyghur (Arabic)","ug_CN":"Uyghur (China)","uz_AF":"Uzbek (Afghanistan)","uz_Arab_AF":"Uzbek (Arabic, Afghanistan)","uz_Arab":"Uzbek (Arabic)","uz_Cyrl_UZ":"Uzbek (Cyrillic, Uzbekistan)","uz_Cyrl":"Uzbek (Cyrillic)","uz_Latn_UZ":"Uzbek (Latin, Uzbekistan)","uz_UZ":"Uzbek (Uzbekistan)","vi_VN":"Vietnamese (Vietnam)","cy":"Welishiffaa","cy_GB":"Welishiffaa (United Kingdom)","fy_NL":"Western Frisian (Netherlands)","yi":"Yiddish","yo":"Yoruba","yo_BJ":"Yoruba (Benin)","yo_NG":"Yoruba (Nigeria)","zu_ZA":"Zulu (South Africa)","zh":"Chinese","zh_HK":"Chinese (Hong Kong SAR China)","zh_MO":"Chinese (Macau SAR China)","zh_Hans_HK":"Chinese (Simplified, Hong Kong SAR China)","zh_Hans_MO":"Chinese (Simplified, Macau SAR China)","zh_Hans_SG":"Chinese (Simplified, Singapore)","zh_Hans_CN":"Chinese (Simplified, China)","zh_Hans":"Chinese (Simplified)","zh_SG":"Chinese (Singapore)","zh_TW":"Chinese (Taiwan)","zh_Hant_HK":"Chinese (Traditional, Hong Kong SAR China)","zh_Hant_MO":"Chinese (Traditional, Macau SAR China)","zh_Hant_TW":"Chinese (Traditional, Taiwan)","zh_Hant":"Chinese (Traditional)","zh_CN":"Chinese (China)","km":"Khmer","km_KH":"Khmer (Cambodia)","sn":"Shona","sn_ZW":"Shona (Zimbabwe)"}