{"af":"afrikaans","af_NA":"afrikaans (Namibia)","af_ZA":"afrikaans (Republika Po\u0142udniowej Afryki)","ak":"akan","ak_GH":"akan (Ghana)","sq":"alba\u0144ski","sq_AL":"alba\u0144ski (Albania)","sq_XK":"alba\u0144ski (Kosowo)","sq_MK":"alba\u0144ski (Macedonia)","am":"amharski","am_ET":"amharski (Etiopia)","en":"angielski","en_AI":"angielski (Anguilla)","en_AG":"angielski (Antigua i Barbuda)","en_AU":"angielski (Australia)","en_BS":"angielski (Bahamy)","en_BB":"angielski (Barbados)","en_BE":"angielski (Belgia)","en_BZ":"angielski (Belize)","en_BM":"angielski (Bermudy)","en_BW":"angielski (Botswana)","en_IO":"angielski (Brytyjskie Terytorium Oceanu Indyjskiego)","en_VG":"angielski (Brytyjskie Wyspy Dziewicze)","en_UM":"angielski (Dalekie Wyspy Mniejsze Stan\u00f3w Zjednoczonych)","en_DG":"angielski (Diego Garcia)","en_DM":"angielski (Dominika)","en_ER":"angielski (Erytrea)","en_FK":"angielski (Falklandy)","en_FJ":"angielski (Fid\u017ci)","en_PH":"angielski (Filipiny)","en_GM":"angielski (Gambia)","en_GH":"angielski (Ghana)","en_GI":"angielski (Gibraltar)","en_GD":"angielski (Grenada)","en_GU":"angielski (Guam)","en_GY":"angielski (Gujana)","en_IN":"angielski (Indie)","en_IE":"angielski (Irlandia)","en_JM":"angielski (Jamajka)","en_KY":"angielski (Kajmany)","en_CM":"angielski (Kamerun)","en_CA":"angielski (Kanada)","en_KE":"angielski (Kenia)","en_KI":"angielski (Kiribati)","en_LS":"angielski (Lesotho)","en_LR":"angielski (Liberia)","en_MG":"angielski (Madagaskar)","en_MW":"angielski (Malawi)","en_MY":"angielski (Malezja)","en_MT":"angielski (Malta)","en_MP":"angielski (Mariany P\u00f3\u0142nocne)","en_MU":"angielski (Mauritius)","en_FM":"angielski (Mikronezja)","en_MS":"angielski (Montserrat)","en_NA":"angielski (Namibia)","en_NR":"angielski (Nauru)","en_NG":"angielski (Nigeria)","en_NU":"angielski (Niue)","en_NF":"angielski (Norfolk)","en_NZ":"angielski (Nowa Zelandia)","en_PK":"angielski (Pakistan)","en_PW":"angielski (Palau)","en_PG":"angielski (Papua-Nowa Gwinea)","en_PN":"angielski (Pitcairn)","en_PR":"angielski (Portoryko)","en_ZA":"angielski (Republika Po\u0142udniowej Afryki)","en_RW":"angielski (Rwanda)","en_KN":"angielski (Saint Kitts i Nevis)","en_LC":"angielski (Saint Lucia)","en_VC":"angielski (Saint Vincent i Grenadyny)","en_AS":"angielski (Samoa Ameryka\u0144skie)","en_WS":"angielski (Samoa)","en_SC":"angielski (Seszele)","en_SL":"angielski (Sierra Leone)","en_SG":"angielski (Singapur)","en_SX":"angielski (Sint Maarten)","en_HK":"angielski (SRA Hongkong (Chiny))","en_MO":"angielski (SRA Makau (Chiny))","en_US":"angielski (Stany Zjednoczone)","en_SZ":"angielski (Suazi)","en_SS":"angielski (Sudan Po\u0142udniowy)","en_SD":"angielski (Sudan)","en_TZ":"angielski (Tanzania)","en_TK":"angielski (Tokelau)","en_TO":"angielski (Tonga)","en_TT":"angielski (Trynidad i Tobago)","en_TC":"angielski (Turks i Caicos)","en_TV":"angielski (Tuvalu)","en_UG":"angielski (Uganda)","en_VU":"angielski (Vanuatu)","en_GB":"angielski (Wielka Brytania)","en_CX":"angielski (Wyspa Bo\u017cego Narodzenia)","en_GG":"angielski (Wyspa Guernsey)","en_JE":"angielski (Wyspa Jersey)","en_IM":"angielski (Wyspa Man)","en_SH":"angielski (Wyspa \u015awi\u0119tej Heleny)","en_CK":"angielski (Wyspy Cooka)","en_VI":"angielski (Wyspy Dziewicze Stan\u00f3w Zjednoczonych)","en_CC":"angielski (Wyspy Kokosowe)","en_MH":"angielski (Wyspy Marshalla)","en_SB":"angielski (Wyspy Salomona)","en_ZM":"angielski (Zambia)","en_ZW":"angielski (Zimbabwe)","ar":"arabski","ar_DZ":"arabski (Algieria)","ar_SA":"arabski (Arabia Saudyjska)","ar_BH":"arabski (Bahrajn)","ar_TD":"arabski (Czad)","ar_DJ":"arabski (D\u017cibuti)","ar_EG":"arabski (Egipt)","ar_ER":"arabski (Erytrea)","ar_IQ":"arabski (Irak)","ar_IL":"arabski (Izrael)","ar_YE":"arabski (Jemen)","ar_JO":"arabski (Jordania)","ar_QA":"arabski (Katar)","ar_KM":"arabski (Komory)","ar_KW":"arabski (Kuwejt)","ar_LB":"arabski (Liban)","ar_LY":"arabski (Libia)","ar_MA":"arabski (Maroko)","ar_MR":"arabski (Mauretania)","ar_OM":"arabski (Oman)","ar_EH":"arabski (Sahara Zachodnia)","ar_SO":"arabski (Somalia)","ar_SS":"arabski (Sudan Po\u0142udniowy)","ar_SD":"arabski (Sudan)","ar_SY":"arabski (Syria)","ar_PS":"arabski (Terytoria Palesty\u0144skie)","ar_TN":"arabski (Tunezja)","ar_AE":"arabski (Zjednoczone Emiraty Arabskie)","as":"asamski","as_IN":"asamski (Indie)","az":"azerski","az_AZ":"azerski (Azerbejd\u017can)","az_Cyrl_AZ":"azerski (cyrylica, Azerbejd\u017can)","az_Cyrl":"azerski (cyrylica)","az_Latn_AZ":"azerski (\u0142aci\u0144skie, Azerbejd\u017can)","az_Latn":"azerski (\u0142aci\u0144skie)","bm":"bambara","bm_Latn_ML":"bambara (\u0142aci\u0144skie, Mali)","bm_Latn":"bambara (\u0142aci\u0144skie)","eu":"baskijski","eu_ES":"baskijski (Hiszpania)","bn":"bengalski","bn_BD":"bengalski (Bangladesz)","bn_IN":"bengalski (Indie)","be":"bia\u0142oruski","be_BY":"bia\u0142oruski (Bia\u0142oru\u015b)","my":"birma\u0144ski","my_MM":"birma\u0144ski (Mjanma (Birma))","bs":"bo\u015bniacki","bs_BA":"bo\u015bniacki (Bo\u015bnia i Hercegowina)","bs_Cyrl_BA":"bo\u015bniacki (cyrylica, Bo\u015bnia i Hercegowina)","bs_Cyrl":"bo\u015bniacki (cyrylica)","bs_Latn_BA":"bo\u015bniacki (\u0142aci\u0144skie, Bo\u015bnia i Hercegowina)","bs_Latn":"bo\u015bniacki (\u0142aci\u0144skie)","br":"breto\u0144ski","br_FR":"breto\u0144ski (Francja)","bg":"bu\u0142garski","bg_BG":"bu\u0142garski (Bu\u0142garia)","zh":"chi\u0144ski","zh_CN":"chi\u0144ski (Chiny)","zh_SG":"chi\u0144ski (Singapur)","zh_HK":"chi\u0144ski (SRA Hongkong (Chiny))","zh_MO":"chi\u0144ski (SRA Makau (Chiny))","zh_TW":"chi\u0144ski (Tajwan)","zh_Hant_HK":"chi\u0144ski (tradycyjne, SRA Hongkong (Chiny))","zh_Hant_MO":"chi\u0144ski (tradycyjne, SRA Makau (Chiny))","zh_Hant_TW":"chi\u0144ski (tradycyjne, Tajwan)","zh_Hant":"chi\u0144ski (tradycyjne)","zh_Hans_CN":"chi\u0144ski (uproszczone, Chiny)","zh_Hans_SG":"chi\u0144ski (uproszczone, Singapur)","zh_Hans_HK":"chi\u0144ski (uproszczone, SRA Hongkong (Chiny))","zh_Hans_MO":"chi\u0144ski (uproszczone, SRA Makau (Chiny))","zh_Hans":"chi\u0144ski (uproszczone)","hr":"chorwacki","hr_BA":"chorwacki (Bo\u015bnia i Hercegowina)","hr_HR":"chorwacki (Chorwacja)","cs":"czeski","cs_CZ":"czeski (Czechy)","da":"du\u0144ski","da_DK":"du\u0144ski (Dania)","da_GL":"du\u0144ski (Grenlandia)","dz":"dzongkha","dz_BT":"dzongkha (Bhutan)","eo":"esperanto","et":"esto\u0144ski","et_EE":"esto\u0144ski (Estonia)","ee":"ewe","ee_GH":"ewe (Ghana)","ee_TG":"ewe (Togo)","fo":"farerski","fo_FO":"farerski (Wyspy Owcze)","fi":"fi\u0144ski","fi_FI":"fi\u0144ski (Finlandia)","fr":"francuski","fr_DZ":"francuski (Algieria)","fr_BE":"francuski (Belgia)","fr_BJ":"francuski (Benin)","fr_BF":"francuski (Burkina Faso)","fr_BI":"francuski (Burundi)","fr_CI":"francuski (C\u00f4te d\u2019Ivoire)","fr_TD":"francuski (Czad)","fr_CD":"francuski (Demokratyczna Republika Konga)","fr_DJ":"francuski (D\u017cibuti)","fr_FR":"francuski (Francja)","fr_GA":"francuski (Gabon)","fr_GF":"francuski (Gujana Francuska)","fr_GP":"francuski (Gwadelupa)","fr_GQ":"francuski (Gwinea R\u00f3wnikowa)","fr_GN":"francuski (Gwinea)","fr_HT":"francuski (Haiti)","fr_CM":"francuski (Kamerun)","fr_CA":"francuski (Kanada)","fr_KM":"francuski (Komory)","fr_CG":"francuski (Kongo)","fr_LU":"francuski (Luksemburg)","fr_MG":"francuski (Madagaskar)","fr_YT":"francuski (Majotta)","fr_ML":"francuski (Mali)","fr_MA":"francuski (Maroko)","fr_MQ":"francuski (Martynika)","fr_MR":"francuski (Mauretania)","fr_MU":"francuski (Mauritius)","fr_MC":"francuski (Monako)","fr_NE":"francuski (Niger)","fr_NC":"francuski (Nowa Kaledonia)","fr_PF":"francuski (Polinezja Francuska)","fr_CF":"francuski (Republika \u015arodkowoafryka\u0144ska)","fr_RE":"francuski (Reunion)","fr_RW":"francuski (Rwanda)","fr_BL":"francuski (Saint-Barth\u00e9lemy)","fr_MF":"francuski (Saint-Martin)","fr_PM":"francuski (Saint-Pierre i Miquelon)","fr_SN":"francuski (Senegal)","fr_SC":"francuski (Seszele)","fr_SY":"francuski (Syria)","fr_CH":"francuski (Szwajcaria)","fr_TG":"francuski (Togo)","fr_TN":"francuski (Tunezja)","fr_VU":"francuski (Vanuatu)","fr_WF":"francuski (Wallis i Futuna)","ff":"fulani","ff_GN":"fulani (Gwinea)","ff_CM":"fulani (Kamerun)","ff_MR":"fulani (Mauretania)","ff_SN":"fulani (Senegal)","gl":"galicyjski","gl_ES":"galicyjski (Hiszpania)","lg":"ganda","lg_UG":"ganda (Uganda)","el":"grecki","el_CY":"grecki (Cypr)","el_GR":"grecki (Grecja)","kl":"grenlandzki","kl_GL":"grenlandzki (Grenlandia)","ka":"gruzi\u0144ski","ka_GE":"gruzi\u0144ski (Gruzja)","gu":"gud\u017aaracki","gu_IN":"gud\u017aaracki (Indie)","ha":"hausa","ha_GH":"hausa (Ghana)","ha_Latn_GH":"hausa (\u0142aci\u0144skie, Ghana)","ha_Latn_NE":"hausa (\u0142aci\u0144skie, Niger)","ha_Latn_NG":"hausa (\u0142aci\u0144skie, Nigeria)","ha_Latn":"hausa (\u0142aci\u0144skie)","ha_NE":"hausa (Niger)","ha_NG":"hausa (Nigeria)","he":"hebrajski","he_IL":"hebrajski (Izrael)","hi":"hindi","hi_IN":"hindi (Indie)","es":"hiszpa\u0144ski","es_AR":"hiszpa\u0144ski (Argentyna)","es_BO":"hiszpa\u0144ski (Boliwia)","es_EA":"hiszpa\u0144ski (Ceuta i Melilla)","es_CL":"hiszpa\u0144ski (Chile)","es_DO":"hiszpa\u0144ski (Dominikana)","es_EC":"hiszpa\u0144ski (Ekwador)","es_PH":"hiszpa\u0144ski (Filipiny)","es_GT":"hiszpa\u0144ski (Gwatemala)","es_GQ":"hiszpa\u0144ski (Gwinea R\u00f3wnikowa)","es_ES":"hiszpa\u0144ski (Hiszpania)","es_HN":"hiszpa\u0144ski (Honduras)","es_CO":"hiszpa\u0144ski (Kolumbia)","es_CR":"hiszpa\u0144ski (Kostaryka)","es_CU":"hiszpa\u0144ski (Kuba)","es_MX":"hiszpa\u0144ski (Meksyk)","es_NI":"hiszpa\u0144ski (Nikaragua)","es_PA":"hiszpa\u0144ski (Panama)","es_PY":"hiszpa\u0144ski (Paragwaj)","es_PE":"hiszpa\u0144ski (Peru)","es_PR":"hiszpa\u0144ski (Portoryko)","es_SV":"hiszpa\u0144ski (Salwador)","es_US":"hiszpa\u0144ski (Stany Zjednoczone)","es_UY":"hiszpa\u0144ski (Urugwaj)","es_VE":"hiszpa\u0144ski (Wenezuela)","es_IC":"hiszpa\u0144ski (Wyspy Kanaryjskie)","ig":"igbo","ig_NG":"igbo (Nigeria)","id":"indonezyjski","id_ID":"indonezyjski (Indonezja)","ga":"irlandzki","ga_IE":"irlandzki (Irlandia)","is":"islandzki","is_IS":"islandzki (Islandia)","ja":"japo\u0144ski","ja_JP":"japo\u0144ski (Japonia)","yi":"jidysz","yo":"joruba","yo_BJ":"joruba (Benin)","yo_NG":"joruba (Nigeria)","kn":"kannada","kn_IN":"kannada (Indie)","ks":"kaszmirski","ks_Arab_IN":"kaszmirski (arabskie, Indie)","ks_Arab":"kaszmirski (arabskie)","ks_IN":"kaszmirski (Indie)","ca":"katalo\u0144ski","ca_AD":"katalo\u0144ski (Andora)","ca_FR":"katalo\u0144ski (Francja)","ca_ES":"katalo\u0144ski (Hiszpania)","ca_IT":"katalo\u0144ski (W\u0142ochy)","kk":"kazachski","kk_Cyrl_KZ":"kazachski (cyrylica, Kazachstan)","kk_Cyrl":"kazachski (cyrylica)","kk_KZ":"kazachski (Kazachstan)","qu":"keczua","qu_BO":"keczua (Boliwia)","qu_EC":"keczua (Ekwador)","qu_PE":"keczua (Peru)","km":"khmerski","km_KH":"khmerski (Kambod\u017ca)","ki":"kikuju","ki_KE":"kikuju (Kenia)","rw":"kinya-ruanda","rw_RW":"kinya-ruanda (Rwanda)","ky":"kirgiski","ky_Cyrl_KG":"kirgiski (cyrylica, Kirgistan)","ky_Cyrl":"kirgiski (cyrylica)","ky_KG":"kirgiski (Kirgistan)","ko":"korea\u0144ski","ko_KR":"korea\u0144ski (Korea Po\u0142udniowa)","ko_KP":"korea\u0144ski (Korea P\u00f3\u0142nocna)","kw":"kornijski","kw_GB":"kornijski (Wielka Brytania)","lo":"laota\u0144ski","lo_LA":"laota\u0144ski (Laos)","se":"lapo\u0144ski p\u00f3\u0142nocny","se_FI":"lapo\u0144ski p\u00f3\u0142nocny (Finlandia)","se_NO":"lapo\u0144ski p\u00f3\u0142nocny (Norwegia)","se_SE":"lapo\u0144ski p\u00f3\u0142nocny (Szwecja)","ln":"lingala","ln_AO":"lingala (Angola)","ln_CD":"lingala (Demokratyczna Republika Konga)","ln_CG":"lingala (Kongo)","ln_CF":"lingala (Republika \u015arodkowoafryka\u0144ska)","lt":"litewski","lt_LT":"litewski (Litwa)","lu":"luba-katanga","lu_CD":"luba-katanga (Demokratyczna Republika Konga)","lb":"luksemburski","lb_LU":"luksemburski (Luksemburg)","lv":"\u0142otewski","lv_LV":"\u0142otewski (\u0141otwa)","mk":"macedo\u0144ski","mk_MK":"macedo\u0144ski (Macedonia)","ml":"malajalam","ml_IN":"malajalam (Indie)","ms":"malajski","ms_BN":"malajski (Brunei Darussalam)","ms_Latn_BN":"malajski (\u0142aci\u0144skie, Brunei Darussalam)","ms_Latn_MY":"malajski (\u0142aci\u0144skie, Malezja)","ms_Latn_SG":"malajski (\u0142aci\u0144skie, Singapur)","ms_Latn":"malajski (\u0142aci\u0144skie)","ms_MY":"malajski (Malezja)","ms_SG":"malajski (Singapur)","mg":"malgaski","mg_MG":"malgaski (Madagaskar)","mt":"malta\u0144ski","mt_MT":"malta\u0144ski (Malta)","gv":"manx","gv_IM":"manx (Wyspa Man)","mr":"marathi","mr_IN":"marathi (Indie)","mn":"mongolski","mn_Cyrl_MN":"mongolski (cyrylica, Mongolia)","mn_Cyrl":"mongolski (cyrylica)","mn_MN":"mongolski (Mongolia)","nd":"ndebele p\u00f3\u0142nocny","nd_ZW":"ndebele p\u00f3\u0142nocny (Zimbabwe)","ne":"nepalski","ne_IN":"nepalski (Indie)","ne_NP":"nepalski (Nepal)","nl":"niderlandzki","nl_AW":"niderlandzki (Aruba)","nl_BE":"niderlandzki (Belgia)","nl_CW":"niderlandzki (Cura\u00e7ao)","nl_NL":"niderlandzki (Holandia)","nl_BQ":"niderlandzki (Niderlandy Karaibskie)","nl_SX":"niderlandzki (Sint Maarten)","nl_SR":"niderlandzki (Surinam)","de":"niemiecki","de_AT":"niemiecki (Austria)","de_BE":"niemiecki (Belgia)","de_LI":"niemiecki (Liechtenstein)","de_LU":"niemiecki (Luksemburg)","de_DE":"niemiecki (Niemcy)","de_CH":"niemiecki (Szwajcaria)","no":"norweski","nb":"norweski (bokm\u00e5l)","nb_NO":"norweski (Norwegia)","nn_NO":"norweski (Norwegia)","no_NO":"norweski (Norwegia)","nn":"norweski (nynorsk)","nb_SJ":"norweski (Svalbard i Jan Mayen)","or":"orija","or_IN":"orija (Indie)","hy":"ormia\u0144ski","hy_AM":"ormia\u0144ski (Armenia)","om":"oromski","om_ET":"oromski (Etiopia)","om_KE":"oromski (Kenia)","os":"osetyjski","os_GE":"osetyjski (Gruzja)","os_RU":"osetyjski (Rosja)","ps":"paszto","ps_AF":"paszto (Afganistan)","pa":"pend\u017cabski","pa_Arab_PK":"pend\u017cabski (arabskie, Pakistan)","pa_Arab":"pend\u017cabski (arabskie)","pa_Guru_IN":"pend\u017cabski (gurmukhi, Indie)","pa_Guru":"pend\u017cabski (gurmukhi)","pa_IN":"pend\u017cabski (Indie)","pa_PK":"pend\u017cabski (Pakistan)","fa":"perski","fa_AF":"perski (Afganistan)","fa_IR":"perski (Iran)","pl":"polski","pl_PL":"polski (Polska)","pt":"portugalski","pt_AO":"portugalski (Angola)","pt_BR":"portugalski (Brazylia)","pt_GW":"portugalski (Gwinea Bissau)","pt_MZ":"portugalski (Mozambik)","pt_PT":"portugalski (Portugalia)","pt_CV":"portugalski (Republika Zielonego Przyl\u0105dka)","pt_MO":"portugalski (SRA Makau (Chiny))","pt_TL":"portugalski (Timor Wschodni)","pt_ST":"portugalski (Wyspy \u015awi\u0119tego Tomasza i Ksi\u0105\u017c\u0119ca)","rm":"retoroma\u0144ski","rm_CH":"retoroma\u0144ski (Szwajcaria)","ru":"rosyjski","ru_BY":"rosyjski (Bia\u0142oru\u015b)","ru_KZ":"rosyjski (Kazachstan)","ru_KG":"rosyjski (Kirgistan)","ru_MD":"rosyjski (Mo\u0142dawia)","ru_RU":"rosyjski (Rosja)","ru_UA":"rosyjski (Ukraina)","ro":"rumu\u0144ski","ro_MD":"rumu\u0144ski (Mo\u0142dawia)","ro_RO":"rumu\u0144ski (Rumunia)","rn":"rundi","rn_BI":"rundi (Burundi)","sg":"sango","sg_CF":"sango (Republika \u015arodkowoafryka\u0144ska)","sr":"serbski","sr_BA":"serbski (Bo\u015bnia i Hercegowina)","sr_Cyrl_BA":"serbski (cyrylica, Bo\u015bnia i Hercegowina)","sr_Cyrl_ME":"serbski (cyrylica, Czarnog\u00f3ra)","sr_Cyrl_XK":"serbski (cyrylica, Kosowo)","sr_Cyrl_RS":"serbski (cyrylica, Serbia)","sr_Cyrl":"serbski (cyrylica)","sr_ME":"serbski (Czarnog\u00f3ra)","sr_XK":"serbski (Kosowo)","sr_Latn_BA":"serbski (\u0142aci\u0144skie, Bo\u015bnia i Hercegowina)","sr_Latn_ME":"serbski (\u0142aci\u0144skie, Czarnog\u00f3ra)","sr_Latn_XK":"serbski (\u0142aci\u0144skie, Kosowo)","sr_Latn_RS":"serbski (\u0142aci\u0144skie, Serbia)","sr_Latn":"serbski (\u0142aci\u0144skie)","sr_RS":"serbski (Serbia)","sh":"serbsko-chorwacki","sh_BA":"serbsko-chorwacki (Bo\u015bnia i Hercegowina)","sk":"s\u0142owacki","sk_SK":"s\u0142owacki (S\u0142owacja)","sl":"s\u0142owe\u0144ski","sl_SI":"s\u0142owe\u0144ski (S\u0142owenia)","so":"somalijski","so_DJ":"somalijski (D\u017cibuti)","so_ET":"somalijski (Etiopia)","so_KE":"somalijski (Kenia)","so_SO":"somalijski (Somalia)","sw":"suahili","sw_KE":"suahili (Kenia)","sw_TZ":"suahili (Tanzania)","sw_UG":"suahili (Uganda)","ii":"syczua\u0144ski","ii_CN":"syczua\u0144ski (Chiny)","si":"syngaleski","si_LK":"syngaleski (Sri Lanka)","gd":"szkocki gaelicki","gd_GB":"szkocki gaelicki (Wielka Brytania)","sn":"szona","sn_ZW":"szona (Zimbabwe)","sv":"szwedzki","sv_FI":"szwedzki (Finlandia)","sv_SE":"szwedzki (Szwecja)","sv_AX":"szwedzki (Wyspy Alandzkie)","tl":"tagalski","tl_PH":"tagalski (Filipiny)","th":"tajski","th_TH":"tajski (Tajlandia)","ta":"tamilski","ta_IN":"tamilski (Indie)","ta_MY":"tamilski (Malezja)","ta_SG":"tamilski (Singapur)","ta_LK":"tamilski (Sri Lanka)","te":"telugu","te_IN":"telugu (Indie)","ti":"tigrinia","ti_ER":"tigrinia (Erytrea)","ti_ET":"tigrinia (Etiopia)","to":"tonga","to_TO":"tonga (Tonga)","tr":"turecki","tr_CY":"turecki (Cypr)","tr_TR":"turecki (Turcja)","bo":"tybeta\u0144ski","bo_CN":"tybeta\u0144ski (Chiny)","bo_IN":"tybeta\u0144ski (Indie)","ug":"ujgurski","ug_Arab_CN":"ujgurski (arabskie, Chiny)","ug_Arab":"ujgurski (arabskie)","ug_CN":"ujgurski (Chiny)","uk":"ukrai\u0144ski","uk_UA":"ukrai\u0144ski (Ukraina)","ur":"urdu","ur_IN":"urdu (Indie)","ur_PK":"urdu (Pakistan)","uz":"uzbecki","uz_AF":"uzbecki (Afganistan)","uz_Arab_AF":"uzbecki (arabskie, Afganistan)","uz_Arab":"uzbecki (arabskie)","uz_Cyrl_UZ":"uzbecki (cyrylica, Uzbekistan)","uz_Cyrl":"uzbecki (cyrylica)","uz_Latn_UZ":"uzbecki (\u0142aci\u0144skie, Uzbekistan)","uz_Latn":"uzbecki (\u0142aci\u0144skie)","uz_UZ":"uzbecki (Uzbekistan)","cy":"walijski","cy_GB":"walijski (Wielka Brytania)","hu":"w\u0119gierski","hu_HU":"w\u0119gierski (W\u0119gry)","vi":"wietnamski","vi_VN":"wietnamski (Wietnam)","it":"w\u0142oski","it_SM":"w\u0142oski (San Marino)","it_CH":"w\u0142oski (Szwajcaria)","it_IT":"w\u0142oski (W\u0142ochy)","fy":"zachodniofryzyjski","fy_NL":"zachodniofryzyjski (Holandia)","zu":"zulu","zu_ZA":"zulu (Republika Po\u0142udniowej Afryki)"}