{"af":"afric\u00e2nder","af_ZA":"afric\u00e2nder (\u00c1frica do Sul)","af_NA":"afric\u00e2nder (Nam\u00edbia)","ak":"akan","ak_GH":"akan (Gana)","sq":"alban\u00eas","sq_AL":"alban\u00eas (Alb\u00e2nia)","sq_XK":"alban\u00eas (Kosovo)","sq_MK":"alban\u00eas (Maced\u00f3nia)","de":"alem\u00e3o","de_DE":"alem\u00e3o (Alemanha)","de_AT":"alem\u00e3o (\u00c1ustria)","de_BE":"alem\u00e3o (B\u00e9lgica)","de_LI":"alem\u00e3o (Liechtenstein)","de_LU":"alem\u00e3o (Luxemburgo)","de_CH":"alem\u00e3o (Su\u00ed\u00e7a)","am":"am\u00e1rico","am_ET":"am\u00e1rico (Eti\u00f3pia)","ar":"\u00e1rabe","ar_SA":"\u00e1rabe (Ar\u00e1bia Saudita)","ar_DZ":"\u00e1rabe (Arg\u00e9lia)","ar_BH":"\u00e1rabe (Bar\u00e9m)","ar_QA":"\u00e1rabe (Catar)","ar_TD":"\u00e1rabe (Chade)","ar_KM":"\u00e1rabe (Comores)","ar_EG":"\u00e1rabe (Egipto)","ar_AE":"\u00e1rabe (Emirados \u00c1rabes Unidos)","ar_ER":"\u00e1rabe (Eritreia)","ar_YE":"\u00e1rabe (I\u00e9men)","ar_IQ":"\u00e1rabe (Iraque)","ar_IL":"\u00e1rabe (Israel)","ar_DJ":"\u00e1rabe (Jibuti)","ar_JO":"\u00e1rabe (Jord\u00e2nia)","ar_KW":"\u00e1rabe (Kuwait)","ar_LB":"\u00e1rabe (L\u00edbano)","ar_LY":"\u00e1rabe (L\u00edbia)","ar_MA":"\u00e1rabe (Marrocos)","ar_MR":"\u00e1rabe (Maurit\u00e2nia)","ar_OM":"\u00e1rabe (Om\u00e3)","ar_EH":"\u00e1rabe (Saara Ocidental)","ar_SY":"\u00e1rabe (S\u00edria)","ar_SO":"\u00e1rabe (Som\u00e1lia)","ar_SS":"\u00e1rabe (Sud\u00e3o do Sul)","ar_SD":"\u00e1rabe (Sud\u00e3o)","ar_PS":"\u00e1rabe (Territ\u00f3rio Palestiniano)","ar_TN":"\u00e1rabe (Tun\u00edsia)","hy":"arm\u00e9nio","hy_AM":"arm\u00e9nio (Arm\u00e9nia)","as":"assam\u00eas","as_IN":"assam\u00eas (\u00cdndia)","az":"azerbaijano","az_AZ":"azerbaijano (Azerbaij\u00e3o)","az_Cyrl_AZ":"azerbaijano (cir\u00edlico, Azerbaij\u00e3o)","az_Cyrl":"azerbaijano (cir\u00edlico)","az_Latn_AZ":"azerbaijano (latim, Azerbaij\u00e3o)","az_Latn":"azerbaijano (latim)","bm":"bambara","bm_Latn_ML":"bambara (latim, Mali)","bm_Latn":"bambara (latim)","eu":"basco","eu_ES":"basco (Espanha)","bn":"bengali","bn_BD":"bengali (Bangladesh)","bn_IN":"bengali (\u00cdndia)","be":"bielorrusso","be_BY":"bielorrusso (Bielorr\u00fassia)","my":"birman\u00eas","my_MM":"birman\u00eas (Mianmar (Birm\u00e2nia))","bs":"b\u00f3snio","bs_BA":"b\u00f3snio (B\u00f3snia e Herzegovina)","bs_Cyrl_BA":"b\u00f3snio (cir\u00edlico, B\u00f3snia e Herzegovina)","bs_Cyrl":"b\u00f3snio (cir\u00edlico)","bs_Latn_BA":"b\u00f3snio (latim, B\u00f3snia e Herzegovina)","bs_Latn":"b\u00f3snio (latim)","br":"bret\u00e3o","br_FR":"bret\u00e3o (Fran\u00e7a)","bg":"b\u00falgaro","bg_BG":"b\u00falgaro (Bulg\u00e1ria)","kn":"canarim","kn_IN":"canarim (\u00cdndia)","ca":"catal\u00e3o","ca_AD":"catal\u00e3o (Andorra)","ca_ES":"catal\u00e3o (Espanha)","ca_FR":"catal\u00e3o (Fran\u00e7a)","ca_IT":"catal\u00e3o (It\u00e1lia)","ks":"caxemira","ks_Arab_IN":"caxemira (\u00e1rabe, \u00cdndia)","ks_Arab":"caxemira (\u00e1rabe)","ks_IN":"caxemira (\u00cdndia)","kk":"cazaque","kk_KZ":"cazaque (Cazaquist\u00e3o)","kk_Cyrl_KZ":"cazaque (cir\u00edlico, Cazaquist\u00e3o)","kk_Cyrl":"cazaque (cir\u00edlico)","cs":"checo","cs_CZ":"checo (Rep\u00fablica Checa)","zh":"chin\u00eas","zh_CN":"chin\u00eas (China)","zh_Hans_CN":"chin\u00eas (han simplificado, China)","zh_Hans_HK":"chin\u00eas (han simplificado, Hong Kong, RAE da China)","zh_Hans_MO":"chin\u00eas (han simplificado, Macau, RAE da China)","zh_Hans_SG":"chin\u00eas (han simplificado, Singapura)","zh_Hans":"chin\u00eas (han simplificado)","zh_Hant_HK":"chin\u00eas (han tradicional, Hong Kong, RAE da China)","zh_Hant_MO":"chin\u00eas (han tradicional, Macau, RAE da China)","zh_Hant_TW":"chin\u00eas (han tradicional, Taiwan)","zh_Hant":"chin\u00eas (han tradicional)","zh_HK":"chin\u00eas (Hong Kong, RAE da China)","zh_MO":"chin\u00eas (Macau, RAE da China)","zh_SG":"chin\u00eas (Singapura)","zh_TW":"chin\u00eas (Taiwan)","si":"cingal\u00eas","si_LK":"cingal\u00eas (Sri Lanka)","km":"cmer","km_KH":"cmer (Camboja)","ko":"coreano","ko_KP":"coreano (Coreia do Norte)","ko_KR":"coreano (Coreia do Sul)","kw":"c\u00f3rnico","kw_GB":"c\u00f3rnico (Reino Unido)","hr":"croata","hr_BA":"croata (B\u00f3snia e Herzegovina)","hr_HR":"croata (Cro\u00e1cia)","da":"dinamarqu\u00eas","da_DK":"dinamarqu\u00eas (Dinamarca)","da_GL":"dinamarqu\u00eas (Gronel\u00e2ndia)","dz":"dzonga","dz_BT":"dzonga (But\u00e3o)","sk":"eslovaco","sk_SK":"eslovaco (Eslov\u00e1quia)","sl":"esloveno","sl_SI":"esloveno (Eslov\u00e9nia)","es":"espanhol","es_AR":"espanhol (Argentina)","es_BO":"espanhol (Bol\u00edvia)","es_EA":"espanhol (Ceuta e Melilha)","es_CL":"espanhol (Chile)","es_CO":"espanhol (Col\u00f4mbia)","es_CR":"espanhol (Costa Rica)","es_CU":"espanhol (Cuba)","es_SV":"espanhol (El Salvador)","es_EC":"espanhol (Equador)","es_ES":"espanhol (Espanha)","es_US":"espanhol (Estados Unidos)","es_PH":"espanhol (Filipinas)","es_GT":"espanhol (Guatemala)","es_GQ":"espanhol (Guin\u00e9 Equatorial)","es_HN":"espanhol (Honduras)","es_IC":"espanhol (Ilhas Can\u00e1rias)","es_MX":"espanhol (M\u00e9xico)","es_NI":"espanhol (Nicar\u00e1gua)","es_PA":"espanhol (Panam\u00e1)","es_PY":"espanhol (Paraguai)","es_PE":"espanhol (Peru)","es_PR":"espanhol (Porto Rico)","es_DO":"espanhol (Rep\u00fablica Dominicana)","es_UY":"espanhol (Uruguai)","es_VE":"espanhol (Venezuela)","eo":"esperanto","et":"est\u00f3nio","et_EE":"est\u00f3nio (Est\u00f3nia)","ee":"ewe","ee_GH":"ewe (Gana)","ee_TG":"ewe (Togo)","fo":"fero\u00eas","fo_FO":"fero\u00eas (Ilhas Faro\u00e9)","fi":"finland\u00eas","fi_FI":"finland\u00eas (Finl\u00e2ndia)","fr":"franc\u00eas","fr_DZ":"franc\u00eas (Arg\u00e9lia)","fr_BE":"franc\u00eas (B\u00e9lgica)","fr_BJ":"franc\u00eas (Benim)","fr_BF":"franc\u00eas (Burquina Faso)","fr_BI":"franc\u00eas (Burundi)","fr_CM":"franc\u00eas (Camar\u00f5es)","fr_CA":"franc\u00eas (Canad\u00e1)","fr_TD":"franc\u00eas (Chade)","fr_KM":"franc\u00eas (Comores)","fr_CG":"franc\u00eas (Congo-Brazzaville)","fr_CD":"franc\u00eas (Congo-Kinshasa)","fr_CI":"franc\u00eas (Costa do Marfim)","fr_FR":"franc\u00eas (Fran\u00e7a)","fr_GA":"franc\u00eas (Gab\u00e3o)","fr_GP":"franc\u00eas (Guadalupe)","fr_GF":"franc\u00eas (Guiana Francesa)","fr_GQ":"franc\u00eas (Guin\u00e9 Equatorial)","fr_GN":"franc\u00eas (Guin\u00e9)","fr_HT":"franc\u00eas (Haiti)","fr_DJ":"franc\u00eas (Jibuti)","fr_LU":"franc\u00eas (Luxemburgo)","fr_MG":"franc\u00eas (Madag\u00e1scar)","fr_YT":"franc\u00eas (Maiote)","fr_ML":"franc\u00eas (Mali)","fr_MA":"franc\u00eas (Marrocos)","fr_MQ":"franc\u00eas (Martinica)","fr_MU":"franc\u00eas (Maur\u00edcia)","fr_MR":"franc\u00eas (Maurit\u00e2nia)","fr_MC":"franc\u00eas (M\u00f3naco)","fr_NE":"franc\u00eas (N\u00edger)","fr_NC":"franc\u00eas (Nova Caled\u00f3nia)","fr_PF":"franc\u00eas (Polin\u00e9sia Francesa)","fr_CF":"franc\u00eas (Rep\u00fablica Centro-Africana)","fr_RE":"franc\u00eas (Reuni\u00e3o)","fr_RW":"franc\u00eas (Ruanda)","fr_PM":"franc\u00eas (Saint Pierre e Miquelon)","fr_BL":"franc\u00eas (S\u00e3o Bartolomeu)","fr_MF":"franc\u00eas (S\u00e3o Martinho)","fr_SC":"franc\u00eas (Seicheles)","fr_SN":"franc\u00eas (Senegal)","fr_SY":"franc\u00eas (S\u00edria)","fr_CH":"franc\u00eas (Su\u00ed\u00e7a)","fr_TG":"franc\u00eas (Togo)","fr_TN":"franc\u00eas (Tun\u00edsia)","fr_VU":"franc\u00eas (Vanuatu)","fr_WF":"franc\u00eas (Wallis e Futuna)","fy":"fr\u00edsico ocidental","fy_NL":"fr\u00edsico ocidental (Pa\u00edses Baixos)","ff":"fula","ff_CM":"fula (Camar\u00f5es)","ff_GN":"fula (Guin\u00e9)","ff_MR":"fula (Maurit\u00e2nia)","ff_SN":"fula (Senegal)","gd":"ga\u00e9lico escoc\u00eas","gd_GB":"ga\u00e9lico escoc\u00eas (Reino Unido)","gl":"galego","gl_ES":"galego (Espanha)","cy":"gal\u00eas","cy_GB":"gal\u00eas (Reino Unido)","lg":"ganda","lg_UG":"ganda (Uganda)","ka":"georgiano","ka_GE":"georgiano (Ge\u00f3rgia)","el":"grego","el_CY":"grego (Chipre)","el_GR":"grego (Gr\u00e9cia)","kl":"groenland\u00eas","kl_GL":"groenland\u00eas (Gronel\u00e2ndia)","gu":"guzerate","gu_IN":"guzerate (\u00cdndia)","ha":"ha\u00fa\u00e7a","ha_GH":"ha\u00fa\u00e7a (Gana)","ha_Latn_GH":"ha\u00fa\u00e7a (latim, Gana)","ha_Latn_NE":"ha\u00fa\u00e7a (latim, N\u00edger)","ha_Latn_NG":"ha\u00fa\u00e7a (latim, Nig\u00e9ria)","ha_Latn":"ha\u00fa\u00e7a (latim)","ha_NE":"ha\u00fa\u00e7a (N\u00edger)","ha_NG":"ha\u00fa\u00e7a (Nig\u00e9ria)","he":"hebraico","he_IL":"hebraico (Israel)","hi":"hindi","hi_IN":"hindi (\u00cdndia)","nl":"holand\u00eas","nl_AW":"holand\u00eas (Aruba)","nl_BE":"holand\u00eas (B\u00e9lgica)","nl_CW":"holand\u00eas (Cura\u00e7au)","nl_BQ":"holand\u00eas (Pa\u00edses Baixos Caribenhos)","nl_NL":"holand\u00eas (Pa\u00edses Baixos)","nl_SX":"holand\u00eas (Sint Maarten)","nl_SR":"holand\u00eas (Suriname)","hu":"h\u00fangaro","hu_HU":"h\u00fangaro (Hungria)","ig":"igbo","ig_NG":"igbo (Nig\u00e9ria)","yi":"i\u00eddiche","id":"indon\u00e9sio","id_ID":"indon\u00e9sio (Indon\u00e9sia)","en":"ingl\u00eas","en_ZA":"ingl\u00eas (\u00c1frica do Sul)","en_AI":"ingl\u00eas (Anguila)","en_AG":"ingl\u00eas (Ant\u00edgua e Barbuda)","en_AU":"ingl\u00eas (Austr\u00e1lia)","en_BS":"ingl\u00eas (Bahamas)","en_BB":"ingl\u00eas (Barbados)","en_BE":"ingl\u00eas (B\u00e9lgica)","en_BZ":"ingl\u00eas (Belize)","en_BM":"ingl\u00eas (Bermudas)","en_BW":"ingl\u00eas (Botswana)","en_CM":"ingl\u00eas (Camar\u00f5es)","en_CA":"ingl\u00eas (Canad\u00e1)","en_DG":"ingl\u00eas (Diego Garcia)","en_DM":"ingl\u00eas (Dom\u00ednica)","en_ER":"ingl\u00eas (Eritreia)","en_US":"ingl\u00eas (Estados Unidos)","en_FJ":"ingl\u00eas (Fiji)","en_PH":"ingl\u00eas (Filipinas)","en_GM":"ingl\u00eas (G\u00e2mbia)","en_GH":"ingl\u00eas (Gana)","en_GI":"ingl\u00eas (Gibraltar)","en_GD":"ingl\u00eas (Granada)","en_GU":"ingl\u00eas (Guame)","en_GG":"ingl\u00eas (Guernsey)","en_GY":"ingl\u00eas (Guiana)","en_HK":"ingl\u00eas (Hong Kong, RAE da China)","en_IM":"ingl\u00eas (Ilha de Man)","en_CX":"ingl\u00eas (Ilha do Natal)","en_NF":"ingl\u00eas (Ilha Norfolk)","en_KY":"ingl\u00eas (Ilhas Caim\u00e3o)","en_CC":"ingl\u00eas (Ilhas Cocos)","en_CK":"ingl\u00eas (Ilhas Cook)","en_UM":"ingl\u00eas (Ilhas Distantes dos EUA)","en_FK":"ingl\u00eas (Ilhas Falkland)","en_MP":"ingl\u00eas (Ilhas Marianas do Norte)","en_MH":"ingl\u00eas (Ilhas Marshall)","en_SB":"ingl\u00eas (Ilhas Salom\u00e3o)","en_TC":"ingl\u00eas (Ilhas Turcas e Caicos)","en_VG":"ingl\u00eas (Ilhas Virgens Brit\u00e2nicas)","en_VI":"ingl\u00eas (Ilhas Virgens dos EUA)","en_IN":"ingl\u00eas (\u00cdndia)","en_IE":"ingl\u00eas (Irlanda)","en_JM":"ingl\u00eas (Jamaica)","en_JE":"ingl\u00eas (Jersey)","en_LS":"ingl\u00eas (Lesoto)","en_LR":"ingl\u00eas (Lib\u00e9ria)","en_MO":"ingl\u00eas (Macau, RAE da China)","en_MG":"ingl\u00eas (Madag\u00e1scar)","en_MY":"ingl\u00eas (Mal\u00e1sia)","en_MW":"ingl\u00eas (Malawi)","en_MT":"ingl\u00eas (Malta)","en_MU":"ingl\u00eas (Maur\u00edcia)","en_FM":"ingl\u00eas (Micron\u00e9sia)","en_MS":"ingl\u00eas (Monserrate)","en_NA":"ingl\u00eas (Nam\u00edbia)","en_NR":"ingl\u00eas (Nauru)","en_NG":"ingl\u00eas (Nig\u00e9ria)","en_NU":"ingl\u00eas (Niue)","en_NZ":"ingl\u00eas (Nova Zel\u00e2ndia)","en_PW":"ingl\u00eas (Palau)","en_PG":"ingl\u00eas (Papua-Nova Guin\u00e9)","en_PK":"ingl\u00eas (Paquist\u00e3o)","en_PN":"ingl\u00eas (Pitcairn)","en_PR":"ingl\u00eas (Porto Rico)","en_KE":"ingl\u00eas (Qu\u00e9nia)","en_KI":"ingl\u00eas (Quiribati)","en_GB":"ingl\u00eas (Reino Unido)","en_RW":"ingl\u00eas (Ruanda)","en_AS":"ingl\u00eas (Samoa Americana)","en_WS":"ingl\u00eas (Samoa)","en_SH":"ingl\u00eas (Santa Helena)","en_LC":"ingl\u00eas (Santa L\u00facia)","en_KN":"ingl\u00eas (S\u00e3o Crist\u00f3v\u00e3o e Nevis)","en_VC":"ingl\u00eas (S\u00e3o Vicente e Granadinas)","en_SC":"ingl\u00eas (Seicheles)","en_SL":"ingl\u00eas (Serra Leoa)","en_SG":"ingl\u00eas (Singapura)","en_SX":"ingl\u00eas (Sint Maarten)","en_SZ":"ingl\u00eas (Suazil\u00e2ndia)","en_SS":"ingl\u00eas (Sud\u00e3o do Sul)","en_SD":"ingl\u00eas (Sud\u00e3o)","en_TZ":"ingl\u00eas (Tanz\u00e2nia)","en_IO":"ingl\u00eas (Territ\u00f3rio Brit\u00e2nico do Oceano \u00cdndico)","en_TO":"ingl\u00eas (Tonga)","en_TK":"ingl\u00eas (Toquelau)","en_TT":"ingl\u00eas (Trindade e Tobago)","en_TV":"ingl\u00eas (Tuvalu)","en_UG":"ingl\u00eas (Uganda)","en_VU":"ingl\u00eas (Vanuatu)","en_ZM":"ingl\u00eas (Z\u00e2mbia)","en_ZW":"ingl\u00eas (Zimbabu\u00e9)","yo":"ioruba","yo_BJ":"ioruba (Benim)","yo_NG":"ioruba (Nig\u00e9ria)","ga":"irland\u00eas","ga_IE":"irland\u00eas (Irlanda)","is":"island\u00eas","is_IS":"island\u00eas (Isl\u00e2ndia)","it":"italiano","it_IT":"italiano (It\u00e1lia)","it_SM":"italiano (S\u00e3o Marino)","it_CH":"italiano (Su\u00ed\u00e7a)","ja":"japon\u00eas","ja_JP":"japon\u00eas (Jap\u00e3o)","rw":"kinyarwanda","rw_RW":"kinyarwanda (Ruanda)","lo":"laosiano","lo_LA":"laosiano (Laos)","lv":"let\u00e3o","lv_LV":"let\u00e3o (Let\u00f3nia)","ln":"lingala","ln_AO":"lingala (Angola)","ln_CG":"lingala (Congo-Brazzaville)","ln_CD":"lingala (Congo-Kinshasa)","ln_CF":"lingala (Rep\u00fablica Centro-Africana)","lt":"lituano","lt_LT":"lituano (Litu\u00e2nia)","lu":"luba-catanga","lu_CD":"luba-catanga (Congo-Kinshasa)","lb":"luxemburgu\u00eas","lb_LU":"luxemburgu\u00eas (Luxemburgo)","mk":"maced\u00f3nio","mk_MK":"maced\u00f3nio (Maced\u00f3nia)","ml":"malaiala","ml_IN":"malaiala (\u00cdndia)","ms":"malaio","ms_BN":"malaio (Brunei)","ms_Latn_BN":"malaio (latim, Brunei)","ms_Latn_MY":"malaio (latim, Mal\u00e1sia)","ms_Latn_SG":"malaio (latim, Singapura)","ms_Latn":"malaio (latim)","ms_MY":"malaio (Mal\u00e1sia)","ms_SG":"malaio (Singapura)","mg":"malgaxe","mg_MG":"malgaxe (Madag\u00e1scar)","mt":"malt\u00eas","mt_MT":"malt\u00eas (Malta)","gv":"manx","gv_IM":"manx (Ilha de Man)","mr":"marata","mr_IN":"marata (\u00cdndia)","mn":"mongol","mn_Cyrl_MN":"mongol (cir\u00edlico, Mong\u00f3lia)","mn_Cyrl":"mongol (cir\u00edlico)","mn_MN":"mongol (Mong\u00f3lia)","nd":"ndebele do norte","nd_ZW":"ndebele do norte (Zimbabu\u00e9)","ne":"nepali","ne_IN":"nepali (\u00cdndia)","ne_NP":"nepali (Nepal)","no":"noruegu\u00eas","no_NO":"noruegu\u00eas (Noruega)","nb":"noruegu\u00eas bokm\u00e5l","nb_NO":"noruegu\u00eas bokm\u00e5l (Noruega)","nb_SJ":"noruegu\u00eas bokm\u00e5l (Svalbard e Jan Mayen)","nn":"noruegu\u00eas nynorsk","nn_NO":"noruegu\u00eas nynorsk (Noruega)","or":"oriya","or_IN":"oriya (\u00cdndia)","om":"oromo","om_ET":"oromo (Eti\u00f3pia)","om_KE":"oromo (Qu\u00e9nia)","os":"oss\u00e9tico","os_GE":"oss\u00e9tico (Ge\u00f3rgia)","os_RU":"oss\u00e9tico (R\u00fassia)","pa":"panjabi","pa_Arab_PK":"panjabi (\u00e1rabe, Paquist\u00e3o)","pa_Arab":"panjabi (\u00e1rabe)","pa_Guru_IN":"panjabi (gurmuqui, \u00cdndia)","pa_Guru":"panjabi (gurmuqui)","pa_IN":"panjabi (\u00cdndia)","pa_PK":"panjabi (Paquist\u00e3o)","ps":"past\u00f3","ps_AF":"past\u00f3 (Afeganist\u00e3o)","fa":"persa","fa_AF":"persa (Afeganist\u00e3o)","fa_IR":"persa (Ir\u00e3o)","pl":"polaco","pl_PL":"polaco (Pol\u00f3nia)","pt":"portugu\u00eas","pt_AO":"portugu\u00eas (Angola)","pt_BR":"portugu\u00eas (Brasil)","pt_CV":"portugu\u00eas (Cabo Verde)","pt_GW":"portugu\u00eas (Guin\u00e9-Bissau)","pt_MO":"portugu\u00eas (Macau, RAE da China)","pt_MZ":"portugu\u00eas (Mo\u00e7ambique)","pt_PT":"portugu\u00eas (Portugal)","pt_ST":"portugu\u00eas (S\u00e3o Tom\u00e9 e Pr\u00edncipe)","pt_TL":"portugu\u00eas (Timor-Leste)","qu":"qu\u00edchua","qu_BO":"qu\u00edchua (Bol\u00edvia)","qu_EC":"qu\u00edchua (Equador)","qu_PE":"qu\u00edchua (Peru)","ki":"quicuio","ki_KE":"quicuio (Qu\u00e9nia)","ky":"quirguiz","ky_Cyrl_KG":"quirguiz (cir\u00edlico, Quirguist\u00e3o)","ky_Cyrl":"quirguiz (cir\u00edlico)","ky_KG":"quirguiz (Quirguist\u00e3o)","rm":"romanche","rm_CH":"romanche (Su\u00ed\u00e7a)","ro":"romeno","ro_MD":"romeno (Mold\u00e1via)","ro_RO":"romeno (Rom\u00e9nia)","rn":"rundi","rn_BI":"rundi (Burundi)","ru":"russo","ru_BY":"russo (Bielorr\u00fassia)","ru_KZ":"russo (Cazaquist\u00e3o)","ru_MD":"russo (Mold\u00e1via)","ru_KG":"russo (Quirguist\u00e3o)","ru_RU":"russo (R\u00fassia)","ru_UA":"russo (Ucr\u00e2nia)","se":"sami do norte","se_FI":"sami do norte (Finl\u00e2ndia)","se_NO":"sami do norte (Noruega)","se_SE":"sami do norte (Su\u00e9cia)","sg":"sango","sg_CF":"sango (Rep\u00fablica Centro-Africana)","sr":"s\u00e9rvio","sr_BA":"s\u00e9rvio (B\u00f3snia e Herzegovina)","sr_Cyrl_BA":"s\u00e9rvio (cir\u00edlico, B\u00f3snia e Herzegovina)","sr_Cyrl_XK":"s\u00e9rvio (cir\u00edlico, Kosovo)","sr_Cyrl_ME":"s\u00e9rvio (cir\u00edlico, Montenegro)","sr_Cyrl_RS":"s\u00e9rvio (cir\u00edlico, S\u00e9rvia)","sr_Cyrl":"s\u00e9rvio (cir\u00edlico)","sr_XK":"s\u00e9rvio (Kosovo)","sr_Latn_BA":"s\u00e9rvio (latim, B\u00f3snia e Herzegovina)","sr_Latn_XK":"s\u00e9rvio (latim, Kosovo)","sr_Latn_ME":"s\u00e9rvio (latim, Montenegro)","sr_Latn_RS":"s\u00e9rvio (latim, S\u00e9rvia)","sr_Latn":"s\u00e9rvio (latim)","sr_ME":"s\u00e9rvio (Montenegro)","sr_RS":"s\u00e9rvio (S\u00e9rvia)","sh":"servo-croata","sh_BA":"servo-croata (B\u00f3snia e Herzegovina)","sn":"shona","sn_ZW":"shona (Zimbabu\u00e9)","ii":"sichuan yi","ii_CN":"sichuan yi (China)","so":"somali","so_ET":"somali (Eti\u00f3pia)","so_DJ":"somali (Jibuti)","so_KE":"somali (Qu\u00e9nia)","so_SO":"somali (Som\u00e1lia)","sw":"sua\u00edli","sw_KE":"sua\u00edli (Qu\u00e9nia)","sw_TZ":"sua\u00edli (Tanz\u00e2nia)","sw_UG":"sua\u00edli (Uganda)","sv":"sueco","sv_FI":"sueco (Finl\u00e2ndia)","sv_AX":"sueco (Ilhas \u00c5land)","sv_SE":"sueco (Su\u00e9cia)","tl":"tagalo","tl_PH":"tagalo (Filipinas)","th":"tailand\u00eas","th_TH":"tailand\u00eas (Tail\u00e2ndia)","ta":"t\u00e2mil","ta_IN":"t\u00e2mil (\u00cdndia)","ta_MY":"t\u00e2mil (Mal\u00e1sia)","ta_SG":"t\u00e2mil (Singapura)","ta_LK":"t\u00e2mil (Sri Lanka)","te":"telugu","te_IN":"telugu (\u00cdndia)","bo":"tibetano","bo_CN":"tibetano (China)","bo_IN":"tibetano (\u00cdndia)","ti":"tigr\u00ednia","ti_ER":"tigr\u00ednia (Eritreia)","ti_ET":"tigr\u00ednia (Eti\u00f3pia)","to":"tonga","to_TO":"tonga (Tonga)","tr":"turco","tr_CY":"turco (Chipre)","tr_TR":"turco (Turquia)","uk":"ucraniano","uk_UA":"ucraniano (Ucr\u00e2nia)","ug":"uigur","ug_Arab_CN":"uigur (\u00e1rabe, China)","ug_Arab":"uigur (\u00e1rabe)","ug_CN":"uigur (China)","ur":"urdu","ur_IN":"urdu (\u00cdndia)","ur_PK":"urdu (Paquist\u00e3o)","uz":"usbeque","uz_AF":"usbeque (Afeganist\u00e3o)","uz_Arab_AF":"usbeque (\u00e1rabe, Afeganist\u00e3o)","uz_Arab":"usbeque (\u00e1rabe)","uz_Cyrl_UZ":"usbeque (cir\u00edlico, Uzbequist\u00e3o)","uz_Cyrl":"usbeque (cir\u00edlico)","uz_Latn_UZ":"usbeque (latim, Uzbequist\u00e3o)","uz_Latn":"usbeque (latim)","uz_UZ":"usbeque (Uzbequist\u00e3o)","vi":"vietnamita","vi_VN":"vietnamita (Vietname)","zu":"zulu","zu_ZA":"zulu (\u00c1frica do Sul)"}