{"af":"Afrikaans Simi","af_NA":"Afrikaans Simi (Namibia)","af_ZA":"Afrikaans Simi (Sud\u00e1frica)","ak":"Akan","ak_GH":"Akan (Ghana)","sq":"Albanes Simi","sq_AL":"Albanes Simi (Albania)","sq_MK":"Albanes Simi (ERY Macedonia)","sq_XK":"Albanian (Kosovo)","de":"Aleman Simi","de_DE":"Aleman Simi (Alemania)","de_AT":"Aleman Simi (Austria)","de_BE":"Aleman Simi (B\u00e9lgica)","de_LI":"Aleman Simi (Liechtenstein)","de_LU":"Aleman Simi (Luxemburgo)","de_CH":"Aleman Simi (Suiza)","am":"Amarico Simi","am_ET":"Amarico Simi (Etiop\u00eda)","ar":"Arabe Simi","ar_SA":"Arabe Simi (Arabia Saud\u00ed)","ar_DZ":"Arabe Simi (Argelia)","ar_BH":"Arabe Simi (Bahr\u00e9in)","ar_TD":"Arabe Simi (Chad)","ar_KM":"Arabe Simi (Comoras)","ar_EG":"Arabe Simi (Egipto)","ar_ER":"Arabe Simi (Eritrea)","ar_IQ":"Arabe Simi (Iraq)","ar_IL":"Arabe Simi (Israel)","ar_JO":"Arabe Simi (Jordania)","ar_KW":"Arabe Simi (Kuwait)","ar_LB":"Arabe Simi (L\u00edbano)","ar_MA":"Arabe Simi (Marruecos)","ar_MR":"Arabe Simi (Mauritania)","ar_OM":"Arabe Simi (Om\u00e1n)","ar_PS":"Arabe Simi (Palestina Kamachikuq)","ar_QA":"Arabe Simi (Qatar)","ar_SY":"Arabe Simi (Siria)","ar_SO":"Arabe Simi (Somalia)","ar_SS":"Arabe Simi (Sud\u00e1n del Sur)","ar_SD":"Arabe Simi (Sud\u00e1n)","ar_TN":"Arabe Simi (T\u00fanez)","ar_YE":"Arabe Simi (Yemen)","ar_DJ":"Arabe Simi (Yibuti)","ar_LY":"Arabic (Libya)","ar_AE":"Arabic (United Arab Emirates)","ar_EH":"Arabic (Western Sahara)","hy":"Armenio Simi","hy_AM":"Armenio Simi (Armenia)","as":"Asames Simi","as_IN":"Asames Simi (India)","az_Cyrl_AZ":"Azerbaijani (Cyrillic, Azerbaijan)","az_Cyrl":"Azerbaijani (Cyrillic)","az_Latn_AZ":"Azerbaijani (Latin, Azerbaijan)","az_Latn":"Azerbaijani (Latin)","az":"Azerbaiyano Simi","az_AZ":"Azerbaiyano Simi (Azerbaiy\u00e1n)","bm":"Bambara","bm_Latn_ML":"Bambara (Latin, Mali)","bm_Latn":"Bambara (Latin)","bn":"Bangla Simi","bn_BD":"Bangla Simi (Bangladesh)","bn_IN":"Bangla Simi (India)","be":"Bielorruso Simi","be_BY":"Bielorruso Simi (Belar\u00fas)","bs_BA":"Bosnian (Bosnia & Herzegovina)","bs_Cyrl_BA":"Bosnian (Cyrillic, Bosnia & Herzegovina)","bs_Cyrl":"Bosnian (Cyrillic)","bs_Latn_BA":"Bosnian (Latin, Bosnia & Herzegovina)","bs_Latn":"Bosnian (Latin)","bs":"Bosnio Simi","br":"Breton Simi","br_FR":"Breton Simi (Francia)","bg":"Bulgaro Simi","bg_BG":"Bulgaro Simi (Bulgaria)","my":"Burmese","my_MM":"Burmese (Myanmar (Burma))","ca":"Catalan Simi","ca_AD":"Catalan Simi (Andorra)","ca_ES":"Catalan Simi (Espa\u00f1a)","ca_FR":"Catalan Simi (Francia)","ca_IT":"Catalan Simi (Italia)","cs":"Checo Simi","se":"Chincha Sami Simi","se_FI":"Chincha Sami Simi (Finlandia)","se_NO":"Chincha Sami Simi (Noruega)","se_SE":"Chincha Sami Simi (Suecia)","zh_Hans_CN":"Chinese (Simplified, China)","zh_Hans_HK":"Chinese (Simplified, Hong Kong SAR China)","zh_Hans_MO":"Chinese (Simplified, Macau SAR China)","zh_Hans_SG":"Chinese (Simplified, Singapore)","zh_Hans":"Chinese (Simplified)","zh_TW":"Chinese (Taiwan)","zh_Hant_HK":"Chinese (Traditional, Hong Kong SAR China)","zh_Hant_MO":"Chinese (Traditional, Macau SAR China)","zh_Hant_TW":"Chinese (Traditional, Taiwan)","zh_Hant":"Chinese (Traditional)","zh":"Chino Simi","zh_CN":"Chino Simi (China)","zh_HK":"Chino Simi (Hong Kong (RAE))","zh_MO":"Chino Simi (Macao RAE)","zh_SG":"Chino Simi (Singapur)","si":"Cingales Simi","si_LK":"Cingales Simi (Sri Lanka)","ko":"Coreano Simi","ko_KP":"Coreano Simi (Corea del Norte)","ko_KR":"Coreano Simi (Corea del Sur)","kw":"Cornish","kw_GB":"Cornish (United Kingdom)","hr":"Croata Simi","hr_HR":"Croata Simi (Croacia)","hr_BA":"Croatian (Bosnia & Herzegovina)","cs_CZ":"Czech (Czech Republic)","da":"Danes Simi","da_DK":"Danes Simi (Dinamarca)","da_GL":"Danish (Greenland)","nl_AW":"Dutch (Aruba)","dz":"Dzongkha","dz_BT":"Dzongkha (Bhutan)","en_AI":"English (Anguilla)","en_AG":"English (Antigua & Barbuda)","en_BB":"English (Barbados)","en_BZ":"English (Belize)","en_BM":"English (Bermuda)","en_IO":"English (British Indian Ocean Territory)","en_VG":"English (British Virgin Islands)","en_CA":"English (Canada)","en_KY":"English (Cayman Islands)","en_CK":"English (Cook Islands)","en_DG":"English (Diego Garcia)","en_FK":"English (Falkland Islands)","en_GI":"English (Gibraltar)","en_GD":"English (Grenada)","en_IE":"English (Ireland)","en_IM":"English (Isle of Man)","en_JM":"English (Jamaica)","en_MY":"English (Malaysia)","en_MS":"English (Montserrat)","en_NZ":"English (New Zealand)","en_NU":"English (Niue)","en_SB":"English (Solomon Islands)","en_SH":"English (St. Helena)","en_LC":"English (St. Lucia)","en_VC":"English (St. Vincent & Grenadines)","en_TK":"English (Tokelau)","en_TC":"English (Turks & Caicos Islands)","en_TV":"English (Tuvalu)","sk":"Eslovaco Simi","sk_SK":"Eslovaco Simi (Eslovaquia)","sl":"Esloveno Simi","sl_SI":"Esloveno Simi (Eslovenia)","es":"Espa\u00f1ol Simi","es_AR":"Espa\u00f1ol Simi (Argentina)","es_BO":"Espa\u00f1ol Simi (Bolivia)","es_CL":"Espa\u00f1ol Simi (Chile)","es_CO":"Espa\u00f1ol Simi (Colombia)","es_CR":"Espa\u00f1ol Simi (Costa Rica)","es_CU":"Espa\u00f1ol Simi (Cuba)","es_EC":"Espa\u00f1ol Simi (Ecuador)","es_SV":"Espa\u00f1ol Simi (El Salvador)","es_ES":"Espa\u00f1ol Simi (Espa\u00f1a)","es_US":"Espa\u00f1ol Simi (Estados Unidos)","es_PH":"Espa\u00f1ol Simi (Filipinas)","es_GT":"Espa\u00f1ol Simi (Guatemala)","es_GQ":"Espa\u00f1ol Simi (Guinea Ecuatorial)","es_HN":"Espa\u00f1ol Simi (Honduras)","es_MX":"Espa\u00f1ol Simi (M\u00e9xico)","es_NI":"Espa\u00f1ol Simi (Nicaragua)","es_PA":"Espa\u00f1ol Simi (Panam\u00e1)","es_PY":"Espa\u00f1ol Simi (Paraguay)","es_PE":"Espa\u00f1ol Simi (Per\u00fa)","es_PR":"Espa\u00f1ol Simi (Puerto Rico)","es_UY":"Espa\u00f1ol Simi (Uruguay)","es_VE":"Espa\u00f1ol Simi (Venezuela)","eo":"Esperanto","et":"Estonio Simi","et_EE":"Estonio Simi (Estonia)","eu":"Euskera Simi","eu_ES":"Euskera Simi (Espa\u00f1a)","ee":"Ewe","ee_GH":"Ewe (Ghana)","ee_TG":"Ewe (Togo)","fo_FO":"Faroese (Faroe Islands)","fo":"Feroes Simi","fi":"Fines Simi","fi_FI":"Fines Simi (Finlandia)","fr":"Frances Simi","fr_DZ":"Frances Simi (Argelia)","fr_BE":"Frances Simi (B\u00e9lgica)","fr_BJ":"Frances Simi (Ben\u00edn)","fr_BI":"Frances Simi (Burundi)","fr_CM":"Frances Simi (Camer\u00fan)","fr_TD":"Frances Simi (Chad)","fr_KM":"Frances Simi (Comoras)","fr_CD":"Frances Simi (Congo (RDC))","fr_CG":"Frances Simi (Congo)","fr_CI":"Frances Simi (C\u00f4te d\u02bcIvoire)","fr_FR":"Frances Simi (Francia)","fr_GA":"Frances Simi (Gab\u00f3n)","fr_GQ":"Frances Simi (Guinea Ecuatorial)","fr_GN":"Frances Simi (Guinea)","fr_HT":"Frances Simi (Hait\u00ed)","fr_LU":"Frances Simi (Luxemburgo)","fr_MG":"Frances Simi (Madagascar)","fr_ML":"Frances Simi (Mal\u00ed)","fr_MA":"Frances Simi (Marruecos)","fr_MU":"Frances Simi (Mauricio)","fr_MR":"Frances Simi (Mauritania)","fr_MC":"Frances Simi (M\u00f3naco)","fr_NE":"Frances Simi (N\u00edger)","fr_NC":"Frances Simi (Nueva Caledonia)","fr_PF":"Frances Simi (Polinesia Francesa)","fr_RW":"Frances Simi (Ruanda)","fr_MF":"Frances Simi (San Mart\u00edn)","fr_PM":"Frances Simi (San Pedro y Miquel\u00f3n)","fr_SN":"Frances Simi (Senegal)","fr_SC":"Frances Simi (Seychelles)","fr_SY":"Frances Simi (Siria)","fr_CH":"Frances Simi (Suiza)","fr_TG":"Frances Simi (Togo)","fr_TN":"Frances Simi (T\u00fanez)","fr_VU":"Frances Simi (Vanuatu)","fr_WF":"Frances Simi (Wallis, Futuna)","fr_DJ":"Frances Simi (Yibuti)","fr_BF":"French (Burkina Faso)","fr_CA":"French (Canada)","fr_CF":"French (Central African Republic)","fr_GF":"French (French Guiana)","fr_GP":"French (Guadeloupe)","fr_MQ":"French (Martinique)","fr_YT":"French (Mayotte)","fr_RE":"French (R\u00e9union)","fr_BL":"French (St. Barth\u00e9lemy)","fy":"Frison Simi","fy_NL":"Frison Simi (Pa\u00edses Bajos)","ff":"Fulah Simi","ff_CM":"Fulah Simi (Camer\u00fan)","ff_GN":"Fulah Simi (Guinea)","ff_MR":"Fulah Simi (Mauritania)","ff_SN":"Fulah Simi (Senegal)","gd":"Gaelico Escoces Simi","gd_GB":"Gaelico Escoces Simi (Reino Unido)","cy":"Gales Simi","cy_GB":"Gales Simi (Reino Unido)","gl":"Gallego Simi","gl_ES":"Gallego Simi (Espa\u00f1a)","lg":"Ganda","lg_UG":"Ganda (Uganda)","ka_GE":"Georgian (Georgia)","ka":"Georgiano Simi","el":"Griego Simi","el_CY":"Griego Simi (Chipre)","el_GR":"Griego Simi (Grecia)","kl":"Groenlandes Simi","gu":"Gujarati Simi","gu_IN":"Gujarati Simi (India)","ha_Latn_GH":"Hausa (Latin, Ghana)","ha_Latn_NE":"Hausa (Latin, Niger)","ha_Latn_NG":"Hausa (Latin, Nigeria)","ha_Latn":"Hausa (Latin)","ha":"Hausa Simi","ha_GH":"Hausa Simi (Ghana)","ha_NE":"Hausa Simi (N\u00edger)","ha_NG":"Hausa Simi (Nigeria)","he":"Hebreo Simi","he_IL":"Hebreo Simi (Israel)","hi":"Hindi Simi","hi_IN":"Hindi Simi (India)","hu_HU":"Hungarian (Hungary)","hu":"Hungaro Simi","ig":"Igbo Simi","ig_NG":"Igbo Simi (Nigeria)","id":"Indonesio Simi","id_ID":"Indonesio Simi (Indonesia)","en":"Ingles Simi","en_AU":"Ingles Simi (Australia)","en_BS":"Ingles Simi (Bahamas)","en_BE":"Ingles Simi (B\u00e9lgica)","en_BW":"Ingles Simi (Botsuana)","en_CM":"Ingles Simi (Camer\u00fan)","en_DM":"Ingles Simi (Dominica)","en_VI":"Ingles Simi (EE.UU. Islas V\u00edrgenes)","en_ER":"Ingles Simi (Eritrea)","en_US":"Ingles Simi (Estados Unidos)","en_PH":"Ingles Simi (Filipinas)","en_FJ":"Ingles Simi (Fiyi)","en_GM":"Ingles Simi (Gambia)","en_GH":"Ingles Simi (Ghana)","en_GU":"Ingles Simi (Guam)","en_GG":"Ingles Simi (Guernsey)","en_GY":"Ingles Simi (Guyana)","en_HK":"Ingles Simi (Hong Kong (RAE))","en_IN":"Ingles Simi (India)","en_CX":"Ingles Simi (Isla Christmas)","en_NF":"Ingles Simi (Isla Norfolk)","en_CC":"Ingles Simi (Islas Cocos)","en_MP":"Ingles Simi (Islas Marianas del Norte)","en_MH":"Ingles Simi (Islas Marshall)","en_UM":"Ingles Simi (Islas menores alejadas de los EE.UU.)","en_PN":"Ingles Simi (Islas Pitcairn)","en_JE":"Ingles Simi (Jersey)","en_KE":"Ingles Simi (Kenia)","en_KI":"Ingles Simi (Kiribati)","en_LS":"Ingles Simi (Lesoto)","en_LR":"Ingles Simi (Liberia)","en_MO":"Ingles Simi (Macao RAE)","en_MG":"Ingles Simi (Madagascar)","en_MW":"Ingles Simi (Malawi)","en_MT":"Ingles Simi (Malta)","en_MU":"Ingles Simi (Mauricio)","en_FM":"Ingles Simi (Micronesia)","en_NA":"Ingles Simi (Namibia)","en_NR":"Ingles Simi (Nauru)","en_NG":"Ingles Simi (Nigeria)","en_PK":"Ingles Simi (Pakist\u00e1n)","en_PW":"Ingles Simi (Palaos)","en_PG":"Ingles Simi (Pap\u00faa Nueva Guinea)","en_PR":"Ingles Simi (Puerto Rico)","en_GB":"Ingles Simi (Reino Unido)","en_RW":"Ingles Simi (Ruanda)","en_AS":"Ingles Simi (Samoa Americana)","en_WS":"Ingles Simi (Samoa)","en_KN":"Ingles Simi (San Crist\u00f3bal y Nieves)","en_SC":"Ingles Simi (Seychelles)","en_SL":"Ingles Simi (Sierra Leona)","en_SG":"Ingles Simi (Singapur)","en_SX":"Ingles Simi (Sint Maarten)","en_SZ":"Ingles Simi (Suazilandia)","en_ZA":"Ingles Simi (Sud\u00e1frica)","en_SS":"Ingles Simi (Sud\u00e1n del Sur)","en_SD":"Ingles Simi (Sud\u00e1n)","en_TZ":"Ingles Simi (Tanzania)","en_TO":"Ingles Simi (Tonga)","en_TT":"Ingles Simi (Trinidad y Tobago)","en_UG":"Ingles Simi (Uganda)","en_VU":"Ingles Simi (Vanuatu)","en_ZM":"Ingles Simi (Zambia)","en_ZW":"Ingles Simi (Zimbabue)","ga_IE":"Irish (Ireland)","ga":"Irlandes Simi","zu":"Isizulu Simi","zu_ZA":"Isizulu Simi (Sud\u00e1frica)","is":"Islandes Simi","is_IS":"Islandes Simi (Islandia)","it":"Italiano Simi","it_IT":"Italiano Simi (Italia)","it_SM":"Italiano Simi (San Marino)","it_CH":"Italiano Simi (Suiza)","ja_JP":"Japanese (Japan)","ja":"Japones Simi","kl_GL":"Kalaallisut (Greenland)","kn":"Kannada Simi","kn_IN":"Kannada Simi (India)","ks":"Kashmiri","ks_Arab_IN":"Kashmiri (Arabic, India)","ks_Arab":"Kashmiri (Arabic)","ks_IN":"Kashmiri (India)","kk":"Kazajo Simi","kk_KZ":"Kazajo Simi (Kazajistan)","kk_Cyrl_KZ":"Kazakh (Cyrillic, Kazakhstan)","kk_Cyrl":"Kazakh (Cyrillic)","km":"Khmer Simi","km_KH":"Khmer Simi (Camboya)","ki":"Kikuyu","ki_KE":"Kikuyu (Kenya)","rw":"Kinyarwanda Simi","rw_RW":"Kinyarwanda Simi (Ruanda)","ky":"Kirghiz Simi","ky_KG":"Kirghiz Simi (Kirguist\u00e1n)","ky_Cyrl_KG":"Kyrgyz (Cyrillic, Kyrgyzstan)","ky_Cyrl":"Kyrgyz (Cyrillic)","lo":"Lao Simi","lo_LA":"Lao Simi (Laos)","lv":"Leton Simi","lv_LV":"Leton Simi (Letonia)","ln":"Lingala","ln_AO":"Lingala (Angola)","ln_CF":"Lingala (Central African Republic)","ln_CG":"Lingala (Congo - Brazzaville)","ln_CD":"Lingala (Congo - Kinshasa)","lt":"Lituano Simi","lt_LT":"Lituano Simi (Lituania)","lu":"Luba-Katanga","lu_CD":"Luba-Katanga (Congo - Kinshasa)","lb":"Luxemburgues Simi","lb_LU":"Luxemburgues Simi (Luxemburgo)","mk":"Macedonio Simi","mk_MK":"Macedonio Simi (ERY Macedonia)","mg":"Malagasy","mg_MG":"Malagasy (Madagascar)","ms_Latn_BN":"Malay (Latin, Brunei)","ms_Latn_MY":"Malay (Latin, Malaysia)","ms_Latn_SG":"Malay (Latin, Singapore)","ms_Latn":"Malay (Latin)","ms_MY":"Malay (Malaysia)","ml":"Malayalam Simi","ml_IN":"Malayalam Simi (India)","ms":"Malayo Simi","ms_BN":"Malayo Simi (Brun\u00e9i)","ms_SG":"Malayo Simi (Singapur)","mt":"Maltes Simi","mt_MT":"Maltes Simi (Malta)","gv":"Manx","gv_IM":"Manx (Isle of Man)","mr":"Marathi Simi","mr_IN":"Marathi Simi (India)","mn":"Mongol Simi","mn_Cyrl_MN":"Mongolian (Cyrillic, Mongolia)","mn_Cyrl":"Mongolian (Cyrillic)","mn_MN":"Mongolian (Mongolia)","nl":"Neerlandes Simi","nl_BE":"Neerlandes Simi (B\u00e9lgica)","nl_BQ":"Neerlandes Simi (Bonaire)","nl_CW":"Neerlandes Simi (Curazao)","nl_NL":"Neerlandes Simi (Pa\u00edses Bajos)","nl_SX":"Neerlandes Simi (Sint Maarten)","nl_SR":"Neerlandes Simi (Surinam)","ne":"Nepali Simi","ne_IN":"Nepali Simi (India)","ne_NP":"Nepali Simi (Nepal)","nd":"North Ndebele","nd_ZW":"North Ndebele (Zimbabwe)","no":"Noruego Simi","no_NO":"Noruego Simi (Noruega)","nb":"Norwegian Bokm\u00e5l","nb_NO":"Norwegian Bokm\u00e5l (Norway)","nb_SJ":"Norwegian Bokm\u00e5l (Svalbard & Jan Mayen)","nn":"Norwegian Nynorsk","nn_NO":"Norwegian Nynorsk (Norway)","or":"Odia Simi","or_IN":"Odia Simi (India)","om":"Oromo","om_ET":"Oromo (Ethiopia)","om_KE":"Oromo (Kenya)","os":"Ossetic","os_GE":"Ossetic (Georgia)","os_RU":"Ossetic (Russia)","ps":"Pashto Simi","ps_AF":"Pashto Simi (Afganist\u00e1n)","fa":"Persa Simi","fa_AF":"Persa Simi (Afganist\u00e1n)","fa_IR":"Persa Simi (Ir\u00e1n)","pl":"Polaco Simi","pl_PL":"Polaco Simi (Polonia)","pt":"Portugues Simi","pt_AO":"Portugues Simi (Angola)","pt_BR":"Portugues Simi (Brasil)","pt_GW":"Portugues Simi (Guinea-Bissau)","pt_MO":"Portugues Simi (Macao RAE)","pt_MZ":"Portugues Simi (Mozambique)","pt_PT":"Portugues Simi (Portugal)","pt_ST":"Portugues Simi (Santo Tom\u00e9 y Pr\u00edncipe)","pt_TL":"Portugues Simi (Timor-Leste)","pt_CV":"Portuguese (Cape Verde)","pa_Arab_PK":"Punjabi (Arabic, Pakistan)","pa_Arab":"Punjabi (Arabic)","pa_Guru_IN":"Punjabi (Gurmukhi, India)","pa_Guru":"Punjabi (Gurmukhi)","pa":"Punyabi Simi","pa_IN":"Punyabi Simi (India)","pa_PK":"Punyabi Simi (Pakist\u00e1n)","rm":"Romanche Simi","rm_CH":"Romanche Simi (Suiza)","ro_RO":"Romanian (Romania)","ro":"Rumano Simi","ro_MD":"Rumano Simi (Moldova)","qu":"Runasimi","qu_BO":"Runasimi (Bolivia)","qu_EC":"Runasimi (Ecuador)","qu_PE":"Runasimi (Per\u00fa)","rn":"Rundi","rn_BI":"Rundi (Burundi)","ru":"Ruso Simi","ru_BY":"Ruso Simi (Belar\u00fas)","ru_KZ":"Ruso Simi (Kazajistan)","ru_KG":"Ruso Simi (Kirguist\u00e1n)","ru_MD":"Ruso Simi (Moldova)","ru_RU":"Ruso Simi (Rusia)","ru_UA":"Russian (Ukraine)","sg":"Sango","sg_CF":"Sango (Central African Republic)","sr_BA":"Serbian (Bosnia & Herzegovina)","sr_Cyrl_BA":"Serbian (Cyrillic, Bosnia & Herzegovina)","sr_Cyrl_XK":"Serbian (Cyrillic, Kosovo)","sr_Cyrl_ME":"Serbian (Cyrillic, Montenegro)","sr_Cyrl_RS":"Serbian (Cyrillic, Serbia)","sr_Cyrl":"Serbian (Cyrillic)","sr_XK":"Serbian (Kosovo)","sr_Latn_BA":"Serbian (Latin, Bosnia & Herzegovina)","sr_Latn_XK":"Serbian (Latin, Kosovo)","sr_Latn_ME":"Serbian (Latin, Montenegro)","sr_Latn_RS":"Serbian (Latin, Serbia)","sr_Latn":"Serbian (Latin)","sr_ME":"Serbian (Montenegro)","sr":"Serbio Simi","sr_RS":"Serbio Simi (Serbia)","sh":"Serbo-Croatian","sh_BA":"Serbo-Croatian (Bosnia & Herzegovina)","sn":"Shona","sn_ZW":"Shona (Zimbabwe)","so":"Somali","so_DJ":"Somali (Djibouti)","so_ET":"Somali (Ethiopia)","so_KE":"Somali (Kenya)","so_SO":"Somali (Somalia)","es_IC":"Spanish (Canary Islands)","es_EA":"Spanish (Ceuta & Melilla)","es_DO":"Spanish (Dominican Republic)","sw":"Suajili Simi","sw_KE":"Suajili Simi (Kenia)","sw_TZ":"Suajili Simi (Tanzania)","sw_UG":"Suajili Simi (Uganda)","sv":"Sueco Simi","sv_FI":"Sueco Simi (Finlandia)","sv_SE":"Sueco Simi (Suecia)","sv_AX":"Swedish (\u00c5land Islands)","tl":"Tagalog","tl_PH":"Tagalog (Philippines)","th":"Tailandes Simi","th_TH":"Tailandes Simi (Tailandia)","ta_MY":"Tamil (Malaysia)","ta":"Tamil Simi","ta_IN":"Tamil Simi (India)","ta_SG":"Tamil Simi (Singapur)","ta_LK":"Tamil Simi (Sri Lanka)","te":"Telugu Simi","te_IN":"Telugu Simi (India)","bo":"Tibetano Simi","bo_CN":"Tibetano Simi (China)","bo_IN":"Tibetano Simi (India)","ti":"Tigri\u00f1a Simi","ti_ER":"Tigri\u00f1a Simi (Eritrea)","ti_ET":"Tigri\u00f1a Simi (Etiop\u00eda)","to":"Tongan","to_TO":"Tongan (Tonga)","tr":"Turco Simi","tr_CY":"Turco Simi (Chipre)","tr_TR":"Turco Simi (Turqu\u00eda)","uk":"Ucraniano Simi","ug":"Uigur Simi","ug_CN":"Uigur Simi (China)","uk_UA":"Ukrainian (Ukraine)","ur":"Urdu Simi","ur_IN":"Urdu Simi (India)","ur_PK":"Urdu Simi (Pakist\u00e1n)","ug_Arab_CN":"Uyghur (Arabic, China)","ug_Arab":"Uyghur (Arabic)","uz_Arab_AF":"Uzbek (Arabic, Afghanistan)","uz_Arab":"Uzbek (Arabic)","uz_Cyrl_UZ":"Uzbek (Cyrillic, Uzbekistan)","uz_Cyrl":"Uzbek (Cyrillic)","uz_Latn_UZ":"Uzbek (Latin, Uzbekistan)","uz_Latn":"Uzbek (Latin)","uz":"Uzbeko Simi","uz_AF":"Uzbeko Simi (Afganist\u00e1n)","uz_UZ":"Uzbeko Simi (Uzbekist\u00e1n)","vi":"Vietnamita Simi","vi_VN":"Vietnamita Simi (Vietnam)","ii":"Yi Simi","ii_CN":"Yi Simi (China)","yi":"Yiddish","yo":"Yoruba Simi","yo_BJ":"Yoruba Simi (Ben\u00edn)","yo_NG":"Yoruba Simi (Nigeria)"}