{"af":"afrikaans","af_ZA":"afrikaans (Africa dal Sid)","af_NA":"afrikaans (Namibia)","ak":"akan","ak_GH":"akan (Ghana)","sq":"albanais","sq_AL":"albanais (Albania)","sq_MK":"albanais (Macedonia)","sq_XK":"Albanian (Kosovo)","am":"amaric","am_ET":"amaric (Etiopia)","ar":"arab","ar_DZ":"arab (Algeria)","ar_SA":"arab (Arabia Saudita)","ar_BH":"arab (Bahrain)","ar_KM":"arab (Comoras)","ar_DJ":"arab (Dschibuti)","ar_EG":"arab (Egipta)","ar_AE":"arab (Emirats Arabs Unids)","ar_ER":"arab (Eritrea)","ar_IQ":"arab (Irac)","ar_IL":"arab (Israel)","ar_YE":"arab (Jemen)","ar_JO":"arab (Jordania)","ar_QA":"arab (Katar)","ar_KW":"arab (Kuwait)","ar_LB":"arab (Libanon)","ar_LY":"arab (Libia)","ar_MA":"arab (Maroc)","ar_MR":"arab (Mauretania)","ar_OM":"arab (Oman)","ar_EH":"arab (Sahara Occidentala)","ar_SY":"arab (Siria)","ar_SO":"arab (Somalia)","ar_SD":"arab (Sudan)","ar_PS":"arab (Territori Palestinais)","ar_TD":"arab (Tschad)","ar_TN":"arab (Tunesia)","ar_SS":"Arabic (South Sudan)","hy":"armen","hy_AM":"armen (Armenia)","az":"aserbeidschanic","az_AZ":"aserbeidschanic (Aserbaidschan)","az_Cyrl_AZ":"aserbeidschanic (cirillic, Aserbaidschan)","az_Cyrl":"aserbeidschanic (cirillic)","az_Latn_AZ":"aserbeidschanic (latin, Aserbaidschan)","az_Latn":"aserbeidschanic (latin)","as":"assami","as_IN":"assami (India)","bm":"bambara","bm_Latn_ML":"bambara (latin, Mali)","bm_Latn":"bambara (latin)","eu":"basc","eu_ES":"basc (Spagna)","bn":"bengal","bn_BD":"bengal (Bangladesch)","bn_IN":"bengal (India)","be":"bieloruss","be_BY":"bieloruss (Bielorussia)","my":"birman","my_MM":"birman (Myanmar)","bs":"bosniac","bs_BA":"bosniac (Bosnia ed Erzegovina)","bs_Cyrl_BA":"bosniac (cirillic, Bosnia ed Erzegovina)","bs_Cyrl":"bosniac (cirillic)","bs_Latn_BA":"bosniac (latin, Bosnia ed Erzegovina)","bs_Latn":"bosniac (latin)","br":"breton","br_FR":"breton (Frantscha)","bg":"bulgar","bg_BG":"bulgar (Bulgaria)","km":"cambodschan","km_KH":"cambodschan (Cambodscha)","kk":"casac","kk_Cyrl_KZ":"casac (cirillic, Kasachstan)","kk_Cyrl":"casac (cirillic)","kk_KZ":"casac (Kasachstan)","ca":"catalan","ca_AD":"catalan (Andorra)","ca_FR":"catalan (Frantscha)","ca_IT":"catalan (Italia)","ca_ES":"catalan (Spagna)","zh":"chinais","zh_CN":"chinais (China)","zh_HK":"chinais (Regiun d\u2019administraziun speziala da Hongkong, China)","zh_MO":"chinais (Regiun d\u2019administraziun speziala Macao, China)","zh_Hans_CN":"chinais (scrittira chinaisa simplifitgada, China)","zh_Hans_HK":"chinais (scrittira chinaisa simplifitgada, Regiun d\u2019administraziun speziala da Hongkong, China)","zh_Hans_MO":"chinais (scrittira chinaisa simplifitgada, Regiun d\u2019administraziun speziala Macao, China)","zh_Hans_SG":"chinais (scrittira chinaisa simplifitgada, Singapur)","zh_Hans":"chinais (scrittira chinaisa simplifitgada)","zh_Hant_HK":"chinais (scrittira chinaisa tradiziunala, Regiun d\u2019administraziun speziala da Hongkong, China)","zh_Hant_MO":"chinais (scrittira chinaisa tradiziunala, Regiun d\u2019administraziun speziala Macao, China)","zh_Hant_TW":"chinais (scrittira chinaisa tradiziunala, Taiwan)","zh_Hant":"chinais (scrittira chinaisa tradiziunala)","zh_SG":"chinais (Singapur)","zh_TW":"chinais (Taiwan)","ko":"corean","ko_KP":"corean (Corea dal Nord)","ko_KR":"corean (Corea dal Sid)","kw":"cornic","kw_GB":"cornic (Reginavel Un\u00ec)","hr":"croat","hr_BA":"croat (Bosnia ed Erzegovina)","hr_HR":"croat (Croazia)","da":"danais","da_DK":"danais (Danemarc)","da_GL":"danais (Gr\u00f6nlanda)","nl_BQ":"Dutch (Caribbean Netherlands)","nl_CW":"Dutch (Cura\u00e7ao)","nl_SX":"Dutch (Sint Maarten)","dz":"dzongkha","dz_BT":"dzongkha (Bhutan)","he":"ebraic","he_IL":"ebraic (Israel)","en":"englais","en_ZA":"englais (Africa dal Sid)","en_AI":"englais (Anguilla)","en_AG":"englais (Antigua e Barbuda)","en_AU":"englais (Australia)","en_BS":"englais (Bahamas)","en_BB":"englais (Barbados)","en_BE":"englais (Belgia)","en_BZ":"englais (Belize)","en_BM":"englais (Bermudas)","en_BW":"englais (Botswana)","en_CM":"englais (Camerun)","en_CA":"englais (Canada)","en_DM":"englais (Dominica)","en_ER":"englais (Eritrea)","en_FJ":"englais (Fidschi)","en_PH":"englais (Filippinas)","en_GM":"englais (Gambia)","en_GH":"englais (Ghana)","en_JM":"englais (Giamaica)","en_GI":"englais (Gibraltar)","en_GD":"englais (Grenada)","en_GU":"englais (Guam)","en_GG":"englais (Guernsey)","en_GY":"englais (Guyana)","en_IN":"englais (India)","en_CX":"englais (Insla da Christmas)","en_IM":"englais (Insla da Man)","en_NF":"englais (Insla Norfolk)","en_KY":"englais (Inslas Cayman)","en_CC":"englais (Inslas Cocos)","en_CK":"englais (Inslas Cook)","en_MH":"englais (Inslas da Marshall)","en_FK":"englais (Inslas dal Falkland)","en_MP":"englais (Inslas Mariannas dal Nord)","en_UM":"englais (Inslas pitschnas perifericas dals Stadis Unids da l\u2019America)","en_TC":"englais (Inslas Turks e Caicos)","en_VI":"englais (Inslas Verginas Americanas)","en_VG":"englais (Inslas Verginas Britannicas)","en_IE":"englais (Irlanda)","en_JE":"englais (Jersey)","en_KE":"englais (Kenia)","en_KI":"englais (Kiribati)","en_LS":"englais (Lesotho)","en_LR":"englais (Liberia)","en_MG":"englais (Madagascar)","en_MY":"englais (Malaisia)","en_MW":"englais (Malawi)","en_MT":"englais (Malta)","en_MU":"englais (Mauritius)","en_FM":"englais (Micronesia)","en_MS":"englais (Montserrat)","en_NA":"englais (Namibia)","en_NR":"englais (Nauru)","en_NG":"englais (Nigeria)","en_NU":"englais (Niue)","en_NZ":"englais (Nova Zelanda)","en_PK":"englais (Pakistan)","en_PW":"englais (Palau)","en_PG":"englais (Papua Nova Guinea)","en_PN":"englais (Pitcairn)","en_PR":"englais (Puerto Rico)","en_GB":"englais (Reginavel Un\u00ec)","en_HK":"englais (Regiun d\u2019administraziun speziala da Hongkong, China)","en_MO":"englais (Regiun d\u2019administraziun speziala Macao, China)","en_RW":"englais (Ruanda)","en_KN":"englais (Saint Kitts e Nevis)","en_LC":"englais (Saint Lucia)","en_VC":"englais (Saint Vincent e las Grenadinas)","en_SB":"englais (Salomonas)","en_ZM":"englais (Sambia)","en_AS":"englais (Samoa Americana)","en_WS":"englais (Samoa)","en_SC":"englais (Seychellas)","en_SL":"englais (Sierra Leone)","en_ZW":"englais (Simbabwe)","en_SG":"englais (Singapur)","en_SH":"englais (Sontg\u2019Elena)","en_US":"englais (Stadis Unids da l\u2019America)","en_SD":"englais (Sudan)","en_SZ":"englais (Swaziland)","en_TZ":"englais (Tansania)","en_IO":"englais (Territori Britannic en l\u2019Ocean Indic)","en_TK":"englais (Tokelau)","en_TO":"englais (Tonga)","en_TT":"englais (Trinidad e Tobago)","en_TV":"englais (Tuvalu)","en_UG":"englais (Uganda)","en_VU":"englais (Vanuatu)","en_DG":"English (Diego Garcia)","en_SX":"English (Sint Maarten)","en_SS":"English (South Sudan)","eo":"esperanto","et":"eston","et_EE":"eston (Estonia)","ee":"ewe","ee_GH":"ewe (Ghana)","ee_TG":"ewe (Togo)","fo":"ferrais","fo_FO":"ferrais (Inslas Feroe)","fi":"finlandais","fi_FI":"finlandais (Finlanda)","fr":"franzos","fr_DZ":"franzos (Algeria)","fr_BE":"franzos (Belgia)","fr_BJ":"franzos (Benin)","fr_BF":"franzos (Burkina Faso)","fr_BI":"franzos (Burundi)","fr_CM":"franzos (Camerun)","fr_CA":"franzos (Canada)","fr_KM":"franzos (Comoras)","fr_CG":"franzos (Congo)","fr_CI":"franzos (Costa d\u2019Ivur)","fr_DJ":"franzos (Dschibuti)","fr_FR":"franzos (Frantscha)","fr_GA":"franzos (Gabun)","fr_GP":"franzos (Guadeloupe)","fr_GQ":"franzos (Guinea Equatoriala)","fr_GN":"franzos (Guinea)","fr_GF":"franzos (Guyana Franzosa)","fr_HT":"franzos (Haiti)","fr_LU":"franzos (Luxemburg)","fr_MG":"franzos (Madagascar)","fr_ML":"franzos (Mali)","fr_MA":"franzos (Maroc)","fr_MQ":"franzos (Martinique)","fr_MR":"franzos (Mauretania)","fr_MU":"franzos (Mauritius)","fr_YT":"franzos (Mayotte)","fr_MC":"franzos (Monaco)","fr_NE":"franzos (Niger)","fr_NC":"franzos (Nova Caledonia)","fr_PF":"franzos (Polinesia Franzosa)","fr_CF":"franzos (Republica Centralafricana)","fr_CD":"franzos (Republica Democratica dal Congo)","fr_RE":"franzos (R\u00e9union)","fr_RW":"franzos (Ruanda)","fr_MF":"franzos (Saint Martin)","fr_PM":"franzos (Saint Pierre e Miquelon)","fr_SN":"franzos (Senegal)","fr_SC":"franzos (Seychellas)","fr_SY":"franzos (Siria)","fr_BL":"franzos (Son Barth\u00e9lemy)","fr_CH":"franzos (Svizra)","fr_TG":"franzos (Togo)","fr_TD":"franzos (Tschad)","fr_TN":"franzos (Tunesia)","fr_VU":"franzos (Vanuatu)","fr_WF":"franzos (Wallis e Futuna)","fy":"fris","fy_NL":"fris (Pajais Bass)","ff":"fulah","ff_CM":"fulah (Camerun)","ff_GN":"fulah (Guinea)","ff_MR":"fulah (Mauretania)","ff_SN":"fulah (Senegal)","gd":"gaelic scot","gd_GB":"gaelic scot (Reginavel Un\u00ec)","gl":"galician","gl_ES":"galician (Spagna)","lg":"ganda","lg_UG":"ganda (Uganda)","ka":"georgian","ka_GE":"georgian (Georgia)","ja":"giapunais","ja_JP":"giapunais (Giapun)","el":"grec","el_CY":"grec (Cipra)","el_GR":"grec (Grezia)","kl":"gr\u00f6nlandais","kl_GL":"gr\u00f6nlandais (Gr\u00f6nlanda)","gu":"gujarati","gu_IN":"gujarati (India)","ha":"haussa","ha_GH":"haussa (Ghana)","ha_Latn_GH":"haussa (latin, Ghana)","ha_Latn_NE":"haussa (latin, Niger)","ha_Latn_NG":"haussa (latin, Nigeria)","ha_Latn":"haussa (latin)","ha_NE":"haussa (Niger)","ha_NG":"haussa (Nigeria)","hi":"hindi","hi_IN":"hindi (India)","ig":"igbo","ig_NG":"igbo (Nigeria)","id":"indonais","id_ID":"indonais (Indonesia)","ga":"irlandais","ga_IE":"irlandais (Irlanda)","is":"islandais","is_IS":"islandais (Islanda)","yi":"jiddic","kn":"kannada","kn_IN":"kannada (India)","ks":"kashmiri","ks_Arab_IN":"kashmiri (arab, India)","ks_Arab":"kashmiri (arab)","ks_IN":"kashmiri (India)","ki":"kikuyu","ki_KE":"kikuyu (Kenia)","cy":"kimric","cy_GB":"kimric (Reginavel Un\u00ec)","rw":"kinyarwanda","rw_RW":"kinyarwanda (Ruanda)","ky":"kirghis","ky_Cyrl_KG":"kirghis (cirillic, Kirghisistan)","ky_Cyrl":"kirghis (cirillic)","ky_KG":"kirghis (Kirghisistan)","lo":"laot","lo_LA":"laot (Laos)","lv":"letton","lv_LV":"letton (Lettonia)","ln":"lingala","ln_AO":"lingala (Angola)","ln_CG":"lingala (Congo)","ln_CF":"lingala (Republica Centralafricana)","ln_CD":"lingala (Republica Democratica dal Congo)","lt":"lituan","lt_LT":"lituan (Lituania)","lu":"luba-katanga","lu_CD":"luba-katanga (Republica Democratica dal Congo)","lb":"luxemburgais","lb_LU":"luxemburgais (Luxemburg)","mk":"macedon","mk_MK":"macedon (Macedonia)","mg":"malagassi","mg_MG":"malagassi (Madagascar)","ms":"malaic","ms_BN":"malaic (Brunei)","ms_Latn_BN":"malaic (latin, Brunei)","ms_Latn_MY":"malaic (latin, Malaisia)","ms_Latn_SG":"malaic (latin, Singapur)","ms_Latn":"malaic (latin)","ms_MY":"malaic (Malaisia)","ms_SG":"malaic (Singapur)","ml":"malayalam","ml_IN":"malayalam (India)","mt":"maltais","mt_MT":"maltais (Malta)","gv":"manx","gv_IM":"manx (Insla da Man)","mr":"marathi","mr_IN":"marathi (India)","mn":"mongolic","mn_Cyrl_MN":"mongolic (cirillic, Mongolia)","mn_Cyrl":"mongolic (cirillic)","mn_MN":"mongolic (Mongolia)","nd":"ndebele dal nord","nd_ZW":"ndebele dal nord (Simbabwe)","ne":"nepalais","ne_IN":"nepalais (India)","ne_NP":"nepalais (Nepal)","nb":"norvegais bokm\u00e5l","nb_NO":"norvegais bokm\u00e5l (Norvegia)","nb_SJ":"norvegais bokm\u00e5l (Svalbard e Jan Mayen)","no":"norvegiais","no_NO":"norvegiais (Norvegia)","nn":"norvegiais nynorsk","nn_NO":"norvegiais nynorsk (Norvegia)","nl":"ollandais","nl_AW":"ollandais (Aruba)","nl_BE":"ollandais (Belgia)","nl_NL":"ollandais (Pajais Bass)","nl_SR":"ollandais (Surinam)","or":"oriya","or_IN":"oriya (India)","om":"oromo","om_ET":"oromo (Etiopia)","om_KE":"oromo (Kenia)","os":"ossetic","os_GE":"ossetic (Georgia)","os_RU":"ossetic (Russia)","ps":"paschto","ps_AF":"paschto (Afghanistan)","fa":"persian","fa_AF":"persian (Afghanistan)","fa_IR":"persian (Iran)","pl":"polac","pl_PL":"polac (Pologna)","pt":"portugais","pt_AO":"portugais (Angola)","pt_BR":"portugais (Brasila)","pt_CV":"portugais (Cap Verd)","pt_GW":"portugais (Guinea-Bissau)","pt_MZ":"portugais (Mosambic)","pt_PT":"portugais (Portugal)","pt_MO":"portugais (Regiun d\u2019administraziun speziala Macao, China)","pt_ST":"portugais (S\u00e3o Tom\u00e9 e Principe)","pt_TL":"portugais (Timor da l\u2019Ost)","pa":"punjabi","pa_Arab_PK":"punjabi (arab, Pakistan)","pa_Arab":"punjabi (arab)","pa_Guru_IN":"punjabi (gurmukhi, India)","pa_Guru":"punjabi (gurmukhi)","pa_IN":"punjabi (India)","pa_PK":"punjabi (Pakistan)","qu":"quechua","qu_BO":"quechua (Bolivia)","qu_EC":"quechua (Ecuador)","qu_PE":"quechua (Peru)","rm":"rumantsch","rm_CH":"rumantsch (Svizra)","ro":"rumen","ro_MD":"rumen (Moldavia)","ro_RO":"rumen (Rumenia)","rn":"rundi","rn_BI":"rundi (Burundi)","ru":"russ","ru_BY":"russ (Bielorussia)","ru_KZ":"russ (Kasachstan)","ru_KG":"russ (Kirghisistan)","ru_MD":"russ (Moldavia)","ru_RU":"russ (Russia)","ru_UA":"russ (Ucraina)","se":"sami dal nord","se_FI":"sami dal nord (Finlanda)","se_NO":"sami dal nord (Norvegia)","se_SE":"sami dal nord (Svezia)","sg":"sango","sg_CF":"sango (Republica Centralafricana)","sr":"serb","sr_BA":"serb (Bosnia ed Erzegovina)","sr_Cyrl_BA":"serb (cirillic, Bosnia ed Erzegovina)","sr_Cyrl_ME":"serb (cirillic, Montenegro)","sr_Cyrl_RS":"serb (cirillic, Serbia)","sr_Cyrl":"serb (cirillic)","sr_Latn_BA":"serb (latin, Bosnia ed Erzegovina)","sr_Latn_ME":"serb (latin, Montenegro)","sr_Latn_RS":"serb (latin, Serbia)","sr_Latn":"serb (latin)","sr_ME":"serb (Montenegro)","sr_RS":"serb (Serbia)","sr_Cyrl_XK":"Serbian (Cyrillic, Kosovo)","sr_XK":"Serbian (Kosovo)","sr_Latn_XK":"Serbian (Latin, Kosovo)","sh":"serbo-croat","sh_BA":"serbo-croat (Bosnia ed Erzegovina)","sn":"shona","sn_ZW":"shona (Simbabwe)","ii":"sichuan yi","ii_CN":"sichuan yi (China)","si":"singalais","si_LK":"singalais (Sri Lanka)","sk":"slovac","sk_SK":"slovac (Slovachia)","sl":"sloven","sl_SI":"sloven (Slovenia)","so":"somali","so_DJ":"somali (Dschibuti)","so_ET":"somali (Etiopia)","so_KE":"somali (Kenia)","so_SO":"somali (Somalia)","es":"spagnol","es_AR":"spagnol (Argentinia)","es_BO":"spagnol (Bolivia)","es_CL":"spagnol (Chile)","es_CO":"spagnol (Columbia)","es_CR":"spagnol (Costa Rica)","es_CU":"spagnol (Cuba)","es_EC":"spagnol (Ecuador)","es_SV":"spagnol (El Salvador)","es_PH":"spagnol (Filippinas)","es_GT":"spagnol (Guatemala)","es_GQ":"spagnol (Guinea Equatoriala)","es_HN":"spagnol (Honduras)","es_MX":"spagnol (Mexico)","es_NI":"spagnol (Nicaragua)","es_PA":"spagnol (Panama)","es_PY":"spagnol (Paraguai)","es_PE":"spagnol (Peru)","es_PR":"spagnol (Puerto Rico)","es_DO":"spagnol (Republica Dominicana)","es_ES":"spagnol (Spagna)","es_US":"spagnol (Stadis Unids da l\u2019America)","es_UY":"spagnol (Uruguay)","es_VE":"spagnol (Venezuela)","es_IC":"Spanish (Canary Islands)","es_EA":"Spanish (Ceuta & Melilla)","sw":"suahili","sw_KE":"suahili (Kenia)","sw_TZ":"suahili (Tansania)","sw_UG":"suahili (Uganda)","sv":"svedais","sv_FI":"svedais (Finlanda)","sv_AX":"svedais (Inslas Aland)","sv_SE":"svedais (Svezia)","tl":"tagalog","tl_PH":"tagalog (Filippinas)","th":"tailandais","th_TH":"tailandais (Tailanda)","it":"talian","it_IT":"talian (Italia)","it_SM":"talian (San Marino)","it_CH":"talian (Svizra)","ta":"tamil","ta_IN":"tamil (India)","ta_MY":"tamil (Malaisia)","ta_SG":"tamil (Singapur)","ta_LK":"tamil (Sri Lanka)","te":"telugu","te_IN":"telugu (India)","bo":"tibetan","bo_CN":"tibetan (China)","bo_IN":"tibetan (India)","ti":"tigrinya","ti_ER":"tigrinya (Eritrea)","ti_ET":"tigrinya (Etiopia)","tr":"tirc","tr_CY":"tirc (Cipra)","tr_TR":"tirc (Tirchia)","to":"tonga","to_TO":"tonga (Tonga)","cs":"tschec","cs_CZ":"tschec (Republica Tscheca)","de":"tudestg","de_AT":"tudestg (Austria)","de_BE":"tudestg (Belgia)","de_DE":"tudestg (Germania)","de_LI":"tudestg (Liechtenstein)","de_LU":"tudestg (Luxemburg)","de_CH":"tudestg (Svizra)","uk":"ucranais","uk_UA":"ucranais (Ucraina)","ug":"uiguric","ug_Arab_CN":"uiguric (arab, China)","ug_Arab":"uiguric (arab)","ug_CN":"uiguric (China)","hu":"ungarais","hu_HU":"ungarais (Ungaria)","ur":"urdu","ur_IN":"urdu (India)","ur_PK":"urdu (Pakistan)","uz":"usbec","uz_AF":"usbec (Afghanistan)","uz_Arab_AF":"usbec (arab, Afghanistan)","uz_Arab":"usbec (arab)","uz_Cyrl_UZ":"usbec (cirillic, Usbekistan)","uz_Cyrl":"usbec (cirillic)","uz_Latn_UZ":"usbec (latin, Usbekistan)","uz_Latn":"usbec (latin)","uz_UZ":"usbec (Usbekistan)","vi":"vietnamais","vi_VN":"vietnamais (Vietnam)","yo":"yoruba","yo_BJ":"yoruba (Benin)","yo_NG":"yoruba (Nigeria)","zu":"zulu","zu_ZA":"zulu (Africa dal Sid)"}