{"af":"Afrikaans","af_NA":"Afrikaans (Namibia)","af_ZA":"Afrikaans (South Africa)","sq":"Albanian","sq_AL":"Albanian (Albania)","sq_XK":"Albanian (Kosovo)","sq_MK":"Albanian (Macedonia)","ar_SS":"Arabic (South Sudan)","ar_EH":"Arabic (Western Sahara)","hy":"Armenian","hy_AM":"Armenian (Armenia)","as":"Assamese","as_IN":"Assamese (India)","az":"Azerbaijani","az_AZ":"Azerbaijani (Azerbaijan)","az_Cyrl_AZ":"Azerbaijani (Cyrillic, Azerbaijan)","az_Cyrl":"Azerbaijani (Cyrillic)","az_Latn_AZ":"Azerbaijani (Latin, Azerbaijan)","az_Latn":"Azerbaijani (Latin)","bm":"Bambara","bm_Latn_ML":"Bambara (Latin, Mali)","bm_Latn":"Bambara (Latin)","eu":"Basque","eu_ES":"Basque (Spain)","bs":"Bosnian","bs_BA":"Bosnian (Bosnia & Herzegovina)","bs_Cyrl_BA":"Bosnian (Cyrillic, Bosnia & Herzegovina)","bs_Cyrl":"Bosnian (Cyrillic)","bs_Latn_BA":"Bosnian (Latin, Bosnia & Herzegovina)","bs_Latn":"Bosnian (Latin)","br":"Breton","br_FR":"Breton (France)","ca":"Catalan","ca_AD":"Catalan (Andorra)","ca_FR":"Catalan (France)","ca_IT":"Catalan (Italy)","ca_ES":"Catalan (Spain)","zh_HK":"Chinese (Hong Kong SAR China)","zh_MO":"Chinese (Macau SAR China)","zh_Hans_CN":"Chinese (Simplified, China)","zh_Hans_HK":"Chinese (Simplified, Hong Kong SAR China)","zh_Hans_MO":"Chinese (Simplified, Macau SAR China)","zh_Hans_SG":"Chinese (Simplified, Singapore)","zh_Hans":"Chinese (Simplified)","zh_Hant_HK":"Chinese (Traditional, Hong Kong SAR China)","zh_Hant_MO":"Chinese (Traditional, Macau SAR China)","zh_Hant_TW":"Chinese (Traditional, Taiwan)","zh_Hant":"Chinese (Traditional)","kw":"Cornish","kw_GB":"Cornish (United Kingdom)","hr":"Croatian","hr_BA":"Croatian (Bosnia & Herzegovina)","hr_HR":"Croatian (Croatia)","da":"Danish","da_DK":"Danish (Denmark)","da_GL":"Danish (Greenland)","nl_BQ":"Dutch (Caribbean Netherlands)","nl_CW":"Dutch (Cura\u00e7ao)","nl_SX":"Dutch (Sint Maarten)","dz":"Dzongkha","dz_BT":"Dzongkha (Bhutan)","en_CX":"English (Christmas Island)","en_CC":"English (Cocos (Keeling) Islands)","en_DG":"English (Diego Garcia)","en_GG":"English (Guernsey)","en_HK":"English (Hong Kong SAR China)","en_IM":"English (Isle of Man)","en_JE":"English (Jersey)","en_MO":"English (Macau SAR China)","en_SX":"English (Sint Maarten)","en_SS":"English (South Sudan)","en_UM":"English (U.S. Outlying Islands)","eo":"Esperanto","et":"Estonian","et_EE":"Estonian (Estonia)","ee":"Ewe","ee_GH":"Ewe (Ghana)","ee_TG":"Ewe (Togo)","fo":"Faroese","fo_FO":"Faroese (Faroe Islands)","fi":"Finnish","fi_FI":"Finnish (Finland)","fr_BL":"French (St. Barth\u00e9lemy)","fr_MF":"French (St. Martin)","ff":"Fulah","ff_CM":"Fulah (Cameroon)","ff_GN":"Fulah (Guinea)","ff_MR":"Fulah (Mauritania)","ff_SN":"Fulah (Senegal)","gl":"Galician","gl_ES":"Galician (Spain)","lg":"Ganda","lg_UG":"Ganda (Uganda)","ka":"Georgian","ka_GE":"Georgian (Georgia)","gu":"Gujarati","gu_IN":"Gujarati (India)","ha_Latn_GH":"Hausa (Latin, Ghana)","ha_Latn_NE":"Hausa (Latin, Niger)","ha_Latn_NG":"Hausa (Latin, Nigeria)","ha_Latn":"Hausa (Latin)","he":"Hebrew","he_IL":"Hebrew (Israel)","ar":"Icarabu","ar_DZ":"Icarabu (Alijeriya)","ar_SA":"Icarabu (Arabiya Sawudite)","ar_BH":"Icarabu (Bahareyini)","ar_TD":"Icarabu (Cadi)","ar_ER":"Icarabu (Elitereya)","ar_IQ":"Icarabu (Iraki)","ar_IL":"Icarabu (Isiraheli)","ar_KM":"Icarabu (Izinga rya Komore)","ar_DJ":"Icarabu (Jibuti)","ar_QA":"Icarabu (Katari)","ar_KW":"Icarabu (Koweti)","ar_AE":"Icarabu (Leta Zunze Ubumwe z\u2019Abarabu)","ar_LB":"Icarabu (Libani)","ar_LY":"Icarabu (Libiya)","ar_MA":"Icarabu (Maroke)","ar_EG":"Icarabu (Misiri)","ar_MR":"Icarabu (Moritaniya)","ar_OM":"Icarabu (Omani)","ar_PS":"Icarabu (Palesitina Wesitibanka na Gaza)","ar_SY":"Icarabu (Siriya)","ar_SO":"Icarabu (Somaliya)","ar_SD":"Icarabu (Sudani)","ar_TN":"Icarabu (Tuniziya)","ar_YE":"Icarabu (Yemeni)","ar_JO":"Icarabu (Yorudaniya)","is":"Icelandic","is_IS":"Icelandic (Iceland)","es":"Icesipanyolo","es_PH":"Icesipanyolo (Amazinga ya Filipine)","es_AR":"Icesipanyolo (Arijantine)","es_BO":"Icesipanyolo (Boliviya)","es_EC":"Icesipanyolo (Ekwateri)","es_SV":"Icesipanyolo (Eli Saluvatori)","es_GQ":"Icesipanyolo (Gineya Ekwatoriyali)","es_GT":"Icesipanyolo (Gwatemala)","es_ES":"Icesipanyolo (Hisipaniya)","es_HN":"Icesipanyolo (Hondurasi)","es_UY":"Icesipanyolo (Irigwe)","es_CU":"Icesipanyolo (Kiba)","es_CO":"Icesipanyolo (Kolombiya)","es_CR":"Icesipanyolo (Kositarika)","es_US":"Icesipanyolo (Leta Zunze Ubumwe za Amerika)","es_MX":"Icesipanyolo (Migizike)","es_NI":"Icesipanyolo (Nikaragwa)","es_PA":"Icesipanyolo (Panama)","es_PY":"Icesipanyolo (Paragwe)","es_PE":"Icesipanyolo (Peru)","es_PR":"Icesipanyolo (Puwetoriko)","es_DO":"Icesipanyolo (Repubulika ya Dominika)","es_CL":"Icesipanyolo (Shili)","es_VE":"Icesipanyolo (Venezuwela)","en":"Icongereza","en_ZA":"Icongereza (Afurika y\u2019Epfo)","en_VI":"Icongereza (Amazinga y\u2019Isugi y\u2019Abanyamerika)","en_PH":"Icongereza (Amazinga ya Filipine)","en_MP":"Icongereza (Amazinga ya Mariyana ryo mu majaruguru)","en_SB":"Icongereza (Amazinga ya Salumoni)","en_SC":"Icongereza (Amazinga ya Seyisheli)","en_TC":"Icongereza (Amazinga ya Turkisi na Cayikosi)","en_AI":"Icongereza (Angwila)","en_AG":"Icongereza (Antigwa na Baribuda)","en_BS":"Icongereza (Bahamasi)","en_BB":"Icongereza (Barubadosi)","en_BZ":"Icongereza (Belize)","en_BM":"Icongereza (Berimuda)","en_BW":"Icongereza (Botswana)","en_DM":"Icongereza (Dominika)","en_ER":"Icongereza (Elitereya)","en_FJ":"Icongereza (Fiji)","en_GM":"Icongereza (Gambiya)","en_GH":"Icongereza (Gana)","en_GD":"Icongereza (Gerenada)","en_GY":"Icongereza (Guyane)","en_GU":"Icongereza (Gwamu)","en_VG":"Icongereza (Ibirwa by\u2019isugi by\u2019Abongereza)","en_KY":"Icongereza (Ibirwa bya Keyimani)","en_IO":"Icongereza (Intara y\u2019Ubwongereza yo mu birwa by\u2019Abahindi)","en_IE":"Icongereza (Irilandi)","en_FK":"Icongereza (Izinga rya Filikilandi)","en_CK":"Icongereza (Izinga rya Kuku)","en_MH":"Icongereza (Izinga rya Marishari)","en_MU":"Icongereza (Izinga rya Morise)","en_NF":"Icongereza (izinga rya Norufoluke)","en_JM":"Icongereza (Jamayika)","en_GI":"Icongereza (Juburalitari)","en_CM":"Icongereza (Kameruni)","en_CA":"Icongereza (Kanada)","en_KE":"Icongereza (Kenya)","en_KI":"Icongereza (Kiribati)","en_LS":"Icongereza (Lesoto)","en_US":"Icongereza (Leta Zunze Ubumwe za Amerika)","en_LR":"Icongereza (Liberiya)","en_MG":"Icongereza (Madagasikari)","en_MW":"Icongereza (Malawi)","en_MY":"Icongereza (Maleziya)","en_MT":"Icongereza (Malita)","en_FM":"Icongereza (Mikoroniziya)","en_MS":"Icongereza (Monteserati)","en_NA":"Icongereza (Namibiya)","en_NR":"Icongereza (Nawuru)","en_NG":"Icongereza (Nijeriya)","en_NU":"Icongereza (Niyuwe)","en_NZ":"Icongereza (Nuvelizelandi)","en_AU":"Icongereza (Ositaraliya)","en_PK":"Icongereza (Pakisitani)","en_PW":"Icongereza (Palawu)","en_PG":"Icongereza (Papuwa Niyugineya)","en_PN":"Icongereza (Pitikeyirini)","en_PR":"Icongereza (Puwetoriko)","en_AS":"Icongereza (Samowa nyamerika)","en_WS":"Icongereza (Samowa)","en_SH":"Icongereza (Sehelene)","en_KN":"Icongereza (Sekitsi na Nevisi)","en_LC":"Icongereza (Selusiya)","en_VC":"Icongereza (Sevensa na Gerenadine)","en_SG":"Icongereza (Singapuru)","en_SL":"Icongereza (Siyeralewone)","en_SD":"Icongereza (Sudani)","en_SZ":"Icongereza (Suwazilandi)","en_TZ":"Icongereza (Tanzaniya)","en_TT":"Icongereza (Tirinidadi na Tobago)","en_TK":"Icongereza (Tokelawu)","en_TO":"Icongereza (Tonga)","en_TV":"Icongereza (Tuvalu)","en_RW":"Icongereza (u Rwanda)","en_BE":"Icongereza (Ububiligi)","en_UG":"Icongereza (Ubugande)","en_IN":"Icongereza (Ubuhindi)","en_GB":"Icongereza (Ubwongereza)","en_VU":"Icongereza (Vanuwatu)","en_ZM":"Icongereza (Zambiya)","en_ZW":"Icongereza (Zimbabwe)","cs":"Igiceke","cs_CZ":"Igiceke (Repubulika ya Ceke)","fr":"Igifaransa","fr_DZ":"Igifaransa (Alijeriya)","fr_RE":"Igifaransa (Amazinga ya Reyiniyo)","fr_SC":"Igifaransa (Amazinga ya Seyisheli)","fr_BJ":"Igifaransa (Bene)","fr_BF":"Igifaransa (Burukina Faso)","fr_TD":"Igifaransa (Cadi)","fr_GA":"Igifaransa (Gabo)","fr_GQ":"Igifaransa (Gineya Ekwatoriyali)","fr_GN":"Igifaransa (Guneya)","fr_GP":"Igifaransa (Gwadelupe)","fr_GF":"Igifaransa (Gwayana y\u2019Abafaransa)","fr_HT":"Igifaransa (Hayiti)","fr_KM":"Igifaransa (Izinga rya Komore)","fr_MU":"Igifaransa (Izinga rya Morise)","fr_DJ":"Igifaransa (Jibuti)","fr_CM":"Igifaransa (Kameruni)","fr_CA":"Igifaransa (Kanada)","fr_CG":"Igifaransa (Kongo)","fr_CI":"Igifaransa (Kotedivuware)","fr_LU":"Igifaransa (Lukusamburu)","fr_MG":"Igifaransa (Madagasikari)","fr_ML":"Igifaransa (Mali)","fr_MQ":"Igifaransa (Maritiniki)","fr_MA":"Igifaransa (Maroke)","fr_YT":"Igifaransa (Mayote)","fr_MC":"Igifaransa (Monako)","fr_MR":"Igifaransa (Moritaniya)","fr_NE":"Igifaransa (Nijeri)","fr_NC":"Igifaransa (Niyukaledoniya)","fr_PF":"Igifaransa (Polineziya y\u2019Abafaransa)","fr_CD":"Igifaransa (Repubulika Iharanira Demokarasi ya Kongo)","fr_CF":"Igifaransa (Repubulika ya Santarafurika)","fr_PM":"Igifaransa (Sempiyeri na Mikeloni)","fr_SN":"Igifaransa (Senegali)","fr_SY":"Igifaransa (Siriya)","fr_TG":"Igifaransa (Togo)","fr_TN":"Igifaransa (Tuniziya)","fr_RW":"Igifaransa (u Rwanda)","fr_BE":"Igifaransa (Ububiligi)","fr_FR":"Igifaransa (Ubufaransa)","fr_BI":"Igifaransa (Uburundi)","fr_CH":"Igifaransa (Ubusuwisi)","fr_VU":"Igifaransa (Vanuwatu)","fr_WF":"Igifaransa (Walisi na Futuna)","ha":"Igihawusa","ha_GH":"Igihawusa (Gana)","ha_NE":"Igihawusa (Nijeri)","ha_NG":"Igihawusa (Nijeriya)","hi":"Igihindi","hi_IN":"Igihindi (Ubuhindi)","nl":"Igiholandi","nl_AW":"Igiholandi (Aruba)","nl_SR":"Igiholandi (Suriname)","nl_BE":"Igiholandi (Ububiligi)","nl_NL":"Igiholandi (Ubuholandi)","km":"Igikambodiya","km_KH":"Igikambodiya (Kamboje)","ak":"Igikani","ak_GH":"Igikani (Gana)","fa":"Igiperisi","fa_AF":"Igiperisi (Afuganisitani)","fa_IR":"Igiperisi (Irani)","pt":"Igiporutugari","pt_AO":"Igiporutugari (Angola)","pt_BR":"Igiporutugari (Burezili)","pt_GW":"Igiporutugari (Gineya Bisawu)","pt_CV":"Igiporutugari (Ibirwa bya Kapuveri)","pt_MZ":"Igiporutugari (Mozambiki)","pt_PT":"Igiporutugari (Porutugali)","pt_ST":"Igiporutugari (Sawotome na Perensipe)","pt_TL":"Igiporutugari (Timoru y\u2019iburasirazuba)","pa":"Igipunjabi","pa_PK":"Igipunjabi (Pakisitani)","pa_IN":"Igipunjabi (Ubuhindi)","zh":"Igishinwa","zh_SG":"Igishinwa (Singapuru)","zh_TW":"Igishinwa (Tayiwani)","zh_CN":"Igishinwa (Ubushinwa)","so":"Igisomali","so_ET":"Igisomali (Etiyopiya)","so_DJ":"Igisomali (Jibuti)","so_KE":"Igisomali (Kenya)","so_SO":"Igisomali (Somaliya)","sv":"Igisuweduwa","sv_FI":"Igisuweduwa (Finilandi)","sv_SE":"Igisuweduwa (Suwedi)","it":"Igitaliyani","it_SM":"Igitaliyani (Sanimarino)","it_CH":"Igitaliyani (Ubusuwisi)","it_IT":"Igitaliyani (Ubutaliyani)","ta":"Igitamili","ta_MY":"Igitamili (Maleziya)","ta_SG":"Igitamili (Singapuru)","ta_LK":"Igitamili (Sirilanka)","ta_IN":"Igitamili (Ubuhindi)","tr":"Igiturukiya","tr_CY":"Igiturukiya (Izinga rya Shipure)","tr_TR":"Igiturukiya (Turukiya)","be":"Ikibelarusiya","be_BY":"Ikibelarusiya (Belausi)","bn":"Ikibengali","bn_BD":"Ikibengali (Bangaladeshi)","bn_IN":"Ikibengali (Ubuhindi)","de":"Ikidage","de_LI":"Ikidage (Lishyitenshitayini)","de_LU":"Ikidage (Lukusamburu)","de_AT":"Ikidage (Otirishe)","de_BE":"Ikidage (Ububiligi)","de_DE":"Ikidage (Ubudage)","de_CH":"Ikidage (Ubusuwisi)","el":"Ikigereki","el_CY":"Ikigereki (Izinga rya Shipure)","el_GR":"Ikigereki (Ubugereki)","ig":"Ikigubo","ig_NG":"Ikigubo (Nijeriya)","am":"Ikimuhariki","am_ET":"Ikimuhariki (Etiyopiya)","ne":"Ikinepali","ne_NP":"Ikinepali (Nepali)","ne_IN":"Ikinepali (Ubuhindi)","my":"Ikinyabirimaniya","my_MM":"Ikinyabirimaniya (Birimaniya)","bg":"Ikinyabuligariya","bg_BG":"Ikinyabuligariya (Buligariya)","hu":"Ikinyahongiriya","hu_HU":"Ikinyahongiriya (Hungariya)","ko":"Ikinyakoreya","ko_KP":"Ikinyakoreya (Koreya y\u2019amajaruguru)","ko_KR":"Ikinyakoreya (Koreya y\u2019amajepfo)","ms":"Ikinyamaleziya","ms_BN":"Ikinyamaleziya (Buruneyi)","ms_MY":"Ikinyamaleziya (Maleziya)","ms_SG":"Ikinyamaleziya (Singapuru)","pl":"Ikinyapolonye","pl_PL":"Ikinyapolonye (Polonye)","ro":"Ikinyarumaniya","ro_MD":"Ikinyarumaniya (Moludavi)","ro_RO":"Ikinyarumaniya (Rumaniya)","rw":"Ikinyarwanda","rw_RW":"Ikinyarwanda (u Rwanda)","th":"Ikinyatayilandi","th_TH":"Ikinyatayilandi (Tayilandi)","vi":"Ikinyaviyetinamu","vi_VN":"Ikinyaviyetinamu (Viyetinamu)","uk":"Ikinyayukereni","uk_UA":"Ikinyayukereni (Ikerene)","id":"Ikinyendoziya","id_ID":"Ikinyendoziya (Indoneziya)","rn":"Ikirundi","rn_BI":"Ikirundi (Uburundi)","ru":"Ikirusiya","ru_BY":"Ikirusiya (Belausi)","ru_UA":"Ikirusiya (Ikerene)","ru_KZ":"Ikirusiya (Kazakisitani)","ru_KG":"Ikirusiya (Kirigisitani)","ru_MD":"Ikirusiya (Moludavi)","ru_RU":"Ikirusiya (Uburusiya)","ja":"Ikiyapani","ja_JP":"Ikiyapani (Ubuyapani)","yo":"Ikiyoruba","yo_BJ":"Ikiyoruba (Bene)","yo_NG":"Ikiyoruba (Nijeriya)","zu":"Ikizulu","zu_ZA":"Ikizulu (Afurika y\u2019Epfo)","ur":"Inyeyurudu","ur_PK":"Inyeyurudu (Pakisitani)","ur_IN":"Inyeyurudu (Ubuhindi)","ga":"Irish","ga_IE":"Irish (Ireland)","kl":"Kalaallisut","kl_GL":"Kalaallisut (Greenland)","kn":"Kannada","kn_IN":"Kannada (India)","ks":"Kashmiri","ks_Arab_IN":"Kashmiri (Arabic, India)","ks_Arab":"Kashmiri (Arabic)","ks_IN":"Kashmiri (India)","kk":"Kazakh","kk_Cyrl_KZ":"Kazakh (Cyrillic, Kazakhstan)","kk_Cyrl":"Kazakh (Cyrillic)","kk_KZ":"Kazakh (Kazakhstan)","ki":"Kikuyu","ki_KE":"Kikuyu (Kenya)","ky":"Kyrgyz","ky_Cyrl_KG":"Kyrgyz (Cyrillic, Kyrgyzstan)","ky_Cyrl":"Kyrgyz (Cyrillic)","ky_KG":"Kyrgyz (Kyrgyzstan)","lo":"Lao","lo_LA":"Lao (Laos)","lv":"Latvian","lv_LV":"Latvian (Latvia)","ln":"Lingala","ln_AO":"Lingala (Angola)","ln_CF":"Lingala (Central African Republic)","ln_CG":"Lingala (Congo - Brazzaville)","ln_CD":"Lingala (Congo - Kinshasa)","lt":"Lithuanian","lt_LT":"Lithuanian (Lithuania)","lu":"Luba-Katanga","lu_CD":"Luba-Katanga (Congo - Kinshasa)","lb":"Luxembourgish","lb_LU":"Luxembourgish (Luxembourg)","mk":"Macedonian","mk_MK":"Macedonian (Macedonia)","mg":"Malagasy","mg_MG":"Malagasy (Madagascar)","ms_Latn_BN":"Malay (Latin, Brunei)","ms_Latn_MY":"Malay (Latin, Malaysia)","ms_Latn_SG":"Malay (Latin, Singapore)","ms_Latn":"Malay (Latin)","ml":"Malayalam","ml_IN":"Malayalam (India)","mt":"Maltese","mt_MT":"Maltese (Malta)","gv":"Manx","gv_IM":"Manx (Isle of Man)","mr":"Marathi","mr_IN":"Marathi (India)","mn":"Mongolian","mn_Cyrl_MN":"Mongolian (Cyrillic, Mongolia)","mn_Cyrl":"Mongolian (Cyrillic)","mn_MN":"Mongolian (Mongolia)","nd":"North Ndebele","nd_ZW":"North Ndebele (Zimbabwe)","se":"Northern Sami","se_FI":"Northern Sami (Finland)","se_NO":"Northern Sami (Norway)","se_SE":"Northern Sami (Sweden)","no":"Norwegian","no_NO":"Norwegian (Norway)","nb":"Norwegian Bokm\u00e5l","nb_NO":"Norwegian Bokm\u00e5l (Norway)","nb_SJ":"Norwegian Bokm\u00e5l (Svalbard & Jan Mayen)","nn":"Norwegian Nynorsk","nn_NO":"Norwegian Nynorsk (Norway)","or":"Oriya","or_IN":"Oriya (India)","om":"Oromo","om_ET":"Oromo (Ethiopia)","om_KE":"Oromo (Kenya)","os":"Ossetic","os_GE":"Ossetic (Georgia)","os_RU":"Ossetic (Russia)","ps":"Pashto","ps_AF":"Pashto (Afghanistan)","pt_MO":"Portuguese (Macau SAR China)","pa_Arab_PK":"Punjabi (Arabic, Pakistan)","pa_Arab":"Punjabi (Arabic)","pa_Guru_IN":"Punjabi (Gurmukhi, India)","pa_Guru":"Punjabi (Gurmukhi)","qu":"Quechua","qu_BO":"Quechua (Bolivia)","qu_EC":"Quechua (Ecuador)","qu_PE":"Quechua (Peru)","rm":"Romansh","rm_CH":"Romansh (Switzerland)","sg":"Sango","sg_CF":"Sango (Central African Republic)","gd":"Scottish Gaelic","gd_GB":"Scottish Gaelic (United Kingdom)","sr":"Serbian","sr_BA":"Serbian (Bosnia & Herzegovina)","sr_Cyrl_BA":"Serbian (Cyrillic, Bosnia & Herzegovina)","sr_Cyrl_XK":"Serbian (Cyrillic, Kosovo)","sr_Cyrl_ME":"Serbian (Cyrillic, Montenegro)","sr_Cyrl_RS":"Serbian (Cyrillic, Serbia)","sr_Cyrl":"Serbian (Cyrillic)","sr_XK":"Serbian (Kosovo)","sr_Latn_BA":"Serbian (Latin, Bosnia & Herzegovina)","sr_Latn_XK":"Serbian (Latin, Kosovo)","sr_Latn_ME":"Serbian (Latin, Montenegro)","sr_Latn_RS":"Serbian (Latin, Serbia)","sr_Latn":"Serbian (Latin)","sr_ME":"Serbian (Montenegro)","sr_RS":"Serbian (Serbia)","sh":"Serbo-Croatian","sh_BA":"Serbo-Croatian (Bosnia & Herzegovina)","sn":"Shona","sn_ZW":"Shona (Zimbabwe)","ii":"Sichuan Yi","ii_CN":"Sichuan Yi (China)","si":"Sinhala","si_LK":"Sinhala (Sri Lanka)","sk":"Slovak","sk_SK":"Slovak (Slovakia)","sl":"Slovenian","sl_SI":"Slovenian (Slovenia)","es_IC":"Spanish (Canary Islands)","es_EA":"Spanish (Ceuta & Melilla)","sw":"Swahili","sw_KE":"Swahili (Kenya)","sw_TZ":"Swahili (Tanzania)","sw_UG":"Swahili (Uganda)","sv_AX":"Swedish (\u00c5land Islands)","tl":"Tagalog","tl_PH":"Tagalog (Philippines)","te":"Telugu","te_IN":"Telugu (India)","bo":"Tibetan","bo_CN":"Tibetan (China)","bo_IN":"Tibetan (India)","ti":"Tigrinya","ti_ER":"Tigrinya (Eritrea)","ti_ET":"Tigrinya (Ethiopia)","to":"Tongan","to_TO":"Tongan (Tonga)","ug":"Uyghur","ug_Arab_CN":"Uyghur (Arabic, China)","ug_Arab":"Uyghur (Arabic)","ug_CN":"Uyghur (China)","uz":"Uzbek","uz_AF":"Uzbek (Afghanistan)","uz_Arab_AF":"Uzbek (Arabic, Afghanistan)","uz_Arab":"Uzbek (Arabic)","uz_Cyrl_UZ":"Uzbek (Cyrillic, Uzbekistan)","uz_Cyrl":"Uzbek (Cyrillic)","uz_Latn_UZ":"Uzbek (Latin, Uzbekistan)","uz_Latn":"Uzbek (Latin)","uz_UZ":"Uzbek (Uzbekistan)","cy":"Welsh","cy_GB":"Welsh (United Kingdom)","fy":"Western Frisian","fy_NL":"Western Frisian (Netherlands)","yi":"Yiddish"}