{"af":"afrikaans","af_ZA":"afrikaans (Africa de Sud)","af_NA":"afrikaans (Namibia)","ak":"akan","ak_GH":"akan (Ghana)","sq":"albanez\u0103","sq_AL":"albanez\u0103 (Albania)","sq_XK":"albanez\u0103 (Kosovo)","sq_MK":"albanez\u0103 (Macedonia)","am":"amharic\u0103","am_ET":"amharic\u0103 (Etiopia)","ar":"arab\u0103","ar_DZ":"arab\u0103 (Algeria)","ar_SA":"arab\u0103 (Arabia Saudit\u0103)","ar_BH":"arab\u0103 (Bahrain)","ar_TD":"arab\u0103 (Ciad)","ar_KM":"arab\u0103 (Comore)","ar_DJ":"arab\u0103 (Djibouti)","ar_EG":"arab\u0103 (Egipt)","ar_AE":"arab\u0103 (Emiratele Arabe Unite)","ar_ER":"arab\u0103 (Eritreea)","ar_JO":"arab\u0103 (Iordania)","ar_IQ":"arab\u0103 (Irak)","ar_IL":"arab\u0103 (Israel)","ar_KW":"arab\u0103 (Kuweit)","ar_LB":"arab\u0103 (Liban)","ar_LY":"arab\u0103 (Libia)","ar_MA":"arab\u0103 (Maroc)","ar_MR":"arab\u0103 (Mauritania)","ar_OM":"arab\u0103 (Oman)","ar_QA":"arab\u0103 (Qatar)","ar_EH":"arab\u0103 (Sahara Occidental\u0103)","ar_SY":"arab\u0103 (Siria)","ar_SO":"arab\u0103 (Somalia)","ar_SD":"arab\u0103 (Sudan)","ar_SS":"arab\u0103 (Sudanul de Sud)","ar_PS":"arab\u0103 (Teritoriile Palestiniene)","ar_TN":"arab\u0103 (Tunisia)","ar_YE":"arab\u0103 (Yemen)","hy":"armean\u0103","hy_AM":"armean\u0103 (Armenia)","as":"asamez\u0103","as_IN":"asamez\u0103 (India)","az":"azer\u0103","az_AZ":"azer\u0103 (Azerbaidjan)","az_Cyrl_AZ":"azer\u0103 (chirilic\u0103, Azerbaidjan)","az_Cyrl":"azer\u0103 (chirilic\u0103)","az_Latn_AZ":"azer\u0103 (latin\u0103, Azerbaidjan)","az_Latn":"azer\u0103 (latin\u0103)","bm":"bambara","bm_Latn_ML":"bambara (latin\u0103, Mali)","bm_Latn":"bambara (latin\u0103)","eu":"basc\u0103","eu_ES":"basc\u0103 (Spania)","bn":"bengalez\u0103","bn_BD":"bengalez\u0103 (Bangladesh)","bn_IN":"bengalez\u0103 (India)","be":"bielorus\u0103","be_BY":"bielorus\u0103 (Belarus)","my":"birmanez\u0103","my_MM":"birmanez\u0103 (Myanmar (Birmania))","bs":"bosniac\u0103","bs_BA":"bosniac\u0103 (Bosnia \u0219i Her\u021begovina)","bs_Cyrl_BA":"bosniac\u0103 (chirilic\u0103, Bosnia \u0219i Her\u021begovina)","bs_Cyrl":"bosniac\u0103 (chirilic\u0103)","bs_Latn_BA":"bosniac\u0103 (latin\u0103, Bosnia \u0219i Her\u021begovina)","bs_Latn":"bosniac\u0103 (latin\u0103)","br":"breton\u0103","br_FR":"breton\u0103 (Fran\u021ba)","bg":"bulgar\u0103","bg_BG":"bulgar\u0103 (Bulgaria)","ks":"ca\u0219mir\u0103","ks_Arab_IN":"ca\u0219mir\u0103 (arab\u0103, India)","ks_Arab":"ca\u0219mir\u0103 (arab\u0103)","ks_IN":"ca\u0219mir\u0103 (India)","ca":"catalan\u0103","ca_AD":"catalan\u0103 (Andorra)","ca_FR":"catalan\u0103 (Fran\u021ba)","ca_IT":"catalan\u0103 (Italia)","ca_ES":"catalan\u0103 (Spania)","cs":"ceh\u0103","cs_CZ":"ceh\u0103 (Republica Ceh\u0103)","zh":"chinez\u0103","zh_CN":"chinez\u0103 (China)","zh_HK":"chinez\u0103 (R.A.S. Hong Kong a Chinei)","zh_MO":"chinez\u0103 (R.A.S. Macao a Chinei)","zh_Hans_CN":"chinez\u0103 (simplificat\u0103, China)","zh_Hans_HK":"chinez\u0103 (simplificat\u0103, R.A.S. Hong Kong a Chinei)","zh_Hans_MO":"chinez\u0103 (simplificat\u0103, R.A.S. Macao a Chinei)","zh_Hans_SG":"chinez\u0103 (simplificat\u0103, Singapore)","zh_Hans":"chinez\u0103 (simplificat\u0103)","zh_SG":"chinez\u0103 (Singapore)","zh_TW":"chinez\u0103 (Taiwan)","zh_Hant_HK":"chinez\u0103 (tradi\u021bional\u0103, R.A.S. Hong Kong a Chinei)","zh_Hant_MO":"chinez\u0103 (tradi\u021bional\u0103, R.A.S. Macao a Chinei)","zh_Hant_TW":"chinez\u0103 (tradi\u021bional\u0103, Taiwan)","zh_Hant":"chinez\u0103 (tradi\u021bional\u0103)","ko":"coreean\u0103","ko_KP":"coreean\u0103 (Coreea de Nord)","ko_KR":"coreean\u0103 (Coreea de Sud)","kw":"cornic\u0103","kw_GB":"cornic\u0103 (Regatul Unit)","hr":"croat\u0103","hr_BA":"croat\u0103 (Bosnia \u0219i Her\u021begovina)","hr_HR":"croat\u0103 (Croa\u021bia)","da":"danez\u0103","da_DK":"danez\u0103 (Danemarca)","da_GL":"danez\u0103 (Groenlanda)","dz":"dzongkha","dz_BT":"dzongkha (Bhutan)","he":"ebraic\u0103","he_IL":"ebraic\u0103 (Israel)","en":"englez\u0103","en_ZA":"englez\u0103 (Africa de Sud)","en_AI":"englez\u0103 (Anguilla)","en_AG":"englez\u0103 (Antigua \u0219i Barbuda)","en_AU":"englez\u0103 (Australia)","en_BS":"englez\u0103 (Bahamas)","en_BB":"englez\u0103 (Barbados)","en_BE":"englez\u0103 (Belgia)","en_BZ":"englez\u0103 (Belize)","en_BM":"englez\u0103 (Bermuda)","en_BW":"englez\u0103 (Botswana)","en_CM":"englez\u0103 (Camerun)","en_CA":"englez\u0103 (Canada)","en_DG":"englez\u0103 (Diego Garcia)","en_DM":"englez\u0103 (Dominica)","en_ER":"englez\u0103 (Eritreea)","en_FJ":"englez\u0103 (Fiji)","en_PH":"englez\u0103 (Filipine)","en_GM":"englez\u0103 (Gambia)","en_GH":"englez\u0103 (Ghana)","en_GI":"englez\u0103 (Gibraltar)","en_GD":"englez\u0103 (Grenada)","en_GU":"englez\u0103 (Guam)","en_GG":"englez\u0103 (Guernsey)","en_GY":"englez\u0103 (Guyana)","en_IN":"englez\u0103 (India)","en_CX":"englez\u0103 (Insula Christmas)","en_IM":"englez\u0103 (Insula Man)","en_KY":"englez\u0103 (Insulele Cayman)","en_CC":"englez\u0103 (Insulele Cocos (Keeling))","en_CK":"englez\u0103 (Insulele Cook)","en_FK":"englez\u0103 (Insulele Falkland)","en_UM":"englez\u0103 (Insulele \u00cendep\u0103rtate ale S.U.A.)","en_MP":"englez\u0103 (Insulele Mariane de Nord)","en_MH":"englez\u0103 (Insulele Marshall)","en_NF":"englez\u0103 (Insulele Norfolk)","en_PN":"englez\u0103 (Insulele Pitcairn)","en_SB":"englez\u0103 (Insulele Solomon)","en_TC":"englez\u0103 (Insulele Turks \u0219i Caicos)","en_VG":"englez\u0103 (Insulele Virgine Britanice)","en_VI":"englez\u0103 (Insulele Virgine S.U.A.)","en_IE":"englez\u0103 (Irlanda)","en_JM":"englez\u0103 (Jamaica)","en_JE":"englez\u0103 (Jersey)","en_KE":"englez\u0103 (Kenya)","en_KI":"englez\u0103 (Kiribati)","en_LS":"englez\u0103 (Lesotho)","en_LR":"englez\u0103 (Liberia)","en_MG":"englez\u0103 (Madagascar)","en_MY":"englez\u0103 (Malaezia)","en_MW":"englez\u0103 (Malawi)","en_MT":"englez\u0103 (Malta)","en_MU":"englez\u0103 (Mauritius)","en_FM":"englez\u0103 (Micronezia)","en_MS":"englez\u0103 (Montserrat)","en_NA":"englez\u0103 (Namibia)","en_NR":"englez\u0103 (Nauru)","en_NG":"englez\u0103 (Nigeria)","en_NU":"englez\u0103 (Niue)","en_NZ":"englez\u0103 (Noua Zeeland\u0103)","en_PK":"englez\u0103 (Pakistan)","en_PW":"englez\u0103 (Palau)","en_PG":"englez\u0103 (Papua-Noua Guinee)","en_PR":"englez\u0103 (Puerto Rico)","en_HK":"englez\u0103 (R.A.S. Hong Kong a Chinei)","en_MO":"englez\u0103 (R.A.S. Macao a Chinei)","en_GB":"englez\u0103 (Regatul Unit)","en_RW":"englez\u0103 (Rwanda)","en_KN":"englez\u0103 (Saint Kitts \u0219i Nevis)","en_VC":"englez\u0103 (Saint Vincent \u0219i Grenadine)","en_AS":"englez\u0103 (Samoa American\u0103)","en_WS":"englez\u0103 (Samoa)","en_SC":"englez\u0103 (Seychelles)","en_SH":"englez\u0103 (Sf\u00e2nta Elena)","en_LC":"englez\u0103 (Sf\u00e2nta Lucia)","en_SL":"englez\u0103 (Sierra Leone)","en_SG":"englez\u0103 (Singapore)","en_SX":"englez\u0103 (Sint-Maarten)","en_US":"englez\u0103 (Statele Unite ale Americii)","en_SD":"englez\u0103 (Sudan)","en_SS":"englez\u0103 (Sudanul de Sud)","en_SZ":"englez\u0103 (Swaziland)","en_TZ":"englez\u0103 (Tanzania)","en_IO":"englez\u0103 (Teritoriul Britanic din Oceanul Indian)","en_TK":"englez\u0103 (Tokelau)","en_TO":"englez\u0103 (Tonga)","en_TT":"englez\u0103 (Trinidad \u0219i Tobago)","en_TV":"englez\u0103 (Tuvalu)","en_UG":"englez\u0103 (Uganda)","en_VU":"englez\u0103 (Vanuatu)","en_ZM":"englez\u0103 (Zambia)","en_ZW":"englez\u0103 (Zimbabwe)","eo":"esperanto","et":"estonian\u0103","et_EE":"estonian\u0103 (Estonia)","ee":"ewe","ee_GH":"ewe (Ghana)","ee_TG":"ewe (Togo)","fo":"faroez\u0103","fo_FO":"faroez\u0103 (Insulele Feroe)","fi":"finlandez\u0103","fi_FI":"finlandez\u0103 (Finlanda)","fr":"francez\u0103","fr_DZ":"francez\u0103 (Algeria)","fr_BE":"francez\u0103 (Belgia)","fr_BJ":"francez\u0103 (Benin)","fr_BF":"francez\u0103 (Burkina Faso)","fr_BI":"francez\u0103 (Burundi)","fr_CM":"francez\u0103 (Camerun)","fr_CA":"francez\u0103 (Canada)","fr_TD":"francez\u0103 (Ciad)","fr_KM":"francez\u0103 (Comore)","fr_CG":"francez\u0103 (Congo - Brazzaville)","fr_CD":"francez\u0103 (Congo - Kinshasa)","fr_CI":"francez\u0103 (C\u00f4te d\u2019Ivoire)","fr_DJ":"francez\u0103 (Djibouti)","fr_CH":"francez\u0103 (Elve\u021bia)","fr_FR":"francez\u0103 (Fran\u021ba)","fr_GA":"francez\u0103 (Gabon)","fr_GP":"francez\u0103 (Guadelupa)","fr_GQ":"francez\u0103 (Guineea Ecuatorial\u0103)","fr_GN":"francez\u0103 (Guineea)","fr_GF":"francez\u0103 (Guyana Francez\u0103)","fr_HT":"francez\u0103 (Haiti)","fr_LU":"francez\u0103 (Luxemburg)","fr_MG":"francez\u0103 (Madagascar)","fr_ML":"francez\u0103 (Mali)","fr_MA":"francez\u0103 (Maroc)","fr_MQ":"francez\u0103 (Martinica)","fr_MR":"francez\u0103 (Mauritania)","fr_MU":"francez\u0103 (Mauritius)","fr_YT":"francez\u0103 (Mayotte)","fr_MC":"francez\u0103 (Monaco)","fr_NE":"francez\u0103 (Niger)","fr_NC":"francez\u0103 (Noua Caledonie)","fr_PF":"francez\u0103 (Polinezia Francez\u0103)","fr_CF":"francez\u0103 (Republica Centrafrican\u0103)","fr_RE":"francez\u0103 (R\u00e9union)","fr_RW":"francez\u0103 (Rwanda)","fr_PM":"francez\u0103 (Saint-Pierre \u0219i Miquelon)","fr_SN":"francez\u0103 (Senegal)","fr_SC":"francez\u0103 (Seychelles)","fr_BL":"francez\u0103 (Sf\u00e2ntul Bartolomeu)","fr_MF":"francez\u0103 (Sf\u00e2ntul Martin)","fr_SY":"francez\u0103 (Siria)","fr_TG":"francez\u0103 (Togo)","fr_TN":"francez\u0103 (Tunisia)","fr_VU":"francez\u0103 (Vanuatu)","fr_WF":"francez\u0103 (Wallis \u0219i Futuna)","fy":"frizon\u0103 occidental\u0103","fy_NL":"frizon\u0103 occidental\u0103 (\u021a\u0103rile de Jos)","ff":"fulah","ff_CM":"fulah (Camerun)","ff_GN":"fulah (Guineea)","ff_MR":"fulah (Mauritania)","ff_SN":"fulah (Senegal)","gd":"gaelic\u0103 sco\u021bian\u0103","gd_GB":"gaelic\u0103 sco\u021bian\u0103 (Regatul Unit)","cy":"galez\u0103","cy_GB":"galez\u0103 (Regatul Unit)","gl":"galician\u0103","gl_ES":"galician\u0103 (Spania)","lg":"ganda","lg_UG":"ganda (Uganda)","ka":"georgian\u0103","ka_GE":"georgian\u0103 (Georgia)","de":"german\u0103","de_AT":"german\u0103 (Austria)","de_BE":"german\u0103 (Belgia)","de_CH":"german\u0103 (Elve\u021bia)","de_DE":"german\u0103 (Germania)","de_LI":"german\u0103 (Liechtenstein)","de_LU":"german\u0103 (Luxemburg)","el":"greac\u0103","el_CY":"greac\u0103 (Cipru)","el_GR":"greac\u0103 (Grecia)","gu":"gujarati","gu_IN":"gujarati (India)","ha":"hausa","ha_GH":"hausa (Ghana)","ha_Latn_GH":"hausa (latin\u0103, Ghana)","ha_Latn_NE":"hausa (latin\u0103, Niger)","ha_Latn_NG":"hausa (latin\u0103, Nigeria)","ha_Latn":"hausa (latin\u0103)","ha_NE":"hausa (Niger)","ha_NG":"hausa (Nigeria)","hi":"hindi","hi_IN":"hindi (India)","yi":"idi\u0219","ig":"igbo","ig_NG":"igbo (Nigeria)","id":"indonezian\u0103","id_ID":"indonezian\u0103 (Indonezia)","ga":"irlandez\u0103","ga_IE":"irlandez\u0103 (Irlanda)","is":"islandez\u0103","is_IS":"islandez\u0103 (Islanda)","it":"italian\u0103","it_CH":"italian\u0103 (Elve\u021bia)","it_IT":"italian\u0103 (Italia)","it_SM":"italian\u0103 (San Marino)","ja":"japonez\u0103","ja_JP":"japonez\u0103 (Japonia)","kl":"kalaallisut","kl_GL":"kalaallisut (Groenlanda)","kn":"kannada","kn_IN":"kannada (India)","kk":"kazah\u0103","kk_Cyrl_KZ":"kazah\u0103 (chirilic\u0103, Kazahstan)","kk_Cyrl":"kazah\u0103 (chirilic\u0103)","kk_KZ":"kazah\u0103 (Kazahstan)","ky":"k\u00e2rg\u00e2z\u0103","ky_Cyrl_KG":"k\u00e2rg\u00e2z\u0103 (chirilic\u0103, K\u00e2rg\u00e2zstan)","ky_Cyrl":"k\u00e2rg\u00e2z\u0103 (chirilic\u0103)","ky_KG":"k\u00e2rg\u00e2z\u0103 (K\u00e2rg\u00e2zstan)","km":"khmer\u0103","km_KH":"khmer\u0103 (Cambodgia)","ki":"kikuyu","ki_KE":"kikuyu (Kenya)","rw":"kinyarwanda","rw_RW":"kinyarwanda (Rwanda)","rn":"kirundi","rn_BI":"kirundi (Burundi)","lo":"lao\u021bian\u0103","lo_LA":"lao\u021bian\u0103 (Laos)","lv":"leton\u0103","lv_LV":"leton\u0103 (Letonia)","ln":"lingala","ln_AO":"lingala (Angola)","ln_CG":"lingala (Congo - Brazzaville)","ln_CD":"lingala (Congo - Kinshasa)","ln_CF":"lingala (Republica Centrafrican\u0103)","lt":"lituanian\u0103","lt_LT":"lituanian\u0103 (Lituania)","lu":"luba-katanga","lu_CD":"luba-katanga (Congo - Kinshasa)","lb":"luxemburghez\u0103","lb_LU":"luxemburghez\u0103 (Luxemburg)","mk":"macedonean\u0103","mk_MK":"macedonean\u0103 (Macedonia)","hu":"maghiar\u0103","hu_HU":"maghiar\u0103 (Ungaria)","ms":"malaez\u0103","ms_BN":"malaez\u0103 (Brunei)","ms_Latn_BN":"malaez\u0103 (latin\u0103, Brunei)","ms_Latn_MY":"malaez\u0103 (latin\u0103, Malaezia)","ms_Latn_SG":"malaez\u0103 (latin\u0103, Singapore)","ms_Latn":"malaez\u0103 (latin\u0103)","ms_MY":"malaez\u0103 (Malaezia)","ms_SG":"malaez\u0103 (Singapore)","ml":"malayalam","ml_IN":"malayalam (India)","mg":"malga\u0219\u0103","mg_MG":"malga\u0219\u0103 (Madagascar)","mt":"maltez\u0103","mt_MT":"maltez\u0103 (Malta)","gv":"manx","gv_IM":"manx (Insula Man)","mr":"marathi","mr_IN":"marathi (India)","mn":"mongol\u0103","mn_Cyrl_MN":"mongol\u0103 (chirilic\u0103, Mongolia)","mn_Cyrl":"mongol\u0103 (chirilic\u0103)","mn_MN":"mongol\u0103 (Mongolia)","nd":"ndebele de nord","nd_ZW":"ndebele de nord (Zimbabwe)","ne":"nepalez\u0103","ne_IN":"nepalez\u0103 (India)","ne_NP":"nepalez\u0103 (Nepal)","no":"norvegian\u0103","no_NO":"norvegian\u0103 (Norvegia)","nb":"norvegian\u0103 bokm\u00e5l","nb_NO":"norvegian\u0103 bokm\u00e5l (Norvegia)","nb_SJ":"norvegian\u0103 bokm\u00e5l (Svalbard \u0219i Jan Mayen)","nn":"norvegian\u0103 nynorsk","nn_NO":"norvegian\u0103 nynorsk (Norvegia)","nl":"olandez\u0103","nl_AW":"olandez\u0103 (Aruba)","nl_BE":"olandez\u0103 (Belgia)","nl_CW":"olandez\u0103 (Cura\u00e7ao)","nl_BQ":"olandez\u0103 (Insulele Caraibe Olandeze)","nl_SX":"olandez\u0103 (Sint-Maarten)","nl_SR":"olandez\u0103 (Surinam)","nl_NL":"olandez\u0103 (\u021a\u0103rile de Jos)","or":"oriya","or_IN":"oriya (India)","om":"oromo","om_ET":"oromo (Etiopia)","om_KE":"oromo (Kenya)","os":"oset\u0103","os_GE":"oset\u0103 (Georgia)","os_RU":"oset\u0103 (Rusia)","ps":"pa\u0219tun\u0103","ps_AF":"pa\u0219tun\u0103 (Afganistan)","fa":"persan\u0103","fa_AF":"persan\u0103 (Afganistan)","fa_IR":"persan\u0103 (Iran)","pl":"polonez\u0103","pl_PL":"polonez\u0103 (Polonia)","pt":"portughez\u0103","pt_AO":"portughez\u0103 (Angola)","pt_BR":"portughez\u0103 (Brazilia)","pt_CV":"portughez\u0103 (Capul Verde)","pt_GW":"portughez\u0103 (Guineea-Bissau)","pt_MZ":"portughez\u0103 (Mozambic)","pt_PT":"portughez\u0103 (Portugalia)","pt_MO":"portughez\u0103 (R.A.S. Macao a Chinei)","pt_ST":"portughez\u0103 (Sao Tome \u0219i Principe)","pt_TL":"portughez\u0103 (Timorul de Est)","pa":"punjabi","pa_Arab_PK":"punjabi (arab\u0103, Pakistan)","pa_Arab":"punjabi (arab\u0103)","pa_Guru_IN":"punjabi (gurmukhi, India)","pa_Guru":"punjabi (gurmukhi)","pa_IN":"punjabi (India)","pa_PK":"punjabi (Pakistan)","qu":"quechua","qu_BO":"quechua (Bolivia)","qu_EC":"quechua (Ecuador)","qu_PE":"quechua (Peru)","rm":"roman\u0219\u0103","rm_CH":"roman\u0219\u0103 (Elve\u021bia)","ro":"rom\u00e2n\u0103","ro_MD":"rom\u00e2n\u0103 (Republica Moldova)","ro_RO":"rom\u00e2n\u0103 (Rom\u00e2nia)","ru":"rus\u0103","ru_BY":"rus\u0103 (Belarus)","ru_KZ":"rus\u0103 (Kazahstan)","ru_KG":"rus\u0103 (K\u00e2rg\u00e2zstan)","ru_MD":"rus\u0103 (Republica Moldova)","ru_RU":"rus\u0103 (Rusia)","ru_UA":"rus\u0103 (Ucraina)","se":"sami de nord","se_FI":"sami de nord (Finlanda)","se_NO":"sami de nord (Norvegia)","se_SE":"sami de nord (Suedia)","sg":"sango","sg_CF":"sango (Republica Centrafrican\u0103)","sr":"s\u00e2rb\u0103","sr_BA":"s\u00e2rb\u0103 (Bosnia \u0219i Her\u021begovina)","sr_Cyrl_BA":"s\u00e2rb\u0103 (chirilic\u0103, Bosnia \u0219i Her\u021begovina)","sr_Cyrl_XK":"s\u00e2rb\u0103 (chirilic\u0103, Kosovo)","sr_Cyrl_ME":"s\u00e2rb\u0103 (chirilic\u0103, Muntenegru)","sr_Cyrl_RS":"s\u00e2rb\u0103 (chirilic\u0103, Serbia)","sr_Cyrl":"s\u00e2rb\u0103 (chirilic\u0103)","sr_XK":"s\u00e2rb\u0103 (Kosovo)","sr_Latn_BA":"s\u00e2rb\u0103 (latin\u0103, Bosnia \u0219i Her\u021begovina)","sr_Latn_XK":"s\u00e2rb\u0103 (latin\u0103, Kosovo)","sr_Latn_ME":"s\u00e2rb\u0103 (latin\u0103, Muntenegru)","sr_Latn_RS":"s\u00e2rb\u0103 (latin\u0103, Serbia)","sr_Latn":"s\u00e2rb\u0103 (latin\u0103)","sr_ME":"s\u00e2rb\u0103 (Muntenegru)","sr_RS":"s\u00e2rb\u0103 (Serbia)","sh":"s\u00e2rbo-croat\u0103","sh_BA":"s\u00e2rbo-croat\u0103 (Bosnia \u0219i Her\u021begovina)","sn":"shona","sn_ZW":"shona (Zimbabwe)","ii":"sichuan yi","ii_CN":"sichuan yi (China)","si":"singhalez\u0103","si_LK":"singhalez\u0103 (Sri Lanka)","sk":"slovac\u0103","sk_SK":"slovac\u0103 (Slovacia)","sl":"sloven\u0103","sl_SI":"sloven\u0103 (Slovenia)","so":"somalez\u0103","so_DJ":"somalez\u0103 (Djibouti)","so_ET":"somalez\u0103 (Etiopia)","so_KE":"somalez\u0103 (Kenya)","so_SO":"somalez\u0103 (Somalia)","es":"spaniol\u0103","es_AR":"spaniol\u0103 (Argentina)","es_BO":"spaniol\u0103 (Bolivia)","es_EA":"spaniol\u0103 (Ceuta \u0219i Melilla)","es_CL":"spaniol\u0103 (Chile)","es_CO":"spaniol\u0103 (Columbia)","es_CR":"spaniol\u0103 (Costa Rica)","es_CU":"spaniol\u0103 (Cuba)","es_EC":"spaniol\u0103 (Ecuador)","es_SV":"spaniol\u0103 (El Salvador)","es_PH":"spaniol\u0103 (Filipine)","es_GT":"spaniol\u0103 (Guatemala)","es_GQ":"spaniol\u0103 (Guineea Ecuatorial\u0103)","es_HN":"spaniol\u0103 (Honduras)","es_IC":"spaniol\u0103 (Insulele Canare)","es_MX":"spaniol\u0103 (Mexic)","es_NI":"spaniol\u0103 (Nicaragua)","es_PA":"spaniol\u0103 (Panama)","es_PY":"spaniol\u0103 (Paraguay)","es_PE":"spaniol\u0103 (Peru)","es_PR":"spaniol\u0103 (Puerto Rico)","es_DO":"spaniol\u0103 (Republica Dominican\u0103)","es_ES":"spaniol\u0103 (Spania)","es_US":"spaniol\u0103 (Statele Unite ale Americii)","es_UY":"spaniol\u0103 (Uruguay)","es_VE":"spaniol\u0103 (Venezuela)","sv":"suedez\u0103","sv_FI":"suedez\u0103 (Finlanda)","sv_AX":"suedez\u0103 (Insulele \u00c5land)","sv_SE":"suedez\u0103 (Suedia)","sw":"swahili","sw_KE":"swahili (Kenya)","sw_TZ":"swahili (Tanzania)","sw_UG":"swahili (Uganda)","tl":"tagalog","tl_PH":"tagalog (Filipine)","ta":"tamil\u0103","ta_IN":"tamil\u0103 (India)","ta_MY":"tamil\u0103 (Malaezia)","ta_SG":"tamil\u0103 (Singapore)","ta_LK":"tamil\u0103 (Sri Lanka)","te":"telugu","te_IN":"telugu (India)","th":"thailandez\u0103","th_TH":"thailandez\u0103 (Thailanda)","bo":"tibetan\u0103","bo_CN":"tibetan\u0103 (China)","bo_IN":"tibetan\u0103 (India)","ti":"tigrin\u0103","ti_ER":"tigrin\u0103 (Eritreea)","ti_ET":"tigrin\u0103 (Etiopia)","to":"tonga","to_TO":"tonga (Tonga)","tr":"turc\u0103","tr_CY":"turc\u0103 (Cipru)","tr_TR":"turc\u0103 (Turcia)","uk":"ucrainean\u0103","uk_UA":"ucrainean\u0103 (Ucraina)","ug":"uigur\u0103","ug_Arab_CN":"uigur\u0103 (arab\u0103, China)","ug_Arab":"uigur\u0103 (arab\u0103)","ug_CN":"uigur\u0103 (China)","ur":"urdu","ur_IN":"urdu (India)","ur_PK":"urdu (Pakistan)","uz":"uzbec\u0103","uz_AF":"uzbec\u0103 (Afganistan)","uz_Arab_AF":"uzbec\u0103 (arab\u0103, Afganistan)","uz_Arab":"uzbec\u0103 (arab\u0103)","uz_Cyrl_UZ":"uzbec\u0103 (chirilic\u0103, Uzbekistan)","uz_Cyrl":"uzbec\u0103 (chirilic\u0103)","uz_Latn_UZ":"uzbec\u0103 (latin\u0103, Uzbekistan)","uz_Latn":"uzbec\u0103 (latin\u0103)","uz_UZ":"uzbec\u0103 (Uzbekistan)","vi":"vietnamez\u0103","vi_VN":"vietnamez\u0103 (Vietnam)","yo":"yoruba","yo_BJ":"yoruba (Benin)","yo_NG":"yoruba (Nigeria)","zu":"zulu","zu_ZA":"zulu (Africa de Sud)"}