{"af":"afrik\u00e1nsagiella","af_ZA":"afrik\u00e1nsagiella (M\u00e1tta-Afrihk\u00e1)","af_NA":"afrik\u00e1nsagiella (Namibia)","ak":"Akan","ak_GH":"Akan (Ghana)","sq":"alb\u00e1nagiella","sq_AL":"alb\u00e1nagiella (Alb\u00e1nia)","sq_XK":"alb\u00e1nagiella (Kosovo)","sq_MK":"alb\u00e1nagiella (Makedonia)","am":"Amharic","am_ET":"Amharic (Ethiopia)","ar":"ar\u00e1bagiella","ar_DZ":"ar\u00e1bagiella (Algeria)","ar_BH":"ar\u00e1bagiella (Bahrain)","ar_TD":"ar\u00e1bagiella (Chad)","ar_DJ":"ar\u00e1bagiella (Djibouti)","ar_EG":"ar\u00e1bagiella (Egypta)","ar_ER":"ar\u00e1bagiella (Eritrea)","ar_IQ":"ar\u00e1bagiella (Irak)","ar_IL":"ar\u00e1bagiella (Israel)","ar_YE":"ar\u00e1bagiella (Jemen)","ar_JO":"ar\u00e1bagiella (Jord\u00e1nia)","ar_KM":"ar\u00e1bagiella (Komoros)","ar_KW":"ar\u00e1bagiella (Kuwait)","ar_LB":"ar\u00e1bagiella (Libanon)","ar_LY":"ar\u00e1bagiella (Libya)","ar_MA":"ar\u00e1bagiella (Marokko)","ar_MR":"ar\u00e1bagiella (Mauret\u00e1nia)","ar_SS":"ar\u00e1bagiella (M\u00e1ttasudan)","ar_EH":"ar\u00e1bagiella (Oarje-Sah\u00e1ra)","ar_OM":"ar\u00e1bagiella (Oman)","ar_AE":"ar\u00e1bagiella (Ovttastuvvan Ar\u00e1baemir\u00e1htat)","ar_PS":"ar\u00e1bagiella (Palestina)","ar_QA":"ar\u00e1bagiella (Qatar)","ar_SA":"ar\u00e1bagiella (Saudi-Ar\u00e1bia)","ar_SO":"ar\u00e1bagiella (Som\u00e1lia)","ar_SD":"ar\u00e1bagiella (Sudan)","ar_SY":"ar\u00e1bagiella (Syria)","ar_TN":"ar\u00e1bagiella (Tunisia)","hy":"armenagiella","hy_AM":"armenagiella (Armenia)","as":"Assamese","as_IN":"Assamese (India)","az":"Azerbaijani","az_AZ":"Azerbaijani (Azerbaijan)","az_Cyrl_AZ":"Azerbaijani (Cyrillic, Azerbaijan)","az_Cyrl":"Azerbaijani (Cyrillic)","az_Latn_AZ":"Azerbaijani (Latin, Azerbaijan)","az_Latn":"Azerbaijani (Latin)","bm":"Bambara","bm_Latn_ML":"Bambara (Latin, Mali)","bm_Latn":"Bambara (Latin)","eu":"Basque","eu_ES":"Basque (Spain)","bn":"bengalagiella","bn_BD":"bengalagiella (Bangladesh)","bn_IN":"bengalagiella (India)","bs":"bosniagiella","bs_BA":"bosniagiella (Bosnia ja Hercegovina)","bs_Cyrl_BA":"bosniagiella (kyrillala\u0161, Bosnia ja Hercegovina)","bs_Cyrl":"bosniagiella (kyrillala\u0161)","bs_Latn_BA":"bosniagiella (l\u00e1htena\u0161, Bosnia ja Hercegovina)","bs_Latn":"bosniagiella (l\u00e1htena\u0161)","br":"bretonagiella","br_FR":"bretonagiella (Frankriika)","bg":"bulg\u00e1riagiella","bg_BG":"bulg\u00e1riagiella (Bulg\u00e1ria)","my":"burmagiella","my_MM":"burmagiella (Burma)","cs":"\u010deahkagiella","cs_CZ":"\u010deahkagiella (\u010ceahkka)","se":"davvis\u00e1megiella","se_NO":"davvis\u00e1megiella (Norga)","se_SE":"davvis\u00e1megiella (Ruo\u0167\u0167a)","se_FI":"davvis\u00e1megiella (Suopma)","da":"d\u00e1nskkagiella","da_DK":"d\u00e1nskkagiella (D\u00e1nm\u00e1rku)","da_GL":"d\u00e1nskkagiella (Kalaallit Nunaat)","no":"d\u00e1rogiella","no_NO":"d\u00e1rogiella (Norga)","de":"duiskkagiella","de_BE":"duiskkagiella (Belgia)","de_DE":"duiskkagiella (Duiska)","de_LI":"duiskkagiella (Liechtenstein)","de_LU":"duiskkagiella (Luxembourg)","de_AT":"duiskkagiella (Nuortariika)","de_CH":"duiskkagiella (\u0160veica)","tr":"durkagiella","tr_TR":"durkagiella (Durka)","tr_CY":"durkagiella (Kypros)","nl_BQ":"Dutch (Caribbean Netherlands)","dz":"dzongkhagiella","dz_BT":"dzongkhagiella (Bhutan)","en":"ea\u014bgalsgiella","en_US":"ea\u014bgalsgiella (Amerihk\u00e1 ovttastuvvan st\u00e1htat)","en_AS":"ea\u014bgalsgiella (Amerihk\u00e1 Samoa)","en_AI":"ea\u014bgalsgiella (Anguilla)","en_AG":"ea\u014bgalsgiella (Antigua ja Barbuda)","en_VI":"ea\u014bgalsgiella (AOS Virgin-sullot)","en_AU":"ea\u014bgalsgiella (Austr\u00e1lia)","en_BS":"ea\u014bgalsgiella (Bahamas)","en_BB":"ea\u014bgalsgiella (Barbados)","en_BE":"ea\u014bgalsgiella (Belgia)","en_BZ":"ea\u014bgalsgiella (Belize)","en_BM":"ea\u014bgalsgiella (Bermuda)","en_BW":"ea\u014bgalsgiella (Botswana)","en_VG":"ea\u014bgalsgiella (Brittania Virgin-sullot)","en_KY":"ea\u014bgalsgiella (Cayman-sullot)","en_CC":"ea\u014bgalsgiella (Cocos-sullot)","en_CK":"ea\u014bgalsgiella (Cook-sullot)","en_MP":"ea\u014bgalsgiella (Davvi-Mari\u00e1nat)","en_DG":"ea\u014bgalsgiella (Diego Garcia)","en_DM":"ea\u014bgalsgiella (Dominica)","en_ER":"ea\u014bgalsgiella (Eritrea)","en_FK":"ea\u014bgalsgiella (Falklandsullot)","en_FJ":"ea\u014bgalsgiella (Fijisullot)","en_PH":"ea\u014bgalsgiella (Filippiinnat)","en_GM":"ea\u014bgalsgiella (G\u00e1mbia)","en_GH":"ea\u014bgalsgiella (Ghana)","en_GI":"ea\u014bgalsgiella (Gibraltar)","en_GD":"ea\u014bgalsgiella (Grenada)","en_GU":"ea\u014bgalsgiella (Guam)","en_GG":"ea\u014bgalsgiella (Guernsey)","en_GY":"ea\u014bgalsgiella (Guyana)","en_HK":"ea\u014bgalsgiella (Hongkong)","en_IN":"ea\u014bgalsgiella (India)","en_IE":"ea\u014bgalsgiella (Irl\u00e1nda)","en_JM":"ea\u014bgalsgiella (Jamaica)","en_JE":"ea\u014bgalsgiella (Jersey)","en_CX":"ea\u014bgalsgiella (Juovllat-sullot)","en_CM":"ea\u014bgalsgiella (Kamerun)","en_CA":"ea\u014bgalsgiella (Kan\u00e1da)","en_KE":"ea\u014bgalsgiella (Kenia)","en_KI":"ea\u014bgalsgiella (Kiribati)","en_LS":"ea\u014bgalsgiella (Lesotho)","en_LR":"ea\u014bgalsgiella (Liberia)","en_MG":"ea\u014bgalsgiella (Madagaskar)","en_MO":"ea\u014bgalsgiella (Mak\u00e1o)","en_MW":"ea\u014bgalsgiella (Malawi)","en_MY":"ea\u014bgalsgiella (Malesia)","en_IM":"ea\u014bgalsgiella (Mann-sullot)","en_MH":"ea\u014bgalsgiella (Marshallsullot)","en_MU":"ea\u014bgalsgiella (Mauritius)","en_MT":"ea\u014bgalsgiella (M\u00e1lta)","en_ZA":"ea\u014bgalsgiella (M\u00e1tta-Afrihk\u00e1)","en_SS":"ea\u014bgalsgiella (M\u00e1ttasudan)","en_FM":"ea\u014bgalsgiella (Mikronesia)","en_MS":"ea\u014bgalsgiella (Montserrat)","en_NA":"ea\u014bgalsgiella (Namibia)","en_NR":"ea\u014bgalsgiella (Nauru)","en_NG":"ea\u014bgalsgiella (Nigeria)","en_NU":"ea\u014bgalsgiella (Niue)","en_NF":"ea\u014bgalsgiella (Norfolksullot)","en_NZ":"ea\u014bgalsgiella (O\u0111\u0111a-Sel\u00e1nda)","en_PK":"ea\u014bgalsgiella (Pakistan)","en_PW":"ea\u014bgalsgiella (Palau)","en_PG":"ea\u014bgalsgiella (Papua-O\u0111\u0111a-Guinea)","en_PN":"ea\u014bgalsgiella (Pitcairn)","en_PR":"ea\u014bgalsgiella (Puerto Rico)","en_RW":"ea\u014bgalsgiella (Rwanda)","en_SH":"ea\u014bgalsgiella (Saint Helena)","en_KN":"ea\u014bgalsgiella (Saint Kitts ja Nevis)","en_LC":"ea\u014bgalsgiella (Saint Lucia)","en_VC":"ea\u014bgalsgiella (Saint Vincent ja Grenadine)","en_SB":"ea\u014bgalsgiella (Salomon-sullot)","en_WS":"ea\u014bgalsgiella (Samoa)","en_SC":"ea\u014bgalsgiella (Seychellsullot)","en_SL":"ea\u014bgalsgiella (Sierra Leone)","en_SG":"ea\u014bgalsgiella (Singapore)","en_GB":"ea\u014bgalsgiella (Stuorra-Brit\u00e1nnia)","en_SD":"ea\u014bgalsgiella (Sudan)","en_SZ":"ea\u014bgalsgiella (Svazieana)","en_TZ":"ea\u014bgalsgiella (Tanz\u00e1nia)","en_TK":"ea\u014bgalsgiella (Tokelau)","en_TO":"ea\u014bgalsgiella (Tonga)","en_TT":"ea\u014bgalsgiella (Trinidad ja Tobago)","en_TC":"ea\u014bgalsgiella (Turks ja Caicos-sullot)","en_TV":"ea\u014bgalsgiella (Tuvalu)","en_UG":"ea\u014bgalsgiella (Uganda)","en_VU":"ea\u014bgalsgiella (Vanuatu)","en_SX":"ea\u014bgalsgiella (Vuolleeatnamat Saint Martin)","en_ZM":"ea\u014bgalsgiella (Zambia)","en_ZW":"ea\u014bgalsgiella (Zimbabwe)","en_IO":"English (British Indian Ocean Territory)","en_UM":"English (U.S. Outlying Islands)","eo":"Esperanto","et":"esttegiella","et_EE":"esttegiella (Estl\u00e1nda)","ee":"Ewe","ee_GH":"Ewe (Ghana)","ee_TG":"Ewe (Togo)","fo":"fearagiella","fo_FO":"fearagiella (Fearsullot)","fr":"fr\u00e1nskkagiella","fr_DZ":"fr\u00e1nskkagiella (Algeria)","fr_BE":"fr\u00e1nskkagiella (Belgia)","fr_BJ":"fr\u00e1nskkagiella (Benin)","fr_BF":"fr\u00e1nskkagiella (Burkina Faso)","fr_BI":"fr\u00e1nskkagiella (Burundi)","fr_TD":"fr\u00e1nskkagiella (Chad)","fr_DJ":"fr\u00e1nskkagiella (Djibouti)","fr_GQ":"fr\u00e1nskkagiella (Ekvatori\u00e1la Guinea)","fr_CI":"fr\u00e1nskkagiella (Elfenbenariddu)","fr_FR":"fr\u00e1nskkagiella (Frankriika)","fr_GF":"fr\u00e1nskkagiella (Frankriikka Guayana)","fr_PF":"fr\u00e1nskkagiella (Frankriikka Polynesia)","fr_MF":"fr\u00e1nskkagiella (Frankriikka Saint Martin)","fr_GA":"fr\u00e1nskkagiella (Gabon)","fr_CF":"fr\u00e1nskkagiella (Gaska-Afrihk\u00e1 d\u00e1ssev\u00e1ldi)","fr_GP":"fr\u00e1nskkagiella (Guadeloupe)","fr_GN":"fr\u00e1nskkagiella (Guinea)","fr_HT":"fr\u00e1nskkagiella (Haiti)","fr_CM":"fr\u00e1nskkagiella (Kamerun)","fr_CA":"fr\u00e1nskkagiella (Kan\u00e1da)","fr_KM":"fr\u00e1nskkagiella (Komoros)","fr_CG":"fr\u00e1nskkagiella (Kongo-Brazzaville)","fr_CD":"fr\u00e1nskkagiella (Kongo-Kinshasa)","fr_LU":"fr\u00e1nskkagiella (Luxembourg)","fr_MG":"fr\u00e1nskkagiella (Madagaskar)","fr_ML":"fr\u00e1nskkagiella (Mali)","fr_MA":"fr\u00e1nskkagiella (Marokko)","fr_MQ":"fr\u00e1nskkagiella (Martinique)","fr_MR":"fr\u00e1nskkagiella (Mauret\u00e1nia)","fr_MU":"fr\u00e1nskkagiella (Mauritius)","fr_YT":"fr\u00e1nskkagiella (Mayotte)","fr_MC":"fr\u00e1nskkagiella (Monaco)","fr_NE":"fr\u00e1nskkagiella (Niger)","fr_NC":"fr\u00e1nskkagiella (O\u0111\u0111a-Kaledonia)","fr_RE":"fr\u00e1nskkagiella (R\u00e9union)","fr_RW":"fr\u00e1nskkagiella (Rwanda)","fr_BL":"fr\u00e1nskkagiella (Saint Barth\u00e9lemy)","fr_PM":"fr\u00e1nskkagiella (Saint Pierre ja Miquelon)","fr_SN":"fr\u00e1nskkagiella (Senegal)","fr_SC":"fr\u00e1nskkagiella (Seychellsullot)","fr_SY":"fr\u00e1nskkagiella (Syria)","fr_CH":"fr\u00e1nskkagiella (\u0160veica)","fr_TG":"fr\u00e1nskkagiella (Togo)","fr_TN":"fr\u00e1nskkagiella (Tunisia)","fr_VU":"fr\u00e1nskkagiella (Vanuatu)","fr_WF":"fr\u00e1nskkagiella (Wallis ja Futuna)","ff":"Fulah","ff_CM":"Fulah (Cameroon)","ff_GN":"Fulah (Guinea)","ff_MR":"Fulah (Mauritania)","ff_SN":"Fulah (Senegal)","gl":"Galician","gl_ES":"Galician (Spain)","lg":"Ganda","lg_UG":"Ganda (Uganda)","ka":"georgiagiella","ka_GE":"georgiagiella (Georgia)","nb":"girjed\u00e1rogiella","nb_NO":"girjed\u00e1rogiella (Norga)","nb_SJ":"girjed\u00e1rogiella (Svalb\u00e1rda ja Jan Mayen)","el":"greikkagiella","el_GR":"greikkagiella (Greika)","el_CY":"greikkagiella (Kypros)","gu":"gujaratagiella","gu_IN":"gujaratagiella (India)","ha":"haussagiella","ha_GH":"haussagiella (Ghana)","ha_Latn_GH":"haussagiella (l\u00e1htena\u0161, Ghana)","ha_Latn_NE":"haussagiella (l\u00e1htena\u0161, Niger)","ha_Latn_NG":"haussagiella (l\u00e1htena\u0161, Nigeria)","ha_Latn":"haussagiella (l\u00e1htena\u0161)","ha_NE":"haussagiella (Niger)","ha_NG":"haussagiella (Nigeria)","he":"Hebrew","he_IL":"Hebrew (Israel)","hi":"hindigiella","hi_IN":"hindigiella (India)","nl":"holl\u00e1nddagiella","nl_AW":"holl\u00e1nddagiella (Aruba)","nl_BE":"holl\u00e1nddagiella (Belgia)","nl_CW":"holl\u00e1nddagiella (Cura\u00e7ao)","nl_SR":"holl\u00e1nddagiella (Surinam)","nl_SX":"holl\u00e1nddagiella (Vuolleeatnamat Saint Martin)","nl_NL":"holl\u00e1nddagiella (Vuolleeatnamat)","ig":"Igbo","ig_NG":"Igbo (Nigeria)","ga":"iirragiella","ga_IE":"iirragiella (Irl\u00e1nda)","id":"indonesiagiella","id_ID":"indonesiagiella (Indonesia)","is":"isl\u00e1nddagiella","is_IS":"isl\u00e1nddagiella (Isl\u00e1nda)","it":"it\u00e1liagiella","it_IT":"it\u00e1liagiella (It\u00e1lia)","it_SM":"it\u00e1liagiella (San Marino)","it_CH":"it\u00e1liagiella (\u0160veica)","ja":"jap\u00e1nagiella","ja_JP":"jap\u00e1nagiella (Jap\u00e1na)","kl":"Kalaallisut","kl_GL":"Kalaallisut (Greenland)","km":"kambo\u017eagiella","km_KH":"kambo\u017eagiella (Kambo\u017ea)","kn":"Kannada","kn_IN":"Kannada (India)","ks":"Kashmiri","ks_Arab_IN":"Kashmiri (Arabic, India)","ks_Arab":"Kashmiri (Arabic)","ks_IN":"Kashmiri (India)","ca":"katal\u00e1nagiella","ca_AD":"katal\u00e1nagiella (Andorra)","ca_FR":"katal\u00e1nagiella (Frankriika)","ca_IT":"katal\u00e1nagiella (It\u00e1lia)","ca_ES":"katal\u00e1nagiella (Sp\u00e1nia)","kk":"kazakhgiella","kk_KZ":"kazakhgiella (Kasakstan)","kk_Cyrl_KZ":"kazakhgiella (kyrillala\u0161, Kasakstan)","kk_Cyrl":"kazakhgiella (kyrillala\u0161)","zh":"kiinn\u00e1giella","zh_Hans_HK":"kiinn\u00e1giella (\u00e1lkes kiinn\u00e1la\u0161, Hongkong)","zh_Hans_CN":"kiinn\u00e1giella (\u00e1lkes kiinn\u00e1la\u0161, Kiinn\u00e1)","zh_Hans_MO":"kiinn\u00e1giella (\u00e1lkes kiinn\u00e1la\u0161, Mak\u00e1o)","zh_Hans_SG":"kiinn\u00e1giella (\u00e1lkes kiinn\u00e1la\u0161, Singapore)","zh_Hans":"kiinn\u00e1giella (\u00e1lkes kiinn\u00e1la\u0161)","zh_Hant_HK":"kiinn\u00e1giella (\u00e1rbevirola\u0161 kiinn\u00e1la\u0161, Hongkong)","zh_Hant_MO":"kiinn\u00e1giella (\u00e1rbevirola\u0161 kiinn\u00e1la\u0161, Mak\u00e1o)","zh_Hant_TW":"kiinn\u00e1giella (\u00e1rbevirola\u0161 kiinn\u00e1la\u0161, Taiwan)","zh_Hant":"kiinn\u00e1giella (\u00e1rbevirola\u0161 kiinn\u00e1la\u0161)","zh_HK":"kiinn\u00e1giella (Hongkong)","zh_CN":"kiinn\u00e1giella (Kiinn\u00e1)","zh_MO":"kiinn\u00e1giella (Mak\u00e1o)","zh_SG":"kiinn\u00e1giella (Singapore)","zh_TW":"kiinn\u00e1giella (Taiwan)","ki":"Kikuyu","ki_KE":"Kikuyu (Kenya)","rw":"Kinyarwanda","rw_RW":"Kinyarwanda (Rwanda)","ko":"koreagiella","ko_KP":"koreagiella (Davvi-Korea)","ko_KR":"koreagiella (M\u00e1tta-Korea)","kw":"kornagiella","kw_GB":"kornagiella (Stuorra-Brit\u00e1nnia)","hr":"kro\u00e1tiagiella","hr_BA":"kro\u00e1tiagiella (Bosnia ja Hercegovina)","hr_HR":"kro\u00e1tiagiella (Kro\u00e1tia)","cy":"kymragiella","cy_GB":"kymragiella (Stuorra-Brit\u00e1nnia)","ky":"Kyrgyz","ky_Cyrl_KG":"Kyrgyz (Cyrillic, Kyrgyzstan)","ky_Cyrl":"Kyrgyz (Cyrillic)","ky_KG":"Kyrgyz (Kyrgyzstan)","lo":"laogiella","lo_LA":"laogiella (Laos)","lv":"l\u00e1tviagiella","lv_LV":"l\u00e1tviagiella (L\u00e1tvia)","lt":"liettuvagiella","lt_LT":"liettuvagiella (Lietuva)","ln":"Lingala","ln_AO":"Lingala (Angola)","ln_CF":"Lingala (Central African Republic)","ln_CG":"Lingala (Congo - Brazzaville)","ln_CD":"Lingala (Congo - Kinshasa)","lu":"Luba-Katanga","lu_CD":"Luba-Katanga (Congo - Kinshasa)","lb":"luxemburggagiella","lb_LU":"luxemburggagiella (Luxembourg)","mk":"makedoniagiella","mk_MK":"makedoniagiella (Makedonia)","mg":"Malagasy","mg_MG":"Malagasy (Madagascar)","ms":"Malay","ms_BN":"Malay (Brunei)","ms_Latn_BN":"Malay (Latin, Brunei)","ms_Latn_MY":"Malay (Latin, Malaysia)","ms_Latn_SG":"Malay (Latin, Singapore)","ms_Latn":"Malay (Latin)","ms_MY":"Malay (Malaysia)","ms_SG":"Malay (Singapore)","ml":"Malayalam","ml_IN":"Malayalam (India)","mt":"maltagiella","mt_MT":"maltagiella (M\u00e1lta)","gv":"manksgiella","gv_IM":"manksgiella (Mann-sullot)","mr":"Marathi","mr_IN":"Marathi (India)","mn":"mongoliagiella","mn_Cyrl_MN":"mongoliagiella (kyrillala\u0161, Mongolia)","mn_Cyrl":"mongoliagiella (kyrillala\u0161)","mn_MN":"mongoliagiella (Mongolia)","ne":"nepalagiella","ne_IN":"nepalagiella (India)","ne_NP":"nepalagiella (Nepal)","nd":"North Ndebele","nd_ZW":"North Ndebele (Zimbabwe)","fy":"oarjifriisagiella","fy_NL":"oarjifriisagiella (Vuolleeatnamat)","nn":"o\u0111\u0111ad\u00e1rogiella","nn_NO":"o\u0111\u0111ad\u00e1rogiella (Norga)","or":"Oriya","or_IN":"Oriya (India)","om":"Oromo","om_ET":"Oromo (Ethiopia)","om_KE":"Oromo (Kenya)","os":"Ossetic","os_GE":"Ossetic (Georgia)","os_RU":"Ossetic (Russia)","pa":"panjabagiella","pa_Arab_PK":"panjabagiella (ar\u00e1bala\u0161, Pakistan)","pa_Arab":"panjabagiella (ar\u00e1bala\u0161)","pa_IN":"panjabagiella (India)","pa_PK":"panjabagiella (Pakistan)","ps":"Pashto","ps_AF":"Pashto (Afghanistan)","fa":"persijagiella","fa_AF":"persijagiella (Afghanistan)","fa_IR":"persijagiella (Iran)","pl":"polskkagiella","pl_PL":"polskkagiella (Polen)","pt":"portug\u00e1lagiella","pt_AO":"portug\u00e1lagiella (Angola)","pt_BR":"portug\u00e1lagiella (Brasil)","pt_GW":"portug\u00e1lagiella (Guinea-Bissau)","pt_CV":"portug\u00e1lagiella (Kap Verde)","pt_MO":"portug\u00e1lagiella (Mak\u00e1o)","pt_MZ":"portug\u00e1lagiella (Mosambik)","pt_TL":"portug\u00e1lagiella (Nuorta-Timor)","pt_PT":"portug\u00e1lagiella (Portug\u00e1la)","pt_ST":"portug\u00e1lagiella (S\u00e3o Tom\u00e9 ja Pr\u00edncipe)","pa_Guru_IN":"Punjabi (Gurmukhi, India)","pa_Guru":"Punjabi (Gurmukhi)","qu":"Quechua","qu_BO":"Quechua (Bolivia)","qu_EC":"Quechua (Ecuador)","qu_PE":"Quechua (Peru)","rm":"roman\u0161giella","rm_CH":"roman\u0161giella (\u0160veica)","ro":"rom\u00e1niagiella","ro_MD":"rom\u00e1niagiella (Mold\u00e1via)","ro_RO":"rom\u00e1niagiella (Rom\u00e1nia)","rn":"Rundi","rn_BI":"Rundi (Burundi)","ru":"ruo\u0161\u0161agiella","ru_KZ":"ruo\u0161\u0161agiella (Kasakstan)","ru_KG":"ruo\u0161\u0161agiella (Kirgisistan)","ru_MD":"ruo\u0161\u0161agiella (Mold\u00e1via)","ru_RU":"ruo\u0161\u0161agiella (Ruo\u0161\u0161a)","ru_UA":"ruo\u0161\u0161agiella (Ukraina)","ru_BY":"ruo\u0161\u0161agiella (Vilges-Ruo\u0161\u0161a)","sv":"ruo\u0167agiella","sv_SE":"ruo\u0167agiella (Ruo\u0167\u0167a)","sv_FI":"ruo\u0167agiella (Suopma)","sv_AX":"ruo\u0167agiella (\u00c5l\u00e1nda)","sg":"Sango","sg_CF":"Sango (Central African Republic)","gd":"Scottish Gaelic","gd_GB":"Scottish Gaelic (United Kingdom)","sr":"serbiagiella","sr_BA":"serbiagiella (Bosnia ja Hercegovina)","sr_XK":"serbiagiella (Kosovo)","sr_Cyrl_BA":"serbiagiella (kyrillala\u0161, Bosnia ja Hercegovina)","sr_Cyrl_XK":"serbiagiella (kyrillala\u0161, Kosovo)","sr_Cyrl_ME":"serbiagiella (kyrillala\u0161, Montenegro)","sr_Cyrl_RS":"serbiagiella (kyrillala\u0161, Serbia)","sr_Cyrl":"serbiagiella (kyrillala\u0161)","sr_Latn_BA":"serbiagiella (l\u00e1htena\u0161, Bosnia ja Hercegovina)","sr_Latn_XK":"serbiagiella (l\u00e1htena\u0161, Kosovo)","sr_Latn_ME":"serbiagiella (l\u00e1htena\u0161, Montenegro)","sr_Latn_RS":"serbiagiella (l\u00e1htena\u0161, Serbia)","sr_Latn":"serbiagiella (l\u00e1htena\u0161)","sr_ME":"serbiagiella (Montenegro)","sr_RS":"serbiagiella (Serbia)","sh":"serbokroatiagiella","sh_BA":"serbokroatiagiella (Bosnia ja Hercegovina)","sn":"Shona","sn_ZW":"Shona (Zimbabwe)","ii":"Sichuan Yi","ii_CN":"Sichuan Yi (China)","si":"Sinhala","si_LK":"Sinhala (Sri Lanka)","sk":"slov\u00e1kiagiella","sk_SK":"slov\u00e1kiagiella (Slov\u00e1kia)","sl":"slovenagiella","sl_SI":"slovenagiella (Slovenia)","so":"Somali","so_DJ":"Somali (Djibouti)","so_ET":"Somali (Ethiopia)","so_KE":"Somali (Kenya)","so_SO":"Somali (Somalia)","es":"sp\u00e1nskkagiella","es_US":"sp\u00e1nskkagiella (Amerihk\u00e1 ovttastuvvan st\u00e1htat)","es_AR":"sp\u00e1nskkagiella (Argentina)","es_BO":"sp\u00e1nskkagiella (Bolivia)","es_EA":"sp\u00e1nskkagiella (Ceuta ja Melilla)","es_CR":"sp\u00e1nskkagiella (Costa Rica)","es_CL":"sp\u00e1nskkagiella (\u010ciile)","es_DO":"sp\u00e1nskkagiella (Dominik\u00e1na d\u00e1ssev\u00e1ldi)","es_EC":"sp\u00e1nskkagiella (Ecuador)","es_GQ":"sp\u00e1nskkagiella (Ekvatori\u00e1la Guinea)","es_SV":"sp\u00e1nskkagiella (El Salvador)","es_PH":"sp\u00e1nskkagiella (Filippiinnat)","es_GT":"sp\u00e1nskkagiella (Guatemala)","es_HN":"sp\u00e1nskkagiella (Honduras)","es_IC":"sp\u00e1nskkagiella (Kan\u00e1riasullot)","es_CO":"sp\u00e1nskkagiella (Kolombia)","es_CU":"sp\u00e1nskkagiella (Kuba)","es_MX":"sp\u00e1nskkagiella (Meksiko)","es_NI":"sp\u00e1nskkagiella (Nicaragua)","es_PA":"sp\u00e1nskkagiella (Panama)","es_PY":"sp\u00e1nskkagiella (Paraguay)","es_PE":"sp\u00e1nskkagiella (Peru)","es_PR":"sp\u00e1nskkagiella (Puerto Rico)","es_ES":"sp\u00e1nskkagiella (Sp\u00e1nia)","es_UY":"sp\u00e1nskkagiella (Uruguay)","es_VE":"sp\u00e1nskkagiella (Venezuela)","fi":"suomagiella","fi_FI":"suomagiella (Suopma)","sw":"Swahili","sw_KE":"Swahili (Kenya)","sw_TZ":"Swahili (Tanzania)","sw_UG":"Swahili (Uganda)","tl":"Tagalog","tl_PH":"Tagalog (Philippines)","ta":"Tamil","ta_IN":"Tamil (India)","ta_MY":"Tamil (Malaysia)","ta_SG":"Tamil (Singapore)","ta_LK":"Tamil (Sri Lanka)","te":"Telugu","te_IN":"Telugu (India)","th":"thaigiella","th_TH":"thaigiella (Thaieana)","bo":"tibetagiella","bo_IN":"tibetagiella (India)","bo_CN":"tibetagiella (Kiinn\u00e1)","ti":"Tigrinya","ti_ER":"Tigrinya (Eritrea)","ti_ET":"Tigrinya (Ethiopia)","to":"Tongan","to_TO":"Tongan (Tonga)","uk":"ukrainagiella","uk_UA":"ukrainagiella (Ukraina)","hu":"ung\u00e1rgiella","hu_HU":"ung\u00e1rgiella (Ung\u00e1r)","ur":"urdugiella","ur_IN":"urdugiella (India)","ur_PK":"urdugiella (Pakistan)","ug":"Uyghur","ug_Arab_CN":"Uyghur (Arabic, China)","ug_Arab":"Uyghur (Arabic)","ug_CN":"Uyghur (China)","uz":"Uzbek","uz_AF":"Uzbek (Afghanistan)","uz_Arab_AF":"Uzbek (Arabic, Afghanistan)","uz_Arab":"Uzbek (Arabic)","uz_Cyrl_UZ":"Uzbek (Cyrillic, Uzbekistan)","uz_Cyrl":"Uzbek (Cyrillic)","uz_Latn_UZ":"Uzbek (Latin, Uzbekistan)","uz_Latn":"Uzbek (Latin)","uz_UZ":"Uzbek (Uzbekistan)","vi":"vietnamagiella","vi_VN":"vietnamagiella (Vietnam)","be":"vilgesruo\u0161\u0161agiella","be_BY":"vilgesruo\u0161\u0161agiella (Vilges-Ruo\u0161\u0161a)","yi":"Yiddish","yo":"Yoruba","yo_BJ":"Yoruba (Benin)","yo_NG":"Yoruba (Nigeria)","zu":"Zulu","zu_ZA":"Zulu (South Africa)"}