{"af":"Afrikaans","af_NA":"Afrikaans (Namibia)","af_ZA":"Afrikaans (South Africa)","ak":"Ak\u00e2an","ak_GH":"Ak\u00e2an (Gan\u00e4a)","sq":"Albanian","sq_AL":"Albanian (Albania)","sq_XK":"Albanian (Kosovo)","sq_MK":"Albanian (Macedonia)","am":"Amar\u00eeki","am_ET":"Amar\u00eeki (Etiop\u00efi)","en":"Angl\u00ebe","en_US":"Angl\u00ebe (\u00c2Leaa-\u00d4ko t\u00ee Amerika)","en_AI":"Angl\u00ebe (Ang\u00fb\u00eela)","en_AG":"Angl\u00ebe (Ant\u00eegua na Barb\u00fbda)","en_VG":"Angl\u00ebe (\u00c2z\u00f4\u00e2 Vi\u00eer\u00eeggo t\u00ee Angl\u00ebe)","en_CK":"Angl\u00ebe (\u00e2z\u00fb\u00e2 K\u00fbku)","en_MP":"Angl\u00ebe (\u00c2z\u00fb\u00e2 M\u00e4r\u00ef\u00e2ni t\u00ee Banga)","en_MH":"Angl\u00ebe (\u00c2z\u00fb\u00e2 M\u00e4rsh\u00e2l)","en_KY":"Angl\u00ebe (\u00c2z\u00fb\u00e2 Ngund\u00eb, Kaim\u00e4ni)","en_FK":"Angl\u00ebe (\u00c2z\u00fb\u00e2 t\u00ee M\u00e4l\u00fc\u00eeni)","en_TC":"Angl\u00ebe (\u00c2z\u00fb\u00e2 Turku na Ka\u00eeki)","en_VI":"Angl\u00ebe (\u00c2z\u00fb\u00e2 Vir\u00eego t\u00ee Amer\u00eeka)","en_BS":"Angl\u00ebe (Bah\u00e2masa)","en_BB":"Angl\u00ebe (Barab\u00e2da)","en_BE":"Angl\u00ebe (B\u00ealeze, Belez\u00eeki)","en_BZ":"Angl\u00ebe (Bel\u00eezi)","en_BM":"Angl\u00ebe (Berem\u00fbda)","en_BW":"Angl\u00ebe (Botswana)","en_DM":"Angl\u00ebe (D\u00f6m\u00efn\u00eeka)","en_IN":"Angl\u00ebe (\u00cannde)","en_ER":"Angl\u00ebe (Eritr\u00ebe)","en_FJ":"Angl\u00ebe (Fidy\u00efi)","en_PH":"Angl\u00ebe (Filip\u00eeni)","en_NZ":"Angl\u00ebe (Fin\u00ee Zel\u00e2nde)","en_GM":"Angl\u00ebe (Gamb\u00efi)","en_GH":"Angl\u00ebe (Gan\u00e4a)","en_GY":"Angl\u00ebe (Gay\u00e2na)","en_GD":"Angl\u00ebe (Gren\u00e2da)","en_GU":"Angl\u00ebe (Gu\u00e2m)","en_IE":"Angl\u00ebe (Irl\u00e2nde)","en_CM":"Angl\u00ebe (Kamer\u00fbne)","en_CA":"Angl\u00ebe (Kanad\u00e4a)","en_KE":"Angl\u00ebe (Keny\u00e4a)","en_KI":"Angl\u00ebe (Kiribati)","en_GB":"Angl\u00ebe (K\u00f6d\u00f6r\u00f6gb\u00ef\u00e4--\u00d4ko)","en_LS":"Angl\u00ebe (Les\u00f4tho)","en_LR":"Angl\u00ebe (Liber\u00efa)","en_MG":"Angl\u00ebe (Madagask\u00e4ra)","en_MW":"Angl\u00ebe (Malaw\u00efi)","en_MY":"Angl\u00ebe (Malez\u00efi)","en_MT":"Angl\u00ebe (M\u00e2lta)","en_ZA":"Angl\u00ebe (Mbongo-Afr\u00eeka)","en_FM":"Angl\u00ebe (Mikronez\u00efi)","en_MS":"Angl\u00ebe (Monser\u00e2te)","en_MU":"Angl\u00ebe (M\u00f6r\u00eesi)","en_NA":"Angl\u00ebe (Namib\u00f9ii)","en_NR":"Angl\u00ebe (Nauru)","en_NU":"Angl\u00ebe (Niue)","en_NG":"Angl\u00ebe (Nizer\u00efa)","en_AU":"Angl\u00ebe (Ostral\u00efi, Sotral\u00efi)","en_PK":"Angl\u00ebe (Pakist\u00e4an)","en_PW":"Angl\u00ebe (Palau)","en_PG":"Angl\u00ebe (Pap\u00fb Fin\u00ee Gin\u00ebe, Papuaz\u00efi)","en_PN":"Angl\u00ebe (Pitik\u00earni)","en_PR":"Angl\u00ebe (Porto R\u00eeko)","en_RW":"Angl\u00ebe (Ruand\u00e4a)","en_AS":"Angl\u00ebe (Sam\u00f6a t\u00ee Amer\u00eeka)","en_WS":"Angl\u00ebe (Samo\u00e4a)","en_KN":"Angl\u00ebe (S\u00ean-Kr\u00efst\u00f4fo-na-Nev\u00eesi)","en_VC":"Angl\u00ebe (S\u00ean-Vens\u00e4an na \u00e2Grenad\u00eeni)","en_SH":"Angl\u00ebe (S\u00eant-Hel\u00eana)","en_LC":"Angl\u00ebe (S\u00eant-Lis\u00efi)","en_IO":"Angl\u00ebe (S\u00ease t\u00ee Angl\u00ebe na Ng\u00fby\u00e4m\u00e4 t\u00ee \u00cannde)","en_SC":"Angl\u00ebe (S\u00ebysh\u00eale)","en_SL":"Angl\u00ebe (Sier\u00e4-Le\u00f4ne)","en_SG":"Angl\u00ebe (S\u00efng\u00e4p\u00fbru)","en_SD":"Angl\u00ebe (Sud\u00e4an)","en_SZ":"Angl\u00ebe (Sw\u00e4z\u00efl\u00e2nde)","en_TZ":"Angl\u00ebe (Tanzan\u00efi)","en_TK":"Angl\u00ebe (Tokelau)","en_TO":"Angl\u00ebe (Tonga)","en_TT":"Angl\u00ebe (Trinit\u00f9ee na Tobag\u00f6)","en_TV":"Angl\u00ebe (T\u00fcval\u00fc)","en_UG":"Angl\u00ebe (Ugand\u00e4a)","en_VU":"Angl\u00ebe (Vanuat\u00fc)","en_JM":"Angl\u00ebe (Zama\u00eeka)","en_ZM":"Angl\u00ebe (Zamb\u00efi)","en_GI":"Angl\u00ebe (Zibralt\u00e4ra, Zibarat\u00e4ra)","en_ZW":"Angl\u00ebe (Zimb\u00e4bwe)","en_NF":"Angl\u00ebe (Z\u00fb\u00e2 N\u00f4rf\u00f4lko)","en_SB":"Angl\u00ebe (Z\u00fb\u00e2 Salom\u00f6on)","ar_SS":"Arabic (South Sudan)","ar_EH":"Arabic (Western Sahara)","ar":"Ar\u00e2bo","ar_DZ":"Ar\u00e2bo (Alzer\u00efi)","ar_AE":"Ar\u00e2bo (Ar\u00e2bo Emir\u00e2ti \u00d4ko)","ar_BH":"Ar\u00e2bo (Bahr\u00e2ina)","ar_DJ":"Ar\u00e2bo (Dibut\u00f9ii)","ar_ER":"Ar\u00e2bo (Eritr\u00ebe)","ar_IQ":"Ar\u00e2bo (Ir\u00e2ki)","ar_IL":"Ar\u00e2bo (Isra\u00ebli)","ar_EG":"Ar\u00e2bo (K\u00e2mit\u00e2)","ar_QA":"Ar\u00e2bo (Kat\u00e4ra)","ar_KM":"Ar\u00e2bo (K\u00f6m\u00f4ro)","ar_KW":"Ar\u00e2bo (K\u00f6w\u00eati)","ar_LY":"Ar\u00e2bo (Lib\u00efi)","ar_LB":"Ar\u00e2bo (Lib\u00f9aan)","ar_MA":"Ar\u00e2bo (Mar\u00f4ko)","ar_MR":"Ar\u00e2bo (Moritan\u00efi)","ar_OM":"Ar\u00e2bo (Om\u00e2ni)","ar_SA":"Ar\u00e2bo (Sa\u00fbdi Arab\u00efi)","ar_PS":"Ar\u00e2bo (S\u00ease t\u00ee Palest\u00eeni)","ar_SY":"Ar\u00e2bo (Sir\u00efi)","ar_SO":"Ar\u00e2bo (Somal\u00efi)","ar_SD":"Ar\u00e2bo (Sud\u00e4an)","ar_TN":"Ar\u00e2bo (Tuniz\u00efi)","ar_TD":"Ar\u00e2bo (Ty\u00e2de)","ar_YE":"Ar\u00e2bo (Y\u00ebm\u00eani)","ar_JO":"Ar\u00e2bo (Zordan\u00efi)","hy":"Armenian","hy_AM":"Armenian (Armenia)","as":"Assamese","as_IN":"Assamese (India)","az":"Azerbaijani","az_AZ":"Azerbaijani (Azerbaijan)","az_Cyrl_AZ":"Azerbaijani (Cyrillic, Azerbaijan)","az_Cyrl":"Azerbaijani (Cyrillic)","az_Latn_AZ":"Azerbaijani (Latin, Azerbaijan)","az_Latn":"Azerbaijani (Latin)","bm":"Bambara","bm_Latn_ML":"Bambara (Latin, Mali)","bm_Latn":"Bambara (Latin)","eu":"Basque","eu_ES":"Basque (Spain)","bn":"Beng\u00e4li","bn_BD":"Beng\u00e4li (Benglad\u00eashi)","bn_IN":"Beng\u00e4li (\u00cannde)","be":"Biel\u00f6r\u00fbsi","be_BY":"Biel\u00f6r\u00fbsi (Belar\u00fcsi)","bs":"Bosnian","bs_BA":"Bosnian (Bosnia & Herzegovina)","bs_Cyrl_BA":"Bosnian (Cyrillic, Bosnia & Herzegovina)","bs_Cyrl":"Bosnian (Cyrillic)","bs_Latn_BA":"Bosnian (Latin, Bosnia & Herzegovina)","bs_Latn":"Bosnian (Latin)","br":"Breton","br_FR":"Breton (France)","bg":"Bulug\u00e4ri","bg_BG":"Bulug\u00e4ri (Bulugar\u00efi)","ca":"Catalan","ca_AD":"Catalan (Andorra)","ca_FR":"Catalan (France)","ca_IT":"Catalan (Italy)","ca_ES":"Catalan (Spain)","zh_HK":"Chinese (Hong Kong SAR China)","zh_MO":"Chinese (Macau SAR China)","zh_Hans_CN":"Chinese (Simplified, China)","zh_Hans_HK":"Chinese (Simplified, Hong Kong SAR China)","zh_Hans_MO":"Chinese (Simplified, Macau SAR China)","zh_Hans_SG":"Chinese (Simplified, Singapore)","zh_Hans":"Chinese (Simplified)","zh_Hant_HK":"Chinese (Traditional, Hong Kong SAR China)","zh_Hant_MO":"Chinese (Traditional, Macau SAR China)","zh_Hant_TW":"Chinese (Traditional, Taiwan)","zh_Hant":"Chinese (Traditional)","kw":"Cornish","kw_GB":"Cornish (United Kingdom)","hr":"Croatian","hr_BA":"Croatian (Bosnia & Herzegovina)","hr_HR":"Croatian (Croatia)","da":"Danish","da_DK":"Danish (Denmark)","da_GL":"Danish (Greenland)","nl_BQ":"Dutch (Caribbean Netherlands)","nl_CW":"Dutch (Cura\u00e7ao)","nl_SX":"Dutch (Sint Maarten)","dz":"Dzongkha","dz_BT":"Dzongkha (Bhutan)","en_CX":"English (Christmas Island)","en_CC":"English (Cocos (Keeling) Islands)","en_DG":"English (Diego Garcia)","en_GG":"English (Guernsey)","en_HK":"English (Hong Kong SAR China)","en_IM":"English (Isle of Man)","en_JE":"English (Jersey)","en_MO":"English (Macau SAR China)","en_SX":"English (Sint Maarten)","en_SS":"English (South Sudan)","en_UM":"English (U.S. Outlying Islands)","it":"\u00cannde","it_IT":"\u00cannde (Ital\u00f9ii)","it_SM":"\u00cannde (S\u00ean-Mar\u00eben)","it_CH":"\u00cannde (S\u00fb\u00eesi)","id":"Enndonez\u00efi","id_ID":"Enndonez\u00efi (\u00canndonez\u00efi)","es":"Espany\u00f6l","es_US":"Espany\u00f6l (\u00c2Leaa-\u00d4ko t\u00ee Amerika)","es_AR":"Espany\u00f6l (Arzant\u00eena)","es_BO":"Espany\u00f6l (Boliv\u00efi)","es_EC":"Espany\u00f6l (Ekuat\u00ebre)","es_ES":"Espany\u00f6l (Esp\u00e2nye)","es_PH":"Espany\u00f6l (Filip\u00eeni)","es_GQ":"Espany\u00f6l (Gin\u00ebe t\u00ee Ekuat\u00ebre)","es_GT":"Espany\u00f6l (Guat\u00eam\u00e4l\u00e4)","es_HN":"Espany\u00f6l (Hondur\u00e4si)","es_DO":"Espany\u00f6l (K\u00f6d\u00f6r\u00f6s\u00ease t\u00ee Domin\u00eeka)","es_CO":"Espany\u00f6l (Kolomb\u00efi)","es_CR":"Espany\u00f6l (K\u00f4sta R\u00eeka)","es_CU":"Espany\u00f6l (Kub\u00e4a)","es_MX":"Espany\u00f6l (Mekis\u00eeki)","es_NI":"Espany\u00f6l (Nikaragua)","es_PA":"Espany\u00f6l (Panama)","es_PY":"Espany\u00f6l (Paragu\u00ebe)","es_PE":"Espany\u00f6l (Per\u00fcu)","es_PR":"Espany\u00f6l (Porto R\u00eeko)","es_SV":"Espany\u00f6l (Salvad\u00f6ro)","es_CL":"Espany\u00f6l (Shil\u00efi)","es_UY":"Espany\u00f6l (Urugu\u00ebe)","es_VE":"Espany\u00f6l (Venezuel\u00e4a)","eo":"Esperanto","et":"Estonian","et_EE":"Estonian (Estonia)","ee":"Ewe","ee_GH":"Ewe (Ghana)","ee_TG":"Ewe (Togo)","fr":"Far\u00e2nzi","fr_DZ":"Far\u00e2nzi (Alzer\u00efi)","fr_BE":"Far\u00e2nzi (B\u00ealeze, Belez\u00eeki)","fr_BJ":"Far\u00e2nzi (Ben\u00eben)","fr_BF":"Far\u00e2nzi (Burkina Faso)","fr_BI":"Far\u00e2nzi (Burund\u00efi)","fr_DJ":"Far\u00e2nzi (Dibut\u00f9ii)","fr_FR":"Far\u00e2nzi (Far\u00e2nzi)","fr_NC":"Far\u00e2nzi (Fin\u00ee Kaledon\u00efi)","fr_GA":"Far\u00e2nzi (Gab\u00f6on)","fr_GQ":"Far\u00e2nzi (Gin\u00ebe t\u00ee Ekuat\u00ebre)","fr_GN":"Far\u00e2nzi (Gin\u00ebe)","fr_GP":"Far\u00e2nzi (Guadel\u00fbpu)","fr_GF":"Far\u00e2nzi (G\u00fcy\u00e2ni t\u00ee far\u00e2nzi)","fr_HT":"Far\u00e2nzi (Hait\u00efi)","fr_CM":"Far\u00e2nzi (Kamer\u00fbne)","fr_CA":"Far\u00e2nzi (Kanad\u00e4a)","fr_CI":"Far\u00e2nzi (K\u00f4div\u00fc\u00e4ra)","fr_CF":"Far\u00e2nzi (K\u00f6d\u00f6r\u00f6s\u00ease t\u00ee B\u00eaafr\u00eeka)","fr_CD":"Far\u00e2nzi (K\u00f6d\u00f6r\u00f6s\u00ease t\u00ee Ngunuhal\u00ebzo t\u00ee kong\u00f6)","fr_KM":"Far\u00e2nzi (K\u00f6m\u00f4ro)","fr_CG":"Far\u00e2nzi (Kong\u00f6)","fr_LU":"Far\u00e2nzi (Lugzamb\u00fbru)","fr_MG":"Far\u00e2nzi (Madagask\u00e4ra)","fr_ML":"Far\u00e2nzi (Mal\u00efi)","fr_MA":"Far\u00e2nzi (Mar\u00f4ko)","fr_MQ":"Far\u00e2nzi (M\u00e4rt\u00efn\u00eeki)","fr_YT":"Far\u00e2nzi (M\u00e4y\u00f4te)","fr_MC":"Far\u00e2nzi (Monak\u00f6o)","fr_MU":"Far\u00e2nzi (M\u00f6r\u00eesi)","fr_MR":"Far\u00e2nzi (Moritan\u00efi)","fr_NE":"Far\u00e2nzi (Niz\u00ebre)","fr_PF":"Far\u00e2nzi (Polinez\u00efi t\u00ee far\u00e2nzi)","fr_RE":"Far\u00e2nzi (Rein\u00efon)","fr_RW":"Far\u00e2nzi (Ruand\u00e4a)","fr_PM":"Far\u00e2nzi (S\u00ean-Py\u00eare na Mikel\u00f6on)","fr_SN":"Far\u00e2nzi (Seneg\u00e4le)","fr_SC":"Far\u00e2nzi (S\u00ebysh\u00eale)","fr_SY":"Far\u00e2nzi (Sir\u00efi)","fr_CH":"Far\u00e2nzi (S\u00fb\u00eesi)","fr_TG":"Far\u00e2nzi (Tog\u00f6)","fr_TN":"Far\u00e2nzi (Tuniz\u00efi)","fr_TD":"Far\u00e2nzi (Ty\u00e2de)","fr_VU":"Far\u00e2nzi (Vanuat\u00fc)","fr_WF":"Far\u00e2nzi (Wal\u00eesi na Futuna)","fo":"Faroese","fo_FO":"Faroese (Faroe Islands)","fa":"Fars\u00ee","fa_AF":"Fars\u00ee (Fagan\u00efta, Afgan\u00efst\u00e4an)","fa_IR":"Fars\u00ee (Ir\u00e4an)","fi":"Finnish","fi_FI":"Finnish (Finland)","fr_BL":"French (St. Barth\u00e9lemy)","fr_MF":"French (St. Martin)","ff":"Fulah","ff_CM":"Fulah (Cameroon)","ff_GN":"Fulah (Guinea)","ff_MR":"Fulah (Mauritania)","ff_SN":"Fulah (Senegal)","gl":"Galician","gl_ES":"Galician (Spain)","lg":"Ganda","lg_UG":"Ganda (Uganda)","ka":"Georgian","ka_GE":"Georgian (Georgia)","el":"Ger\u00eaki","el_GR":"Ger\u00eaki (Ger\u00easi)","el_CY":"Ger\u00eaki (S\u00eepri)","gu":"Gujarati","gu_IN":"Gujarati (India)","ha":"Ha\u00fcs\u00e4","ha_GH":"Ha\u00fcs\u00e4 (Gan\u00e4a)","ha_Latn_GH":"Hausa (Latin, Ghana)","ha_Latn_NE":"Hausa (Latin, Niger)","ha_Latn_NG":"Hausa (Latin, Nigeria)","ha_Latn":"Hausa (Latin)","ha_NE":"Ha\u00fcs\u00e4 (Niz\u00ebre)","ha_NG":"Ha\u00fcs\u00e4 (Nizer\u00efa)","he":"Hebrew","he_IL":"Hebrew (Israel)","hi":"H\u00eendi","hi_IN":"H\u00eendi (\u00cannde)","nl":"Holand\u00ebe","nl_AW":"Holand\u00ebe (Ar\u00fbba)","nl_BE":"Holand\u00ebe (B\u00ealeze, Belez\u00eeki)","nl_NL":"Holand\u00ebe (Hol\u00e4nde)","nl_SR":"Holand\u00ebe (Surin\u00e4m)","hu":"Hongru\u00e4a","hu_HU":"Hongru\u00e4a (Hongir\u00f9ii)","is":"Icelandic","is_IS":"Icelandic (Iceland)","ig":"\u00cfgb\u00f6","ig_NG":"\u00cfgb\u00f6 (Nizer\u00efa)","ga":"Irish","ga_IE":"Irish (Ireland)","kl":"Kalaallisut","kl_GL":"Kalaallisut (Greenland)","kn":"Kannada","kn_IN":"Kannada (India)","ks":"Kashmiri","ks_Arab_IN":"Kashmiri (Arabic, India)","ks_Arab":"Kashmiri (Arabic)","ks_IN":"Kashmiri (India)","kk":"Kazakh","kk_Cyrl_KZ":"Kazakh (Cyrillic, Kazakhstan)","kk_Cyrl":"Kazakh (Cyrillic)","kk_KZ":"Kazakh (Kazakhstan)","ki":"Kikuyu","ki_KE":"Kikuyu (Kenya)","km":"Km\u00eare","km_KH":"Km\u00eare (K\u00e4mb\u00f4zi)","ko":"Korey\u00eben","ko_KP":"Korey\u00eben (Kor\u00ebe t\u00ee Banga)","ko_KR":"Korey\u00eben (Kor\u00ebe t\u00ee Mbongo)","ky":"Kyrgyz","ky_Cyrl_KG":"Kyrgyz (Cyrillic, Kyrgyzstan)","ky_Cyrl":"Kyrgyz (Cyrillic)","ky_KG":"Kyrgyz (Kyrgyzstan)","lo":"Lao","lo_LA":"Lao (Laos)","lv":"Latvian","lv_LV":"Latvian (Latvia)","ln":"Lingala","ln_AO":"Lingala (Angola)","ln_CF":"Lingala (Central African Republic)","ln_CG":"Lingala (Congo - Brazzaville)","ln_CD":"Lingala (Congo - Kinshasa)","lt":"Lithuanian","lt_LT":"Lithuanian (Lithuania)","lu":"Luba-Katanga","lu_CD":"Luba-Katanga (Congo - Kinshasa)","lb":"Luxembourgish","lb_LU":"Luxembourgish (Luxembourg)","mk":"Macedonian","mk_MK":"Macedonian (Macedonia)","mg":"Malagasy","mg_MG":"Malagasy (Madagascar)","ms_Latn_BN":"Malay (Latin, Brunei)","ms_Latn_MY":"Malay (Latin, Malaysia)","ms_Latn_SG":"Malay (Latin, Singapore)","ms_Latn":"Malay (Latin)","ml":"Malayalam","ml_IN":"Malayalam (India)","ms":"Mal\u00ebe","ms_BN":"Mal\u00ebe (Brun\u00eai)","ms_MY":"Mal\u00ebe (Malez\u00efi)","ms_SG":"Mal\u00ebe (S\u00efng\u00e4p\u00fbru)","mt":"Maltese","mt_MT":"Maltese (Malta)","gv":"Manx","gv_IM":"Manx (Isle of Man)","mr":"Marathi","mr_IN":"Marathi (India)","my":"Miam\u00e4ra, Birim\u00e4ni","my_MM":"Miam\u00e4ra, Birim\u00e4ni (My\u00e4m\u00e2ra)","mn":"Mongolian","mn_Cyrl_MN":"Mongolian (Cyrillic, Mongolia)","mn_Cyrl":"Mongolian (Cyrillic)","mn_MN":"Mongolian (Mongolia)","ne":"Nepal\u00ebe","ne_IN":"Nepal\u00ebe (\u00cannde)","ne_NP":"Nepal\u00ebe (N\u00ebp\u00e2li)","nd":"North Ndebele","nd_ZW":"North Ndebele (Zimbabwe)","se":"Northern Sami","se_FI":"Northern Sami (Finland)","se_NO":"Northern Sami (Norway)","se_SE":"Northern Sami (Sweden)","no":"Norwegian","no_NO":"Norwegian (Norway)","nb":"Norwegian Bokm\u00e5l","nb_NO":"Norwegian Bokm\u00e5l (Norway)","nb_SJ":"Norwegian Bokm\u00e5l (Svalbard & Jan Mayen)","nn":"Norwegian Nynorsk","nn_NO":"Norwegian Nynorsk (Norway)","or":"Oriya","or_IN":"Oriya (India)","om":"Oromo","om_ET":"Oromo (Ethiopia)","om_KE":"Oromo (Kenya)","os":"Ossetic","os_GE":"Ossetic (Georgia)","os_RU":"Ossetic (Russia)","ps":"Pashto","ps_AF":"Pashto (Afghanistan)","pa":"Penz\u00e4b\u00ef","pa_IN":"Penz\u00e4b\u00ef (\u00cannde)","pa_PK":"Penz\u00e4b\u00ef (Pakist\u00e4an)","pl":"Polon\u00ebe","pl_PL":"Polon\u00ebe (P\u00f6l\u00f4ni)","pt":"Portug\u00ebe, P\u00fbra","pt_AO":"Portug\u00ebe, P\u00fbra (Angol\u00e4a)","pt_CV":"Portug\u00ebe, P\u00fbra (Az\u00fb\u00e2 t\u00ee K\u00e2po-V\u00eare)","pt_BR":"Portug\u00ebe, P\u00fbra (Brez\u00eeli)","pt_GW":"Portug\u00ebe, P\u00fbra (Gnin\u00ebe-Bisau)","pt_MZ":"Portug\u00ebe, P\u00fbra (M\u00f6z\u00e4mb\u00eeka)","pt_PT":"Portug\u00ebe, P\u00fbra (P\u00f6rtug\u00e4le, K\u00f6d\u00f6r\u00f6 P\u00fbra)","pt_ST":"Portug\u00ebe, P\u00fbra (S\u00e2\u00f4 T\u00f6m\u00ea na Prins\u00eepe)","pt_TL":"Portug\u00ebe, P\u00fbra (Tim\u00f4ro t\u00ee T\u00f6)","pt_MO":"Portuguese (Macau SAR China)","pa_Arab_PK":"Punjabi (Arabic, Pakistan)","pa_Arab":"Punjabi (Arabic)","pa_Guru_IN":"Punjabi (Gurmukhi, India)","pa_Guru":"Punjabi (Gurmukhi)","qu":"Quechua","qu_BO":"Quechua (Bolivia)","qu_EC":"Quechua (Ecuador)","qu_PE":"Quechua (Peru)","rm":"Romansh","rm_CH":"Romansh (Switzerland)","rw":"Ruand\u00e4a","rw_RW":"Ruand\u00e4a (Ruand\u00e4a)","ro":"Rum\u00eben","ro_MD":"Rum\u00eben (Moldav\u00f9ii)","ro_RO":"Rum\u00eben (Ruman\u00efi)","rn":"Rundi","rn_BI":"Rundi (Burundi)","ru":"R\u00fbsi","ru_BY":"R\u00fbsi (Belar\u00fcsi)","ru_KZ":"R\u00fbsi (Kazakisit\u00e4an)","ru_KG":"R\u00fbsi (Kirigizit\u00f9aan)","ru_MD":"R\u00fbsi (Moldav\u00f9ii)","ru_RU":"R\u00fbsi (Rus\u00efi)","ru_UA":"R\u00fbsi (Ukr\u00eani)","sg":"S\u00e4ng\u00f6","sg_CF":"S\u00e4ng\u00f6 (K\u00f6d\u00f6r\u00f6s\u00ease t\u00ee B\u00eaafr\u00eeka)","gd":"Scottish Gaelic","gd_GB":"Scottish Gaelic (United Kingdom)","sr":"Serbian","sr_BA":"Serbian (Bosnia & Herzegovina)","sr_Cyrl_BA":"Serbian (Cyrillic, Bosnia & Herzegovina)","sr_Cyrl_XK":"Serbian (Cyrillic, Kosovo)","sr_Cyrl_ME":"Serbian (Cyrillic, Montenegro)","sr_Cyrl_RS":"Serbian (Cyrillic, Serbia)","sr_Cyrl":"Serbian (Cyrillic)","sr_XK":"Serbian (Kosovo)","sr_Latn_BA":"Serbian (Latin, Bosnia & Herzegovina)","sr_Latn_XK":"Serbian (Latin, Kosovo)","sr_Latn_ME":"Serbian (Latin, Montenegro)","sr_Latn_RS":"Serbian (Latin, Serbia)","sr_Latn":"Serbian (Latin)","sr_ME":"Serbian (Montenegro)","sr_RS":"Serbian (Serbia)","sh":"Serbo-Croatian","sh_BA":"Serbo-Croatian (Bosnia & Herzegovina)","zh":"Shinu\u00e4a","zh_CN":"Shinu\u00e4a (Sh\u00eena)","zh_SG":"Shinu\u00e4a (S\u00efng\u00e4p\u00fbru)","zh_TW":"Shinu\u00e4a (T\u00e2iw\u00e2ni)","sn":"Shona","sn_ZW":"Shona (Zimbabwe)","ii":"Sichuan Yi","ii_CN":"Sichuan Yi (China)","si":"Sinhala","si_LK":"Sinhala (Sri Lanka)","sk":"Slovak","sk_SK":"Slovak (Slovakia)","sl":"Slovenian","sl_SI":"Slovenian (Slovenia)","so":"Somal\u00efi","so_DJ":"Somal\u00efi (Dibut\u00f9ii)","so_ET":"Somal\u00efi (Etiop\u00efi)","so_KE":"Somal\u00efi (Keny\u00e4a)","so_SO":"Somal\u00efi (Somal\u00efi)","es_IC":"Spanish (Canary Islands)","es_EA":"Spanish (Ceuta & Melilla)","sv":"Suedu\u00e4a","sv_FI":"Suedu\u00e4a (F\u00ebl\u00e2nde)","sv_SE":"Suedu\u00e4a (Su\u00eade)","sw":"Swahili","sw_KE":"Swahili (Kenya)","sw_TZ":"Swahili (Tanzania)","sw_UG":"Swahili (Uganda)","sv_AX":"Swedish (\u00c5land Islands)","tl":"Tagalog","tl_PH":"Tagalog (Philippines)","ta":"T\u00e4m\u00fbli","ta_IN":"T\u00e4m\u00fbli (\u00cannde)","ta_MY":"T\u00e4m\u00fbli (Malez\u00efi)","ta_SG":"T\u00e4m\u00fbli (S\u00efng\u00e4p\u00fbru)","ta_LK":"T\u00e4m\u00fbli (Sir\u00ee-Lanka)","te":"Telugu","te_IN":"Telugu (India)","th":"Th\u00e2i","th_TH":"Th\u00e2i (Tail\u00e2nde)","bo":"Tibetan","bo_CN":"Tibetan (China)","bo_IN":"Tibetan (India)","ti":"Tigrinya","ti_ER":"Tigrinya (Eritrea)","ti_ET":"Tigrinya (Ethiopia)","to":"Tongan","to_TO":"Tongan (Tonga)","tr":"T\u00fbr\u00fbku","tr_CY":"T\u00fbr\u00fbku (S\u00eepri)","tr_TR":"T\u00fbr\u00fbku (Turuk\u00efi)","cs":"Ty\u00eaki","cs_CZ":"Ty\u00eaki (K\u00f6d\u00f6r\u00f6s\u00ease t\u00ee Ty\u00eaki)","uk":"Ukr\u00eani","uk_UA":"Ukr\u00eani (Ukr\u00eani)","ur":"\u00dbrdu","ur_IN":"\u00dbrdu (\u00cannde)","ur_PK":"\u00dbrdu (Pakist\u00e4an)","ug":"Uyghur","ug_Arab_CN":"Uyghur (Arabic, China)","ug_Arab":"Uyghur (Arabic)","ug_CN":"Uyghur (China)","uz":"Uzbek","uz_AF":"Uzbek (Afghanistan)","uz_Arab_AF":"Uzbek (Arabic, Afghanistan)","uz_Arab":"Uzbek (Arabic)","uz_Cyrl_UZ":"Uzbek (Cyrillic, Uzbekistan)","uz_Cyrl":"Uzbek (Cyrillic)","uz_Latn_UZ":"Uzbek (Latin, Uzbekistan)","uz_Latn":"Uzbek (Latin)","uz_UZ":"Uzbek (Uzbekistan)","vi":"Vietn\u00e4m","vi_VN":"Vietn\u00e4m (Vietn\u00e4m)","cy":"Welsh","cy_GB":"Welsh (United Kingdom)","fy":"Western Frisian","fy_NL":"Western Frisian (Netherlands)","yi":"Yiddish","yo":"Yoruba","yo_BJ":"Yoruba (Ben\u00eben)","yo_NG":"Yoruba (Nizer\u00efa)","de":"Z\u00e2mani","de_BE":"Z\u00e2mani (B\u00ealeze, Belez\u00eeki)","de_LI":"Z\u00e2mani (Liechtenstein,)","de_LU":"Z\u00e2mani (Lugzamb\u00fbru)","de_AT":"Z\u00e2mani (Otr\u00eesi)","de_CH":"Z\u00e2mani (S\u00fb\u00eesi)","de_DE":"Z\u00e2mani (Z\u00e2mani)","ja":"Zapon\u00ebe","ja_JP":"Zapon\u00ebe (Zap\u00f6on)","zu":"Z\u00fblu","zu_ZA":"Z\u00fblu (Mbongo-Afr\u00eeka)"}