{"ak":"\u0d85\u0d9a\u0dcf\u0db1\u0dca","ak_GH":"\u0d85\u0d9a\u0dcf\u0db1\u0dca (\u0d9d\u0dcf\u0db1\u0dcf\u0dc0)","af":"\u0d85\u0db4\u0dca\u200d\u0dbb\u0dd2\u0d9a\u0dcf\u0db1\u0dd4","af_ZA":"\u0d85\u0db4\u0dca\u200d\u0dbb\u0dd2\u0d9a\u0dcf\u0db1\u0dd4 (\u0daf\u0d9a\u0dd4\u0dab\u0dd4 \u0d85\u0db4\u0dca\u200d\u0dbb\u0dd2\u0d9a\u0dcf\u0dc0)","af_NA":"\u0d85\u0db4\u0dca\u200d\u0dbb\u0dd2\u0d9a\u0dcf\u0db1\u0dd4 (\u0db1\u0dd0\u0db8\u0dd3\u0db6\u0dd2\u0dba\u0dcf\u0dc0)","ga":"\u0d85\u0dba\u0dbb\u0dca\u0dbd\u0db1\u0dca\u0dad","ga_IE":"\u0d85\u0dba\u0dbb\u0dca\u0dbd\u0db1\u0dca\u0dad (\u0d85\u0dba\u0dbb\u0dca\u0dbd\u0db1\u0dca\u0dad\u0dba)","is":"\u0d85\u0dba\u0dd2\u0dc3\u0dca\u0dbd\u0db1\u0dca\u0dad","is_IS":"\u0d85\u0dba\u0dd2\u0dc3\u0dca\u0dbd\u0db1\u0dca\u0dad (\u0d85\u0dba\u0dd2\u0dc3\u0dca\u0dbd\u0db1\u0dca\u0dad\u0dba)","ar":"\u0d85\u0dbb\u0dcf\u0db6\u0dd2","ar_DZ":"\u0d85\u0dbb\u0dcf\u0db6\u0dd2 (\u0d87\u0dbd\u0dca\u0da2\u0dd3\u0dbb\u0dd2\u0dba\u0dcf\u0dc0)","ar_IQ":"\u0d85\u0dbb\u0dcf\u0db6\u0dd2 (\u0d89\u0dbb\u0dcf\u0d9a\u0dba)","ar_EG":"\u0d85\u0dbb\u0dcf\u0db6\u0dd2 (\u0d8a\u0da2\u0dd2\u0db4\u0dca\u0dad\u0dd4\u0dc0)","ar_IL":"\u0d85\u0dbb\u0dcf\u0db6\u0dd2 (\u0d8a\u0dc1\u0dca\u200d\u0dbb\u0dcf\u0dba\u0dbd\u0dba)","ar_AE":"\u0d85\u0dbb\u0dcf\u0db6\u0dd2 (\u0d91\u0d9a\u0dca\u0dc3\u0dad\u0dca \u0d85\u0dbb\u0dcf\u0db6\u0dd2 \u0d91\u0db8\u0dd2\u0dbb\u0dca \u0dbb\u0dcf\u0da2\u0dca\u200d\u0dba\u0dba)","ar_ER":"\u0d85\u0dbb\u0dcf\u0db6\u0dd2 (\u0d91\u0dbb\u0dd2\u0dad\u0dca\u200d\u0dbb\u0dd2\u0dba\u0dcf\u0dc0)","ar_OM":"\u0d85\u0dbb\u0dcf\u0db6\u0dd2 (\u0d95\u0db8\u0dcf\u0db1\u0dba)","ar_QA":"\u0d85\u0dbb\u0dcf\u0db6\u0dd2 (\u0d9a\u0da7\u0dcf\u0dbb\u0dca)","ar_KW":"\u0d85\u0dbb\u0dcf\u0db6\u0dd2 (\u0d9a\u0dd4\u0dc0\u0dda\u0da7\u0dba)","ar_KM":"\u0d85\u0dbb\u0dcf\u0db6\u0dd2 (\u0d9a\u0ddc\u0db8\u0ddc\u0dbb\u0ddd\u0dc3\u0dca)","ar_TD":"\u0d85\u0dbb\u0dcf\u0db6\u0dd2 (\u0da0\u0dd0\u0da0\u0dca)","ar_DJ":"\u0d85\u0dbb\u0dcf\u0db6\u0dd2 (\u0da2\u0dd2\u0db6\u0dd4\u0da7\u0dd2)","ar_JO":"\u0d85\u0dbb\u0dcf\u0db6\u0dd2 (\u0da2\u0ddd\u0dbb\u0dca\u0daf\u0dcf\u0db1\u0dba)","ar_TN":"\u0d85\u0dbb\u0dcf\u0db6\u0dd2 (\u0da7\u0dd2\u0dba\u0dd4\u0db1\u0dd3\u0dc3\u0dd2\u0dba\u0dcf\u0dc0)","ar_SS":"\u0d85\u0dbb\u0dcf\u0db6\u0dd2 (\u0daf\u0d9a\u0dd4\u0dab\u0dd4 \u0dc3\u0dd4\u0da9\u0dcf\u0db1\u0dba)","ar_PS":"\u0d85\u0dbb\u0dcf\u0db6\u0dd2 (\u0db4\u0dbd\u0dc3\u0dca\u0dad\u0dd3\u0db1 \u0dbb\u0dcf\u0da2\u0dca\u200d\u0dba\u0dba)","ar_EH":"\u0d85\u0dbb\u0dcf\u0db6\u0dd2 (\u0db6\u0da7\u0dc4\u0dd2\u0dbb \u0dc3\u0dc4\u0dbb\u0dcf\u0dc0)","ar_BH":"\u0d85\u0dbb\u0dcf\u0db6\u0dd2 (\u0db6\u0dc4\u0dbb\u0dda\u0db1\u0dca)","ar_MR":"\u0d85\u0dbb\u0dcf\u0db6\u0dd2 (\u0db8\u0ddc\u0dbb\u0dd2\u0da7\u0dda\u0db1\u0dd2\u0dba\u0dcf\u0dc0)","ar_MA":"\u0d85\u0dbb\u0dcf\u0db6\u0dd2 (\u0db8\u0ddc\u0dbb\u0ddc\u0d9a\u0dca\u0d9a\u0ddd\u0dc0)","ar_YE":"\u0d85\u0dbb\u0dcf\u0db6\u0dd2 (\u0dba\u0dda\u0db8\u0db1\u0dba)","ar_LY":"\u0d85\u0dbb\u0dcf\u0db6\u0dd2 (\u0dbd\u0dd2\u0db6\u0dd2\u0dba\u0dcf\u0dc0)","ar_LB":"\u0d85\u0dbb\u0dcf\u0db6\u0dd2 (\u0dbd\u0dd9\u0db6\u0db1\u0db1\u0dba)","ar_SY":"\u0d85\u0dbb\u0dcf\u0db6\u0dd2 (\u0dc3\u0dd2\u0dbb\u0dd2\u0dba\u0dcf\u0dc0)","ar_SD":"\u0d85\u0dbb\u0dcf\u0db6\u0dd2 (\u0dc3\u0dd6\u0da9\u0dcf\u0db1\u0dba)","ar_SO":"\u0d85\u0dbb\u0dcf\u0db6\u0dd2 (\u0dc3\u0ddd\u0db8\u0dcf\u0dbd\u0dd2\u0dba\u0dcf\u0dc0)","ar_SA":"\u0d85\u0dbb\u0dcf\u0db6\u0dd2 (\u0dc3\u0dde\u0daf\u0dd2 \u0d85\u0dbb\u0dcf\u0db6\u0dd2\u0dba)","az":"\u0d85\u0dc3\u0dbb\u0dca\u0db6\u0dba\u0dd2\u0da2\u0dcf\u0db1\u0dca","az_AZ":"\u0d85\u0dc3\u0dbb\u0dca\u0db6\u0dba\u0dd2\u0da2\u0dcf\u0db1\u0dca (\u0d85\u0dc3\u0dbb\u0dca\u0db6\u0dba\u0dd2\u0da2\u0dcf\u0db1\u0dba)","az_Latn_AZ":"\u0d85\u0dc3\u0dbb\u0dca\u0db6\u0dba\u0dd2\u0da2\u0dcf\u0db1\u0dca (\u0dbd\u0dad\u0dd2\u0db1\u0dca, \u0d85\u0dc3\u0dbb\u0dca\u0db6\u0dba\u0dd2\u0da2\u0dcf\u0db1\u0dba)","az_Latn":"\u0d85\u0dc3\u0dbb\u0dca\u0db6\u0dba\u0dd2\u0da2\u0dcf\u0db1\u0dca (\u0dbd\u0dad\u0dd2\u0db1\u0dca)","az_Cyrl_AZ":"\u0d85\u0dc3\u0dbb\u0dca\u0db6\u0dba\u0dd2\u0da2\u0dcf\u0db1\u0dca (\u0dc3\u0dd2\u0dbb\u0dd2\u0dbd\u0dd2\u0d9a\u0dca, \u0d85\u0dc3\u0dbb\u0dca\u0db6\u0dba\u0dd2\u0da2\u0dcf\u0db1\u0dba)","az_Cyrl":"\u0d85\u0dc3\u0dbb\u0dca\u0db6\u0dba\u0dd2\u0da2\u0dcf\u0db1\u0dca (\u0dc3\u0dd2\u0dbb\u0dd2\u0dbd\u0dd2\u0d9a\u0dca)","hy":"\u0d86\u0dbb\u0dca\u0db8\u0dda\u0db1\u0dd2\u0dba\u0dcf\u0db1\u0dd4","hy_AM":"\u0d86\u0dbb\u0dca\u0db8\u0dda\u0db1\u0dd2\u0dba\u0dcf\u0db1\u0dd4 (\u0d86\u0dbb\u0dca\u0db8\u0dda\u0db1\u0dd2\u0dba\u0dcf\u0dc0)","am":"\u0d87\u0db8\u0dca\u0dc4\u0dcf\u0dbb\u0dd2\u0d9a\u0dca","am_ET":"\u0d87\u0db8\u0dca\u0dc4\u0dcf\u0dbb\u0dd2\u0d9a\u0dca (\u0d89\u0dad\u0dd2\u0dba\u0ddd\u0db4\u0dd2\u0dba\u0dcf\u0dc0)","sq":"\u0d87\u0dbd\u0dca\u0db6\u0dda\u0db1\u0dd2\u0dba\u0dcf\u0db1\u0dd4","sq_AL":"\u0d87\u0dbd\u0dca\u0db6\u0dda\u0db1\u0dd2\u0dba\u0dcf\u0db1\u0dd4 (\u0d87\u0dbd\u0dca\u0db6\u0dda\u0db1\u0dd2\u0dba\u0dcf\u0dc0)","sq_XK":"\u0d87\u0dbd\u0dca\u0db6\u0dda\u0db1\u0dd2\u0dba\u0dcf\u0db1\u0dd4 (\u0d9a\u0ddc\u0dc3\u0ddd\u0dc0\u0ddd)","sq_MK":"\u0d87\u0dbd\u0dca\u0db6\u0dda\u0db1\u0dd2\u0dba\u0dcf\u0db1\u0dd4 (\u0db8\u0dd0\u0dc3\u0dd2\u0da9\u0ddd\u0db1\u0dd2\u0dba\u0dcf\u0dc0)","as":"\u0d87\u0dc3\u0db8\u0dd2\u0dba\u0dcf\u0db1\u0dd4","as_IN":"\u0d87\u0dc3\u0db8\u0dd2\u0dba\u0dcf\u0db1\u0dd4 (\u0d89\u0db1\u0dca\u0daf\u0dd2\u0dba\u0dcf\u0dc0)","en":"\u0d89\u0d82\u0d9c\u0dca\u200d\u0dbb\u0dd3\u0dc3\u0dd2","en_IE":"\u0d89\u0d82\u0d9c\u0dca\u200d\u0dbb\u0dd3\u0dc3\u0dd2 (\u0d85\u0dba\u0dbb\u0dca\u0dbd\u0db1\u0dca\u0dad\u0dba)","en_IM":"\u0d89\u0d82\u0d9c\u0dca\u200d\u0dbb\u0dd3\u0dc3\u0dd2 (\u0d85\u0dba\u0dd2\u0dbd\u0dca \u0d94\u0dc6\u0dca \u0db8\u0dd1\u0db1\u0dca)","en_AI":"\u0d89\u0d82\u0d9c\u0dca\u200d\u0dbb\u0dd3\u0dc3\u0dd2 (\u0d87\u0db1\u0dca\u0d9c\u0dd4\u0dba\u0dd2\u0dbd\u0dcf\u0dc0)","en_AG":"\u0d89\u0d82\u0d9c\u0dca\u200d\u0dbb\u0dd3\u0dc3\u0dd2 (\u0d87\u0db1\u0dca\u0da7\u0dd2\u0d9c\u0dd4\u0dc0\u0dcf \u0dc3\u0dc4 \u0db6\u0dcf\u0db6\u0dd2\u0dba\u0dd4\u0da9\u0dcf\u0dc0)","en_VI":"\u0d89\u0d82\u0d9c\u0dca\u200d\u0dbb\u0dd3\u0dc3\u0dd2 (\u0d87\u0db8\u0dbb\u0dd2\u0d9a\u0dcf\u0db1\u0dd4 \u0dc0\u0dbb\u0dca\u0da2\u0dd2\u0db1\u0dca \u0daf\u0dd6\u0db4\u0dad\u0dca)","en_AS":"\u0d89\u0d82\u0d9c\u0dca\u200d\u0dbb\u0dd3\u0dc3\u0dd2 (\u0d87\u0db8\u0dbb\u0dd2\u0d9a\u0dcf\u0db1\u0dd4 \u0dc3\u0dd0\u0db8\u0ddd\u0dc0\u0dcf\u0dc0)","en_IN":"\u0d89\u0d82\u0d9c\u0dca\u200d\u0dbb\u0dd3\u0dc3\u0dd2 (\u0d89\u0db1\u0dca\u0daf\u0dd2\u0dba\u0dcf\u0dc0)","en_UG":"\u0d89\u0d82\u0d9c\u0dca\u200d\u0dbb\u0dd3\u0dc3\u0dd2 (\u0d8b\u0d9c\u0db1\u0dca\u0da9\u0dcf\u0dc0)","en_MP":"\u0d89\u0d82\u0d9c\u0dca\u200d\u0dbb\u0dd3\u0dc3\u0dd2 (\u0d8b\u0dad\u0dd4\u0dbb\u0dd4 \u0db8\u0dbb\u0dd2\u0dba\u0dcf\u0db1\u0dcf \u0daf\u0dd6\u0db4\u0dad\u0dca)","en_UM":"\u0d89\u0d82\u0d9c\u0dca\u200d\u0dbb\u0dd3\u0dc3\u0dd2 (\u0d91\u0d9a\u0dca\u0dc3\u0dad\u0dca \u0da2\u0db1\u0db4\u0daf \u0d88\u0dad \u0daf\u0dd6\u0db4\u0dad\u0dca)","en_US":"\u0d89\u0d82\u0d9c\u0dca\u200d\u0dbb\u0dd3\u0dc3\u0dd2 (\u0d91\u0d9a\u0dca\u0dc3\u0dad\u0dca \u0da2\u0db1\u0db4\u0daf\u0dba)","en_GB":"\u0d89\u0d82\u0d9c\u0dca\u200d\u0dbb\u0dd3\u0dc3\u0dd2 (\u0d91\u0d9a\u0dca\u0dc3\u0dad\u0dca \u0dbb\u0dcf\u0da2\u0db0\u0dcf\u0db1\u0dd2\u0dba)","en_ER":"\u0d89\u0d82\u0d9c\u0dca\u200d\u0dbb\u0dd3\u0dc3\u0dd2 (\u0d91\u0dbb\u0dd2\u0dad\u0dca\u200d\u0dbb\u0dd2\u0dba\u0dcf\u0dc0)","en_AU":"\u0d89\u0d82\u0d9c\u0dca\u200d\u0dbb\u0dd3\u0dc3\u0dd2 (\u0d95\u0dc3\u0dca\u0da7\u0dca\u200d\u0dbb\u0dda\u0dbd\u0dd2\u0dba\u0dcf\u0dc0)","en_CA":"\u0d89\u0d82\u0d9c\u0dca\u200d\u0dbb\u0dd3\u0dc3\u0dd2 (\u0d9a\u0dd0\u0db1\u0da9\u0dcf\u0dc0)","en_CM":"\u0d89\u0d82\u0d9c\u0dca\u200d\u0dbb\u0dd3\u0dc3\u0dd2 (\u0d9a\u0dd0\u0db8\u0dbb\u0dd6\u0db1\u0dca)","en_KI":"\u0d89\u0d82\u0d9c\u0dca\u200d\u0dbb\u0dd3\u0dc3\u0dd2 (\u0d9a\u0dd2\u0dbb\u0dd2\u0db6\u0dad\u0dd2)","en_CK":"\u0d89\u0d82\u0d9c\u0dca\u200d\u0dbb\u0dd3\u0dc3\u0dd2 (\u0d9a\u0dd4\u0d9a\u0dca \u0daf\u0dd6\u0db4\u0dad\u0dca)","en_KE":"\u0d89\u0d82\u0d9c\u0dca\u200d\u0dbb\u0dd3\u0dc3\u0dd2 (\u0d9a\u0dd9\u0db1\u0dca\u0dba\u0dcf\u0dc0)","en_KY":"\u0d89\u0d82\u0d9c\u0dca\u200d\u0dbb\u0dd3\u0dc3\u0dd2 (\u0d9a\u0dda\u0db8\u0db1\u0dca \u0daf\u0dd6\u0db4\u0dad\u0dca)","en_CC":"\u0d89\u0d82\u0d9c\u0dca\u200d\u0dbb\u0dd3\u0dc3\u0dd2 (\u0d9a\u0ddc\u0d9a\u0ddd\u0dc3\u0dca \u0daf\u0dd6\u0db4\u0dad\u0dca)","en_CX":"\u0d89\u0d82\u0d9c\u0dca\u200d\u0dbb\u0dd3\u0dc3\u0dd2 (\u0d9a\u0dca\u200d\u0dbb\u0dd2\u0dc3\u0dca\u0db8\u0dc3\u0dca \u0daf\u0dd6\u0db4\u0dad)","en_GY":"\u0d89\u0d82\u0d9c\u0dca\u200d\u0dbb\u0dd3\u0dc3\u0dd2 (\u0d9c\u0dba\u0db1\u0dcf\u0dc0)","en_GG":"\u0d89\u0d82\u0d9c\u0dca\u200d\u0dbb\u0dd3\u0dc3\u0dd2 (\u0d9c\u0dbb\u0dca\u0db1\u0dca\u0dc3\u0dd2\u0dba)","en_GM":"\u0d89\u0d82\u0d9c\u0dca\u200d\u0dbb\u0dd3\u0dc3\u0dd2 (\u0d9c\u0dd0\u0db8\u0dca\u0db6\u0dd2\u0dba\u0dcf\u0dc0)","en_GU":"\u0d89\u0d82\u0d9c\u0dca\u200d\u0dbb\u0dd3\u0dc3\u0dd2 (\u0d9c\u0dd4\u0dc0\u0dcf\u0db8\u0dca)","en_GD":"\u0d89\u0d82\u0d9c\u0dca\u200d\u0dbb\u0dd3\u0dc3\u0dd2 (\u0d9c\u0dca\u200d\u0dbb\u0dd0\u0db1\u0da9\u0dcf\u0dc0)","en_GH":"\u0d89\u0d82\u0d9c\u0dca\u200d\u0dbb\u0dd3\u0dc3\u0dd2 (\u0d9d\u0dcf\u0db1\u0dcf\u0dc0)","en_JE":"\u0d89\u0d82\u0d9c\u0dca\u200d\u0dbb\u0dd3\u0dc3\u0dd2 (\u0da2\u0dbb\u0dca\u0dc3\u0dd2)","en_JM":"\u0d89\u0d82\u0d9c\u0dca\u200d\u0dbb\u0dd3\u0dc3\u0dd2 (\u0da2\u0dd0\u0db8\u0dd9\u0dba\u0dd2\u0d9a\u0dcf\u0dc0)","en_GI":"\u0d89\u0d82\u0d9c\u0dca\u200d\u0dbb\u0dd3\u0dc3\u0dd2 (\u0da2\u0dd2\u0db6\u0dca\u200d\u0dbb\u0ddd\u0dbd\u0dca\u0da7\u0dcf\u0dc0)","en_TC":"\u0d89\u0d82\u0d9c\u0dca\u200d\u0dbb\u0dd3\u0dc3\u0dd2 (\u0da7\u0dbb\u0dca\u0d9a\u0dca\u0dc3\u0dca \u0dc3\u0dc4 \u0d9a\u0dba\u0dd2\u0d9a\u0ddc\u0dc3\u0dca \u0daf\u0dd6\u0db4\u0dad\u0dca)","en_TZ":"\u0d89\u0d82\u0d9c\u0dca\u200d\u0dbb\u0dd3\u0dc3\u0dd2 (\u0da7\u0dd0\u0db1\u0dca\u0dc3\u0dcf\u0db1\u0dd2\u0dba\u0dcf\u0dc0)","en_TV":"\u0d89\u0d82\u0d9c\u0dca\u200d\u0dbb\u0dd3\u0dc3\u0dd2 (\u0da7\u0dd4\u0dc0\u0dcf\u0dbd\u0dd6)","en_TO":"\u0d89\u0d82\u0d9c\u0dca\u200d\u0dbb\u0dd3\u0dc3\u0dd2 (\u0da7\u0ddc\u0d82\u0d9c\u0dcf)","en_TK":"\u0d89\u0d82\u0d9c\u0dca\u200d\u0dbb\u0dd3\u0dc3\u0dd2 (\u0da7\u0ddc\u0d9a\u0dbd\u0dcf\u0dc0\u0dd4)","en_TT":"\u0d89\u0d82\u0d9c\u0dca\u200d\u0dbb\u0dd3\u0dc3\u0dd2 (\u0da7\u0dca\u200d\u0dbb\u0dd2\u0db1\u0dd2\u0da9\u0dd1\u0da9\u0dca \u0dc3\u0dc4 \u0da7\u0ddc\u0db6\u0dd0\u0d9c\u0ddd)","en_DM":"\u0d89\u0d82\u0d9c\u0dca\u200d\u0dbb\u0dd3\u0dc3\u0dd2 (\u0da9\u0ddc\u0db8\u0dd2\u0db1\u0dd2\u0d9a\u0dcf\u0dc0)","en_ZA":"\u0d89\u0d82\u0d9c\u0dca\u200d\u0dbb\u0dd3\u0dc3\u0dd2 (\u0daf\u0d9a\u0dd4\u0dab\u0dd4 \u0d85\u0db4\u0dca\u200d\u0dbb\u0dd2\u0d9a\u0dcf\u0dc0)","en_SS":"\u0d89\u0d82\u0d9c\u0dca\u200d\u0dbb\u0dd3\u0dc3\u0dd2 (\u0daf\u0d9a\u0dd4\u0dab\u0dd4 \u0dc3\u0dd4\u0da9\u0dcf\u0db1\u0dba)","en_DG":"\u0d89\u0d82\u0d9c\u0dca\u200d\u0dbb\u0dd3\u0dc3\u0dd2 (\u0daf\u0dd2\u0dba\u0dcf\u0d9c\u0ddd \u0d9c\u0dcf\u0dbb\u0dca\u0dc3\u0dd2\u0dba\u0dcf)","en_NG":"\u0d89\u0d82\u0d9c\u0dca\u200d\u0dbb\u0dd3\u0dc3\u0dd2 (\u0db1\u0dba\u0dd2\u0da2\u0dd3\u0dbb\u0dd2\u0dba\u0dcf\u0dc0)","en_NZ":"\u0d89\u0d82\u0d9c\u0dca\u200d\u0dbb\u0dd3\u0dc3\u0dd2 (\u0db1\u0dc0\u0dc3\u0dd3\u0dbd\u0db1\u0dca\u0dad\u0dba)","en_NR":"\u0d89\u0d82\u0d9c\u0dca\u200d\u0dbb\u0dd3\u0dc3\u0dd2 (\u0db1\u0dcf\u0dc0\u0dd4\u0dbb\u0dd4)","en_NA":"\u0d89\u0d82\u0d9c\u0dca\u200d\u0dbb\u0dd3\u0dc3\u0dd2 (\u0db1\u0dd0\u0db8\u0dd3\u0db6\u0dd2\u0dba\u0dcf\u0dc0)","en_NU":"\u0d89\u0d82\u0d9c\u0dca\u200d\u0dbb\u0dd3\u0dc3\u0dd2 (\u0db1\u0dd2\u0dba\u0dd6)","en_NF":"\u0d89\u0d82\u0d9c\u0dca\u200d\u0dbb\u0dd3\u0dc3\u0dd2 (\u0db1\u0ddd\u0dc6\u0ddd\u0d9a\u0dca \u0daf\u0dd6\u0db4\u0dad)","en_PW":"\u0d89\u0d82\u0d9c\u0dca\u200d\u0dbb\u0dd3\u0dc3\u0dd2 (\u0db4\u0dbd\u0dcf\u0dc0\u0dd4)","en_PK":"\u0d89\u0d82\u0d9c\u0dca\u200d\u0dbb\u0dd3\u0dc3\u0dd2 (\u0db4\u0dcf\u0d9a\u0dd2\u0dc3\u0dca\u0dad\u0dcf\u0db1\u0dba)","en_PG":"\u0d89\u0d82\u0d9c\u0dca\u200d\u0dbb\u0dd3\u0dc3\u0dd2 (\u0db4\u0dd0\u0db4\u0dd4\u0dc0\u0dcf \u0db1\u0dd2\u0dc0\u0dca \u0d9c\u0dd2\u0db1\u0dd2\u0dba\u0dcf\u0dc0)","en_PN":"\u0d89\u0d82\u0d9c\u0dca\u200d\u0dbb\u0dd3\u0dc3\u0dd2 (\u0db4\u0dd2\u0da7\u0dca\u0d9a\u0dd9\u0dba\u0dca\u0db1\u0dca \u0daf\u0dd6\u0db4\u0dad\u0dca)","en_PH":"\u0d89\u0d82\u0d9c\u0dca\u200d\u0dbb\u0dd3\u0dc3\u0dd2 (\u0db4\u0dd2\u0dbd\u0dd2\u0db4\u0dd3\u0db1\u0dba)","en_PR":"\u0d89\u0d82\u0d9c\u0dca\u200d\u0dbb\u0dd3\u0dc3\u0dd2 (\u0db4\u0dd4\u0dc0\u0dbb\u0dca\u0da7\u0ddd \u0dbb\u0dd2\u0d9a\u0ddd)","en_BM":"\u0d89\u0d82\u0d9c\u0dca\u200d\u0dbb\u0dd3\u0dc3\u0dd2 (\u0db6\u0dbb\u0dca\u0db8\u0dd2\u0dba\u0dd4\u0da9\u0dcf)","en_BS":"\u0d89\u0d82\u0d9c\u0dca\u200d\u0dbb\u0dd3\u0dc3\u0dd2 (\u0db6\u0dc4\u0db8\u0dcf\u0dc3\u0dca)","en_BB":"\u0d89\u0d82\u0d9c\u0dca\u200d\u0dbb\u0dd3\u0dc3\u0dd2 (\u0db6\u0dcf\u0dbb\u0dca\u0db6\u0da9\u0ddd\u0dc3\u0dca)","en_BZ":"\u0d89\u0d82\u0d9c\u0dca\u200d\u0dbb\u0dd3\u0dc3\u0dd2 (\u0db6\u0dd9\u0dbd\u0dd3\u0dc3\u0dca)","en_BE":"\u0d89\u0d82\u0d9c\u0dca\u200d\u0dbb\u0dd3\u0dc3\u0dd2 (\u0db6\u0dd9\u0dbd\u0dca\u0da2\u0dd2\u0dba\u0db8)","en_BW":"\u0d89\u0d82\u0d9c\u0dca\u200d\u0dbb\u0dd3\u0dc3\u0dd2 (\u0db6\u0ddc\u0da7\u0dca\u0dc3\u0dca\u0dc0\u0dcf\u0db1\u0dcf)","en_IO":"\u0d89\u0d82\u0d9c\u0dca\u200d\u0dbb\u0dd3\u0dc3\u0dd2 (\u0db6\u0dca\u200d\u0dbb\u0dd2\u0dad\u0dcf\u0db1\u0dca\u200d\u0dba \u0d89\u0db1\u0dca\u0daf\u0dd3\u0dba \u0dc3\u0dcf\u0d9c\u0dbb \u0db6\u0dbd \u0db4\u0dca\u200d\u0dbb\u0daf\u0dda\u0dc1\u0dba)","en_VG":"\u0d89\u0d82\u0d9c\u0dca\u200d\u0dbb\u0dd3\u0dc3\u0dd2 (\u0db6\u0dca\u200d\u0dbb\u0dd2\u0dad\u0dcf\u0db1\u0dca\u200d\u0dba \u0dc0\u0dbb\u0dca\u0da2\u0dd2\u0db1\u0dca \u0daf\u0dd6\u0db4\u0dad\u0dca)","en_MO":"\u0d89\u0d82\u0d9c\u0dca\u200d\u0dbb\u0dd3\u0dc3\u0dd2 (\u0db8\u0d9a\u0dcf\u0dc0\u0dd4 \u0da0\u0dd3\u0db1 \u0dc0\u0dd2\u0dc1\u0dda\u0dc2 \u0db4\u0dbb\u0dd2\u0db4\u0dcf\u0dbd\u0db1 \u0d9a\u0dbd\u0dcf\u0db4\u0dba)","en_FM":"\u0d89\u0d82\u0d9c\u0dca\u200d\u0dbb\u0dd3\u0dc3\u0dd2 (\u0db8\u0dba\u0dd2\u0d9a\u0dca\u200d\u0dbb\u0ddc\u0db1\u0dd3\u0dc3\u0dd2\u0dba\u0dcf\u0dc0)","en_MW":"\u0d89\u0d82\u0d9c\u0dca\u200d\u0dbb\u0dd3\u0dc3\u0dd2 (\u0db8\u0dbd\u0dcf\u0dc0\u0dd2)","en_MH":"\u0d89\u0d82\u0d9c\u0dca\u200d\u0dbb\u0dd3\u0dc3\u0dd2 (\u0db8\u0dcf\u0dc2\u0dbd\u0dca \u0daf\u0dd6\u0db4\u0dad\u0dca)","en_MG":"\u0d89\u0d82\u0d9c\u0dca\u200d\u0dbb\u0dd3\u0dc3\u0dd2 (\u0db8\u0dd0\u0da9\u0d9c\u0dc3\u0dca\u0d9a\u0dbb\u0dba)","en_MY":"\u0d89\u0d82\u0d9c\u0dca\u200d\u0dbb\u0dd3\u0dc3\u0dd2 (\u0db8\u0dd0\u0dbd\u0dda\u0dc3\u0dd2\u0dba\u0dcf\u0dc0)","en_MU":"\u0d89\u0d82\u0d9c\u0dca\u200d\u0dbb\u0dd3\u0dc3\u0dd2 (\u0db8\u0dd4\u0dbb\u0dd4\u0dc3\u0dd2\u0dba)","en_MS":"\u0d89\u0d82\u0d9c\u0dca\u200d\u0dbb\u0dd3\u0dc3\u0dd2 (\u0db8\u0ddc\u0db1\u0dca\u0dc3\u0dd9\u0dbb\u0dcf\u0da7\u0dca)","en_MT":"\u0d89\u0d82\u0d9c\u0dca\u200d\u0dbb\u0dd3\u0dc3\u0dd2 (\u0db8\u0ddd\u0dbd\u0dca\u0da7\u0dcf\u0dc0)","en_RW":"\u0d89\u0d82\u0d9c\u0dca\u200d\u0dbb\u0dd3\u0dc3\u0dd2 (\u0dbb\u0dd4\u0dc0\u0db1\u0dca\u0da9\u0dcf\u0dc0)","en_LR":"\u0d89\u0d82\u0d9c\u0dca\u200d\u0dbb\u0dd3\u0dc3\u0dd2 (\u0dbd\u0dba\u0dd2\u0db6\u0dd3\u0dbb\u0dd2\u0dba\u0dcf\u0dc0)","en_LS":"\u0d89\u0d82\u0d9c\u0dca\u200d\u0dbb\u0dd3\u0dc3\u0dd2 (\u0dbd\u0dd9\u0dc3\u0dad\u0ddd)","en_VU":"\u0d89\u0d82\u0d9c\u0dca\u200d\u0dbb\u0dd3\u0dc3\u0dd2 (\u0dc0\u0db1\u0dd4\u0dc0\u0dcf\u0da7\u0dd4)","en_KN":"\u0d89\u0d82\u0d9c\u0dca\u200d\u0dbb\u0dd3\u0dc3\u0dd2 (\u0dc1\u0dcf\u0db1\u0dca\u0dad \u0d9a\u0dd2\u0da7\u0dca\u0dc3\u0dca \u0dc3\u0dc4 \u0db1\u0dda\u0dc0\u0dd2\u0dc3\u0dca)","en_SX":"\u0d89\u0d82\u0d9c\u0dca\u200d\u0dbb\u0dd3\u0dc3\u0dd2 (\u0dc1\u0dcf\u0db1\u0dca\u0dad \u0db8\u0dcf\u0dbb\u0dca\u0da7\u0dd9\u0db1\u0dca)","en_LC":"\u0d89\u0d82\u0d9c\u0dca\u200d\u0dbb\u0dd3\u0dc3\u0dd2 (\u0dc1\u0dcf\u0db1\u0dca\u0dad \u0dbd\u0dd4\u0dc3\u0dd2\u0dba\u0dcf)","en_VC":"\u0d89\u0d82\u0d9c\u0dca\u200d\u0dbb\u0dd3\u0dc3\u0dd2 (\u0dc1\u0dcf\u0db1\u0dca\u0dad \u0dc0\u0dd2\u0db1\u0dca\u0dc3\u0db1\u0dca\u0da7\u0dca \u0dc3\u0dc4 \u0d9c\u0dca\u200d\u0dbb\u0dd9\u0db1\u0da9\u0dd2\u0db1\u0dca\u0dc3\u0dca)","en_SH":"\u0d89\u0d82\u0d9c\u0dca\u200d\u0dbb\u0dd3\u0dc3\u0dd2 (\u0dc1\u0dcf\u0db1\u0dca\u0dad \u0dc4\u0dd9\u0dbd\u0dda\u0db1\u0dcf)","en_WS":"\u0d89\u0d82\u0d9c\u0dca\u200d\u0dbb\u0dd3\u0dc3\u0dd2 (\u0dc3\u0dd0\u0db8\u0ddd\u0dc0\u0dcf)","en_ZM":"\u0d89\u0d82\u0d9c\u0dca\u200d\u0dbb\u0dd3\u0dc3\u0dd2 (\u0dc3\u0dd0\u0db8\u0dca\u0db6\u0dd2\u0dba\u0dcf\u0dc0)","en_SG":"\u0d89\u0d82\u0d9c\u0dca\u200d\u0dbb\u0dd3\u0dc3\u0dd2 (\u0dc3\u0dd2\u0d82\u0d9c\u0db4\u0dca\u0db4\u0dd6\u0dbb\u0dd4\u0dc0)","en_ZW":"\u0d89\u0d82\u0d9c\u0dca\u200d\u0dbb\u0dd3\u0dc3\u0dd2 (\u0dc3\u0dd2\u0db8\u0dca\u0db6\u0dcf\u0db6\u0dca\u0dc0\u0dda)","en_SL":"\u0d89\u0d82\u0d9c\u0dca\u200d\u0dbb\u0dd3\u0dc3\u0dd2 (\u0dc3\u0dd2\u0dba\u0dbb\u0dcf\u0dbd\u0dd2\u0dba\u0ddd\u0db1\u0dca)","en_SC":"\u0d89\u0d82\u0d9c\u0dca\u200d\u0dbb\u0dd3\u0dc3\u0dd2 (\u0dc3\u0dd3\u0dc1\u0dd9\u0dbd\u0dca\u0dc3\u0dca)","en_SD":"\u0d89\u0d82\u0d9c\u0dca\u200d\u0dbb\u0dd3\u0dc3\u0dd2 (\u0dc3\u0dd6\u0da9\u0dcf\u0db1\u0dba)","en_SB":"\u0d89\u0d82\u0d9c\u0dca\u200d\u0dbb\u0dd3\u0dc3\u0dd2 (\u0dc3\u0ddc\u0dbd\u0db8\u0db1\u0dca \u0daf\u0dd6\u0db4\u0dad\u0dca)","en_SZ":"\u0d89\u0d82\u0d9c\u0dca\u200d\u0dbb\u0dd3\u0dc3\u0dd2 (\u0dc3\u0dca\u0dc0\u0dcf\u0dc3\u0dd2\u0dbd\u0db1\u0dca\u0dad\u0dba)","en_HK":"\u0d89\u0d82\u0d9c\u0dca\u200d\u0dbb\u0dd3\u0dc3\u0dd2 (\u0dc4\u0ddc\u0d82\u0d9a\u0ddc\u0d82 \u0da0\u0dd3\u0db1 \u0dc0\u0dd2\u0dc1\u0dda\u0dc2 \u0db4\u0dbb\u0dd2\u0db4\u0dcf\u0dbd\u0db1 \u0d9a\u0dbd\u0dcf\u0db4\u0dba)","en_FJ":"\u0d89\u0d82\u0d9c\u0dca\u200d\u0dbb\u0dd3\u0dc3\u0dd2 (\u0dc6\u0dd3\u0da2\u0dd3)","en_FK":"\u0d89\u0d82\u0d9c\u0dca\u200d\u0dbb\u0dd3\u0dc3\u0dd2 (\u0dc6\u0ddd\u0d9a\u0dca\u0dbd\u0db1\u0dca\u0dad \u0daf\u0dd6\u0db4\u0dad\u0dca)","ig":"\u0d89\u0d9c\u0dca\u0db6\u0ddd","ig_NG":"\u0d89\u0d9c\u0dca\u0db6\u0ddd (\u0db1\u0dba\u0dd2\u0da2\u0dd3\u0dbb\u0dd2\u0dba\u0dcf\u0dc0)","it":"\u0d89\u0dad\u0dcf\u0dbd\u0dd2","it_IT":"\u0d89\u0dad\u0dcf\u0dbd\u0dd2 (\u0d89\u0dad\u0dcf\u0dbd\u0dd2\u0dba)","it_SM":"\u0d89\u0dad\u0dcf\u0dbd\u0dd2 (\u0dc3\u0dd0\u0db1\u0dca \u0db8\u0dd0\u0dbb\u0dd2\u0db1\u0ddd)","it_CH":"\u0d89\u0dad\u0dcf\u0dbd\u0dd2 (\u0dc3\u0dca\u0dc0\u0dd2\u0dc3\u0dca\u0da7\u0dbb\u0dca\u0dbd\u0db1\u0dca\u0dad\u0dba)","id":"\u0d89\u0db1\u0dca\u0daf\u0dd4\u0db1\u0dd3\u0dc3\u0dd2\u0dba\u0dcf\u0db1\u0dd4","id_ID":"\u0d89\u0db1\u0dca\u0daf\u0dd4\u0db1\u0dd3\u0dc3\u0dd2\u0dba\u0dcf\u0db1\u0dd4 (\u0d89\u0db1\u0dca\u0daf\u0dd4\u0db1\u0dd3\u0dc3\u0dd2\u0dba\u0dcf\u0dc0)","ee":"\u0d89\u0dc0\u0dca","ee_GH":"\u0d89\u0dc0\u0dca (\u0d9d\u0dcf\u0db1\u0dcf\u0dc0)","ee_TG":"\u0d89\u0dc0\u0dca (\u0da7\u0ddc\u0d9c\u0ddd)","nd":"\u0d8b\u0dad\u0dd4\u0dbb\u0dd4 \u0d91\u0db1\u0dca\u0da9\u0dd2\u0db6\u0dd9\u0dbd\u0dd9","nd_ZW":"\u0d8b\u0dad\u0dd4\u0dbb\u0dd4 \u0d91\u0db1\u0dca\u0da9\u0dd2\u0db6\u0dd9\u0dbd\u0dd9 (\u0dc3\u0dd2\u0db8\u0dca\u0db6\u0dcf\u0db6\u0dca\u0dc0\u0dda)","se":"\u0d8b\u0dad\u0dd4\u0dbb\u0dd4 \u0dc3\u0dcf\u0db8\u0dd2","se_NO":"\u0d8b\u0dad\u0dd4\u0dbb\u0dd4 \u0dc3\u0dcf\u0db8\u0dd2 (\u0db1\u0ddd\u0dbb\u0dca\u0dc0\u0dda)","se_SE":"\u0d8b\u0dad\u0dd4\u0dbb\u0dd4 \u0dc3\u0dcf\u0db8\u0dd2 (\u0dc3\u0dca\u0dc0\u0dd3\u0da9\u0db1\u0dba)","se_FI":"\u0d8b\u0dad\u0dd4\u0dbb\u0dd4 \u0dc3\u0dcf\u0db8\u0dd2 (\u0dc6\u0dd2\u0db1\u0dca\u0dbd\u0db1\u0dca\u0dad\u0dba)","ug":"\u0d8b\u0dba\u0dd2\u0d9c\u0dbb\u0dca","ug_Arab_CN":"\u0d8b\u0dba\u0dd2\u0d9c\u0dbb\u0dca (\u0d85\u0dbb\u0dcf\u0db6\u0dd2, \u0da0\u0dd3\u0db1\u0dba)","ug_Arab":"\u0d8b\u0dba\u0dd2\u0d9c\u0dbb\u0dca (\u0d85\u0dbb\u0dcf\u0db6\u0dd2)","ug_CN":"\u0d8b\u0dba\u0dd2\u0d9c\u0dbb\u0dca (\u0da0\u0dd3\u0db1\u0dba)","ur":"\u0d8b\u0dbb\u0dca\u0daf\u0dd4","ur_IN":"\u0d8b\u0dbb\u0dca\u0daf\u0dd4 (\u0d89\u0db1\u0dca\u0daf\u0dd2\u0dba\u0dcf\u0dc0)","ur_PK":"\u0d8b\u0dbb\u0dca\u0daf\u0dd4 (\u0db4\u0dcf\u0d9a\u0dd2\u0dc3\u0dca\u0dad\u0dcf\u0db1\u0dba)","uz":"\u0d8b\u0dc3\u0dca\u0db6\u0dd9\u0d9a\u0dca","uz_Arab_AF":"\u0d8b\u0dc3\u0dca\u0db6\u0dd9\u0d9a\u0dca (\u0d85\u0dbb\u0dcf\u0db6\u0dd2, \u0d87\u0dc6\u0dca\u0d9c\u0db1\u0dd2\u0dc3\u0dca\u0dae\u0dcf\u0db1\u0dba)","uz_Arab":"\u0d8b\u0dc3\u0dca\u0db6\u0dd9\u0d9a\u0dca (\u0d85\u0dbb\u0dcf\u0db6\u0dd2)","uz_AF":"\u0d8b\u0dc3\u0dca\u0db6\u0dd9\u0d9a\u0dca (\u0d87\u0dc6\u0dca\u0d9c\u0db1\u0dd2\u0dc3\u0dca\u0dae\u0dcf\u0db1\u0dba)","uz_UZ":"\u0d8b\u0dc3\u0dca\u0db6\u0dd9\u0d9a\u0dca (\u0d8b\u0dc3\u0dca\u0db6\u0dd9\u0d9a\u0dd2\u0dc3\u0dca\u0dae\u0dcf\u0db1\u0dba)","uz_Latn_UZ":"\u0d8b\u0dc3\u0dca\u0db6\u0dd9\u0d9a\u0dca (\u0dbd\u0dad\u0dd2\u0db1\u0dca, \u0d8b\u0dc3\u0dca\u0db6\u0dd9\u0d9a\u0dd2\u0dc3\u0dca\u0dae\u0dcf\u0db1\u0dba)","uz_Latn":"\u0d8b\u0dc3\u0dca\u0db6\u0dd9\u0d9a\u0dca (\u0dbd\u0dad\u0dd2\u0db1\u0dca)","uz_Cyrl_UZ":"\u0d8b\u0dc3\u0dca\u0db6\u0dd9\u0d9a\u0dca (\u0dc3\u0dd2\u0dbb\u0dd2\u0dbd\u0dd2\u0d9a\u0dca, \u0d8b\u0dc3\u0dca\u0db6\u0dd9\u0d9a\u0dd2\u0dc3\u0dca\u0dae\u0dcf\u0db1\u0dba)","uz_Cyrl":"\u0d8b\u0dc3\u0dca\u0db6\u0dd9\u0d9a\u0dca (\u0dc3\u0dd2\u0dbb\u0dd2\u0dbd\u0dd2\u0d9a\u0dca)","et":"\u0d91\u0dc3\u0dca\u0dad\u0ddd\u0db1\u0dd2\u0dba\u0dcf\u0db1\u0dd4","et_EE":"\u0d91\u0dc3\u0dca\u0dad\u0ddd\u0db1\u0dd2\u0dba\u0dcf\u0db1\u0dd4 (\u0d91\u0dc3\u0dca\u0dad\u0ddd\u0db1\u0dd2\u0dba\u0dcf\u0dc0)","eo":"\u0d91\u0dc3\u0dca\u0db4\u0dd0\u0dbb\u0db1\u0dca\u0da7\u0ddd","or":"\u0d94\u0dbb\u0dd2\u0dba\u0dcf","or_IN":"\u0d94\u0dbb\u0dd2\u0dba\u0dcf (\u0d89\u0db1\u0dca\u0daf\u0dd2\u0dba\u0dcf\u0dc0)","om":"\u0d94\u0dbb\u0ddc\u0db8\u0ddd","om_ET":"\u0d94\u0dbb\u0ddc\u0db8\u0ddd (\u0d89\u0dad\u0dd2\u0dba\u0ddd\u0db4\u0dd2\u0dba\u0dcf\u0dc0)","om_KE":"\u0d94\u0dbb\u0ddc\u0db8\u0ddd (\u0d9a\u0dd9\u0db1\u0dca\u0dba\u0dcf\u0dc0)","kn":"\u0d9a\u0dab\u0dca\u0dab\u0da9","kn_IN":"\u0d9a\u0dab\u0dca\u0dab\u0da9 (\u0d89\u0db1\u0dca\u0daf\u0dd2\u0dba\u0dcf\u0dc0)","km":"\u0d9a\u0db8\u0dbb\u0dca","km_KH":"\u0d9a\u0db8\u0dbb\u0dca (\u0d9a\u0dcf\u0db8\u0dca\u0db6\u0ddd\u0da2\u0dba)","kl":"\u0d9a\u0dbd\u0dcf\u0dbd\u0dd2\u0dc3\u0da7\u0dca","kl_GL":"\u0d9a\u0dbd\u0dcf\u0dbd\u0dd2\u0dc3\u0da7\u0dca (\u0d9c\u0dca\u200d\u0dbb\u0dd3\u0db1\u0dca\u0dbd\u0db1\u0dca\u0dad\u0dba)","kk":"\u0d9a\u0dc3\u0dcf\u0d9b\u0dca","kk_KZ":"\u0d9a\u0dc3\u0dcf\u0d9b\u0dca (\u0d9a\u0dc3\u0d9a\u0dc3\u0dca\u0dad\u0dcf\u0db1\u0dba)","kk_Cyrl_KZ":"\u0d9a\u0dc3\u0dcf\u0d9b\u0dca (\u0dc3\u0dd2\u0dbb\u0dd2\u0dbd\u0dd2\u0d9a\u0dca, \u0d9a\u0dc3\u0d9a\u0dc3\u0dca\u0dad\u0dcf\u0db1\u0dba)","kk_Cyrl":"\u0d9a\u0dc3\u0dcf\u0d9b\u0dca (\u0dc3\u0dd2\u0dbb\u0dd2\u0dbd\u0dd2\u0d9a\u0dca)","ks":"\u0d9a\u0dcf\u0dc2\u0dca\u0db8\u0dd3\u0dbb\u0dca","ks_Arab_IN":"\u0d9a\u0dcf\u0dc2\u0dca\u0db8\u0dd3\u0dbb\u0dca (\u0d85\u0dbb\u0dcf\u0db6\u0dd2, \u0d89\u0db1\u0dca\u0daf\u0dd2\u0dba\u0dcf\u0dc0)","ks_Arab":"\u0d9a\u0dcf\u0dc2\u0dca\u0db8\u0dd3\u0dbb\u0dca (\u0d85\u0dbb\u0dcf\u0db6\u0dd2)","ks_IN":"\u0d9a\u0dcf\u0dc2\u0dca\u0db8\u0dd3\u0dbb\u0dca (\u0d89\u0db1\u0dca\u0daf\u0dd2\u0dba\u0dcf\u0dc0)","ca":"\u0d9a\u0dd0\u0da7\u0dbd\u0db1\u0dca","ca_AD":"\u0d9a\u0dd0\u0da7\u0dbd\u0db1\u0dca (\u0d87\u0db1\u0dca\u0da9\u0ddd\u0dbb\u0dcf\u0dc0)","ca_IT":"\u0d9a\u0dd0\u0da7\u0dbd\u0db1\u0dca (\u0d89\u0dad\u0dcf\u0dbd\u0dd2\u0dba)","ca_FR":"\u0d9a\u0dd0\u0da7\u0dbd\u0db1\u0dca (\u0db4\u0dca\u200d\u0dbb\u0d82\u0dc1\u0dba)","ca_ES":"\u0d9a\u0dd0\u0da7\u0dbd\u0db1\u0dca (\u0dc3\u0dca\u0db4\u0dcf\u0da4\u0dca\u0da4\u0dba)","ki":"\u0d9a\u0dd2\u0d9a\u0dd4\u0dba\u0dd4","ki_KE":"\u0d9a\u0dd2\u0d9a\u0dd4\u0dba\u0dd4 (\u0d9a\u0dd9\u0db1\u0dca\u0dba\u0dcf\u0dc0)","rw":"\u0d9a\u0dd2\u0db1\u0dca\u0dba\u0dbb\u0dca\u0dc0\u0db1\u0dca\u0da9\u0dcf","rw_RW":"\u0d9a\u0dd2\u0db1\u0dca\u0dba\u0dbb\u0dca\u0dc0\u0db1\u0dca\u0da9\u0dcf (\u0dbb\u0dd4\u0dc0\u0db1\u0dca\u0da9\u0dcf\u0dc0)","ky":"\u0d9a\u0dd2\u0dbb\u0dca\u0d9c\u0dd2\u0dc3\u0dca","ky_KG":"\u0d9a\u0dd2\u0dbb\u0dca\u0d9c\u0dd2\u0dc3\u0dca (\u0d9a\u0dd2\u0dbb\u0dca\u0d9c\u0dd2\u0dc3\u0dca\u0dad\u0dcf\u0db1\u0dba)","ky_Cyrl_KG":"\u0d9a\u0dd2\u0dbb\u0dca\u0d9c\u0dd2\u0dc3\u0dca (\u0dc3\u0dd2\u0dbb\u0dd2\u0dbd\u0dd2\u0d9a\u0dca, \u0d9a\u0dd2\u0dbb\u0dca\u0d9c\u0dd2\u0dc3\u0dca\u0dad\u0dcf\u0db1\u0dba)","ky_Cyrl":"\u0d9a\u0dd2\u0dbb\u0dca\u0d9c\u0dd2\u0dc3\u0dca (\u0dc3\u0dd2\u0dbb\u0dd2\u0dbd\u0dd2\u0d9a\u0dca)","ko":"\u0d9a\u0ddc\u0dbb\u0dd2\u0dba\u0dcf\u0db1\u0dd4","ko_KP":"\u0d9a\u0ddc\u0dbb\u0dd2\u0dba\u0dcf\u0db1\u0dd4 (\u0d8b\u0dad\u0dd4\u0dbb\u0dd4 \u0d9a\u0ddc\u0dbb\u0dd2\u0dba\u0dcf\u0dc0)","ko_KR":"\u0d9a\u0ddc\u0dbb\u0dd2\u0dba\u0dcf\u0db1\u0dd4 (\u0daf\u0d9a\u0dd4\u0dab\u0dd4 \u0d9a\u0ddc\u0dbb\u0dd2\u0dba\u0dcf\u0dc0)","kw":"\u0d9a\u0ddd\u0db1\u0dd3\u0dc3\u0dd2\u0dba\u0dcf\u0db1\u0dd4","kw_GB":"\u0d9a\u0ddd\u0db1\u0dd3\u0dc3\u0dd2\u0dba\u0dcf\u0db1\u0dd4 (\u0d91\u0d9a\u0dca\u0dc3\u0dad\u0dca \u0dbb\u0dcf\u0da2\u0db0\u0dcf\u0db1\u0dd2\u0dba)","hr":"\u0d9a\u0dca\u200d\u0dbb\u0ddd\u0dba\u0dda\u0dc1\u0dd2\u0dba\u0dcf\u0db1\u0dd4","hr_HR":"\u0d9a\u0dca\u200d\u0dbb\u0ddd\u0dba\u0dda\u0dc1\u0dd2\u0dba\u0dcf\u0db1\u0dd4 (\u0d9a\u0dca\u200d\u0dbb\u0ddc\u0d92\u0dc2\u0dd2\u0dba\u0dcf\u0dc0)","hr_BA":"\u0d9a\u0dca\u200d\u0dbb\u0ddd\u0dba\u0dda\u0dc1\u0dd2\u0dba\u0dcf\u0db1\u0dd4 (\u0db6\u0ddc\u0dc3\u0dca\u0db1\u0dd2\u0dba\u0dcf\u0dc0 \u0dc3\u0dc4 \u0dc4\u0dbb\u0dca\u0dc3\u0d9c\u0ddc\u0dc0\u0dd3\u0db1\u0dcf\u0dc0)","qu":"\u0d9a\u0dca\u0dc0\u0dd3\u0da0\u0dd4\u0dc0\u0dcf","qu_EC":"\u0d9a\u0dca\u0dc0\u0dd3\u0da0\u0dd4\u0dc0\u0dcf (\u0d89\u0d9a\u0dca\u0dc0\u0daf\u0ddd\u0dbb\u0dba)","qu_PE":"\u0d9a\u0dca\u0dc0\u0dd3\u0da0\u0dd4\u0dc0\u0dcf (\u0db4\u0dda\u0dbb\u0dd4)","qu_BO":"\u0d9a\u0dca\u0dc0\u0dd3\u0da0\u0dd4\u0dc0\u0dcf (\u0db6\u0ddc\u0dbd\u0dd3\u0dc0\u0dd2\u0dba\u0dcf\u0dc0)","lg":"\u0d9c\u0db1\u0dca\u0da9\u0dcf","lg_UG":"\u0d9c\u0db1\u0dca\u0da9\u0dcf (\u0d8b\u0d9c\u0db1\u0dca\u0da9\u0dcf\u0dc0)","gl":"\u0d9c\u0dd0\u0dbd\u0dd3\u0dc3\u0dd2\u0dba\u0dcf\u0db1\u0dd4","gl_ES":"\u0d9c\u0dd0\u0dbd\u0dd3\u0dc3\u0dd2\u0dba\u0dcf\u0db1\u0dd4 (\u0dc3\u0dca\u0db4\u0dcf\u0da4\u0dca\u0da4\u0dba)","gu":"\u0d9c\u0dd4\u0da2\u0dbb\u0dcf\u0da7\u0dd2","gu_IN":"\u0d9c\u0dd4\u0da2\u0dbb\u0dcf\u0da7\u0dd2 (\u0d89\u0db1\u0dca\u0daf\u0dd2\u0dba\u0dcf\u0dc0)","el":"\u0d9c\u0dca\u200d\u0dbb\u0dd3\u0d9a","el_GR":"\u0d9c\u0dca\u200d\u0dbb\u0dd3\u0d9a (\u0d9c\u0dca\u200d\u0dbb\u0dd3\u0dc3\u0dd2\u0dba)","el_CY":"\u0d9c\u0dca\u200d\u0dbb\u0dd3\u0d9a (\u0dc3\u0dba\u0dd2\u0db4\u0dca\u200d\u0dbb\u0dc3\u0dba)","zh":"\u0da0\u0dd3\u0db1","zh_CN":"\u0da0\u0dd3\u0db1 (\u0da0\u0dd3\u0db1\u0dba)","zh_TW":"\u0da0\u0dd3\u0db1 (\u0dad\u0dcf\u0dba\u0dd2\u0dc0\u0dcf\u0db1\u0dba)","zh_MO":"\u0da0\u0dd3\u0db1 (\u0db8\u0d9a\u0dcf\u0dc0\u0dd4 \u0da0\u0dd3\u0db1 \u0dc0\u0dd2\u0dc1\u0dda\u0dc2 \u0db4\u0dbb\u0dd2\u0db4\u0dcf\u0dbd\u0db1 \u0d9a\u0dbd\u0dcf\u0db4\u0dba)","zh_Hant_TW":"\u0da0\u0dd3\u0db1 (\u0dc3\u0dcf\u0db8\u0dca\u0db4\u0dca\u200d\u0dbb\u0daf\u0dcf\u0dba\u0dd2\u0d9a, \u0dad\u0dcf\u0dba\u0dd2\u0dc0\u0dcf\u0db1\u0dba)","zh_Hant_MO":"\u0da0\u0dd3\u0db1 (\u0dc3\u0dcf\u0db8\u0dca\u0db4\u0dca\u200d\u0dbb\u0daf\u0dcf\u0dba\u0dd2\u0d9a, \u0db8\u0d9a\u0dcf\u0dc0\u0dd4 \u0da0\u0dd3\u0db1 \u0dc0\u0dd2\u0dc1\u0dda\u0dc2 \u0db4\u0dbb\u0dd2\u0db4\u0dcf\u0dbd\u0db1 \u0d9a\u0dbd\u0dcf\u0db4\u0dba)","zh_Hant_HK":"\u0da0\u0dd3\u0db1 (\u0dc3\u0dcf\u0db8\u0dca\u0db4\u0dca\u200d\u0dbb\u0daf\u0dcf\u0dba\u0dd2\u0d9a, \u0dc4\u0ddc\u0d82\u0d9a\u0ddc\u0d82 \u0da0\u0dd3\u0db1 \u0dc0\u0dd2\u0dc1\u0dda\u0dc2 \u0db4\u0dbb\u0dd2\u0db4\u0dcf\u0dbd\u0db1 \u0d9a\u0dbd\u0dcf\u0db4\u0dba)","zh_Hant":"\u0da0\u0dd3\u0db1 (\u0dc3\u0dcf\u0db8\u0dca\u0db4\u0dca\u200d\u0dbb\u0daf\u0dcf\u0dba\u0dd2\u0d9a)","zh_SG":"\u0da0\u0dd3\u0db1 (\u0dc3\u0dd2\u0d82\u0d9c\u0db4\u0dca\u0db4\u0dd6\u0dbb\u0dd4\u0dc0)","zh_Hans_CN":"\u0da0\u0dd3\u0db1 (\u0dc3\u0dd4\u0dc5\u0dd4\u0d9a\u0dc5, \u0da0\u0dd3\u0db1\u0dba)","zh_Hans_MO":"\u0da0\u0dd3\u0db1 (\u0dc3\u0dd4\u0dc5\u0dd4\u0d9a\u0dc5, \u0db8\u0d9a\u0dcf\u0dc0\u0dd4 \u0da0\u0dd3\u0db1 \u0dc0\u0dd2\u0dc1\u0dda\u0dc2 \u0db4\u0dbb\u0dd2\u0db4\u0dcf\u0dbd\u0db1 \u0d9a\u0dbd\u0dcf\u0db4\u0dba)","zh_Hans_SG":"\u0da0\u0dd3\u0db1 (\u0dc3\u0dd4\u0dc5\u0dd4\u0d9a\u0dc5, \u0dc3\u0dd2\u0d82\u0d9c\u0db4\u0dca\u0db4\u0dd6\u0dbb\u0dd4\u0dc0)","zh_Hans_HK":"\u0da0\u0dd3\u0db1 (\u0dc3\u0dd4\u0dc5\u0dd4\u0d9a\u0dc5, \u0dc4\u0ddc\u0d82\u0d9a\u0ddc\u0d82 \u0da0\u0dd3\u0db1 \u0dc0\u0dd2\u0dc1\u0dda\u0dc2 \u0db4\u0dbb\u0dd2\u0db4\u0dcf\u0dbd\u0db1 \u0d9a\u0dbd\u0dcf\u0db4\u0dba)","zh_Hans":"\u0da0\u0dd3\u0db1 (\u0dc3\u0dd4\u0dc5\u0dd4\u0d9a\u0dc5)","zh_HK":"\u0da0\u0dd3\u0db1 (\u0dc4\u0ddc\u0d82\u0d9a\u0ddc\u0d82 \u0da0\u0dd3\u0db1 \u0dc0\u0dd2\u0dc1\u0dda\u0dc2 \u0db4\u0dbb\u0dd2\u0db4\u0dcf\u0dbd\u0db1 \u0d9a\u0dbd\u0dcf\u0db4\u0dba)","cs":"\u0da0\u0dd9\u0dad\u0dca","cs_CZ":"\u0da0\u0dd9\u0dad\u0dca (\u0da0\u0dd9\u0d9a\u0dca \u0da2\u0db1\u0dbb\u0da2\u0dba)","pa":"\u0da2\u0db1\u0dca\u0da2\u0dcf\u0db6\u0dd2","pa_Arab_PK":"\u0da2\u0db1\u0dca\u0da2\u0dcf\u0db6\u0dd2 (\u0d85\u0dbb\u0dcf\u0db6\u0dd2, \u0db4\u0dcf\u0d9a\u0dd2\u0dc3\u0dca\u0dad\u0dcf\u0db1\u0dba)","pa_Arab":"\u0da2\u0db1\u0dca\u0da2\u0dcf\u0db6\u0dd2 (\u0d85\u0dbb\u0dcf\u0db6\u0dd2)","pa_IN":"\u0da2\u0db1\u0dca\u0da2\u0dcf\u0db6\u0dd2 (\u0d89\u0db1\u0dca\u0daf\u0dd2\u0dba\u0dcf\u0dc0)","pa_Guru_IN":"\u0da2\u0db1\u0dca\u0da2\u0dcf\u0db6\u0dd2 (\u0d9c\u0dd4\u0dbb\u0dca\u0db8\u0dd4\u0d9b\u0dd2, \u0d89\u0db1\u0dca\u0daf\u0dd2\u0dba\u0dcf\u0dc0)","pa_Guru":"\u0da2\u0db1\u0dca\u0da2\u0dcf\u0db6\u0dd2 (\u0d9c\u0dd4\u0dbb\u0dca\u0db8\u0dd4\u0d9b\u0dd2)","pa_PK":"\u0da2\u0db1\u0dca\u0da2\u0dcf\u0db6\u0dd2 (\u0db4\u0dcf\u0d9a\u0dd2\u0dc3\u0dca\u0dad\u0dcf\u0db1\u0dba)","ja":"\u0da2\u0db4\u0db1\u0dca","ja_JP":"\u0da2\u0db4\u0db1\u0dca (\u0da2\u0db4\u0dcf\u0db1\u0dba)","de":"\u0da2\u0dbb\u0dca\u0db8\u0db1\u0dca","de_AT":"\u0da2\u0dbb\u0dca\u0db8\u0db1\u0dca (\u0d94\u0dc3\u0dca\u0da7\u0dca\u200d\u0dbb\u0dd2\u0dba\u0dcf\u0dc0)","de_DE":"\u0da2\u0dbb\u0dca\u0db8\u0db1\u0dca (\u0da2\u0dbb\u0dca\u0db8\u0db1\u0dd2\u0dba)","de_BE":"\u0da2\u0dbb\u0dca\u0db8\u0db1\u0dca (\u0db6\u0dd9\u0dbd\u0dca\u0da2\u0dd2\u0dba\u0db8)","de_LU":"\u0da2\u0dbb\u0dca\u0db8\u0db1\u0dca (\u0dbd\u0d9a\u0dca\u0dc1\u0db8\u0dca\u0db6\u0dbb\u0dca\u0d9c\u0dca)","de_LI":"\u0da2\u0dbb\u0dca\u0db8\u0db1\u0dca (\u0dbd\u0dd2\u0d9a\u0dca\u0da7\u0db1\u0dca\u0dc3\u0dca\u0da7\u0dba\u0dd2\u0db1\u0dca)","de_CH":"\u0da2\u0dbb\u0dca\u0db8\u0db1\u0dca (\u0dc3\u0dca\u0dc0\u0dd2\u0dc3\u0dca\u0da7\u0dbb\u0dca\u0dbd\u0db1\u0dca\u0dad\u0dba)","ka":"\u0da2\u0ddd\u0dbb\u0dca\u0da2\u0dd2\u0dba\u0dcf\u0db1\u0dd4","ka_GE":"\u0da2\u0ddd\u0dbb\u0dca\u0da2\u0dd2\u0dba\u0dcf\u0db1\u0dd4 (\u0da2\u0ddd\u0dbb\u0dca\u0da2\u0dd2\u0dba\u0dcf\u0dc0)","ti":"\u0da7\u0dd2\u0d9c\u0dca\u200d\u0dbb\u0dd2\u0db1\u0dca\u0dba\u0dcf","ti_ET":"\u0da7\u0dd2\u0d9c\u0dca\u200d\u0dbb\u0dd2\u0db1\u0dca\u0dba\u0dcf (\u0d89\u0dad\u0dd2\u0dba\u0ddd\u0db4\u0dd2\u0dba\u0dcf\u0dc0)","ti_ER":"\u0da7\u0dd2\u0d9c\u0dca\u200d\u0dbb\u0dd2\u0db1\u0dca\u0dba\u0dcf (\u0d91\u0dbb\u0dd2\u0dad\u0dca\u200d\u0dbb\u0dd2\u0dba\u0dcf\u0dc0)","bo":"\u0da7\u0dd2\u0db6\u0dd9\u0da7\u0dca","bo_IN":"\u0da7\u0dd2\u0db6\u0dd9\u0da7\u0dca (\u0d89\u0db1\u0dca\u0daf\u0dd2\u0dba\u0dcf\u0dc0)","bo_CN":"\u0da7\u0dd2\u0db6\u0dd9\u0da7\u0dca (\u0da0\u0dd3\u0db1\u0dba)","to":"\u0da7\u0ddc\u0d82\u0d9c\u0dcf","to_TO":"\u0da7\u0ddc\u0d82\u0d9c\u0dcf (\u0da7\u0ddc\u0d82\u0d9c\u0dcf)","da":"\u0da9\u0dd0\u0db1\u0dd2\u0dc1\u0dca","da_GL":"\u0da9\u0dd0\u0db1\u0dd2\u0dc1\u0dca (\u0d9c\u0dca\u200d\u0dbb\u0dd3\u0db1\u0dca\u0dbd\u0db1\u0dca\u0dad\u0dba)","da_DK":"\u0da9\u0dd0\u0db1\u0dd2\u0dc1\u0dca (\u0da9\u0dd9\u0db1\u0dca\u0db8\u0dcf\u0dbb\u0dca\u0d9a\u0dba)","dz":"\u0da9\u0dd2\u0dc3\u0ddc\u0db1\u0dca\u0d9a\u0dcf","dz_BT":"\u0da9\u0dd2\u0dc3\u0ddc\u0db1\u0dca\u0d9a\u0dcf (\u0db7\u0dd6\u0dad\u0dcf\u0db1\u0dba)","th":"\u0dad\u0dcf\u0dba\u0dd2","th_TH":"\u0dad\u0dcf\u0dba\u0dd2 (\u0dad\u0dcf\u0dba\u0dd2\u0dbd\u0db1\u0dca\u0dad\u0dba)","tr":"\u0dad\u0dd4\u0dbb\u0dca\u0d9a\u0dd2","tr_TR":"\u0dad\u0dd4\u0dbb\u0dca\u0d9a\u0dd2 (\u0dad\u0dd4\u0dbb\u0dca\u0d9a\u0dd2\u0dba)","tr_CY":"\u0dad\u0dd4\u0dbb\u0dca\u0d9a\u0dd2 (\u0dc3\u0dba\u0dd2\u0db4\u0dca\u200d\u0dbb\u0dc3\u0dba)","te":"\u0dad\u0dd9\u0dc5\u0dd2\u0d9f\u0dd4","te_IN":"\u0dad\u0dd9\u0dc5\u0dd2\u0d9f\u0dd4 (\u0d89\u0db1\u0dca\u0daf\u0dd2\u0dba\u0dcf\u0dc0)","ta":"\u0daf\u0dd9\u0db8\u0dc5","ta_IN":"\u0daf\u0dd9\u0db8\u0dc5 (\u0d89\u0db1\u0dca\u0daf\u0dd2\u0dba\u0dcf\u0dc0)","ta_MY":"\u0daf\u0dd9\u0db8\u0dc5 (\u0db8\u0dd0\u0dbd\u0dda\u0dc3\u0dd2\u0dba\u0dcf\u0dc0)","ta_LK":"\u0daf\u0dd9\u0db8\u0dc5 (\u0dc1\u0dca\u200d\u0dbb\u0dd3 \u0dbd\u0d82\u0d9a\u0dcf\u0dc0)","ta_SG":"\u0daf\u0dd9\u0db8\u0dc5 (\u0dc3\u0dd2\u0d82\u0d9c\u0db4\u0dca\u0db4\u0dd6\u0dbb\u0dd4\u0dc0)","ne":"\u0db1\u0dda\u0db4\u0dcf\u0dbd","ne_IN":"\u0db1\u0dda\u0db4\u0dcf\u0dbd (\u0d89\u0db1\u0dca\u0daf\u0dd2\u0dba\u0dcf\u0dc0)","ne_NP":"\u0db1\u0dda\u0db4\u0dcf\u0dbd (\u0db1\u0dda\u0db4\u0dcf\u0dbd\u0dba)","nn":"\u0db1\u0ddc\u0dc0\u0dda\u0dbb\u0dca\u0da2\u0dd2\u0dba\u0dcf\u0db1\u0dd4 \u0db1\u0dba\u0dd2\u0db1\u0ddd\u0dbb\u0dca\u0dc3\u0dca\u0d9a\u0dca","nn_NO":"\u0db1\u0ddc\u0dc0\u0dda\u0dbb\u0dca\u0da2\u0dd2\u0dba\u0dcf\u0db1\u0dd4 \u0db1\u0dba\u0dd2\u0db1\u0ddd\u0dbb\u0dca\u0dc3\u0dca\u0d9a\u0dca (\u0db1\u0ddd\u0dbb\u0dca\u0dc0\u0dda)","nb":"\u0db1\u0ddd\u0dc0\u0dda\u0da2\u0dd2\u0dba\u0dcf\u0db1\u0dd4 \u0db6\u0ddc\u0d9a\u0dca\u0db8\u0dcf\u0dbd\u0dca","nb_NO":"\u0db1\u0ddd\u0dc0\u0dda\u0da2\u0dd2\u0dba\u0dcf\u0db1\u0dd4 \u0db6\u0ddc\u0d9a\u0dca\u0db8\u0dcf\u0dbd\u0dca (\u0db1\u0ddd\u0dbb\u0dca\u0dc0\u0dda)","nb_SJ":"\u0db1\u0ddd\u0dc0\u0dda\u0da2\u0dd2\u0dba\u0dcf\u0db1\u0dd4 \u0db6\u0ddc\u0d9a\u0dca\u0db8\u0dcf\u0dbd\u0dca (\u0dc3\u0dca\u0dc0\u0dd9\u0dbd\u0dca\u0db6\u0dbb\u0dca\u0da9\u0dca \u0dc3\u0dc4 \u0da2\u0dda\u0db1\u0dca \u0db8\u0dba\u0dda\u0db1\u0dca)","fa":"\u0db4\u0dbb\u0dca\u0dc3\u0dd2\u0dba\u0dcf\u0db1\u0dd4","fa_AF":"\u0db4\u0dbb\u0dca\u0dc3\u0dd2\u0dba\u0dcf\u0db1\u0dd4 (\u0d87\u0dc6\u0dca\u0d9c\u0db1\u0dd2\u0dc3\u0dca\u0dae\u0dcf\u0db1\u0dba)","fa_IR":"\u0db4\u0dbb\u0dca\u0dc3\u0dd2\u0dba\u0dcf\u0db1\u0dd4 (\u0d89\u0dbb\u0dcf\u0db1\u0dba)","ps":"\u0db4\u0dc2\u0dca\u0da7\u0ddc","ps_AF":"\u0db4\u0dc2\u0dca\u0da7\u0ddc (\u0d87\u0dc6\u0dca\u0d9c\u0db1\u0dd2\u0dc3\u0dca\u0dae\u0dcf\u0db1\u0dba)","pt":"\u0db4\u0dd8\u0dad\u0dd4\u0d9c\u0dd3\u0dc3\u0dd2","pt_AO":"\u0db4\u0dd8\u0dad\u0dd4\u0d9c\u0dd3\u0dc3\u0dd2 (\u0d87\u0db1\u0dca\u0d9c\u0ddd\u0dbd\u0dcf\u0dc0)","pt_CV":"\u0db4\u0dd8\u0dad\u0dd4\u0d9c\u0dd3\u0dc3\u0dd2 (\u0d9a\u0dda\u0db4\u0dca \u0dc0\u0dbb\u0dca\u0da9\u0dca)","pt_GW":"\u0db4\u0dd8\u0dad\u0dd4\u0d9c\u0dd3\u0dc3\u0dd2 (\u0d9c\u0dd2\u0db1\u0dd2 \u0db6\u0dd2\u0dc3\u0dc0\u0dca)","pt_TL":"\u0db4\u0dd8\u0dad\u0dd4\u0d9c\u0dd3\u0dc3\u0dd2 (\u0da7\u0dd2\u0db8\u0ddd\u0dbb\u0dca - \u0dbd\u0dd9\u0dc3\u0dca\u0dad\u0dca)","pt_PT":"\u0db4\u0dd8\u0dad\u0dd4\u0d9c\u0dd3\u0dc3\u0dd2 (\u0db4\u0dd8\u0dad\u0dd4\u0d9c\u0dcf\u0dbd\u0dba)","pt_BR":"\u0db4\u0dd8\u0dad\u0dd4\u0d9c\u0dd3\u0dc3\u0dd2 (\u0db6\u0dca\u200d\u0dbb\u0dc3\u0dd3\u0dbd\u0dba)","pt_MO":"\u0db4\u0dd8\u0dad\u0dd4\u0d9c\u0dd3\u0dc3\u0dd2 (\u0db8\u0d9a\u0dcf\u0dc0\u0dd4 \u0da0\u0dd3\u0db1 \u0dc0\u0dd2\u0dc1\u0dda\u0dc2 \u0db4\u0dbb\u0dd2\u0db4\u0dcf\u0dbd\u0db1 \u0d9a\u0dbd\u0dcf\u0db4\u0dba)","pt_MZ":"\u0db4\u0dd8\u0dad\u0dd4\u0d9c\u0dd3\u0dc3\u0dd2 (\u0db8\u0ddc\u0dc3\u0dd0\u0db8\u0dca\u0db6\u0dd2\u0d9a\u0dca)","pt_ST":"\u0db4\u0dd8\u0dad\u0dd4\u0d9c\u0dd3\u0dc3\u0dd2 (\u0dc3\u0dcf\u0d95 \u0dad\u0ddd\u0db8\u0dca \u0dc3\u0dc4 \u0db4\u0dca\u200d\u0dbb\u0dd2\u0db1\u0dca\u0dc3\u0dd2\u0db4\u0dca)","pl":"\u0db4\u0ddd\u0dbd\u0db1\u0dca\u0dad","pl_PL":"\u0db4\u0ddd\u0dbd\u0db1\u0dca\u0dad (\u0db4\u0ddd\u0dbd\u0db1\u0dca\u0dad\u0dba)","fr":"\u0db4\u0dca\u200d\u0dbb\u0d82\u0dc1","fr_DZ":"\u0db4\u0dca\u200d\u0dbb\u0d82\u0dc1 (\u0d87\u0dbd\u0dca\u0da2\u0dd3\u0dbb\u0dd2\u0dba\u0dcf\u0dc0)","fr_CA":"\u0db4\u0dca\u200d\u0dbb\u0d82\u0dc1 (\u0d9a\u0dd0\u0db1\u0da9\u0dcf\u0dc0)","fr_CM":"\u0db4\u0dca\u200d\u0dbb\u0d82\u0dc1 (\u0d9a\u0dd0\u0db8\u0dbb\u0dd6\u0db1\u0dca)","fr_CD":"\u0db4\u0dca\u200d\u0dbb\u0d82\u0dc1 (\u0d9a\u0ddc\u0d82\u0d9c\u0ddc - \u0d9a\u0dd2\u0db1\u0dca\u0dc1\u0dcf\u0dc3\u0dcf)","fr_CG":"\u0db4\u0dca\u200d\u0dbb\u0d82\u0dc1 (\u0d9a\u0ddc\u0d82\u0d9c\u0ddc - \u0db6\u0dca\u200d\u0dbb\u0dc3\u0dcf\u0dc0\u0dd2\u0dbd\u0dca)","fr_KM":"\u0db4\u0dca\u200d\u0dbb\u0d82\u0dc1 (\u0d9a\u0ddc\u0db8\u0ddc\u0dbb\u0ddd\u0dc3\u0dca)","fr_CI":"\u0db4\u0dca\u200d\u0dbb\u0d82\u0dc1 (\u0d9a\u0ddd\u0da7\u0dca \u0daf\u0dd2 \u0d85\u0dba\u0dd2\u0dc0\u0dbb\u0dd2)","fr_GA":"\u0db4\u0dca\u200d\u0dbb\u0d82\u0dc1 (\u0d9c\u0dd0\u0db6\u0ddc\u0db1\u0dca)","fr_GN":"\u0db4\u0dca\u200d\u0dbb\u0d82\u0dc1 (\u0d9c\u0dd2\u0dab\u0dd2\u0dba\u0dcf\u0dc0)","fr_GP":"\u0db4\u0dca\u200d\u0dbb\u0d82\u0dc1 (\u0d9c\u0dca\u0dc0\u0ddd\u0da9\u0dbd\u0ddd\u0db4\u0dca)","fr_TD":"\u0db4\u0dca\u200d\u0dbb\u0d82\u0dc1 (\u0da0\u0dd0\u0da0\u0dca)","fr_DJ":"\u0db4\u0dca\u200d\u0dbb\u0d82\u0dc1 (\u0da2\u0dd2\u0db6\u0dd4\u0da7\u0dd2)","fr_TN":"\u0db4\u0dca\u200d\u0dbb\u0d82\u0dc1 (\u0da7\u0dd2\u0dba\u0dd4\u0db1\u0dd3\u0dc3\u0dd2\u0dba\u0dcf\u0dc0)","fr_TG":"\u0db4\u0dca\u200d\u0dbb\u0d82\u0dc1 (\u0da7\u0ddc\u0d9c\u0ddd)","fr_NE":"\u0db4\u0dca\u200d\u0dbb\u0d82\u0dc1 (\u0db1\u0dba\u0dd2\u0da2\u0dbb\u0dca)","fr_NC":"\u0db4\u0dca\u200d\u0dbb\u0d82\u0dc1 (\u0db1\u0dc0 \u0d9a\u0dd0\u0dbd\u0dd2\u0da9\u0ddd\u0db1\u0dd2\u0dba\u0dcf\u0dc0)","fr_GF":"\u0db4\u0dca\u200d\u0dbb\u0d82\u0dc1 (\u0db4\u0dca\u200d\u0dbb\u0d82\u0dc1 \u0d9c\u0dba\u0db1\u0dcf\u0dc0)","fr_PF":"\u0db4\u0dca\u200d\u0dbb\u0d82\u0dc1 (\u0db4\u0dca\u200d\u0dbb\u0d82\u0dc1 \u0db4\u0ddc\u0dbd\u0dd2\u0db1\u0dd3\u0dc3\u0dd2\u0dba\u0dcf\u0dc0)","fr_FR":"\u0db4\u0dca\u200d\u0dbb\u0d82\u0dc1 (\u0db4\u0dca\u200d\u0dbb\u0d82\u0dc1\u0dba)","fr_BF":"\u0db4\u0dca\u200d\u0dbb\u0d82\u0dc1 (\u0db6\u0dbb\u0dca\u0d9a\u0dd2\u0db1\u0dcf \u0dc6\u0dcf\u0dc3\u0ddd)","fr_BI":"\u0db4\u0dca\u200d\u0dbb\u0d82\u0dc1 (\u0db6\u0dd4\u0dbb\u0dd4\u0db1\u0dca\u0daf\u0dd2)","fr_BJ":"\u0db4\u0dca\u200d\u0dbb\u0d82\u0dc1 (\u0db6\u0dd9\u0db1\u0dd2\u0db1\u0dca)","fr_BE":"\u0db4\u0dca\u200d\u0dbb\u0d82\u0dc1 (\u0db6\u0dd9\u0dbd\u0dca\u0da2\u0dd2\u0dba\u0db8)","fr_CF":"\u0db4\u0dca\u200d\u0dbb\u0d82\u0dc1 (\u0db8\u0db0\u0dca\u200d\u0dba\u0db8 \u0d85\u0db4\u0dca\u200d\u0dbb\u0dd2\u0d9a\u0dcf\u0db1\u0dd4 \u0da2\u0db1\u0dbb\u0da2\u0dba)","fr_YT":"\u0db4\u0dca\u200d\u0dbb\u0d82\u0dc1 (\u0db8\u0dba\u0ddd\u0da7\u0dca)","fr_MQ":"\u0db4\u0dca\u200d\u0dbb\u0d82\u0dc1 (\u0db8\u0dbb\u0dca\u0da7\u0dd2\u0db1\u0dd2\u0d9a\u0dca)","fr_ML":"\u0db4\u0dca\u200d\u0dbb\u0d82\u0dc1 (\u0db8\u0dcf\u0dbd\u0dd2)","fr_MG":"\u0db4\u0dca\u200d\u0dbb\u0d82\u0dc1 (\u0db8\u0dd0\u0da9\u0d9c\u0dc3\u0dca\u0d9a\u0dbb\u0dba)","fr_MU":"\u0db4\u0dca\u200d\u0dbb\u0d82\u0dc1 (\u0db8\u0dd4\u0dbb\u0dd4\u0dc3\u0dd2\u0dba)","fr_MC":"\u0db4\u0dca\u200d\u0dbb\u0d82\u0dc1 (\u0db8\u0ddc\u0db1\u0dd0\u0d9a\u0ddd\u0dc0)","fr_MR":"\u0db4\u0dca\u200d\u0dbb\u0d82\u0dc1 (\u0db8\u0ddc\u0dbb\u0dd2\u0da7\u0dda\u0db1\u0dd2\u0dba\u0dcf\u0dc0)","fr_MA":"\u0db4\u0dca\u200d\u0dbb\u0d82\u0dc1 (\u0db8\u0ddc\u0dbb\u0ddc\u0d9a\u0dca\u0d9a\u0ddd\u0dc0)","fr_RE":"\u0db4\u0dca\u200d\u0dbb\u0d82\u0dc1 (\u0dbb\u0dd3\u0dba\u0dd4\u0db1\u0dd2\u0dba\u0db1\u0dca)","fr_RW":"\u0db4\u0dca\u200d\u0dbb\u0d82\u0dc1 (\u0dbb\u0dd4\u0dc0\u0db1\u0dca\u0da9\u0dcf\u0dc0)","fr_LU":"\u0db4\u0dca\u200d\u0dbb\u0d82\u0dc1 (\u0dbd\u0d9a\u0dca\u0dc1\u0db8\u0dca\u0db6\u0dbb\u0dca\u0d9c\u0dca)","fr_VU":"\u0db4\u0dca\u200d\u0dbb\u0d82\u0dc1 (\u0dc0\u0db1\u0dd4\u0dc0\u0dcf\u0da7\u0dd4)","fr_WF":"\u0db4\u0dca\u200d\u0dbb\u0d82\u0dc1 (\u0dc0\u0dd0\u0dbd\u0dd2\u0dc3\u0dca \u0dc3\u0dc4 \u0dc6\u0dd4\u0da7\u0dd4\u0db1\u0dcf)","fr_PM":"\u0db4\u0dca\u200d\u0dbb\u0d82\u0dc1 (\u0dc1\u0dcf\u0db1\u0dca\u0dad \u0db4\u0dd2\u0dba\u0dbb\u0dda \u0dc3\u0dc4 \u0db8\u0dd0\u0d9a\u0ddd\u0dbd\u0db1\u0dca)","fr_BL":"\u0db4\u0dca\u200d\u0dbb\u0d82\u0dc1 (\u0dc1\u0dcf\u0db1\u0dca\u0dad \u0db6\u0dbb\u0dca\u0dad\u0dbd\u0dd9\u0db8\u0dd2)","fr_MF":"\u0db4\u0dca\u200d\u0dbb\u0d82\u0dc1 (\u0dc1\u0dcf\u0db1\u0dca\u0dad \u0db8\u0dcf\u0dbb\u0dca\u0da7\u0dd2\u0db1\u0dca)","fr_GQ":"\u0db4\u0dca\u200d\u0dbb\u0d82\u0dc1 (\u0dc3\u0db8\u0d9a \u0d9c\u0dd2\u0db1\u0dd2\u0dba\u0dcf\u0dc0)","fr_SY":"\u0db4\u0dca\u200d\u0dbb\u0d82\u0dc1 (\u0dc3\u0dd2\u0dbb\u0dd2\u0dba\u0dcf\u0dc0)","fr_SC":"\u0db4\u0dca\u200d\u0dbb\u0d82\u0dc1 (\u0dc3\u0dd3\u0dc1\u0dd9\u0dbd\u0dca\u0dc3\u0dca)","fr_SN":"\u0db4\u0dca\u200d\u0dbb\u0d82\u0dc1 (\u0dc3\u0dd9\u0db1\u0d9c\u0dcf\u0dbd\u0dba)","fr_CH":"\u0db4\u0dca\u200d\u0dbb\u0d82\u0dc1 (\u0dc3\u0dca\u0dc0\u0dd2\u0dc3\u0dca\u0da7\u0dbb\u0dca\u0dbd\u0db1\u0dca\u0dad\u0dba)","fr_HT":"\u0db4\u0dca\u200d\u0dbb\u0d82\u0dc1 (\u0dc4\u0dba\u0dd2\u0da7\u0dd2)","fy":"\u0db6\u0da7\u0dc4\u0dd2\u0dbb \u0dc6\u0dca\u200d\u0dbb\u0dd2\u0dc3\u0dd2\u0dba\u0dcf\u0db1\u0dd4","fy_NL":"\u0db6\u0da7\u0dc4\u0dd2\u0dbb \u0dc6\u0dca\u200d\u0dbb\u0dd2\u0dc3\u0dd2\u0dba\u0dcf\u0db1\u0dd4 (\u0db1\u0dd9\u0daf\u0dbb\u0dca\u0dbd\u0db1\u0dca\u0dad\u0dba)","bm":"\u0db6\u0db8\u0dca\u0db6\u0dbb\u0dcf","bm_Latn_ML":"\u0db6\u0db8\u0dca\u0db6\u0dbb\u0dcf (\u0dbd\u0dad\u0dd2\u0db1\u0dca, \u0db8\u0dcf\u0dbd\u0dd2)","bm_Latn":"\u0db6\u0db8\u0dca\u0db6\u0dbb\u0dcf (\u0dbd\u0dad\u0dd2\u0db1\u0dca)","bg":"\u0db6\u0dbd\u0dca\u0d9c\u0dda\u0dbb\u0dd2\u0dba\u0dcf\u0db1\u0dd4","bg_BG":"\u0db6\u0dbd\u0dca\u0d9c\u0dda\u0dbb\u0dd2\u0dba\u0dcf\u0db1\u0dd4 (\u0db6\u0dbd\u0dca\u0d9c\u0dda\u0dbb\u0dd2\u0dba\u0dcf\u0dc0)","my":"\u0db6\u0dd4\u0dbb\u0dd4\u0db8","my_MM":"\u0db6\u0dd4\u0dbb\u0dd4\u0db8 (\u0db8\u0dd2\u0dba\u0db1\u0dca\u0db8\u0dcf\u0dbb\u0dba (\u0db6\u0dd4\u0dbb\u0dd4\u0db8\u0dba))","bn":"\u0db6\u0dd9\u0d82\u0d9c\u0dcf\u0dbd\u0dd2","bn_IN":"\u0db6\u0dd9\u0d82\u0d9c\u0dcf\u0dbd\u0dd2 (\u0d89\u0db1\u0dca\u0daf\u0dd2\u0dba\u0dcf\u0dc0)","bn_BD":"\u0db6\u0dd9\u0d82\u0d9c\u0dcf\u0dbd\u0dd2 (\u0db6\u0d82\u0d9c\u0dca\u0dbd\u0dcf\u0daf\u0dda\u0dc1\u0dba)","be":"\u0db6\u0dd9\u0dbd\u0dbb\u0dd4\u0dc3\u0dd2\u0dba\u0dcf\u0db1\u0dd4","be_BY":"\u0db6\u0dd9\u0dbd\u0dbb\u0dd4\u0dc3\u0dd2\u0dba\u0dcf\u0db1\u0dd4 (\u0db6\u0dd9\u0dbd\u0dbb\u0dd4\u0dc3\u0dca)","eu":"\u0db6\u0ddc\u0dc3\u0dca\u0d9a\u0ddd","eu_ES":"\u0db6\u0ddc\u0dc3\u0dca\u0d9a\u0ddd (\u0dc3\u0dca\u0db4\u0dcf\u0da4\u0dca\u0da4\u0dba)","bs":"\u0db6\u0ddc\u0dc3\u0dca\u0db1\u0dd2\u0dba\u0dcf\u0db1\u0dd4","bs_BA":"\u0db6\u0ddc\u0dc3\u0dca\u0db1\u0dd2\u0dba\u0dcf\u0db1\u0dd4 (\u0db6\u0ddc\u0dc3\u0dca\u0db1\u0dd2\u0dba\u0dcf\u0dc0 \u0dc3\u0dc4 \u0dc4\u0dbb\u0dca\u0dc3\u0d9c\u0ddc\u0dc0\u0dd3\u0db1\u0dcf\u0dc0)","bs_Latn_BA":"\u0db6\u0ddc\u0dc3\u0dca\u0db1\u0dd2\u0dba\u0dcf\u0db1\u0dd4 (\u0dbd\u0dad\u0dd2\u0db1\u0dca, \u0db6\u0ddc\u0dc3\u0dca\u0db1\u0dd2\u0dba\u0dcf\u0dc0 \u0dc3\u0dc4 \u0dc4\u0dbb\u0dca\u0dc3\u0d9c\u0ddc\u0dc0\u0dd3\u0db1\u0dcf\u0dc0)","bs_Latn":"\u0db6\u0ddc\u0dc3\u0dca\u0db1\u0dd2\u0dba\u0dcf\u0db1\u0dd4 (\u0dbd\u0dad\u0dd2\u0db1\u0dca)","bs_Cyrl_BA":"\u0db6\u0ddc\u0dc3\u0dca\u0db1\u0dd2\u0dba\u0dcf\u0db1\u0dd4 (\u0dc3\u0dd2\u0dbb\u0dd2\u0dbd\u0dd2\u0d9a\u0dca, \u0db6\u0ddc\u0dc3\u0dca\u0db1\u0dd2\u0dba\u0dcf\u0dc0 \u0dc3\u0dc4 \u0dc4\u0dbb\u0dca\u0dc3\u0d9c\u0ddc\u0dc0\u0dd3\u0db1\u0dcf\u0dc0)","bs_Cyrl":"\u0db6\u0ddc\u0dc3\u0dca\u0db1\u0dd2\u0dba\u0dcf\u0db1\u0dd4 (\u0dc3\u0dd2\u0dbb\u0dd2\u0dbd\u0dd2\u0d9a\u0dca)","br":"\u0db6\u0dca\u200d\u0dbb\u0dda\u0da7\u0ddc\u0db1\u0dca","br_FR":"\u0db6\u0dca\u200d\u0dbb\u0dda\u0da7\u0ddc\u0db1\u0dca (\u0db4\u0dca\u200d\u0dbb\u0d82\u0dc1\u0dba)","mr":"\u0db8\u0dbb\u0dcf\u0dad\u0dd2","mr_IN":"\u0db8\u0dbb\u0dcf\u0dad\u0dd2 (\u0d89\u0db1\u0dca\u0daf\u0dd2\u0dba\u0dcf\u0dc0)","mg":"\u0db8\u0dbd\u0d9c\u0dcf\u0dc3\u0dd2","mg_MG":"\u0db8\u0dbd\u0d9c\u0dcf\u0dc3\u0dd2 (\u0db8\u0dd0\u0da9\u0d9c\u0dc3\u0dca\u0d9a\u0dbb\u0dba)","ml":"\u0db8\u0dbd\u0dba\u0dcf\u0dbd\u0db8\u0dca","ml_IN":"\u0db8\u0dbd\u0dba\u0dcf\u0dbd\u0db8\u0dca (\u0d89\u0db1\u0dca\u0daf\u0dd2\u0dba\u0dcf\u0dc0)","gv":"\u0db8\u0dd0\u0db1\u0dca\u0d9a\u0dca\u0dc3\u0dca","gv_IM":"\u0db8\u0dd0\u0db1\u0dca\u0d9a\u0dca\u0dc3\u0dca (\u0d85\u0dba\u0dd2\u0dbd\u0dca \u0d94\u0dc6\u0dca \u0db8\u0dd1\u0db1\u0dca)","ms":"\u0db8\u0dd0\u0dbd\u0dda","ms_BN":"\u0db8\u0dd0\u0dbd\u0dda (\u0db6\u0df2\u0db1\u0dcf\u0dba\u0dd2)","ms_MY":"\u0db8\u0dd0\u0dbd\u0dda (\u0db8\u0dd0\u0dbd\u0dda\u0dc3\u0dd2\u0dba\u0dcf\u0dc0)","ms_Latn_BN":"\u0db8\u0dd0\u0dbd\u0dda (\u0dbd\u0dad\u0dd2\u0db1\u0dca, \u0db6\u0df2\u0db1\u0dcf\u0dba\u0dd2)","ms_Latn_MY":"\u0db8\u0dd0\u0dbd\u0dda (\u0dbd\u0dad\u0dd2\u0db1\u0dca, \u0db8\u0dd0\u0dbd\u0dda\u0dc3\u0dd2\u0dba\u0dcf\u0dc0)","ms_Latn_SG":"\u0db8\u0dd0\u0dbd\u0dda (\u0dbd\u0dad\u0dd2\u0db1\u0dca, \u0dc3\u0dd2\u0d82\u0d9c\u0db4\u0dca\u0db4\u0dd6\u0dbb\u0dd4\u0dc0)","ms_Latn":"\u0db8\u0dd0\u0dbd\u0dda (\u0dbd\u0dad\u0dd2\u0db1\u0dca)","ms_SG":"\u0db8\u0dd0\u0dbd\u0dda (\u0dc3\u0dd2\u0d82\u0d9c\u0db4\u0dca\u0db4\u0dd6\u0dbb\u0dd4\u0dc0)","mk":"\u0db8\u0dd0\u0dc3\u0dd2\u0da9\u0ddd\u0db1\u0dd2\u0dba\u0dcf\u0db1\u0dd4","mk_MK":"\u0db8\u0dd0\u0dc3\u0dd2\u0da9\u0ddd\u0db1\u0dd2\u0dba\u0dcf\u0db1\u0dd4 (\u0db8\u0dd0\u0dc3\u0dd2\u0da9\u0ddd\u0db1\u0dd2\u0dba\u0dcf\u0dc0)","mn":"\u0db8\u0ddc\u0d82\u0d9c\u0ddd\u0dbd\u0dd2\u0dba\u0dcf\u0db1\u0dd4","mn_MN":"\u0db8\u0ddc\u0d82\u0d9c\u0ddd\u0dbd\u0dd2\u0dba\u0dcf\u0db1\u0dd4 (\u0db8\u0ddc\u0db1\u0dca\u0d9c\u0ddd\u0dbd\u0dd2\u0dba\u0dcf\u0dc0)","mn_Cyrl_MN":"\u0db8\u0ddc\u0d82\u0d9c\u0ddd\u0dbd\u0dd2\u0dba\u0dcf\u0db1\u0dd4 (\u0dc3\u0dd2\u0dbb\u0dd2\u0dbd\u0dd2\u0d9a\u0dca, \u0db8\u0ddc\u0db1\u0dca\u0d9c\u0ddd\u0dbd\u0dd2\u0dba\u0dcf\u0dc0)","mn_Cyrl":"\u0db8\u0ddc\u0d82\u0d9c\u0ddd\u0dbd\u0dd2\u0dba\u0dcf\u0db1\u0dd4 (\u0dc3\u0dd2\u0dbb\u0dd2\u0dbd\u0dd2\u0d9a\u0dca)","mt":"\u0db8\u0ddc\u0dbd\u0dca\u0da7\u0dd2\u0dc3\u0dca","mt_MT":"\u0db8\u0ddc\u0dbd\u0dca\u0da7\u0dd2\u0dc3\u0dca (\u0db8\u0ddd\u0dbd\u0dca\u0da7\u0dcf\u0dc0)","uk":"\u0dba\u0dd4\u0d9a\u0dca\u0dbb\u0dda\u0db1\u0dd2\u0dba\u0dcf\u0db1\u0dd4","uk_UA":"\u0dba\u0dd4\u0d9a\u0dca\u0dbb\u0dda\u0db1\u0dd2\u0dba\u0dcf\u0db1\u0dd4 (\u0dba\u0dd4\u0d9a\u0dca\u0dbb\u0dda\u0db1\u0dba)","yo":"\u0dba\u0ddc\u0dbb\u0dd6\u0db6\u0dcf","yo_NG":"\u0dba\u0ddc\u0dbb\u0dd6\u0db6\u0dcf (\u0db1\u0dba\u0dd2\u0da2\u0dd3\u0dbb\u0dd2\u0dba\u0dcf\u0dc0)","yo_BJ":"\u0dba\u0ddc\u0dbb\u0dd6\u0db6\u0dcf (\u0db6\u0dd9\u0db1\u0dd2\u0db1\u0dca)","rn":"\u0dbb\u0dd4\u0db1\u0dca\u0da9\u0dd2","rn_BI":"\u0dbb\u0dd4\u0db1\u0dca\u0da9\u0dd2 (\u0db6\u0dd4\u0dbb\u0dd4\u0db1\u0dca\u0daf\u0dd2)","ru":"\u0dbb\u0dd4\u0dc3\u0dd2\u0dba\u0dcf\u0db1\u0dd4","ru_KZ":"\u0dbb\u0dd4\u0dc3\u0dd2\u0dba\u0dcf\u0db1\u0dd4 (\u0d9a\u0dc3\u0d9a\u0dc3\u0dca\u0dad\u0dcf\u0db1\u0dba)","ru_KG":"\u0dbb\u0dd4\u0dc3\u0dd2\u0dba\u0dcf\u0db1\u0dd4 (\u0d9a\u0dd2\u0dbb\u0dca\u0d9c\u0dd2\u0dc3\u0dca\u0dad\u0dcf\u0db1\u0dba)","ru_BY":"\u0dbb\u0dd4\u0dc3\u0dd2\u0dba\u0dcf\u0db1\u0dd4 (\u0db6\u0dd9\u0dbd\u0dbb\u0dd4\u0dc3\u0dca)","ru_MD":"\u0dbb\u0dd4\u0dc3\u0dd2\u0dba\u0dcf\u0db1\u0dd4 (\u0db8\u0ddc\u0dbd\u0dca\u0da9\u0ddd\u0dc0\u0dcf\u0dc0)","ru_UA":"\u0dbb\u0dd4\u0dc3\u0dd2\u0dba\u0dcf\u0db1\u0dd4 (\u0dba\u0dd4\u0d9a\u0dca\u0dbb\u0dda\u0db1\u0dba)","ru_RU":"\u0dbb\u0dd4\u0dc3\u0dd2\u0dba\u0dcf\u0db1\u0dd4 (\u0dbb\u0dd4\u0dc3\u0dd2\u0dba\u0dcf\u0dc0)","rm":"\u0dbb\u0ddc\u0db8\u0dd1\u0db1\u0dca\u0dc1\u0dca","rm_CH":"\u0dbb\u0ddc\u0db8\u0dd1\u0db1\u0dca\u0dc1\u0dca (\u0dc3\u0dca\u0dc0\u0dd2\u0dc3\u0dca\u0da7\u0dbb\u0dca\u0dbd\u0db1\u0dca\u0dad\u0dba)","ro":"\u0dbb\u0ddc\u0db8\u0dda\u0db1\u0dd2\u0dba\u0dcf\u0db1\u0dd4","ro_MD":"\u0dbb\u0ddc\u0db8\u0dda\u0db1\u0dd2\u0dba\u0dcf\u0db1\u0dd4 (\u0db8\u0ddc\u0dbd\u0dca\u0da9\u0ddd\u0dc0\u0dcf\u0dc0)","ro_RO":"\u0dbb\u0ddc\u0db8\u0dda\u0db1\u0dd2\u0dba\u0dcf\u0db1\u0dd4 (\u0dbb\u0dd4\u0db8\u0dda\u0db1\u0dd2\u0dba\u0dcf\u0dc0)","lb":"\u0dbd\u0d9a\u0dca\u0dc3\u0dd0\u0db8\u0dca\u0db6\u0dbb\u0dca\u0d9c\u0dca","lb_LU":"\u0dbd\u0d9a\u0dca\u0dc3\u0dd0\u0db8\u0dca\u0db6\u0dbb\u0dca\u0d9c\u0dca (\u0dbd\u0d9a\u0dca\u0dc1\u0db8\u0dca\u0db6\u0dbb\u0dca\u0d9c\u0dca)","nl":"\u0dbd\u0db1\u0dca\u0daf\u0dda\u0dc3\u0dd2","nl_AW":"\u0dbd\u0db1\u0dca\u0daf\u0dda\u0dc3\u0dd2 (\u0d85\u0dbb\u0dd4\u0db6\u0dcf\u0dc0)","nl_BQ":"\u0dbd\u0db1\u0dca\u0daf\u0dda\u0dc3\u0dd2 (\u0d9a\u0dd0\u0dbb\u0dd2\u0db6\u0dd2\u0dba\u0dcf\u0db1\u0dd4 \u0db1\u0dd9\u0daf\u0dbb\u0dca\u0dbd\u0db1\u0dca\u0dad\u0dba)","nl_CW":"\u0dbd\u0db1\u0dca\u0daf\u0dda\u0dc3\u0dd2 (\u0d9a\u0dd4\u0dbb\u0d9a\u0dcf\u0dc0\u0ddd)","nl_NL":"\u0dbd\u0db1\u0dca\u0daf\u0dda\u0dc3\u0dd2 (\u0db1\u0dd9\u0daf\u0dbb\u0dca\u0dbd\u0db1\u0dca\u0dad\u0dba)","nl_BE":"\u0dbd\u0db1\u0dca\u0daf\u0dda\u0dc3\u0dd2 (\u0db6\u0dd9\u0dbd\u0dca\u0da2\u0dd2\u0dba\u0db8)","nl_SX":"\u0dbd\u0db1\u0dca\u0daf\u0dda\u0dc3\u0dd2 (\u0dc1\u0dcf\u0db1\u0dca\u0dad \u0db8\u0dcf\u0dbb\u0dca\u0da7\u0dd9\u0db1\u0dca)","nl_SR":"\u0dbd\u0db1\u0dca\u0daf\u0dda\u0dc3\u0dd2 (\u0dc3\u0dd4\u0dbb\u0dd2\u0db1\u0dcf\u0db8\u0dba)","lo":"\u0dbd\u0dcf\u0d95","lo_LA":"\u0dbd\u0dcf\u0d95 (\u0dbd\u0dcf\u0d95\u0dc3\u0dba)","lv":"\u0dbd\u0dd0\u0da7\u0dca\u0dc0\u0dd2\u0dba\u0dcf\u0db1\u0dd4","lv_LV":"\u0dbd\u0dd0\u0da7\u0dca\u0dc0\u0dd2\u0dba\u0dcf\u0db1\u0dd4 (\u0dbd\u0dd0\u0da7\u0dca\u0dc0\u0dd2\u0dba\u0dcf\u0dc0)","lt":"\u0dbd\u0dd2\u0dad\u0dd4\u0dc0\u0dda\u0db1\u0dd2\u0dba\u0dcf\u0db1\u0dd4","lt_LT":"\u0dbd\u0dd2\u0dad\u0dd4\u0dc0\u0dda\u0db1\u0dd2\u0dba\u0dcf\u0db1\u0dd4 (\u0dbd\u0dd2\u0dad\u0dd4\u0dc0\u0dda\u0db1\u0dd2\u0dba\u0dcf\u0dc0)","ln":"\u0dbd\u0dd2\u0db1\u0dca\u0d9c\u0dbd\u0dcf","ln_AO":"\u0dbd\u0dd2\u0db1\u0dca\u0d9c\u0dbd\u0dcf (\u0d87\u0db1\u0dca\u0d9c\u0ddd\u0dbd\u0dcf\u0dc0)","ln_CD":"\u0dbd\u0dd2\u0db1\u0dca\u0d9c\u0dbd\u0dcf (\u0d9a\u0ddc\u0d82\u0d9c\u0ddc - \u0d9a\u0dd2\u0db1\u0dca\u0dc1\u0dcf\u0dc3\u0dcf)","ln_CG":"\u0dbd\u0dd2\u0db1\u0dca\u0d9c\u0dbd\u0dcf (\u0d9a\u0ddc\u0d82\u0d9c\u0ddc - \u0db6\u0dca\u200d\u0dbb\u0dc3\u0dcf\u0dc0\u0dd2\u0dbd\u0dca)","ln_CF":"\u0dbd\u0dd2\u0db1\u0dca\u0d9c\u0dbd\u0dcf (\u0db8\u0db0\u0dca\u200d\u0dba\u0db8 \u0d85\u0db4\u0dca\u200d\u0dbb\u0dd2\u0d9a\u0dcf\u0db1\u0dd4 \u0da2\u0db1\u0dbb\u0da2\u0dba)","lu":"\u0dbd\u0dd4","lu_CD":"\u0dbd\u0dd4 (\u0d9a\u0ddc\u0d82\u0d9c\u0ddc - \u0d9a\u0dd2\u0db1\u0dca\u0dc1\u0dcf\u0dc3\u0dcf)","vi":"\u0dc0\u0dd2\u0dba\u0da7\u0dca\u0db1\u0dcf\u0db8\u0dca","vi_VN":"\u0dc0\u0dd2\u0dba\u0da7\u0dca\u0db1\u0dcf\u0db8\u0dca (\u0dc0\u0dd2\u0dba\u0da7\u0dca\u0db1\u0dcf\u0db8\u0dba)","cy":"\u0dc0\u0dda\u0dbd\u0dca\u0dc3\u0dca","cy_GB":"\u0dc0\u0dda\u0dbd\u0dca\u0dc3\u0dca (\u0d91\u0d9a\u0dca\u0dc3\u0dad\u0dca \u0dbb\u0dcf\u0da2\u0db0\u0dcf\u0db1\u0dd2\u0dba)","sn":"\u0dc1\u0ddd\u0db1\u0dcf","sn_ZW":"\u0dc1\u0ddd\u0db1\u0dcf (\u0dc3\u0dd2\u0db8\u0dca\u0db6\u0dcf\u0db6\u0dca\u0dc0\u0dda)","sg":"\u0dc3\u0db1\u0dca\u0d9c\u0dca\u200d\u0dbb\u0ddd","sg_CF":"\u0dc3\u0db1\u0dca\u0d9c\u0dca\u200d\u0dbb\u0ddd (\u0db8\u0db0\u0dca\u200d\u0dba\u0db8 \u0d85\u0db4\u0dca\u200d\u0dbb\u0dd2\u0d9a\u0dcf\u0db1\u0dd4 \u0da2\u0db1\u0dbb\u0da2\u0dba)","sr":"\u0dc3\u0dbb\u0dca\u0db6\u0dd2\u0dba\u0dcf\u0db1\u0dd4","sr_XK":"\u0dc3\u0dbb\u0dca\u0db6\u0dd2\u0dba\u0dcf\u0db1\u0dd4 (\u0d9a\u0ddc\u0dc3\u0ddd\u0dc0\u0ddd)","sr_BA":"\u0dc3\u0dbb\u0dca\u0db6\u0dd2\u0dba\u0dcf\u0db1\u0dd4 (\u0db6\u0ddc\u0dc3\u0dca\u0db1\u0dd2\u0dba\u0dcf\u0dc0 \u0dc3\u0dc4 \u0dc4\u0dbb\u0dca\u0dc3\u0d9c\u0ddc\u0dc0\u0dd3\u0db1\u0dcf\u0dc0)","sr_ME":"\u0dc3\u0dbb\u0dca\u0db6\u0dd2\u0dba\u0dcf\u0db1\u0dd4 (\u0db8\u0ddc\u0db1\u0dca\u0da7\u0dd9\u0db1\u0dd3\u0d9c\u0dca\u200d\u0dbb\u0ddd)","sr_Latn_XK":"\u0dc3\u0dbb\u0dca\u0db6\u0dd2\u0dba\u0dcf\u0db1\u0dd4 (\u0dbd\u0dad\u0dd2\u0db1\u0dca, \u0d9a\u0ddc\u0dc3\u0ddd\u0dc0\u0ddd)","sr_Latn_BA":"\u0dc3\u0dbb\u0dca\u0db6\u0dd2\u0dba\u0dcf\u0db1\u0dd4 (\u0dbd\u0dad\u0dd2\u0db1\u0dca, \u0db6\u0ddc\u0dc3\u0dca\u0db1\u0dd2\u0dba\u0dcf\u0dc0 \u0dc3\u0dc4 \u0dc4\u0dbb\u0dca\u0dc3\u0d9c\u0ddc\u0dc0\u0dd3\u0db1\u0dcf\u0dc0)","sr_Latn_ME":"\u0dc3\u0dbb\u0dca\u0db6\u0dd2\u0dba\u0dcf\u0db1\u0dd4 (\u0dbd\u0dad\u0dd2\u0db1\u0dca, \u0db8\u0ddc\u0db1\u0dca\u0da7\u0dd9\u0db1\u0dd3\u0d9c\u0dca\u200d\u0dbb\u0ddd)","sr_Latn_RS":"\u0dc3\u0dbb\u0dca\u0db6\u0dd2\u0dba\u0dcf\u0db1\u0dd4 (\u0dbd\u0dad\u0dd2\u0db1\u0dca, \u0dc3\u0dbb\u0dca\u0db6\u0dd2\u0dba\u0dcf\u0dc0)","sr_Latn":"\u0dc3\u0dbb\u0dca\u0db6\u0dd2\u0dba\u0dcf\u0db1\u0dd4 (\u0dbd\u0dad\u0dd2\u0db1\u0dca)","sr_RS":"\u0dc3\u0dbb\u0dca\u0db6\u0dd2\u0dba\u0dcf\u0db1\u0dd4 (\u0dc3\u0dbb\u0dca\u0db6\u0dd2\u0dba\u0dcf\u0dc0)","sr_Cyrl_XK":"\u0dc3\u0dbb\u0dca\u0db6\u0dd2\u0dba\u0dcf\u0db1\u0dd4 (\u0dc3\u0dd2\u0dbb\u0dd2\u0dbd\u0dd2\u0d9a\u0dca, \u0d9a\u0ddc\u0dc3\u0ddd\u0dc0\u0ddd)","sr_Cyrl_BA":"\u0dc3\u0dbb\u0dca\u0db6\u0dd2\u0dba\u0dcf\u0db1\u0dd4 (\u0dc3\u0dd2\u0dbb\u0dd2\u0dbd\u0dd2\u0d9a\u0dca, \u0db6\u0ddc\u0dc3\u0dca\u0db1\u0dd2\u0dba\u0dcf\u0dc0 \u0dc3\u0dc4 \u0dc4\u0dbb\u0dca\u0dc3\u0d9c\u0ddc\u0dc0\u0dd3\u0db1\u0dcf\u0dc0)","sr_Cyrl_ME":"\u0dc3\u0dbb\u0dca\u0db6\u0dd2\u0dba\u0dcf\u0db1\u0dd4 (\u0dc3\u0dd2\u0dbb\u0dd2\u0dbd\u0dd2\u0d9a\u0dca, \u0db8\u0ddc\u0db1\u0dca\u0da7\u0dd9\u0db1\u0dd3\u0d9c\u0dca\u200d\u0dbb\u0ddd)","sr_Cyrl_RS":"\u0dc3\u0dbb\u0dca\u0db6\u0dd2\u0dba\u0dcf\u0db1\u0dd4 (\u0dc3\u0dd2\u0dbb\u0dd2\u0dbd\u0dd2\u0d9a\u0dca, \u0dc3\u0dbb\u0dca\u0db6\u0dd2\u0dba\u0dcf\u0dc0)","sr_Cyrl":"\u0dc3\u0dbb\u0dca\u0db6\u0dd2\u0dba\u0dcf\u0db1\u0dd4 (\u0dc3\u0dd2\u0dbb\u0dd2\u0dbd\u0dd2\u0d9a\u0dca)","si":"\u0dc3\u0dd2\u0d82\u0dc4\u0dbd","si_LK":"\u0dc3\u0dd2\u0d82\u0dc4\u0dbd (\u0dc1\u0dca\u200d\u0dbb\u0dd3 \u0dbd\u0d82\u0d9a\u0dcf\u0dc0)","ii":"\u0dc3\u0dd2\u0da0\u0dd4\u0d86\u0db1\u0dca \u0dba\u0dd3","ii_CN":"\u0dc3\u0dd2\u0da0\u0dd4\u0d86\u0db1\u0dca \u0dba\u0dd3 (\u0da0\u0dd3\u0db1\u0dba)","zu":"\u0dc3\u0dd4\u0dbd\u0dd4","zu_ZA":"\u0dc3\u0dd4\u0dbd\u0dd4 (\u0daf\u0d9a\u0dd4\u0dab\u0dd4 \u0d85\u0db4\u0dca\u200d\u0dbb\u0dd2\u0d9a\u0dcf\u0dc0)","so":"\u0dc3\u0ddd\u0db8\u0dcf\u0dbd\u0dd2","so_ET":"\u0dc3\u0ddd\u0db8\u0dcf\u0dbd\u0dd2 (\u0d89\u0dad\u0dd2\u0dba\u0ddd\u0db4\u0dd2\u0dba\u0dcf\u0dc0)","so_KE":"\u0dc3\u0ddd\u0db8\u0dcf\u0dbd\u0dd2 (\u0d9a\u0dd9\u0db1\u0dca\u0dba\u0dcf\u0dc0)","so_DJ":"\u0dc3\u0ddd\u0db8\u0dcf\u0dbd\u0dd2 (\u0da2\u0dd2\u0db6\u0dd4\u0da7\u0dd2)","so_SO":"\u0dc3\u0ddd\u0db8\u0dcf\u0dbd\u0dd2 (\u0dc3\u0ddd\u0db8\u0dcf\u0dbd\u0dd2\u0dba\u0dcf\u0dc0)","es":"\u0dc3\u0dca\u0db4\u0dcf\u0da4\u0dca\u0da4","es_AR":"\u0dc3\u0dca\u0db4\u0dcf\u0da4\u0dca\u0da4 (\u0d86\u0dbb\u0dca\u0da2\u0dd9\u0db1\u0dca\u0da7\u0dd2\u0db1\u0dcf\u0dc0)","es_EC":"\u0dc3\u0dca\u0db4\u0dcf\u0da4\u0dca\u0da4 (\u0d89\u0d9a\u0dca\u0dc0\u0daf\u0ddd\u0dbb\u0dba)","es_UY":"\u0dc3\u0dca\u0db4\u0dcf\u0da4\u0dca\u0da4 (\u0d8b\u0dbb\u0dd4\u0d9c\u0dd4\u0dc0\u0dda)","es_US":"\u0dc3\u0dca\u0db4\u0dcf\u0da4\u0dca\u0da4 (\u0d91\u0d9a\u0dca\u0dc3\u0dad\u0dca \u0da2\u0db1\u0db4\u0daf\u0dba)","es_SV":"\u0dc3\u0dca\u0db4\u0dcf\u0da4\u0dca\u0da4 (\u0d91\u0dbd\u0dca \u0dc3\u0dd0\u0dbd\u0dca\u0dc0\u0daf\u0ddd\u0dbb\u0dba)","es_IC":"\u0dc3\u0dca\u0db4\u0dcf\u0da4\u0dca\u0da4 (\u0d9a\u0dd0\u0db1\u0dbb\u0dd2 \u0dc3\u0dd6\u0db4\u0dad\u0dca)","es_CU":"\u0dc3\u0dca\u0db4\u0dcf\u0da4\u0dca\u0da4 (\u0d9a\u0dd2\u0dba\u0dd4\u0db6\u0dcf\u0dc0)","es_CR":"\u0dc3\u0dca\u0db4\u0dcf\u0da4\u0dca\u0da4 (\u0d9a\u0ddc\u0dc3\u0dca\u0da7\u0dbb\u0dd2\u0d9a\u0dcf\u0dc0)","es_CO":"\u0dc3\u0dca\u0db4\u0dcf\u0da4\u0dca\u0da4 (\u0d9a\u0ddc\u0dc5\u0ddc\u0db8\u0dca\u0db6\u0dd2\u0dba\u0dcf\u0dc0)","es_GT":"\u0dc3\u0dca\u0db4\u0dcf\u0da4\u0dca\u0da4 (\u0d9c\u0ddd\u0dad\u0db8\u0dcf\u0dbd\u0dcf\u0dc0)","es_CL":"\u0dc3\u0dca\u0db4\u0dcf\u0da4\u0dca\u0da4 (\u0da0\u0dd2\u0dbd\u0dd3)","es_DO":"\u0dc3\u0dca\u0db4\u0dcf\u0da4\u0dca\u0da4 (\u0da9\u0ddc\u0db8\u0dd2\u0db1\u0dd2\u0d9a\u0dcf \u0da2\u0db1\u0dbb\u0da2\u0dba)","es_NI":"\u0dc3\u0dca\u0db4\u0dcf\u0da4\u0dca\u0da4 (\u0db1\u0dd2\u0d9a\u0dbb\u0d9c\u0dd4\u0dc0\u0dcf\u0dc0)","es_PA":"\u0dc3\u0dca\u0db4\u0dcf\u0da4\u0dca\u0da4 (\u0db4\u0dd0\u0db1\u0db8\u0dcf\u0dc0)","es_PY":"\u0dc3\u0dca\u0db4\u0dcf\u0da4\u0dca\u0da4 (\u0db4\u0dd0\u0dbb\u0d9c\u0dd4\u0dc0\u0dda)","es_PH":"\u0dc3\u0dca\u0db4\u0dcf\u0da4\u0dca\u0da4 (\u0db4\u0dd2\u0dbd\u0dd2\u0db4\u0dd3\u0db1\u0dba)","es_PR":"\u0dc3\u0dca\u0db4\u0dcf\u0da4\u0dca\u0da4 (\u0db4\u0dd4\u0dc0\u0dbb\u0dca\u0da7\u0ddd \u0dbb\u0dd2\u0d9a\u0ddd)","es_PE":"\u0dc3\u0dca\u0db4\u0dcf\u0da4\u0dca\u0da4 (\u0db4\u0dda\u0dbb\u0dd4)","es_BO":"\u0dc3\u0dca\u0db4\u0dcf\u0da4\u0dca\u0da4 (\u0db6\u0ddc\u0dbd\u0dd3\u0dc0\u0dd2\u0dba\u0dcf\u0dc0)","es_MX":"\u0dc3\u0dca\u0db4\u0dcf\u0da4\u0dca\u0da4 (\u0db8\u0dd9\u0d9a\u0dca\u0dc3\u0dd2\u0d9a\u0ddd\u0dc0)","es_VE":"\u0dc3\u0dca\u0db4\u0dcf\u0da4\u0dca\u0da4 (\u0dc0\u0dd9\u0db1\u0dd2\u0dc3\u0dd2\u0dba\u0dd4\u0dbd\u0dcf\u0dc0)","es_GQ":"\u0dc3\u0dca\u0db4\u0dcf\u0da4\u0dca\u0da4 (\u0dc3\u0db8\u0d9a \u0d9c\u0dd2\u0db1\u0dd2\u0dba\u0dcf\u0dc0)","es_EA":"\u0dc3\u0dca\u0db4\u0dcf\u0da4\u0dca\u0da4 (\u0dc3\u0dd9\u0dba\u0dd4\u0da7\u0dcf \u0dc3\u0dc4 \u0db8\u0dd9\u0dbd\u0dd2\u0dbd\u0dca\u0dbd\u0dcf)","es_ES":"\u0dc3\u0dca\u0db4\u0dcf\u0da4\u0dca\u0da4 (\u0dc3\u0dca\u0db4\u0dcf\u0da4\u0dca\u0da4\u0dba)","es_HN":"\u0dc3\u0dca\u0db4\u0dcf\u0da4\u0dca\u0da4 (\u0dc4\u0ddc\u0db1\u0dca\u0da9\u0dd4\u0dbb\u0dcf\u0dc3\u0dca)","sk":"\u0dc3\u0dca\u0dbd\u0ddd\u0dc0\u0dd0\u0d9a\u0dca","sk_SK":"\u0dc3\u0dca\u0dbd\u0ddd\u0dc0\u0dd0\u0d9a\u0dca (\u0dc3\u0dca\u0dbd\u0ddd\u0dc0\u0dd0\u0d9a\u0dd2\u0dba\u0dcf\u0dc0)","sl":"\u0dc3\u0dca\u0dbd\u0ddd\u0dc0\u0dda\u0db1\u0dd2\u0dba\u0dcf\u0db1\u0dd4","sl_SI":"\u0dc3\u0dca\u0dbd\u0ddd\u0dc0\u0dda\u0db1\u0dd2\u0dba\u0dcf\u0db1\u0dd4 (\u0dc3\u0dca\u0dbd\u0ddd\u0dc0\u0dda\u0db1\u0dd2\u0dba\u0dcf\u0dc0)","sw":"\u0dc3\u0dca\u0dc0\u0dcf\u0dc4\u0dd2\u0dbd\u0dd2","sw_UG":"\u0dc3\u0dca\u0dc0\u0dcf\u0dc4\u0dd2\u0dbd\u0dd2 (\u0d8b\u0d9c\u0db1\u0dca\u0da9\u0dcf\u0dc0)","sw_KE":"\u0dc3\u0dca\u0dc0\u0dcf\u0dc4\u0dd2\u0dbd\u0dd2 (\u0d9a\u0dd9\u0db1\u0dca\u0dba\u0dcf\u0dc0)","sw_TZ":"\u0dc3\u0dca\u0dc0\u0dcf\u0dc4\u0dd2\u0dbd\u0dd2 (\u0da7\u0dd0\u0db1\u0dca\u0dc3\u0dcf\u0db1\u0dd2\u0dba\u0dcf\u0dc0)","sv":"\u0dc3\u0dca\u0dc0\u0dd3\u0da9\u0db1\u0dca","sv_AX":"\u0dc3\u0dca\u0dc0\u0dd3\u0da9\u0db1\u0dca (\u0d95\u0dbd\u0db1\u0dca\u0da9\u0dca \u0daf\u0dd6\u0db4\u0dad\u0dca)","sv_SE":"\u0dc3\u0dca\u0dc0\u0dd3\u0da9\u0db1\u0dca (\u0dc3\u0dca\u0dc0\u0dd3\u0da9\u0db1\u0dba)","sv_FI":"\u0dc3\u0dca\u0dc0\u0dd3\u0da9\u0db1\u0dca (\u0dc6\u0dd2\u0db1\u0dca\u0dbd\u0db1\u0dca\u0dad\u0dba)","hu":"\u0dc4\u0db1\u0dca\u0d9c\u0dda\u0dbb\u0dd2\u0dba\u0dcf\u0db1\u0dd4","hu_HU":"\u0dc4\u0db1\u0dca\u0d9c\u0dda\u0dbb\u0dd2\u0dba\u0dcf\u0db1\u0dd4 (\u0dc4\u0db1\u0dca\u0d9c\u0dda\u0dbb\u0dd2\u0dba\u0dcf\u0dc0)","hi":"\u0dc4\u0dd2\u0db1\u0dca\u0daf\u0dd2","hi_IN":"\u0dc4\u0dd2\u0db1\u0dca\u0daf\u0dd2 (\u0d89\u0db1\u0dca\u0daf\u0dd2\u0dba\u0dcf\u0dc0)","he":"\u0dc4\u0dd3\u0db6\u0df2","he_IL":"\u0dc4\u0dd3\u0db6\u0df2 (\u0d8a\u0dc1\u0dca\u200d\u0dbb\u0dcf\u0dba\u0dbd\u0dba)","ha":"\u0dc4\u0ddd\u0dc3\u0dcf","ha_GH":"\u0dc4\u0ddd\u0dc3\u0dcf (\u0d9d\u0dcf\u0db1\u0dcf\u0dc0)","ha_NE":"\u0dc4\u0ddd\u0dc3\u0dcf (\u0db1\u0dba\u0dd2\u0da2\u0dbb\u0dca)","ha_NG":"\u0dc4\u0ddd\u0dc3\u0dcf (\u0db1\u0dba\u0dd2\u0da2\u0dd3\u0dbb\u0dd2\u0dba\u0dcf\u0dc0)","ha_Latn_GH":"\u0dc4\u0ddd\u0dc3\u0dcf (\u0dbd\u0dad\u0dd2\u0db1\u0dca, \u0d9d\u0dcf\u0db1\u0dcf\u0dc0)","ha_Latn_NE":"\u0dc4\u0ddd\u0dc3\u0dcf (\u0dbd\u0dad\u0dd2\u0db1\u0dca, \u0db1\u0dba\u0dd2\u0da2\u0dbb\u0dca)","ha_Latn_NG":"\u0dc4\u0ddd\u0dc3\u0dcf (\u0dbd\u0dad\u0dd2\u0db1\u0dca, \u0db1\u0dba\u0dd2\u0da2\u0dd3\u0dbb\u0dd2\u0dba\u0dcf\u0dc0)","ha_Latn":"\u0dc4\u0ddd\u0dc3\u0dcf (\u0dbd\u0dad\u0dd2\u0db1\u0dca)","fo":"\u0dc6\u0dcf\u0dbb\u0ddd\u0dc3\u0dca","fo_FO":"\u0dc6\u0dcf\u0dbb\u0ddd\u0dc3\u0dca (\u0dc6\u0dd0\u0dbb\u0ddd \u0daf\u0dd6\u0db4\u0dad\u0dca)","fi":"\u0dc6\u0dd2\u0db1\u0dca\u0dbd\u0db1\u0dca\u0dad","fi_FI":"\u0dc6\u0dd2\u0db1\u0dca\u0dbd\u0db1\u0dca\u0dad (\u0dc6\u0dd2\u0db1\u0dca\u0dbd\u0db1\u0dca\u0dad\u0dba)","ff":"Fulah","ff_CM":"Fulah (Cameroon)","ff_GN":"Fulah (Guinea)","ff_MR":"Fulah (Mauritania)","ff_SN":"Fulah (Senegal)","no":"Norwegian","no_NO":"Norwegian (Norway)","os":"Ossetic","os_GE":"Ossetic (Georgia)","os_RU":"Ossetic (Russia)","gd":"Scottish Gaelic","gd_GB":"Scottish Gaelic (United Kingdom)","sh":"Serbo-Croatian","sh_BA":"Serbo-Croatian (Bosnia & Herzegovina)","tl":"Tagalog","tl_PH":"Tagalog (Philippines)","yi":"Yiddish"}