{"af":"afrik\u00e1n\u010dina","af_ZA":"afrik\u00e1n\u010dina (Ju\u017en\u00e1 Afrika)","af_NA":"afrik\u00e1n\u010dina (Nam\u00edbia)","ak":"akan\u010dina","ak_GH":"akan\u010dina (Ghana)","sq":"alb\u00e1n\u010dina","sq_AL":"alb\u00e1n\u010dina (Alb\u00e1nsko)","sq_XK":"alb\u00e1n\u010dina (Kosovo)","sq_MK":"alb\u00e1n\u010dina (Maced\u00f3nsko)","am":"amhar\u010dina","am_ET":"amhar\u010dina (Eti\u00f3pia)","en":"angli\u010dtina","en_AS":"angli\u010dtina (Americk\u00e1 Samoa)","en_VI":"angli\u010dtina (Americk\u00e9 Panensk\u00e9 ostrovy)","en_AI":"angli\u010dtina (Anguilla)","en_AG":"angli\u010dtina (Antigua a Barbuda)","en_AU":"angli\u010dtina (Austr\u00e1lia)","en_BS":"angli\u010dtina (Bahamy)","en_BB":"angli\u010dtina (Barbados)","en_BE":"angli\u010dtina (Belgicko)","en_BZ":"angli\u010dtina (Belize)","en_BM":"angli\u010dtina (Bermudy)","en_BW":"angli\u010dtina (Botswana)","en_IO":"angli\u010dtina (Britsk\u00e9 indickooce\u00e1nske \u00fazemie)","en_VG":"angli\u010dtina (Britsk\u00e9 Panensk\u00e9 ostrovy)","en_CK":"angli\u010dtina (Cookove ostrovy)","en_DG":"angli\u010dtina (Diego Garc\u00eda)","en_DM":"angli\u010dtina (Dominika)","en_ER":"angli\u010dtina (Eritrea)","en_FK":"angli\u010dtina (Falklandy)","en_FJ":"angli\u010dtina (Fid\u017ei)","en_PH":"angli\u010dtina (Filip\u00edny)","en_GM":"angli\u010dtina (Gambia)","en_GH":"angli\u010dtina (Ghana)","en_GI":"angli\u010dtina (Gibralt\u00e1r)","en_GD":"angli\u010dtina (Grenada)","en_GU":"angli\u010dtina (Guam)","en_GY":"angli\u010dtina (Guayana)","en_GG":"angli\u010dtina (Guernsey)","en_HK":"angli\u010dtina (Hongkong \u2013 OAO \u010c\u00edny)","en_IN":"angli\u010dtina (India)","en_IE":"angli\u010dtina (\u00cdrsko)","en_JM":"angli\u010dtina (Jamajka)","en_JE":"angli\u010dtina (Jersey)","en_ZA":"angli\u010dtina (Ju\u017en\u00e1 Afrika)","en_SS":"angli\u010dtina (Ju\u017en\u00fd Sud\u00e1n)","en_KY":"angli\u010dtina (Kajmanie ostrovy)","en_CM":"angli\u010dtina (Kamerun)","en_CA":"angli\u010dtina (Kanada)","en_KE":"angli\u010dtina (Ke\u0148a)","en_KI":"angli\u010dtina (Kiribati)","en_CC":"angli\u010dtina (Kokosov\u00e9 ostrovy)","en_LS":"angli\u010dtina (Lesotho)","en_LR":"angli\u010dtina (Lib\u00e9ria)","en_MO":"angli\u010dtina (Macao \u2013 OAO \u010c\u00edny)","en_MG":"angli\u010dtina (Madagaskar)","en_MY":"angli\u010dtina (Malajzia)","en_MW":"angli\u010dtina (Malawi)","en_MT":"angli\u010dtina (Malta)","en_MH":"angli\u010dtina (Marshallove ostrovy)","en_MU":"angli\u010dtina (Maur\u00edcius)","en_UM":"angli\u010dtina (Men\u0161ie od\u013eahl\u00e9 ostrovy USA)","en_FM":"angli\u010dtina (Mikron\u00e9zia)","en_MS":"angli\u010dtina (Montserrat)","en_NA":"angli\u010dtina (Nam\u00edbia)","en_NR":"angli\u010dtina (Nauru)","en_NG":"angli\u010dtina (Nig\u00e9ria)","en_NU":"angli\u010dtina (Niue)","en_NF":"angli\u010dtina (Norfolk)","en_NZ":"angli\u010dtina (Nov\u00fd Z\u00e9land)","en_IM":"angli\u010dtina (Ostrov Man)","en_PK":"angli\u010dtina (Pakistan)","en_PW":"angli\u010dtina (Palau)","en_PG":"angli\u010dtina (Papua Nov\u00e1 Guinea)","en_PN":"angli\u010dtina (Pitcairnove ostrovy)","en_PR":"angli\u010dtina (Portoriko)","en_RW":"angli\u010dtina (Rwanda)","en_WS":"angli\u010dtina (Samoa)","en_MP":"angli\u010dtina (Severn\u00e9 Mari\u00e1ny)","en_SC":"angli\u010dtina (Seychely)","en_SL":"angli\u010dtina (Sierra Leone)","en_SG":"angli\u010dtina (Singapur)","en_SX":"angli\u010dtina (Sint Maarten)","en_GB":"angli\u010dtina (Spojen\u00e9 kr\u00e1\u013eovstvo)","en_US":"angli\u010dtina (Spojen\u00e9 \u0161t\u00e1ty)","en_SD":"angli\u010dtina (Sud\u00e1n)","en_SZ":"angli\u010dtina (Svazijsko)","en_SH":"angli\u010dtina (Sv\u00e4t\u00e1 Helena)","en_LC":"angli\u010dtina (Sv\u00e4t\u00e1 Lucia)","en_KN":"angli\u010dtina (Sv\u00e4t\u00fd Kri\u0161tof a Nevis)","en_VC":"angli\u010dtina (Sv\u00e4t\u00fd Vincent a Grenad\u00edny)","en_SB":"angli\u010dtina (\u0160alam\u00fanove ostrovy)","en_TZ":"angli\u010dtina (Tanz\u00e1nia)","en_TK":"angli\u010dtina (Tokelau)","en_TO":"angli\u010dtina (Tonga)","en_TT":"angli\u010dtina (Trinidad a Tobago)","en_TC":"angli\u010dtina (Turks a Caicos)","en_TV":"angli\u010dtina (Tuvalu)","en_UG":"angli\u010dtina (Uganda)","en_VU":"angli\u010dtina (Vanuatu)","en_CX":"angli\u010dtina (Viano\u010dn\u00fd ostrov)","en_ZM":"angli\u010dtina (Zambia)","en_ZW":"angli\u010dtina (Zimbabwe)","ar":"arab\u010dina","ar_DZ":"arab\u010dina (Al\u017e\u00edrsko)","ar_BH":"arab\u010dina (Bahrajn)","ar_TD":"arab\u010dina (\u010cad)","ar_DJ":"arab\u010dina (D\u017eibutsko)","ar_EG":"arab\u010dina (Egypt)","ar_ER":"arab\u010dina (Eritrea)","ar_IQ":"arab\u010dina (Irak)","ar_IL":"arab\u010dina (Izrael)","ar_YE":"arab\u010dina (Jemen)","ar_JO":"arab\u010dina (Jord\u00e1nsko)","ar_SS":"arab\u010dina (Ju\u017en\u00fd Sud\u00e1n)","ar_QA":"arab\u010dina (Katar)","ar_KM":"arab\u010dina (Komory)","ar_KW":"arab\u010dina (Kuvajt)","ar_LB":"arab\u010dina (Libanon)","ar_LY":"arab\u010dina (L\u00edbya)","ar_MA":"arab\u010dina (Maroko)","ar_MR":"arab\u010dina (Maurit\u00e1nia)","ar_OM":"arab\u010dina (Om\u00e1n)","ar_PS":"arab\u010dina (Palest\u00ednske \u00fazemia)","ar_SA":"arab\u010dina (Saudsk\u00e1 Ar\u00e1bia)","ar_SO":"arab\u010dina (Som\u00e1lsko)","ar_AE":"arab\u010dina (Spojen\u00e9 arabsk\u00e9 emir\u00e1ty)","ar_SD":"arab\u010dina (Sud\u00e1n)","ar_SY":"arab\u010dina (S\u00fdria)","ar_TN":"arab\u010dina (Tunisko)","ar_EH":"arab\u010dina (Z\u00e1padn\u00e1 Sahara)","hy":"arm\u00e9n\u010dina","hy_AM":"arm\u00e9n\u010dina (Arm\u00e9nsko)","as":"\u00e1sam\u010dina","as_IN":"\u00e1sam\u010dina (India)","az":"azerbajd\u017ean\u010dina","az_AZ":"azerbajd\u017ean\u010dina (Azerbajd\u017ean)","az_Cyrl_AZ":"azerbajd\u017ean\u010dina (cyrilika, Azerbajd\u017ean)","az_Cyrl":"azerbajd\u017ean\u010dina (cyrilika)","az_Latn_AZ":"azerbajd\u017ean\u010dina (latinka, Azerbajd\u017ean)","az_Latn":"azerbajd\u017ean\u010dina (latinka)","bm":"bambar\u010dina","bm_Latn_ML":"bambar\u010dina (latinka, Mali)","bm_Latn":"bambar\u010dina (latinka)","my":"barm\u010dina","my_MM":"barm\u010dina (Mjanmarsko)","eu":"baski\u010dtina","eu_ES":"baski\u010dtina (\u0160panielsko)","bn":"beng\u00e1l\u010dina","bn_BD":"beng\u00e1l\u010dina (Banglad\u00e9\u0161)","bn_IN":"beng\u00e1l\u010dina (India)","be":"bieloru\u0161tina","be_BY":"bieloru\u0161tina (Bielorusko)","bs":"bosnia\u010dtina","bs_BA":"bosnia\u010dtina (Bosna a Hercegovina)","bs_Cyrl_BA":"bosnia\u010dtina (cyrilika, Bosna a Hercegovina)","bs_Cyrl":"bosnia\u010dtina (cyrilika)","bs_Latn_BA":"bosnia\u010dtina (latinka, Bosna a Hercegovina)","bs_Latn":"bosnia\u010dtina (latinka)","br":"bret\u00f3n\u010dina","br_FR":"bret\u00f3n\u010dina (Franc\u00fazsko)","bg":"bulhar\u010dina","bg_BG":"bulhar\u010dina (Bulharsko)","cs":"\u010de\u0161tina","cs_CZ":"\u010de\u0161tina (\u010cesk\u00e1 republika)","zh":"\u010d\u00edn\u0161tina","zh_CN":"\u010d\u00edn\u0161tina (\u010c\u00edna)","zh_HK":"\u010d\u00edn\u0161tina (Hongkong \u2013 OAO \u010c\u00edny)","zh_MO":"\u010d\u00edn\u0161tina (Macao \u2013 OAO \u010c\u00edny)","zh_SG":"\u010d\u00edn\u0161tina (Singapur)","zh_TW":"\u010d\u00edn\u0161tina (Taiwan)","zh_Hant_HK":"\u010d\u00edn\u0161tina (tradi\u010dn\u00e9, Hongkong \u2013 OAO \u010c\u00edny)","zh_Hant_MO":"\u010d\u00edn\u0161tina (tradi\u010dn\u00e9, Macao \u2013 OAO \u010c\u00edny)","zh_Hant_TW":"\u010d\u00edn\u0161tina (tradi\u010dn\u00e9, Taiwan)","zh_Hant":"\u010d\u00edn\u0161tina (tradi\u010dn\u00e9)","zh_Hans_CN":"\u010d\u00edn\u0161tina (zjednodu\u0161en\u00e9, \u010c\u00edna)","zh_Hans_HK":"\u010d\u00edn\u0161tina (zjednodu\u0161en\u00e9, Hongkong \u2013 OAO \u010c\u00edny)","zh_Hans_MO":"\u010d\u00edn\u0161tina (zjednodu\u0161en\u00e9, Macao \u2013 OAO \u010c\u00edny)","zh_Hans_SG":"\u010d\u00edn\u0161tina (zjednodu\u0161en\u00e9, Singapur)","zh_Hans":"\u010d\u00edn\u0161tina (zjednodu\u0161en\u00e9)","da":"d\u00e1n\u010dina","da_DK":"d\u00e1n\u010dina (D\u00e1nsko)","da_GL":"d\u00e1n\u010dina (Gr\u00f3nsko)","dz":"dzongk\u00e4","dz_BT":"dzongk\u00e4 (Bhut\u00e1n)","eo":"esperanto","et":"est\u00f3n\u010dina","et_EE":"est\u00f3n\u010dina (Est\u00f3nsko)","ee":"ewe","ee_GH":"ewe (Ghana)","ee_TG":"ewe (Togo)","fo":"faer\u010dina","fo_FO":"faer\u010dina (Faersk\u00e9 ostrovy)","fi":"f\u00edn\u010dina","fi_FI":"f\u00edn\u010dina (F\u00ednsko)","fr":"franc\u00faz\u0161tina","fr_DZ":"franc\u00faz\u0161tina (Al\u017e\u00edrsko)","fr_BE":"franc\u00faz\u0161tina (Belgicko)","fr_BJ":"franc\u00faz\u0161tina (Benin)","fr_BF":"franc\u00faz\u0161tina (Burkina Faso)","fr_BI":"franc\u00faz\u0161tina (Burundi)","fr_TD":"franc\u00faz\u0161tina (\u010cad)","fr_DJ":"franc\u00faz\u0161tina (D\u017eibutsko)","fr_GF":"franc\u00faz\u0161tina (Franc\u00fazska Guayana)","fr_PF":"franc\u00faz\u0161tina (Franc\u00fazska Polyn\u00e9zia)","fr_FR":"franc\u00faz\u0161tina (Franc\u00fazsko)","fr_GA":"franc\u00faz\u0161tina (Gabon)","fr_GP":"franc\u00faz\u0161tina (Guadeloupe)","fr_GN":"franc\u00faz\u0161tina (Guinea)","fr_HT":"franc\u00faz\u0161tina (Haiti)","fr_CM":"franc\u00faz\u0161tina (Kamerun)","fr_CA":"franc\u00faz\u0161tina (Kanada)","fr_KM":"franc\u00faz\u0161tina (Komory)","fr_CG":"franc\u00faz\u0161tina (Kongo - Brazzaville)","fr_CD":"franc\u00faz\u0161tina (Kongo - Kinshasa)","fr_LU":"franc\u00faz\u0161tina (Luxembursko)","fr_MG":"franc\u00faz\u0161tina (Madagaskar)","fr_ML":"franc\u00faz\u0161tina (Mali)","fr_MA":"franc\u00faz\u0161tina (Maroko)","fr_MQ":"franc\u00faz\u0161tina (Martinik)","fr_MU":"franc\u00faz\u0161tina (Maur\u00edcius)","fr_MR":"franc\u00faz\u0161tina (Maurit\u00e1nia)","fr_YT":"franc\u00faz\u0161tina (Mayotte)","fr_MC":"franc\u00faz\u0161tina (Monako)","fr_NE":"franc\u00faz\u0161tina (Niger)","fr_NC":"franc\u00faz\u0161tina (Nov\u00e1 Kaled\u00f3nia)","fr_CI":"franc\u00faz\u0161tina (Pobre\u017eie Slonoviny)","fr_RE":"franc\u00faz\u0161tina (R\u00e9union)","fr_GQ":"franc\u00faz\u0161tina (Rovn\u00edkov\u00e1 Guinea)","fr_RW":"franc\u00faz\u0161tina (Rwanda)","fr_PM":"franc\u00faz\u0161tina (Saint Pierre a Miquelon)","fr_SN":"franc\u00faz\u0161tina (Senegal)","fr_SC":"franc\u00faz\u0161tina (Seychely)","fr_CF":"franc\u00faz\u0161tina (Stredoafrick\u00e1 republika)","fr_BL":"franc\u00faz\u0161tina (Sv\u00e4t\u00fd Bartolomej)","fr_MF":"franc\u00faz\u0161tina (Sv\u00e4t\u00fd Martin)","fr_SY":"franc\u00faz\u0161tina (S\u00fdria)","fr_CH":"franc\u00faz\u0161tina (\u0160vaj\u010diarsko)","fr_TG":"franc\u00faz\u0161tina (Togo)","fr_TN":"franc\u00faz\u0161tina (Tunisko)","fr_VU":"franc\u00faz\u0161tina (Vanuatu)","fr_WF":"franc\u00faz\u0161tina (Wallis a Futuna)","ff":"fulb\u010dina","ff_GN":"fulb\u010dina (Guinea)","ff_CM":"fulb\u010dina (Kamerun)","ff_MR":"fulb\u010dina (Maurit\u00e1nia)","ff_SN":"fulb\u010dina (Senegal)","gl":"gal\u00edcij\u010dina","gl_ES":"gal\u00edcij\u010dina (\u0160panielsko)","lg":"gand\u010dina","lg_UG":"gand\u010dina (Uganda)","el":"gr\u00e9\u010dtina","el_CY":"gr\u00e9\u010dtina (Cyprus)","el_GR":"gr\u00e9\u010dtina (Gr\u00e9cko)","kl":"gr\u00f3n\u010dina","kl_GL":"gr\u00f3n\u010dina (Gr\u00f3nsko)","ka":"gruz\u00edn\u010dina","ka_GE":"gruz\u00edn\u010dina (Gruz\u00ednsko)","gu":"gud\u017ear\u00e1t\u010dina","gu_IN":"gud\u017ear\u00e1t\u010dina (India)","ha":"hau\u0161tina","ha_GH":"hau\u0161tina (Ghana)","ha_Latn_GH":"hau\u0161tina (latinka, Ghana)","ha_Latn_NE":"hau\u0161tina (latinka, Niger)","ha_Latn_NG":"hau\u0161tina (latinka, Nig\u00e9ria)","ha_Latn":"hau\u0161tina (latinka)","ha_NE":"hau\u0161tina (Niger)","ha_NG":"hau\u0161tina (Nig\u00e9ria)","he":"hebrej\u010dina","he_IL":"hebrej\u010dina (Izrael)","hi":"hind\u010dina","hi_IN":"hind\u010dina (India)","nl":"holand\u010dina","nl_AW":"holand\u010dina (Aruba)","nl_BE":"holand\u010dina (Belgicko)","nl_CW":"holand\u010dina (Cura\u00e7ao)","nl_NL":"holand\u010dina (Holandsko)","nl_BQ":"holand\u010dina (Karibsk\u00e9 Holandsko)","nl_SX":"holand\u010dina (Sint Maarten)","nl_SR":"holand\u010dina (Surinam)","hr":"chorv\u00e1t\u010dina","hr_BA":"chorv\u00e1t\u010dina (Bosna a Hercegovina)","hr_HR":"chorv\u00e1t\u010dina (Chorv\u00e1tsko)","ig":"igbo\u0161tina","ig_NG":"igbo\u0161tina (Nig\u00e9ria)","id":"indon\u00e9z\u0161tina","id_ID":"indon\u00e9z\u0161tina (Indon\u00e9zia)","ga":"\u00edr\u010dina","ga_IE":"\u00edr\u010dina (\u00cdrsko)","is":"island\u010dina","is_IS":"island\u010dina (Island)","ja":"japon\u010dina","ja_JP":"japon\u010dina (Japonsko)","yi":"jidi\u0161","yo":"jorub\u010dina","yo_BJ":"jorub\u010dina (Benin)","yo_NG":"jorub\u010dina (Nig\u00e9ria)","kn":"kannad\u010dina","kn_IN":"kannad\u010dina (India)","ks":"ka\u0161m\u00edr\u010dina","ks_Arab_IN":"ka\u0161m\u00edr\u010dina (arabsk\u00e9, India)","ks_Arab":"ka\u0161m\u00edr\u010dina (arabsk\u00e9)","ks_IN":"ka\u0161m\u00edr\u010dina (India)","ca":"katal\u00e1n\u010dina","ca_AD":"katal\u00e1n\u010dina (Andorra)","ca_FR":"katal\u00e1n\u010dina (Franc\u00fazsko)","ca_ES":"katal\u00e1n\u010dina (\u0160panielsko)","ca_IT":"katal\u00e1n\u010dina (Taliansko)","kk":"kaza\u0161tina","kk_Cyrl_KZ":"kaza\u0161tina (cyrilika, Kazachstan)","kk_Cyrl":"kaza\u0161tina (cyrilika)","kk_KZ":"kaza\u0161tina (Kazachstan)","qu":"ke\u010du\u00e1n\u010dina","qu_BO":"ke\u010du\u00e1n\u010dina (Bol\u00edvia)","qu_EC":"ke\u010du\u00e1n\u010dina (Ekv\u00e1dor)","qu_PE":"ke\u010du\u00e1n\u010dina (Peru)","km":"khm\u00e9r\u010dina","km_KH":"khm\u00e9r\u010dina (Kambod\u017ea)","ki":"kikuj\u010dina","ki_KE":"kikuj\u010dina (Ke\u0148a)","rw":"ki\u0148arwanda","rw_RW":"ki\u0148arwanda (Rwanda)","ky":"kirgiz\u0161tina","ky_Cyrl_KG":"kirgiz\u0161tina (cyrilika, Kirgizsko)","ky_Cyrl":"kirgiz\u0161tina (cyrilika)","ky_KG":"kirgiz\u0161tina (Kirgizsko)","rn":"kirund\u010dina","rn_BI":"kirund\u010dina (Burundi)","ko":"k\u00f3rej\u010dina","ko_KR":"k\u00f3rej\u010dina (Ju\u017en\u00e1 K\u00f3rea)","ko_KP":"k\u00f3rej\u010dina (Severn\u00e1 K\u00f3rea)","kw":"korn\u010dina","kw_GB":"korn\u010dina (Spojen\u00e9 kr\u00e1\u013eovstvo)","lo":"lao\u0161tina","lo_LA":"lao\u0161tina (Laos)","ln":"lingal\u010dina","ln_AO":"lingal\u010dina (Angola)","ln_CG":"lingal\u010dina (Kongo - Brazzaville)","ln_CD":"lingal\u010dina (Kongo - Kinshasa)","ln_CF":"lingal\u010dina (Stredoafrick\u00e1 republika)","lt":"litov\u010dina","lt_LT":"litov\u010dina (Litva)","lv":"loty\u0161tina","lv_LV":"loty\u0161tina (Loty\u0161sko)","lu":"luba-katanga","lu_CD":"luba-katanga (Kongo - Kinshasa)","lb":"luxembur\u010dina","lb_LU":"luxembur\u010dina (Luxembursko)","mk":"maced\u00f3n\u010dina","mk_MK":"maced\u00f3n\u010dina (Maced\u00f3nsko)","hu":"ma\u010far\u010dina","hu_HU":"ma\u010far\u010dina (Ma\u010farsko)","ml":"malaj\u00e1lam\u010dina","ml_IN":"malaj\u00e1lam\u010dina (India)","ms":"malaj\u010dina","ms_BN":"malaj\u010dina (Brunej)","ms_Latn_BN":"malaj\u010dina (latinka, Brunej)","ms_Latn_MY":"malaj\u010dina (latinka, Malajzia)","ms_Latn_SG":"malaj\u010dina (latinka, Singapur)","ms_Latn":"malaj\u010dina (latinka)","ms_MY":"malaj\u010dina (Malajzia)","ms_SG":"malaj\u010dina (Singapur)","mg":"malga\u0161tina","mg_MG":"malga\u0161tina (Madagaskar)","mt":"malt\u010dina","mt_MT":"malt\u010dina (Malta)","gv":"man\u010dina","gv_IM":"man\u010dina (Ostrov Man)","mr":"mar\u00e1th\u010dina","mr_IN":"mar\u00e1th\u010dina (India)","mn":"mongol\u010dina","mn_Cyrl_MN":"mongol\u010dina (cyrilika, Mongolsko)","mn_Cyrl":"mongol\u010dina (cyrilika)","mn_MN":"mongol\u010dina (Mongolsko)","de":"nem\u010dina","de_BE":"nem\u010dina (Belgicko)","de_LI":"nem\u010dina (Lichten\u0161tajnsko)","de_LU":"nem\u010dina (Luxembursko)","de_DE":"nem\u010dina (Nemecko)","de_AT":"nem\u010dina (Rak\u00fasko)","de_CH":"nem\u010dina (\u0160vaj\u010diarsko)","ne":"nep\u00e1l\u010dina","ne_IN":"nep\u00e1l\u010dina (India)","ne_NP":"nep\u00e1l\u010dina (Nep\u00e1l)","no":"n\u00f3r\u010dina","no_NO":"n\u00f3r\u010dina (N\u00f3rsko)","nb":"n\u00f3rsky bokm\u00e5l","nb_NO":"n\u00f3rsky bokm\u00e5l (N\u00f3rsko)","nb_SJ":"n\u00f3rsky bokm\u00e5l (Svalbard a Jan Mayen)","nn":"n\u00f3rsky nynorsk","nn_NO":"n\u00f3rsky nynorsk (N\u00f3rsko)","om":"orom\u010dina","om_ET":"orom\u010dina (Eti\u00f3pia)","om_KE":"orom\u010dina (Ke\u0148a)","os":"oset\u010dina","os_GE":"oset\u010dina (Gruz\u00ednsko)","os_RU":"oset\u010dina (Rusko)","pa":"pand\u017e\u00e1b\u010dina","pa_Arab_PK":"pand\u017e\u00e1b\u010dina (arabsk\u00e9, Pakistan)","pa_Arab":"pand\u017e\u00e1b\u010dina (arabsk\u00e9)","pa_Guru_IN":"pand\u017e\u00e1b\u010dina (gurmukhi, India)","pa_Guru":"pand\u017e\u00e1b\u010dina (gurmukhi)","pa_IN":"pand\u017e\u00e1b\u010dina (India)","pa_PK":"pand\u017e\u00e1b\u010dina (Pakistan)","ps":"pa\u0161t\u010dina","ps_AF":"pa\u0161t\u010dina (Afganistan)","fa":"perz\u0161tina","fa_AF":"perz\u0161tina (Afganistan)","fa_IR":"perz\u0161tina (Ir\u00e1n)","pl":"po\u013e\u0161tina","pl_PL":"po\u013e\u0161tina (Po\u013esko)","pt":"portugal\u010dina","pt_AO":"portugal\u010dina (Angola)","pt_BR":"portugal\u010dina (Braz\u00edlia)","pt_GW":"portugal\u010dina (Guinea-Bissau)","pt_CV":"portugal\u010dina (Kapverdy)","pt_MO":"portugal\u010dina (Macao \u2013 OAO \u010c\u00edny)","pt_MZ":"portugal\u010dina (Mozambik)","pt_PT":"portugal\u010dina (Portugalsko)","pt_ST":"portugal\u010dina (Sv\u00e4t\u00fd Tom\u00e1\u0161 a Princov ostrov)","pt_TL":"portugal\u010dina (V\u00fdchodn\u00fd Timor)","rm":"r\u00e9torom\u00e1n\u010dina","rm_CH":"r\u00e9torom\u00e1n\u010dina (\u0160vaj\u010diarsko)","ro":"rumun\u010dina","ro_MD":"rumun\u010dina (Moldavsko)","ro_RO":"rumun\u010dina (Rumunsko)","ru":"ru\u0161tina","ru_BY":"ru\u0161tina (Bielorusko)","ru_KZ":"ru\u0161tina (Kazachstan)","ru_KG":"ru\u0161tina (Kirgizsko)","ru_MD":"ru\u0161tina (Moldavsko)","ru_RU":"ru\u0161tina (Rusko)","ru_UA":"ru\u0161tina (Ukrajina)","ii":"s\u2019\u010dchuansk\u00e1 io\u0161tina","ii_CN":"s\u2019\u010dchuansk\u00e1 io\u0161tina (\u010c\u00edna)","sg":"sango","sg_CF":"sango (Stredoafrick\u00e1 republika)","nd":"severn\u00e9 ndebele","nd_ZW":"severn\u00e9 ndebele (Zimbabwe)","se":"severn\u00e9 sami","se_FI":"severn\u00e9 sami (F\u00ednsko)","se_NO":"severn\u00e9 sami (N\u00f3rsko)","se_SE":"severn\u00e9 sami (\u0160v\u00e9dsko)","si":"sinhal\u010dina","si_LK":"sinhal\u010dina (Sr\u00ed Lanka)","sk":"sloven\u010dina","sk_SK":"sloven\u010dina (Slovensko)","sl":"slovin\u010dina","sl_SI":"slovin\u010dina (Slovinsko)","so":"som\u00e1l\u010dina","so_DJ":"som\u00e1l\u010dina (D\u017eibutsko)","so_ET":"som\u00e1l\u010dina (Eti\u00f3pia)","so_KE":"som\u00e1l\u010dina (Ke\u0148a)","so_SO":"som\u00e1l\u010dina (Som\u00e1lsko)","sr":"srb\u010dina","sr_BA":"srb\u010dina (Bosna a Hercegovina)","sr_Cyrl_BA":"srb\u010dina (cyrilika, Bosna a Hercegovina)","sr_Cyrl_ME":"srb\u010dina (cyrilika, \u010cierna Hora)","sr_Cyrl_XK":"srb\u010dina (cyrilika, Kosovo)","sr_Cyrl_RS":"srb\u010dina (cyrilika, Srbsko)","sr_Cyrl":"srb\u010dina (cyrilika)","sr_ME":"srb\u010dina (\u010cierna Hora)","sr_XK":"srb\u010dina (Kosovo)","sr_Latn_BA":"srb\u010dina (latinka, Bosna a Hercegovina)","sr_Latn_ME":"srb\u010dina (latinka, \u010cierna Hora)","sr_Latn_XK":"srb\u010dina (latinka, Kosovo)","sr_Latn_RS":"srb\u010dina (latinka, Srbsko)","sr_Latn":"srb\u010dina (latinka)","sr_RS":"srb\u010dina (Srbsko)","sh":"srbochorv\u00e1t\u010dina","sh_BA":"srbochorv\u00e1t\u010dina (Bosna a Hercegovina)","sw":"svahil\u010dina","sw_KE":"svahil\u010dina (Ke\u0148a)","sw_TZ":"svahil\u010dina (Tanz\u00e1nia)","sw_UG":"svahil\u010dina (Uganda)","gd":"\u0161k\u00f3tska gael\u010dina","gd_GB":"\u0161k\u00f3tska gael\u010dina (Spojen\u00e9 kr\u00e1\u013eovstvo)","sn":"\u0161on\u010dina","sn_ZW":"\u0161on\u010dina (Zimbabwe)","es":"\u0161paniel\u010dina","es_AR":"\u0161paniel\u010dina (Argent\u00edna)","es_BO":"\u0161paniel\u010dina (Bol\u00edvia)","es_EA":"\u0161paniel\u010dina (Ceuta a Melilla)","es_CL":"\u0161paniel\u010dina (\u010cile)","es_DO":"\u0161paniel\u010dina (Dominik\u00e1nska republika)","es_EC":"\u0161paniel\u010dina (Ekv\u00e1dor)","es_PH":"\u0161paniel\u010dina (Filip\u00edny)","es_GT":"\u0161paniel\u010dina (Guatemala)","es_HN":"\u0161paniel\u010dina (Honduras)","es_IC":"\u0161paniel\u010dina (Kan\u00e1rske ostrovy)","es_CO":"\u0161paniel\u010dina (Kolumbia)","es_CR":"\u0161paniel\u010dina (Kostarika)","es_CU":"\u0161paniel\u010dina (Kuba)","es_MX":"\u0161paniel\u010dina (Mexiko)","es_NI":"\u0161paniel\u010dina (Nikaragua)","es_PA":"\u0161paniel\u010dina (Panama)","es_PY":"\u0161paniel\u010dina (Paraguaj)","es_PE":"\u0161paniel\u010dina (Peru)","es_PR":"\u0161paniel\u010dina (Portoriko)","es_GQ":"\u0161paniel\u010dina (Rovn\u00edkov\u00e1 Guinea)","es_SV":"\u0161paniel\u010dina (Salv\u00e1dor)","es_US":"\u0161paniel\u010dina (Spojen\u00e9 \u0161t\u00e1ty)","es_ES":"\u0161paniel\u010dina (\u0160panielsko)","es_UY":"\u0161paniel\u010dina (Uruguaj)","es_VE":"\u0161paniel\u010dina (Venezuela)","sv":"\u0161v\u00e9d\u010dina","sv_AX":"\u0161v\u00e9d\u010dina (\u00c5landy)","sv_FI":"\u0161v\u00e9d\u010dina (F\u00ednsko)","sv_SE":"\u0161v\u00e9d\u010dina (\u0160v\u00e9dsko)","tl":"tagal\u010dina","tl_PH":"tagal\u010dina (Filip\u00edny)","it":"talian\u010dina","it_SM":"talian\u010dina (San Mar\u00edno)","it_CH":"talian\u010dina (\u0160vaj\u010diarsko)","it_IT":"talian\u010dina (Taliansko)","ta":"tamil\u010dina","ta_IN":"tamil\u010dina (India)","ta_MY":"tamil\u010dina (Malajzia)","ta_SG":"tamil\u010dina (Singapur)","ta_LK":"tamil\u010dina (Sr\u00ed Lanka)","te":"telug\u010dina","te_IN":"telug\u010dina (India)","th":"thaj\u010dina","th_TH":"thaj\u010dina (Thajsko)","bo":"tibet\u010dina","bo_CN":"tibet\u010dina (\u010c\u00edna)","bo_IN":"tibet\u010dina (India)","ti":"tigri\u0148a","ti_ER":"tigri\u0148a (Eritrea)","ti_ET":"tigri\u0148a (Eti\u00f3pia)","to":"tong\u010dina","to_TO":"tong\u010dina (Tonga)","tr":"ture\u010dtina","tr_CY":"ture\u010dtina (Cyprus)","tr_TR":"ture\u010dtina (Turecko)","ug":"ujgur\u010dina","ug_Arab_CN":"ujgur\u010dina (arabsk\u00e9, \u010c\u00edna)","ug_Arab":"ujgur\u010dina (arabsk\u00e9)","ug_CN":"ujgur\u010dina (\u010c\u00edna)","uk":"ukrajin\u010dina","uk_UA":"ukrajin\u010dina (Ukrajina)","ur":"urd\u010dina","ur_IN":"urd\u010dina (India)","ur_PK":"urd\u010dina (Pakistan)","or":"ur\u00edj\u010dina","or_IN":"ur\u00edj\u010dina (India)","uz":"uzbe\u010dtina","uz_AF":"uzbe\u010dtina (Afganistan)","uz_Arab_AF":"uzbe\u010dtina (arabsk\u00e9, Afganistan)","uz_Arab":"uzbe\u010dtina (arabsk\u00e9)","uz_Cyrl_UZ":"uzbe\u010dtina (cyrilika, Uzbekistan)","uz_Cyrl":"uzbe\u010dtina (cyrilika)","uz_Latn_UZ":"uzbe\u010dtina (latinka, Uzbekistan)","uz_Latn":"uzbe\u010dtina (latinka)","uz_UZ":"uzbe\u010dtina (Uzbekistan)","vi":"vietnam\u010dina","vi_VN":"vietnam\u010dina (Vietnam)","cy":"wale\u0161tina","cy_GB":"wale\u0161tina (Spojen\u00e9 kr\u00e1\u013eovstvo)","fy":"z\u00e1padn\u00e1 fr\u00edz\u0161tina","fy_NL":"z\u00e1padn\u00e1 fr\u00edz\u0161tina (Holandsko)","zu":"zulu\u0161tina","zu_ZA":"zulu\u0161tina (Ju\u017en\u00e1 Afrika)"}