{"af":"afrikan\u0161\u010dina","af_ZA":"afrikan\u0161\u010dina (Ju\u017enoafri\u0161ka republika)","af_NA":"afrikan\u0161\u010dina (Namibija)","ak":"akan\u0161\u010dina","ak_GH":"akan\u0161\u010dina (Gana)","sq":"alban\u0161\u010dina","sq_AL":"alban\u0161\u010dina (Albanija)","sq_XK":"alban\u0161\u010dina (Kosovo)","sq_MK":"alban\u0161\u010dina (Makedonija)","am":"amhar\u0161\u010dina","am_ET":"amhar\u0161\u010dina (Etiopija)","en":"angle\u0161\u010dina","en_AS":"angle\u0161\u010dina (Ameri\u0161ka Samoa)","en_VI":"angle\u0161\u010dina (Ameri\u0161ki Devi\u0161ki otoki)","en_AI":"angle\u0161\u010dina (Angvila)","en_AG":"angle\u0161\u010dina (Antigva in Barbuda)","en_AU":"angle\u0161\u010dina (Avstralija)","en_BS":"angle\u0161\u010dina (Bahami)","en_BB":"angle\u0161\u010dina (Barbados)","en_BE":"angle\u0161\u010dina (Belgija)","en_BZ":"angle\u0161\u010dina (Belize)","en_BM":"angle\u0161\u010dina (Bermudi)","en_BW":"angle\u0161\u010dina (Bocvana)","en_CX":"angle\u0161\u010dina (Bo\u017ei\u010dni otok)","en_VG":"angle\u0161\u010dina (Britanski Devi\u0161ki otoki)","en_IO":"angle\u0161\u010dina (Britansko ozemlje v Indijskem oceanu)","en_CK":"angle\u0161\u010dina (Cookovi otoki)","en_DG":"angle\u0161\u010dina (Diego Garcia)","en_DM":"angle\u0161\u010dina (Dominika)","en_UM":"angle\u0161\u010dina (Druga ameri\u0161ka ozemlja v Tihem oceanu)","en_ER":"angle\u0161\u010dina (Eritreja)","en_FK":"angle\u0161\u010dina (Falklandski otoki)","en_FJ":"angle\u0161\u010dina (Fid\u017ei)","en_PH":"angle\u0161\u010dina (Filipini)","en_GM":"angle\u0161\u010dina (Gambija)","en_GH":"angle\u0161\u010dina (Gana)","en_GI":"angle\u0161\u010dina (Gibraltar)","en_GD":"angle\u0161\u010dina (Grenada)","en_GU":"angle\u0161\u010dina (Guam)","en_GG":"angle\u0161\u010dina (Guernsey)","en_GY":"angle\u0161\u010dina (Gvajana)","en_IN":"angle\u0161\u010dina (Indija)","en_IE":"angle\u0161\u010dina (Irska)","en_JM":"angle\u0161\u010dina (Jamajka)","en_JE":"angle\u0161\u010dina (Jersey)","en_SS":"angle\u0161\u010dina (Ju\u017eni Sudan)","en_ZA":"angle\u0161\u010dina (Ju\u017enoafri\u0161ka republika)","en_KY":"angle\u0161\u010dina (Kajmanski otoki)","en_CM":"angle\u0161\u010dina (Kamerun)","en_CA":"angle\u0161\u010dina (Kanada)","en_KE":"angle\u0161\u010dina (Kenija)","en_KI":"angle\u0161\u010dina (Kiribati)","en_CC":"angle\u0161\u010dina (Kokosovi otoki)","en_LS":"angle\u0161\u010dina (Lesoto)","en_LR":"angle\u0161\u010dina (Liberija)","en_MG":"angle\u0161\u010dina (Madagaskar)","en_MW":"angle\u0161\u010dina (Malavi)","en_MY":"angle\u0161\u010dina (Malezija)","en_MT":"angle\u0161\u010dina (Malta)","en_MH":"angle\u0161\u010dina (Marshallovi otoki)","en_MU":"angle\u0161\u010dina (Mauritius)","en_FM":"angle\u0161\u010dina (Mikronezija)","en_MS":"angle\u0161\u010dina (Montserrat)","en_NA":"angle\u0161\u010dina (Namibija)","en_NR":"angle\u0161\u010dina (Nauru)","en_NG":"angle\u0161\u010dina (Nigerija)","en_NU":"angle\u0161\u010dina (Niue)","en_NF":"angle\u0161\u010dina (Norfol\u0161ki otok)","en_NZ":"angle\u0161\u010dina (Nova Zelandija)","en_TC":"angle\u0161\u010dina (Oto\u010dji Turks in Caicos)","en_IM":"angle\u0161\u010dina (Otok Man)","en_PK":"angle\u0161\u010dina (Pakistan)","en_PW":"angle\u0161\u010dina (Palau)","en_PG":"angle\u0161\u010dina (Papua Nova Gvineja)","en_PN":"angle\u0161\u010dina (Pitcairn)","en_PR":"angle\u0161\u010dina (Portoriko)","en_HK":"angle\u0161\u010dina (Posebno administrativno obmo\u010dje LR Kitajske Hong Kong)","en_MO":"angle\u0161\u010dina (Posebno administrativno obmo\u010dje LR Kitajske Macao)","en_RW":"angle\u0161\u010dina (Ruanda)","en_KN":"angle\u0161\u010dina (Saint Kitts in Nevis)","en_LC":"angle\u0161\u010dina (Saint Lucia)","en_VC":"angle\u0161\u010dina (Saint Vincent in Grenadine)","en_SB":"angle\u0161\u010dina (Salomonovi otoki)","en_WS":"angle\u0161\u010dina (Samoa)","en_SC":"angle\u0161\u010dina (Sej\u0161eli)","en_MP":"angle\u0161\u010dina (Severni Marianski otoki)","en_SL":"angle\u0161\u010dina (Sierra Leone)","en_SG":"angle\u0161\u010dina (Singapur)","en_SX":"angle\u0161\u010dina (Sint Maarten)","en_SD":"angle\u0161\u010dina (Sudan)","en_SZ":"angle\u0161\u010dina (Svazi)","en_SH":"angle\u0161\u010dina (Sveta Helena)","en_TZ":"angle\u0161\u010dina (Tanzanija)","en_TK":"angle\u0161\u010dina (Tokelau)","en_TO":"angle\u0161\u010dina (Tonga)","en_TT":"angle\u0161\u010dina (Trinidad in Tobago)","en_TV":"angle\u0161\u010dina (Tuvalu)","en_UG":"angle\u0161\u010dina (Uganda)","en_VU":"angle\u0161\u010dina (Vanuatu)","en_GB":"angle\u0161\u010dina (Velika Britanija)","en_ZM":"angle\u0161\u010dina (Zambija)","en_US":"angle\u0161\u010dina (Zdru\u017eene dr\u017eave Amerike)","en_ZW":"angle\u0161\u010dina (Zimbabve)","ar":"arab\u0161\u010dina","ar_DZ":"arab\u0161\u010dina (Al\u017eirija)","ar_BH":"arab\u0161\u010dina (Bahrajn)","ar_TD":"arab\u0161\u010dina (\u010cad)","ar_DJ":"arab\u0161\u010dina (D\u017eibuti)","ar_EG":"arab\u0161\u010dina (Egipt)","ar_ER":"arab\u0161\u010dina (Eritreja)","ar_IQ":"arab\u0161\u010dina (Irak)","ar_IL":"arab\u0161\u010dina (Izrael)","ar_YE":"arab\u0161\u010dina (Jemen)","ar_JO":"arab\u0161\u010dina (Jordanija)","ar_SS":"arab\u0161\u010dina (Ju\u017eni Sudan)","ar_QA":"arab\u0161\u010dina (Katar)","ar_KM":"arab\u0161\u010dina (Komori)","ar_KW":"arab\u0161\u010dina (Kuvajt)","ar_LB":"arab\u0161\u010dina (Libanon)","ar_LY":"arab\u0161\u010dina (Libija)","ar_MA":"arab\u0161\u010dina (Maroko)","ar_MR":"arab\u0161\u010dina (Mavretanija)","ar_OM":"arab\u0161\u010dina (Oman)","ar_PS":"arab\u0161\u010dina (Palestinsko ozemlje)","ar_SA":"arab\u0161\u010dina (Saudova Arabija)","ar_SY":"arab\u0161\u010dina (Sirija)","ar_SO":"arab\u0161\u010dina (Somalija)","ar_SD":"arab\u0161\u010dina (Sudan)","ar_TN":"arab\u0161\u010dina (Tunizija)","ar_EH":"arab\u0161\u010dina (Zahodna Sahara)","ar_AE":"arab\u0161\u010dina (Zdru\u017eeni arabski emirati)","hy":"armen\u0161\u010dina","hy_AM":"armen\u0161\u010dina (Armenija)","as":"asam\u0161\u010dina","as_IN":"asam\u0161\u010dina (Indija)","az":"azerbajd\u017ean\u0161\u010dina","az_AZ":"azerbajd\u017ean\u0161\u010dina (Azerbajd\u017ean)","az_Cyrl_AZ":"azerbajd\u017ean\u0161\u010dina (cirilica, Azerbajd\u017ean)","az_Cyrl":"azerbajd\u017ean\u0161\u010dina (cirilica)","az_Latn_AZ":"azerbajd\u017ean\u0161\u010dina (latinica, Azerbajd\u017ean)","az_Latn":"azerbajd\u017ean\u0161\u010dina (latinica)","bm":"bambar\u0161\u010dina","bm_Latn_ML":"bambar\u0161\u010dina (latinica, Mali)","bm_Latn":"bambar\u0161\u010dina (latinica)","eu":"baskov\u0161\u010dina","eu_ES":"baskov\u0161\u010dina (\u0160panija)","be":"beloru\u0161\u010dina","be_BY":"beloru\u0161\u010dina (Belorusija)","bn":"bengal\u0161\u010dina","bn_BD":"bengal\u0161\u010dina (Banglade\u0161)","bn_IN":"bengal\u0161\u010dina (Indija)","bg":"bolgar\u0161\u010dina","bg_BG":"bolgar\u0161\u010dina (Bolgarija)","bs":"bosan\u0161\u010dina","bs_BA":"bosan\u0161\u010dina (Bosna in Hercegovina)","bs_Cyrl_BA":"bosan\u0161\u010dina (cirilica, Bosna in Hercegovina)","bs_Cyrl":"bosan\u0161\u010dina (cirilica)","bs_Latn_BA":"bosan\u0161\u010dina (latinica, Bosna in Hercegovina)","bs_Latn":"bosan\u0161\u010dina (latinica)","br":"breton\u0161\u010dina","br_FR":"breton\u0161\u010dina (Francija)","my":"burman\u0161\u010dina","my_MM":"burman\u0161\u010dina (Mjanmar (Burma))","cs":"\u010de\u0161\u010dina","cs_CZ":"\u010de\u0161\u010dina (\u010ce\u0161ka)","da":"dan\u0161\u010dina","da_DK":"dan\u0161\u010dina (Danska)","da_GL":"dan\u0161\u010dina (Grenlandija)","dz":"dzonka","dz_BT":"dzonka (Butan)","eo":"esperanto","et":"eston\u0161\u010dina","et_EE":"eston\u0161\u010dina (Estonija)","ee":"even\u0161\u010dina","ee_GH":"even\u0161\u010dina (Gana)","ee_TG":"even\u0161\u010dina (Togo)","fo":"fer\u0161\u010dina","fo_FO":"fer\u0161\u010dina (Ferski otoki)","fi":"fin\u0161\u010dina","fi_FI":"fin\u0161\u010dina (Finska)","fr":"franco\u0161\u010dina","fr_DZ":"franco\u0161\u010dina (Al\u017eirija)","fr_BE":"franco\u0161\u010dina (Belgija)","fr_BJ":"franco\u0161\u010dina (Benin)","fr_BF":"franco\u0161\u010dina (Burkina Faso)","fr_BI":"franco\u0161\u010dina (Burundi)","fr_CF":"franco\u0161\u010dina (Centralnoafri\u0161ka republika)","fr_TD":"franco\u0161\u010dina (\u010cad)","fr_CD":"franco\u0161\u010dina (Demokrati\u010dna republika Kongo)","fr_DJ":"franco\u0161\u010dina (D\u017eibuti)","fr_GQ":"franco\u0161\u010dina (Ekvatorialna Gvineja)","fr_FR":"franco\u0161\u010dina (Francija)","fr_GF":"franco\u0161\u010dina (Francoska Gvajana)","fr_PF":"franco\u0161\u010dina (Francoska Polinezija)","fr_GA":"franco\u0161\u010dina (Gabon)","fr_GP":"franco\u0161\u010dina (Gvadalupe)","fr_GN":"franco\u0161\u010dina (Gvineja)","fr_HT":"franco\u0161\u010dina (Haiti)","fr_CM":"franco\u0161\u010dina (Kamerun)","fr_CA":"franco\u0161\u010dina (Kanada)","fr_KM":"franco\u0161\u010dina (Komori)","fr_CG":"franco\u0161\u010dina (Kongo - Brazzaville)","fr_LU":"franco\u0161\u010dina (Luksemburg)","fr_MG":"franco\u0161\u010dina (Madagaskar)","fr_ML":"franco\u0161\u010dina (Mali)","fr_MA":"franco\u0161\u010dina (Maroko)","fr_MQ":"franco\u0161\u010dina (Martinik)","fr_MU":"franco\u0161\u010dina (Mauritius)","fr_MR":"franco\u0161\u010dina (Mavretanija)","fr_YT":"franco\u0161\u010dina (Mayotte)","fr_MC":"franco\u0161\u010dina (Monako)","fr_NE":"franco\u0161\u010dina (Niger)","fr_NC":"franco\u0161\u010dina (Nova Kaledonija)","fr_RE":"franco\u0161\u010dina (Reunion)","fr_RW":"franco\u0161\u010dina (Ruanda)","fr_BL":"franco\u0161\u010dina (Saint Barth\u00e9lemy)","fr_MF":"franco\u0161\u010dina (Saint Martin)","fr_PM":"franco\u0161\u010dina (Saint Pierre in Miquelon)","fr_SC":"franco\u0161\u010dina (Sej\u0161eli)","fr_SN":"franco\u0161\u010dina (Senegal)","fr_SY":"franco\u0161\u010dina (Sirija)","fr_CI":"franco\u0161\u010dina (Slonoko\u0161\u010dena obala)","fr_CH":"franco\u0161\u010dina (\u0160vica)","fr_TG":"franco\u0161\u010dina (Togo)","fr_TN":"franco\u0161\u010dina (Tunizija)","fr_VU":"franco\u0161\u010dina (Vanuatu)","fr_WF":"franco\u0161\u010dina (Wallis in Futuna)","fy":"frizij\u0161\u010dina","fy_NL":"frizij\u0161\u010dina (Nizozemska)","ff":"ful\u0161\u010dina","ff_GN":"ful\u0161\u010dina (Gvineja)","ff_CM":"ful\u0161\u010dina (Kamerun)","ff_MR":"ful\u0161\u010dina (Mavretanija)","ff_SN":"ful\u0161\u010dina (Senegal)","gl":"galicij\u0161\u010dina","gl_ES":"galicij\u0161\u010dina (\u0160panija)","lg":"ganda","lg_UG":"ganda (Uganda)","kl":"grenland\u0161\u010dina","kl_GL":"grenland\u0161\u010dina (Grenlandija)","el":"gr\u0161\u010dina","el_CY":"gr\u0161\u010dina (Ciper)","el_GR":"gr\u0161\u010dina (Gr\u010dija)","ka":"gruzin\u0161\u010dina","ka_GE":"gruzin\u0161\u010dina (Gruzija)","gu":"gud\u017earat\u0161\u010dina","gu_IN":"gud\u017earat\u0161\u010dina (Indija)","ha":"hav\u0161\u010dina","ha_GH":"hav\u0161\u010dina (Gana)","ha_Latn_GH":"hav\u0161\u010dina (latinica, Gana)","ha_Latn_NE":"hav\u0161\u010dina (latinica, Niger)","ha_Latn_NG":"hav\u0161\u010dina (latinica, Nigerija)","ha_Latn":"hav\u0161\u010dina (latinica)","ha_NE":"hav\u0161\u010dina (Niger)","ha_NG":"hav\u0161\u010dina (Nigerija)","he":"hebrej\u0161\u010dina","he_IL":"hebrej\u0161\u010dina (Izrael)","hi":"hinduj\u0161\u010dina","hi_IN":"hinduj\u0161\u010dina (Indija)","hr":"hrva\u0161\u010dina","hr_BA":"hrva\u0161\u010dina (Bosna in Hercegovina)","hr_HR":"hrva\u0161\u010dina (Hrva\u0161ka)","ig":"igbo\u0161\u010dina","ig_NG":"igbo\u0161\u010dina (Nigerija)","id":"indonezij\u0161\u010dina","id_ID":"indonezij\u0161\u010dina (Indonezija)","ga":"ir\u0161\u010dina","ga_IE":"ir\u0161\u010dina (Irska)","is":"island\u0161\u010dina","is_IS":"island\u0161\u010dina (Islandija)","it":"italijan\u0161\u010dina","it_IT":"italijan\u0161\u010dina (Italija)","it_SM":"italijan\u0161\u010dina (San Marino)","it_CH":"italijan\u0161\u010dina (\u0160vica)","ja":"japon\u0161\u010dina","ja_JP":"japon\u0161\u010dina (Japonska)","yi":"jidi\u0161","yo":"jorub\u0161\u010dina","yo_BJ":"jorub\u0161\u010dina (Benin)","yo_NG":"jorub\u0161\u010dina (Nigerija)","kn":"kanada","kn_IN":"kanada (Indija)","ks":"ka\u0161mir\u0161\u010dina","ks_Arab_IN":"ka\u0161mir\u0161\u010dina (arabski, Indija)","ks_Arab":"ka\u0161mir\u0161\u010dina (arabski)","ks_IN":"ka\u0161mir\u0161\u010dina (Indija)","ca":"katalon\u0161\u010dina","ca_AD":"katalon\u0161\u010dina (Andora)","ca_FR":"katalon\u0161\u010dina (Francija)","ca_IT":"katalon\u0161\u010dina (Italija)","ca_ES":"katalon\u0161\u010dina (\u0160panija)","kk":"kaza\u0161\u010dina","kk_Cyrl_KZ":"kaza\u0161\u010dina (cirilica, Kazahstan)","kk_Cyrl":"kaza\u0161\u010dina (cirilica)","kk_KZ":"kaza\u0161\u010dina (Kazahstan)","qu":"ke\u010duan\u0161\u010dina","qu_BO":"ke\u010duan\u0161\u010dina (Bolivija)","qu_EC":"ke\u010duan\u0161\u010dina (Ekvador)","qu_PE":"ke\u010duan\u0161\u010dina (Peru)","ki":"kikuj\u0161\u010dina","ki_KE":"kikuj\u0161\u010dina (Kenija)","ky":"kirgi\u0161\u010dina","ky_Cyrl_KG":"kirgi\u0161\u010dina (cirilica, Kirgizistan)","ky_Cyrl":"kirgi\u0161\u010dina (cirilica)","ky_KG":"kirgi\u0161\u010dina (Kirgizistan)","zh":"kitaj\u0161\u010dina","zh_CN":"kitaj\u0161\u010dina (Kitajska)","zh_Hans_CN":"kitaj\u0161\u010dina (poenostavljena pisava han, Kitajska)","zh_Hans_HK":"kitaj\u0161\u010dina (poenostavljena pisava han, Posebno administrativno obmo\u010dje LR Kitajske Hong Kong)","zh_Hans_MO":"kitaj\u0161\u010dina (poenostavljena pisava han, Posebno administrativno obmo\u010dje LR Kitajske Macao)","zh_Hans_SG":"kitaj\u0161\u010dina (poenostavljena pisava han, Singapur)","zh_Hans":"kitaj\u0161\u010dina (poenostavljena pisava han)","zh_HK":"kitaj\u0161\u010dina (Posebno administrativno obmo\u010dje LR Kitajske Hong Kong)","zh_MO":"kitaj\u0161\u010dina (Posebno administrativno obmo\u010dje LR Kitajske Macao)","zh_SG":"kitaj\u0161\u010dina (Singapur)","zh_TW":"kitaj\u0161\u010dina (Tajvan)","zh_Hant_HK":"kitaj\u0161\u010dina (tradicionalna pisava han, Posebno administrativno obmo\u010dje LR Kitajske Hong Kong)","zh_Hant_MO":"kitaj\u0161\u010dina (tradicionalna pisava han, Posebno administrativno obmo\u010dje LR Kitajske Macao)","zh_Hant_TW":"kitaj\u0161\u010dina (tradicionalna pisava han, Tajvan)","zh_Hant":"kitaj\u0161\u010dina (tradicionalna pisava han)","km":"kmer\u0161\u010dina","km_KH":"kmer\u0161\u010dina (Kambod\u017ea)","nb":"knji\u017ena norve\u0161\u010dina","nb_NO":"knji\u017ena norve\u0161\u010dina (Norve\u0161ka)","nb_SJ":"knji\u017ena norve\u0161\u010dina (Svalbard in Jan Mayen)","ko":"korej\u0161\u010dina","ko_KR":"korej\u0161\u010dina (Ju\u017ena Koreja)","ko_KP":"korej\u0161\u010dina (Severna Koreja)","kw":"kornij\u0161\u010dina","kw_GB":"kornij\u0161\u010dina (Velika Britanija)","lo":"lao\u0161\u010dina","lo_LA":"lao\u0161\u010dina (Laos)","lv":"latvij\u0161\u010dina","lv_LV":"latvij\u0161\u010dina (Latvija)","ln":"lingala","ln_AO":"lingala (Angola)","ln_CF":"lingala (Centralnoafri\u0161ka republika)","ln_CD":"lingala (Demokrati\u010dna republika Kongo)","ln_CG":"lingala (Kongo - Brazzaville)","lt":"litov\u0161\u010dina","lt_LT":"litov\u0161\u010dina (Litva)","lu":"luba-katanga","lu_CD":"luba-katanga (Demokrati\u010dna republika Kongo)","lb":"luksembur\u0161\u010dina","lb_LU":"luksembur\u0161\u010dina (Luksemburg)","hu":"mad\u017ear\u0161\u010dina","hu_HU":"mad\u017ear\u0161\u010dina (Mad\u017earska)","mk":"makedon\u0161\u010dina","mk_MK":"makedon\u0161\u010dina (Makedonija)","mg":"malaga\u0161\u010dina","mg_MG":"malaga\u0161\u010dina (Madagaskar)","ml":"malajalam\u0161\u010dina","ml_IN":"malajalam\u0161\u010dina (Indija)","ms":"malaj\u0161\u010dina","ms_BN":"malaj\u0161\u010dina (Brunej)","ms_Latn_BN":"malaj\u0161\u010dina (latinica, Brunej)","ms_Latn_MY":"malaj\u0161\u010dina (latinica, Malezija)","ms_Latn_SG":"malaj\u0161\u010dina (latinica, Singapur)","ms_Latn":"malaj\u0161\u010dina (latinica)","ms_MY":"malaj\u0161\u010dina (Malezija)","ms_SG":"malaj\u0161\u010dina (Singapur)","mt":"malte\u0161\u010dina","mt_MT":"malte\u0161\u010dina (Malta)","gv":"man\u0161\u010dina","gv_IM":"man\u0161\u010dina (Otok Man)","mr":"marat\u0161\u010dina","mr_IN":"marat\u0161\u010dina (Indija)","mn":"mongol\u0161\u010dina","mn_Cyrl_MN":"mongol\u0161\u010dina (cirilica, Mongolija)","mn_Cyrl":"mongol\u0161\u010dina (cirilica)","mn_MN":"mongol\u0161\u010dina (Mongolija)","de":"nem\u0161\u010dina","de_AT":"nem\u0161\u010dina (Avstrija)","de_BE":"nem\u0161\u010dina (Belgija)","de_LI":"nem\u0161\u010dina (Lihten\u0161tajn)","de_LU":"nem\u0161\u010dina (Luksemburg)","de_DE":"nem\u0161\u010dina (Nem\u010dija)","de_CH":"nem\u0161\u010dina (\u0160vica)","ne":"nepal\u0161\u010dina","ne_IN":"nepal\u0161\u010dina (Indija)","ne_NP":"nepal\u0161\u010dina (Nepal)","nl":"nizozem\u0161\u010dina","nl_AW":"nizozem\u0161\u010dina (Aruba)","nl_BE":"nizozem\u0161\u010dina (Belgija)","nl_CW":"nizozem\u0161\u010dina (Cura\u00e7ao)","nl_NL":"nizozem\u0161\u010dina (Nizozemska)","nl_BQ":"nizozem\u0161\u010dina (Nizozemski Karibi)","nl_SX":"nizozem\u0161\u010dina (Sint Maarten)","nl_SR":"nizozem\u0161\u010dina (Surinam)","no":"norve\u0161\u010dina","no_NO":"norve\u0161\u010dina (Norve\u0161ka)","nn":"novonorve\u0161\u010dina","nn_NO":"novonorve\u0161\u010dina (Norve\u0161ka)","or":"orij\u0161\u010dina","or_IN":"orij\u0161\u010dina (Indija)","om":"oromo","om_ET":"oromo (Etiopija)","om_KE":"oromo (Kenija)","os":"osetin\u0161\u010dina","os_GE":"osetin\u0161\u010dina (Gruzija)","os_RU":"osetin\u0161\u010dina (Rusija)","pa":"pand\u017eab\u0161\u010dina","pa_Arab_PK":"pand\u017eab\u0161\u010dina (arabski, Pakistan)","pa_Arab":"pand\u017eab\u0161\u010dina (arabski)","pa_Guru_IN":"pand\u017eab\u0161\u010dina (gurmuki, Indija)","pa_Guru":"pand\u017eab\u0161\u010dina (gurmuki)","pa_IN":"pand\u017eab\u0161\u010dina (Indija)","pa_PK":"pand\u017eab\u0161\u010dina (Pakistan)","ps":"pa\u0161tun\u0161\u010dina","ps_AF":"pa\u0161tun\u0161\u010dina (Afganistan)","fa":"perzij\u0161\u010dina","fa_AF":"perzij\u0161\u010dina (Afganistan)","fa_IR":"perzij\u0161\u010dina (Iran)","pl":"polj\u0161\u010dina","pl_PL":"polj\u0161\u010dina (Poljska)","pt":"portugal\u0161\u010dina","pt_AO":"portugal\u0161\u010dina (Angola)","pt_BR":"portugal\u0161\u010dina (Brazilija)","pt_GW":"portugal\u0161\u010dina (Gvineja Bissau)","pt_MZ":"portugal\u0161\u010dina (Mozambik)","pt_PT":"portugal\u0161\u010dina (Portugalska)","pt_MO":"portugal\u0161\u010dina (Posebno administrativno obmo\u010dje LR Kitajske Macao)","pt_ST":"portugal\u0161\u010dina (Sao Tome in Principe)","pt_TL":"portugal\u0161\u010dina (Vzhodni Timor)","pt_CV":"portugal\u0161\u010dina (Zelenortski otoki)","rm":"retoroman\u0161\u010dina","rm_CH":"retoroman\u0161\u010dina (\u0160vica)","ro":"romun\u0161\u010dina","ro_MD":"romun\u0161\u010dina (Moldavija)","ro_RO":"romun\u0161\u010dina (Romunija)","rw":"ruand\u0161\u010dina","rw_RW":"ruand\u0161\u010dina (Ruanda)","rn":"rund\u0161\u010dina","rn_BI":"rund\u0161\u010dina (Burundi)","ru":"ru\u0161\u010dina","ru_BY":"ru\u0161\u010dina (Belorusija)","ru_KZ":"ru\u0161\u010dina (Kazahstan)","ru_KG":"ru\u0161\u010dina (Kirgizistan)","ru_MD":"ru\u0161\u010dina (Moldavija)","ru_RU":"ru\u0161\u010dina (Rusija)","ru_UA":"ru\u0161\u010dina (Ukrajina)","sg":"sango","sg_CF":"sango (Centralnoafri\u0161ka republika)","ii":"se\u010duanska ji\u0161\u010dina","ii_CN":"se\u010duanska ji\u0161\u010dina (Kitajska)","nd":"severna ndebel\u0161\u010dina","nd_ZW":"severna ndebel\u0161\u010dina (Zimbabve)","se":"severna samij\u0161\u010dina","se_FI":"severna samij\u0161\u010dina (Finska)","se_NO":"severna samij\u0161\u010dina (Norve\u0161ka)","se_SE":"severna samij\u0161\u010dina (\u0160vedska)","si":"singal\u0161\u010dina","si_LK":"singal\u0161\u010dina (\u0160rilanka)","sk":"slova\u0161\u010dina","sk_SK":"slova\u0161\u010dina (Slova\u0161ka)","sl":"sloven\u0161\u010dina","sl_SI":"sloven\u0161\u010dina (Slovenija)","so":"somal\u0161\u010dina","so_DJ":"somal\u0161\u010dina (D\u017eibuti)","so_ET":"somal\u0161\u010dina (Etiopija)","so_KE":"somal\u0161\u010dina (Kenija)","so_SO":"somal\u0161\u010dina (Somalija)","sh":"srbohrva\u0161\u010dina","sh_BA":"srbohrva\u0161\u010dina (Bosna in Hercegovina)","sr":"srb\u0161\u010dina","sr_BA":"srb\u0161\u010dina (Bosna in Hercegovina)","sr_Cyrl_BA":"srb\u0161\u010dina (cirilica, Bosna in Hercegovina)","sr_Cyrl_ME":"srb\u0161\u010dina (cirilica, \u010crna gora)","sr_Cyrl_XK":"srb\u0161\u010dina (cirilica, Kosovo)","sr_Cyrl_RS":"srb\u0161\u010dina (cirilica, Srbija)","sr_Cyrl":"srb\u0161\u010dina (cirilica)","sr_ME":"srb\u0161\u010dina (\u010crna gora)","sr_XK":"srb\u0161\u010dina (Kosovo)","sr_Latn_BA":"srb\u0161\u010dina (latinica, Bosna in Hercegovina)","sr_Latn_ME":"srb\u0161\u010dina (latinica, \u010crna gora)","sr_Latn_XK":"srb\u0161\u010dina (latinica, Kosovo)","sr_Latn_RS":"srb\u0161\u010dina (latinica, Srbija)","sr_Latn":"srb\u0161\u010dina (latinica)","sr_RS":"srb\u0161\u010dina (Srbija)","sw":"svahili","sw_KE":"svahili (Kenija)","sw_TZ":"svahili (Tanzanija)","sw_UG":"svahili (Uganda)","gd":"\u0161kotska gel\u0161\u010dina","gd_GB":"\u0161kotska gel\u0161\u010dina (Velika Britanija)","sn":"\u0161on\u0161\u010dina","sn_ZW":"\u0161on\u0161\u010dina (Zimbabve)","es":"\u0161pan\u0161\u010dina","es_AR":"\u0161pan\u0161\u010dina (Argentina)","es_BO":"\u0161pan\u0161\u010dina (Bolivija)","es_EA":"\u0161pan\u0161\u010dina (Ceuta in Melilla)","es_CL":"\u0161pan\u0161\u010dina (\u010cile)","es_DO":"\u0161pan\u0161\u010dina (Dominikanska republika)","es_EC":"\u0161pan\u0161\u010dina (Ekvador)","es_GQ":"\u0161pan\u0161\u010dina (Ekvatorialna Gvineja)","es_PH":"\u0161pan\u0161\u010dina (Filipini)","es_GT":"\u0161pan\u0161\u010dina (Gvatemala)","es_HN":"\u0161pan\u0161\u010dina (Honduras)","es_IC":"\u0161pan\u0161\u010dina (Kanarski otoki)","es_CO":"\u0161pan\u0161\u010dina (Kolumbija)","es_CR":"\u0161pan\u0161\u010dina (Kostarika)","es_CU":"\u0161pan\u0161\u010dina (Kuba)","es_MX":"\u0161pan\u0161\u010dina (Mehika)","es_NI":"\u0161pan\u0161\u010dina (Nikaragva)","es_PA":"\u0161pan\u0161\u010dina (Panama)","es_PY":"\u0161pan\u0161\u010dina (Paragvaj)","es_PE":"\u0161pan\u0161\u010dina (Peru)","es_PR":"\u0161pan\u0161\u010dina (Portoriko)","es_SV":"\u0161pan\u0161\u010dina (Salvador)","es_ES":"\u0161pan\u0161\u010dina (\u0160panija)","es_UY":"\u0161pan\u0161\u010dina (Urugvaj)","es_VE":"\u0161pan\u0161\u010dina (Venezuela)","es_US":"\u0161pan\u0161\u010dina (Zdru\u017eene dr\u017eave Amerike)","sv":"\u0161ved\u0161\u010dina","sv_AX":"\u0161ved\u0161\u010dina (\u00c5landski otoki)","sv_FI":"\u0161ved\u0161\u010dina (Finska)","sv_SE":"\u0161ved\u0161\u010dina (\u0160vedska)","tl":"tagalog\u0161\u010dina","tl_PH":"tagalog\u0161\u010dina (Filipini)","th":"taj\u0161\u010dina","th_TH":"taj\u0161\u010dina (Tajska)","ta":"tamil\u0161\u010dina","ta_IN":"tamil\u0161\u010dina (Indija)","ta_MY":"tamil\u0161\u010dina (Malezija)","ta_SG":"tamil\u0161\u010dina (Singapur)","ta_LK":"tamil\u0161\u010dina (\u0160rilanka)","te":"telugij\u0161\u010dina","te_IN":"telugij\u0161\u010dina (Indija)","bo":"tibetan\u0161\u010dina","bo_IN":"tibetan\u0161\u010dina (Indija)","bo_CN":"tibetan\u0161\u010dina (Kitajska)","ti":"tigraj\u0161\u010dina","ti_ER":"tigraj\u0161\u010dina (Eritreja)","ti_ET":"tigraj\u0161\u010dina (Etiopija)","to":"tong\u0161\u010dina","to_TO":"tong\u0161\u010dina (Tonga)","tr":"tur\u0161\u010dina","tr_CY":"tur\u0161\u010dina (Ciper)","tr_TR":"tur\u0161\u010dina (Tur\u010dija)","ug":"ujgur\u0161\u010dina","ug_Arab_CN":"ujgur\u0161\u010dina (arabski, Kitajska)","ug_Arab":"ujgur\u0161\u010dina (arabski)","ug_CN":"ujgur\u0161\u010dina (Kitajska)","uk":"ukrajin\u0161\u010dina","uk_UA":"ukrajin\u0161\u010dina (Ukrajina)","ur":"urduj\u0161\u010dina","ur_IN":"urduj\u0161\u010dina (Indija)","ur_PK":"urduj\u0161\u010dina (Pakistan)","uz":"uzbe\u0161\u010dina","uz_AF":"uzbe\u0161\u010dina (Afganistan)","uz_Arab_AF":"uzbe\u0161\u010dina (arabski, Afganistan)","uz_Arab":"uzbe\u0161\u010dina (arabski)","uz_Cyrl_UZ":"uzbe\u0161\u010dina (cirilica, Uzbekistan)","uz_Cyrl":"uzbe\u0161\u010dina (cirilica)","uz_Latn_UZ":"uzbe\u0161\u010dina (latinica, Uzbekistan)","uz_Latn":"uzbe\u0161\u010dina (latinica)","uz_UZ":"uzbe\u0161\u010dina (Uzbekistan)","cy":"vali\u017ean\u0161\u010dina","cy_GB":"vali\u017ean\u0161\u010dina (Velika Britanija)","vi":"vietnam\u0161\u010dina","vi_VN":"vietnam\u0161\u010dina (Vietnam)","zu":"zuluj\u0161\u010dina","zu_ZA":"zuluj\u0161\u010dina (Ju\u017enoafri\u0161ka republika)"}