{"af":"Afrikaans","af_NA":"Afrikaans (Namibia)","af_ZA":"Afrikaans (South Africa)","sq":"Albanian","sq_AL":"Albanian (Albania)","sq_XK":"Albanian (Kosovo)","sq_MK":"Albanian (Macedonia)","ar_PS":"Arabic (Palestinian Territories)","ar_SS":"Arabic (South Sudan)","ar_EH":"Arabic (Western Sahara)","hy":"Armenian","hy_AM":"Armenian (Armenia)","as":"Assamese","as_IN":"Assamese (India)","az":"Azerbaijani","az_AZ":"Azerbaijani (Azerbaijan)","az_Cyrl_AZ":"Azerbaijani (Cyrillic, Azerbaijan)","az_Cyrl":"Azerbaijani (Cyrillic)","az_Latn_AZ":"Azerbaijani (Latin, Azerbaijan)","az_Latn":"Azerbaijani (Latin)","bm":"Bambara","bm_Latn_ML":"Bambara (Latin, Mali)","bm_Latn":"Bambara (Latin)","eu":"Basque","eu_ES":"Basque (Spain)","bs":"Bosnian","bs_BA":"Bosnian (Bosnia & Herzegovina)","bs_Cyrl_BA":"Bosnian (Cyrillic, Bosnia & Herzegovina)","bs_Cyrl":"Bosnian (Cyrillic)","bs_Latn_BA":"Bosnian (Latin, Bosnia & Herzegovina)","bs_Latn":"Bosnian (Latin)","br":"Breton","br_FR":"Breton (France)","ca":"Catalan","ca_AD":"Catalan (Andorra)","ca_FR":"Catalan (France)","ca_IT":"Catalan (Italy)","ca_ES":"Catalan (Spain)","ak":"chiAkani","ak_GH":"chiAkani (Ghana)","am":"chiAmaric","am_ET":"chiAmaric (Etiopia)","ar":"chiArabu","ar_DZ":"chiArabu (Aljeria)","ar_BH":"chiArabu (Bahareni)","ar_TD":"chiArabu (Chadi)","ar_DJ":"chiArabu (Djibouti)","ar_EG":"chiArabu (Egypt)","ar_ER":"chiArabu (Eritrea)","ar_IQ":"chiArabu (Iraq)","ar_IL":"chiArabu (Izuraeri)","ar_JO":"chiArabu (Jordan)","ar_KM":"chiArabu (Komoro)","ar_KW":"chiArabu (Kuwait)","ar_LB":"chiArabu (Lebanon)","ar_LY":"chiArabu (Libya)","ar_MR":"chiArabu (Mauritania)","ar_MA":"chiArabu (Morocco)","ar_OM":"chiArabu (Oman)","ar_QA":"chiArabu (Qatar)","ar_SA":"chiArabu (Saudi Arabia)","ar_SO":"chiArabu (Somalia)","ar_SD":"chiArabu (Sudan)","ar_SY":"chiArabu (Syria)","ar_TN":"chiArabu (Tunisia)","ar_AE":"chiArabu (United Arab Emirates)","ar_YE":"chiArabu (Yemen)","be":"chiBelarusi","be_BY":"chiBelarusi (Belarusi)","bn":"chiBengali","bn_BD":"chiBengali (Bangladeshi)","bn_IN":"chiBengali (India)","bg":"chiBulgarian","bg_BG":"chiBulgarian (Bulgaria)","my":"chiBurma","my_MM":"chiBurma (Myanmar)","zh":"chiChinese","zh_CN":"chiChinese (China)","zh_SG":"chiChinese (Singapore)","zh_TW":"chiChinese (Taiwan)","cs":"chiCzech","cs_CZ":"chiCzech (Czech Republic)","nl":"chiDutch","nl_AW":"chiDutch (Arubha)","nl_BE":"chiDutch (Beljium)","nl_NL":"chiDutch (Netherlands)","nl_SR":"chiDutch (Suriname)","fr":"chiFurenchi","fr_DZ":"chiFurenchi (Aljeria)","fr_BE":"chiFurenchi (Beljium)","fr_BJ":"chiFurenchi (Benini)","fr_BF":"chiFurenchi (Bukinafaso)","fr_BI":"chiFurenchi (Burundi)","fr_CF":"chiFurenchi (Central African Republic)","fr_TD":"chiFurenchi (Chadi)","fr_CD":"chiFurenchi (Democratic Republic of the Congo)","fr_DJ":"chiFurenchi (Djibouti)","fr_GQ":"chiFurenchi (Equatorial Guinea)","fr_FR":"chiFurenchi (France)","fr_GF":"chiFurenchi (French Guiana)","fr_PF":"chiFurenchi (French Polynesia)","fr_GA":"chiFurenchi (Gabon)","fr_GP":"chiFurenchi (Guadeloupe)","fr_GN":"chiFurenchi (Guinea)","fr_HT":"chiFurenchi (Haiti)","fr_CI":"chiFurenchi (Ivory Coast)","fr_CM":"chiFurenchi (Kameruni)","fr_CA":"chiFurenchi (Kanada)","fr_KM":"chiFurenchi (Komoro)","fr_CG":"chiFurenchi (Kongo)","fr_LU":"chiFurenchi (Luxembourg)","fr_MG":"chiFurenchi (Madagascar)","fr_ML":"chiFurenchi (Mali)","fr_MQ":"chiFurenchi (Martinique)","fr_MR":"chiFurenchi (Mauritania)","fr_MU":"chiFurenchi (Mauritius)","fr_YT":"chiFurenchi (Mayotte)","fr_MC":"chiFurenchi (Monaco)","fr_MA":"chiFurenchi (Morocco)","fr_NC":"chiFurenchi (New Caledonia)","fr_NE":"chiFurenchi (Niger)","fr_RE":"chiFurenchi (R\u00e9union)","fr_RW":"chiFurenchi (Rwanda)","fr_PM":"chiFurenchi (Saint Pierre and Miquelon)","fr_SN":"chiFurenchi (Senegal)","fr_SC":"chiFurenchi (Seychelles)","fr_CH":"chiFurenchi (Switzerland)","fr_SY":"chiFurenchi (Syria)","fr_TG":"chiFurenchi (Togo)","fr_TN":"chiFurenchi (Tunisia)","fr_VU":"chiFurenchi (Vanuatu)","fr_WF":"chiFurenchi (Wallis and Futuna)","el":"chiGreek","el_CY":"chiGreek (Cyprus)","el_GR":"chiGreek (Greece)","ha":"chiHausa","ha_GH":"chiHausa (Ghana)","ha_NE":"chiHausa (Niger)","ha_NG":"chiHausa (Nigeria)","hi":"chiHindi","hi_IN":"chiHindi (India)","hu":"chiHungari","hu_HU":"chiHungari (Hungary)","ig":"chiIgbo","ig_NG":"chiIgbo (Nigeria)","id":"chiIndonesia","id_ID":"chiIndonesia (Indonesia)","ja":"chiJapani","ja_JP":"chiJapani (Japan)","de":"chiJerimani","de_AT":"chiJerimani (Austria)","de_BE":"chiJerimani (Beljium)","de_DE":"chiJerimani (Germany)","de_LI":"chiJerimani (Liechtenstein)","de_LU":"chiJerimani (Luxembourg)","de_CH":"chiJerimani (Switzerland)","km":"chiKhema","km_KH":"chiKhema (Kambodia)","ko":"chiKoria","ko_KP":"chiKoria (Korea, North)","ko_KR":"chiKoria (Korea, South)","ms":"chiMalay","ms_BN":"chiMalay (Burunei)","ms_MY":"chiMalay (Malaysia)","ms_SG":"chiMalay (Singapore)","ne":"chiNepali","ne_IN":"chiNepali (India)","ne_NP":"chiNepali (Nepal)","zh_HK":"Chinese (Hong Kong SAR China)","zh_MO":"Chinese (Macau SAR China)","zh_Hans_CN":"Chinese (Simplified, China)","zh_Hans_HK":"Chinese (Simplified, Hong Kong SAR China)","zh_Hans_MO":"Chinese (Simplified, Macau SAR China)","zh_Hans_SG":"Chinese (Simplified, Singapore)","zh_Hans":"Chinese (Simplified)","zh_Hant_HK":"Chinese (Traditional, Hong Kong SAR China)","zh_Hant_MO":"Chinese (Traditional, Macau SAR China)","zh_Hant_TW":"Chinese (Traditional, Taiwan)","zh_Hant":"Chinese (Traditional)","fa":"chiPeshiya","fa_AF":"chiPeshiya (Afuganistani)","fa_IR":"chiPeshiya (Iran)","pl":"chiPolish","pl_PL":"chiPolish (Poland)","pa":"chiPunjabi","pa_IN":"chiPunjabi (India)","pa_PK":"chiPunjabi (Pakistan)","pt":"chiPutukezi","pt_AO":"chiPutukezi (Angola)","pt_BR":"chiPutukezi (Brazil)","pt_TL":"chiPutukezi (East Timor)","pt_GW":"chiPutukezi (Guinea-Bissau)","pt_MZ":"chiPutukezi (Mozambique)","pt_PT":"chiPutukezi (Portugal)","pt_ST":"chiPutukezi (S\u00e3o Tom\u00e9 and Pr\u00edncipe)","pt_CV":"chiPutukezi (Zvitsuwa zveCape Verde)","ru":"chiRashiya","ru_BY":"chiRashiya (Belarusi)","ru_KZ":"chiRashiya (Kazakhstan)","ru_KG":"chiRashiya (Kyrgyzstan)","ru_MD":"chiRashiya (Moldova)","ru_RU":"chiRashiya (Russia)","ru_UA":"chiRashiya (Ukraine)","ro":"chiRomanian","ro_MD":"chiRomanian (Moldova)","ro_RO":"chiRomanian (Romania)","en":"Chirungu","en_US":"Chirungu (Amerika)","en_AI":"Chirungu (Anguila)","en_AG":"Chirungu (Antigua ne Barbuda)","en_AU":"Chirungu (Australia)","en_BS":"Chirungu (Bahama)","en_BB":"Chirungu (Barbados)","en_BZ":"Chirungu (Belize)","en_BE":"Chirungu (Beljium)","en_BM":"Chirungu (Bermuda)","en_BW":"Chirungu (Botswana)","en_IO":"Chirungu (British Indian Ocean Territory)","en_NF":"Chirungu (Chitsuwa cheNorfolk)","en_DM":"Chirungu (Dominica)","en_ER":"Chirungu (Eritrea)","en_FJ":"Chirungu (Fiji)","en_GM":"Chirungu (Gambia)","en_GH":"Chirungu (Ghana)","en_GI":"Chirungu (Gibraltar)","en_GD":"Chirungu (Grenada)","en_GU":"Chirungu (Guam)","en_GY":"Chirungu (Guyana)","en_IN":"Chirungu (India)","en_IE":"Chirungu (Ireland)","en_JM":"Chirungu (Jamaica)","en_CM":"Chirungu (Kameruni)","en_CA":"Chirungu (Kanada)","en_KE":"Chirungu (Kenya)","en_KI":"Chirungu (Kiribati)","en_LS":"Chirungu (Lesotho)","en_LR":"Chirungu (Liberia)","en_MG":"Chirungu (Madagascar)","en_MW":"Chirungu (Malawi)","en_MY":"Chirungu (Malaysia)","en_MT":"Chirungu (Malta)","en_MU":"Chirungu (Mauritius)","en_FM":"Chirungu (Micronesia)","en_MS":"Chirungu (Montserrat)","en_NA":"Chirungu (Namibia)","en_NR":"Chirungu (Nauru)","en_NZ":"Chirungu (New Zealand)","en_NG":"Chirungu (Nigeria)","en_NU":"Chirungu (Niue)","en_PK":"Chirungu (Pakistan)","en_PW":"Chirungu (Palau)","en_PG":"Chirungu (Papua New Guinea)","en_PH":"Chirungu (Philippines)","en_PN":"Chirungu (Pitcairn)","en_PR":"Chirungu (Puerto Rico)","en_RW":"Chirungu (Rwanda)","en_SH":"Chirungu (Saint Helena)","en_KN":"Chirungu (Saint Kitts and Nevis)","en_LC":"Chirungu (Saint Lucia)","en_VC":"Chirungu (Saint Vincent and the Grenadines)","en_AS":"Chirungu (Samoa ye Amerika)","en_WS":"Chirungu (Samoa)","en_SC":"Chirungu (Seychelles)","en_SL":"Chirungu (Sierra Leone)","en_SG":"Chirungu (Singapore)","en_ZA":"Chirungu (South Africa)","en_SD":"Chirungu (Sudan)","en_SZ":"Chirungu (Swaziland)","en_TZ":"Chirungu (Tanzania)","en_TK":"Chirungu (Tokelau)","en_TO":"Chirungu (Tonga)","en_TT":"Chirungu (Trinidad and Tobago)","en_TV":"Chirungu (Tuvalu)","en_UG":"Chirungu (Uganda)","en_GB":"Chirungu (United Kingdom)","en_VU":"Chirungu (Vanuatu)","en_ZM":"Chirungu (Zambia)","en_ZW":"Chirungu (Zimbabwe)","en_SB":"Chirungu (Zvitsuwa zvaSolomon)","en_VI":"Chirungu (Zvitsuwa zveAmerika)","en_KY":"Chirungu (Zvitsuwa zveCayman)","en_CK":"Chirungu (Zvitsuwa zveCook)","en_FK":"Chirungu (Zvitsuwa zveFalklands)","en_VG":"Chirungu (Zvitsuwa zveHingirandi)","en_MP":"Chirungu (Zvitsuwa zvekumaodzanyemba eMariana)","en_MH":"Chirungu (Zvitsuwa zveMarshall)","en_TC":"Chirungu (Zvitsuwa zveTurk neCaico)","rw":"chiRwanda","rw_RW":"chiRwanda (Rwanda)","sn":"chiShona","sn_ZW":"chiShona (Zimbabwe)","so":"chiSomali","so_DJ":"chiSomali (Djibouti)","so_ET":"chiSomali (Etiopia)","so_KE":"chiSomali (Kenya)","so_SO":"chiSomali (Somalia)","es":"chiSpanish","es_AR":"chiSpanish (Ajentina)","es_US":"chiSpanish (Amerika)","es_BO":"chiSpanish (Bolivia)","es_CL":"chiSpanish (Chile)","es_CU":"chiSpanish (Cuba)","es_DO":"chiSpanish (Dominican Republic)","es_EC":"chiSpanish (Ecuador)","es_SV":"chiSpanish (El Salvador)","es_GQ":"chiSpanish (Equatorial Guinea)","es_GT":"chiSpanish (Guatemala)","es_HN":"chiSpanish (Honduras)","es_CO":"chiSpanish (Kolombia)","es_CR":"chiSpanish (Kostarika)","es_MX":"chiSpanish (Mexico)","es_NI":"chiSpanish (Nicaragua)","es_PA":"chiSpanish (Panama)","es_PY":"chiSpanish (Paraguay)","es_PE":"chiSpanish (Peru)","es_PH":"chiSpanish (Philippines)","es_PR":"chiSpanish (Puerto Rico)","es_ES":"chiSpanish (Spain)","es_UY":"chiSpanish (Uruguay)","es_VE":"chiSpanish (Venezuela)","sv":"chiSwedish","sv_FI":"chiSwedish (Finland)","sv_SE":"chiSwedish (Sweden)","ta":"chiTamil","ta_IN":"chiTamil (India)","ta_MY":"chiTamil (Malaysia)","ta_SG":"chiTamil (Singapore)","ta_LK":"chiTamil (Sri Lanka)","it":"chiTariana","it_IT":"chiTariana (Italy)","it_SM":"chiTariana (San Marino)","it_CH":"chiTariana (Switzerland)","th":"chiThai","th_TH":"chiThai (Thailand)","tr":"chiTurkish","tr_CY":"chiTurkish (Cyprus)","tr_TR":"chiTurkish (Turkey)","uk":"chiUkrenia","uk_UA":"chiUkrenia (Ukraine)","ur":"chiUrdu","ur_IN":"chiUrdu (India)","ur_PK":"chiUrdu (Pakistan)","vi":"chiVietnam","vi_VN":"chiVietnam (Vietnam)","yo":"chiYoruba","yo_BJ":"chiYoruba (Benini)","yo_NG":"chiYoruba (Nigeria)","zu":"chiZulu","zu_ZA":"chiZulu (South Africa)","kw":"Cornish","kw_GB":"Cornish (United Kingdom)","hr":"Croatian","hr_BA":"Croatian (Bosnia & Herzegovina)","hr_HR":"Croatian (Croatia)","da":"Danish","da_DK":"Danish (Denmark)","da_GL":"Danish (Greenland)","nl_BQ":"Dutch (Caribbean Netherlands)","nl_CW":"Dutch (Cura\u00e7ao)","nl_SX":"Dutch (Sint Maarten)","dz":"Dzongkha","dz_BT":"Dzongkha (Bhutan)","en_CX":"English (Christmas Island)","en_CC":"English (Cocos (Keeling) Islands)","en_DG":"English (Diego Garcia)","en_GG":"English (Guernsey)","en_HK":"English (Hong Kong SAR China)","en_IM":"English (Isle of Man)","en_JE":"English (Jersey)","en_MO":"English (Macau SAR China)","en_SX":"English (Sint Maarten)","en_SS":"English (South Sudan)","en_UM":"English (U.S. Outlying Islands)","eo":"Esperanto","et":"Estonian","et_EE":"Estonian (Estonia)","ee":"Ewe","ee_GH":"Ewe (Ghana)","ee_TG":"Ewe (Togo)","fo":"Faroese","fo_FO":"Faroese (Faroe Islands)","fi":"Finnish","fi_FI":"Finnish (Finland)","fr_BL":"French (St. Barth\u00e9lemy)","fr_MF":"French (St. Martin)","ff":"Fulah","ff_CM":"Fulah (Cameroon)","ff_GN":"Fulah (Guinea)","ff_MR":"Fulah (Mauritania)","ff_SN":"Fulah (Senegal)","gl":"Galician","gl_ES":"Galician (Spain)","lg":"Ganda","lg_UG":"Ganda (Uganda)","ka":"Georgian","ka_GE":"Georgian (Georgia)","gu":"Gujarati","gu_IN":"Gujarati (India)","ha_Latn_GH":"Hausa (Latin, Ghana)","ha_Latn_NE":"Hausa (Latin, Niger)","ha_Latn_NG":"Hausa (Latin, Nigeria)","ha_Latn":"Hausa (Latin)","he":"Hebrew","he_IL":"Hebrew (Israel)","is":"Icelandic","is_IS":"Icelandic (Iceland)","ga":"Irish","ga_IE":"Irish (Ireland)","kl":"Kalaallisut","kl_GL":"Kalaallisut (Greenland)","kn":"Kannada","kn_IN":"Kannada (India)","ks":"Kashmiri","ks_Arab_IN":"Kashmiri (Arabic, India)","ks_Arab":"Kashmiri (Arabic)","ks_IN":"Kashmiri (India)","kk":"Kazakh","kk_Cyrl_KZ":"Kazakh (Cyrillic, Kazakhstan)","kk_Cyrl":"Kazakh (Cyrillic)","kk_KZ":"Kazakh (Kazakhstan)","ki":"Kikuyu","ki_KE":"Kikuyu (Kenya)","ky":"Kyrgyz","ky_Cyrl_KG":"Kyrgyz (Cyrillic, Kyrgyzstan)","ky_Cyrl":"Kyrgyz (Cyrillic)","ky_KG":"Kyrgyz (Kyrgyzstan)","lo":"Lao","lo_LA":"Lao (Laos)","lv":"Latvian","lv_LV":"Latvian (Latvia)","ln":"Lingala","ln_AO":"Lingala (Angola)","ln_CF":"Lingala (Central African Republic)","ln_CG":"Lingala (Congo - Brazzaville)","ln_CD":"Lingala (Congo - Kinshasa)","lt":"Lithuanian","lt_LT":"Lithuanian (Lithuania)","lu":"Luba-Katanga","lu_CD":"Luba-Katanga (Congo - Kinshasa)","lb":"Luxembourgish","lb_LU":"Luxembourgish (Luxembourg)","mk":"Macedonian","mk_MK":"Macedonian (Macedonia)","mg":"Malagasy","mg_MG":"Malagasy (Madagascar)","ms_Latn_BN":"Malay (Latin, Brunei)","ms_Latn_MY":"Malay (Latin, Malaysia)","ms_Latn_SG":"Malay (Latin, Singapore)","ms_Latn":"Malay (Latin)","ml":"Malayalam","ml_IN":"Malayalam (India)","mt":"Maltese","mt_MT":"Maltese (Malta)","gv":"Manx","gv_IM":"Manx (Isle of Man)","mr":"Marathi","mr_IN":"Marathi (India)","mn":"Mongolian","mn_Cyrl_MN":"Mongolian (Cyrillic, Mongolia)","mn_Cyrl":"Mongolian (Cyrillic)","mn_MN":"Mongolian (Mongolia)","nd":"North Ndebele","nd_ZW":"North Ndebele (Zimbabwe)","se":"Northern Sami","se_FI":"Northern Sami (Finland)","se_NO":"Northern Sami (Norway)","se_SE":"Northern Sami (Sweden)","no":"Norwegian","no_NO":"Norwegian (Norway)","nb":"Norwegian Bokm\u00e5l","nb_NO":"Norwegian Bokm\u00e5l (Norway)","nb_SJ":"Norwegian Bokm\u00e5l (Svalbard & Jan Mayen)","nn":"Norwegian Nynorsk","nn_NO":"Norwegian Nynorsk (Norway)","or":"Oriya","or_IN":"Oriya (India)","om":"Oromo","om_ET":"Oromo (Ethiopia)","om_KE":"Oromo (Kenya)","os":"Ossetic","os_GE":"Ossetic (Georgia)","os_RU":"Ossetic (Russia)","ps":"Pashto","ps_AF":"Pashto (Afghanistan)","pt_MO":"Portuguese (Macau SAR China)","pa_Arab_PK":"Punjabi (Arabic, Pakistan)","pa_Arab":"Punjabi (Arabic)","pa_Guru_IN":"Punjabi (Gurmukhi, India)","pa_Guru":"Punjabi (Gurmukhi)","qu":"Quechua","qu_BO":"Quechua (Bolivia)","qu_EC":"Quechua (Ecuador)","qu_PE":"Quechua (Peru)","rm":"Romansh","rm_CH":"Romansh (Switzerland)","rn":"Rundi","rn_BI":"Rundi (Burundi)","sg":"Sango","sg_CF":"Sango (Central African Republic)","gd":"Scottish Gaelic","gd_GB":"Scottish Gaelic (United Kingdom)","sr":"Serbian","sr_BA":"Serbian (Bosnia & Herzegovina)","sr_Cyrl_BA":"Serbian (Cyrillic, Bosnia & Herzegovina)","sr_Cyrl_XK":"Serbian (Cyrillic, Kosovo)","sr_Cyrl_ME":"Serbian (Cyrillic, Montenegro)","sr_Cyrl_RS":"Serbian (Cyrillic, Serbia)","sr_Cyrl":"Serbian (Cyrillic)","sr_XK":"Serbian (Kosovo)","sr_Latn_BA":"Serbian (Latin, Bosnia & Herzegovina)","sr_Latn_XK":"Serbian (Latin, Kosovo)","sr_Latn_ME":"Serbian (Latin, Montenegro)","sr_Latn_RS":"Serbian (Latin, Serbia)","sr_Latn":"Serbian (Latin)","sr_ME":"Serbian (Montenegro)","sr_RS":"Serbian (Serbia)","sh":"Serbo-Croatian","sh_BA":"Serbo-Croatian (Bosnia & Herzegovina)","ii":"Sichuan Yi","ii_CN":"Sichuan Yi (China)","si":"Sinhala","si_LK":"Sinhala (Sri Lanka)","sk":"Slovak","sk_SK":"Slovak (Slovakia)","sl":"Slovenian","sl_SI":"Slovenian (Slovenia)","es_IC":"Spanish (Canary Islands)","es_EA":"Spanish (Ceuta & Melilla)","sw":"Swahili","sw_KE":"Swahili (Kenya)","sw_TZ":"Swahili (Tanzania)","sw_UG":"Swahili (Uganda)","sv_AX":"Swedish (\u00c5land Islands)","tl":"Tagalog","tl_PH":"Tagalog (Philippines)","te":"Telugu","te_IN":"Telugu (India)","bo":"Tibetan","bo_CN":"Tibetan (China)","bo_IN":"Tibetan (India)","ti":"Tigrinya","ti_ER":"Tigrinya (Eritrea)","ti_ET":"Tigrinya (Ethiopia)","to":"Tongan","to_TO":"Tongan (Tonga)","ug":"Uyghur","ug_Arab_CN":"Uyghur (Arabic, China)","ug_Arab":"Uyghur (Arabic)","ug_CN":"Uyghur (China)","uz":"Uzbek","uz_AF":"Uzbek (Afghanistan)","uz_Arab_AF":"Uzbek (Arabic, Afghanistan)","uz_Arab":"Uzbek (Arabic)","uz_Cyrl_UZ":"Uzbek (Cyrillic, Uzbekistan)","uz_Cyrl":"Uzbek (Cyrillic)","uz_Latn_UZ":"Uzbek (Latin, Uzbekistan)","uz_Latn":"Uzbek (Latin)","uz_UZ":"Uzbek (Uzbekistan)","cy":"Welsh","cy_GB":"Welsh (United Kingdom)","fy":"Western Frisian","fy_NL":"Western Frisian (Netherlands)","yi":"Yiddish"}