{"af":"Afrikaans","af_NA":"Afrikaans (Namibia)","af_ZA":"Afrikaans (South Africa)","ak":"Akan","ak_GH":"Akan (Gaana)","sq":"Albanian","sq_AL":"Albanian (Albania)","sq_XK":"Albanian (Kosovo)","sq_MK":"Albanian (Macedonia)","ar_SS":"Arabic (South Sudan)","ar_EH":"Arabic (Western Sahara)","hy":"Armenian","hy_AM":"Armenian (Armenia)","as":"Assamese","as_IN":"Assamese (India)","am":"Axmaari","am_ET":"Axmaari (Itoobiya)","az":"Azerbaijani","az_AZ":"Azerbaijani (Azerbaijan)","az_Cyrl_AZ":"Azerbaijani (Cyrillic, Azerbaijan)","az_Cyrl":"Azerbaijani (Cyrillic)","az_Latn_AZ":"Azerbaijani (Latin, Azerbaijan)","az_Latn":"Azerbaijani (Latin)","bm":"Bambara","bm_Latn_ML":"Bambara (Latin, Mali)","bm_Latn":"Bambara (Latin)","bn":"Bangaali","bn_BD":"Bangaali (Bangaaladheesh)","bn_IN":"Bangaali (Hindiya)","eu":"Basque","eu_ES":"Basque (Spain)","be":"Beleruusiyaan","be_BY":"Beleruusiyaan (Belarus)","pl":"Boolish","pl_PL":"Boolish (Booland)","pt":"Boortaqiis","pt_AO":"Boortaqiis (Angoola)","pt_PT":"Boortaqiis (Bortuqaal)","pt_BR":"Boortaqiis (Braasiil)","pt_CV":"Boortaqiis (Cape Verde Islands)","pt_GW":"Boortaqiis (Gini-Bisaaw)","pt_MZ":"Boortaqiis (Musambiig)","pt_ST":"Boortaqiis (S\u00e3o Tom\u00e9 and Pr\u00edncipe)","pt_TL":"Boortaqiis (Timorka bari)","bs":"Bosnian","bs_BA":"Bosnian (Bosnia & Herzegovina)","bs_Cyrl_BA":"Bosnian (Cyrillic, Bosnia & Herzegovina)","bs_Cyrl":"Bosnian (Cyrillic)","bs_Latn_BA":"Bosnian (Latin, Bosnia & Herzegovina)","bs_Latn":"Bosnian (Latin)","br":"Breton","br_FR":"Breton (France)","bg":"Bulgeeriyaan","bg_BG":"Bulgeeriyaan (Bulgaariya)","pa":"Bunjaabi","pa_PK":"Bunjaabi (Bakistaan)","pa_IN":"Bunjaabi (Hindiya)","my":"Burmese","my_MM":"Burmese (Myanmar)","ar":"Carabi","ar_DZ":"Carabi (Aljeeriya)","ar_BH":"Carabi (Baxreyn)","ar_IQ":"Carabi (Ciraaq)","ar_OM":"Carabi (Cumaan)","ar_ER":"Carabi (Eretereeya)","ar_PS":"Carabi (Falastiin Daanka galbeed iyo Qasa)","ar_AE":"Carabi (Imaaraadka Carabta ee Midoobay)","ar_IL":"Carabi (Israa\u02bciil)","ar_TD":"Carabi (Jaad)","ar_DJ":"Carabi (Jabuuti)","ar_KM":"Carabi (Komooros)","ar_KW":"Carabi (Kuwayt)","ar_LY":"Carabi (Liibiya)","ar_LB":"Carabi (Lubnaan)","ar_MA":"Carabi (Marooko)","ar_EG":"Carabi (Masar)","ar_MR":"Carabi (Muritaaniya)","ar_QA":"Carabi (Qadar)","ar_SA":"Carabi (Sacuudi Carabiya)","ar_SO":"Carabi (Soomaaliya)","ar_SD":"Carabi (Suudaan)","ar_SY":"Carabi (Suuriya)","ar_TN":"Carabi (Tuniisiya)","ar_JO":"Carabi (Urdun)","ar_YE":"Carabi (Yaman)","ca":"Catalan","ca_AD":"Catalan (Andorra)","ca_FR":"Catalan (France)","ca_IT":"Catalan (Italy)","ca_ES":"Catalan (Spain)","zh_HK":"Chinese (Hong Kong SAR China)","zh_MO":"Chinese (Macau SAR China)","zh_Hans_CN":"Chinese (Simplified, China)","zh_Hans_HK":"Chinese (Simplified, Hong Kong SAR China)","zh_Hans_MO":"Chinese (Simplified, Macau SAR China)","zh_Hans_SG":"Chinese (Simplified, Singapore)","zh_Hans":"Chinese (Simplified)","zh_Hant_HK":"Chinese (Traditional, Hong Kong SAR China)","zh_Hant_MO":"Chinese (Traditional, Macau SAR China)","zh_Hant_TW":"Chinese (Traditional, Taiwan)","zh_Hant":"Chinese (Traditional)","kw":"Cornish","kw_GB":"Cornish (United Kingdom)","hr":"Croatian","hr_BA":"Croatian (Bosnia & Herzegovina)","hr_HR":"Croatian (Croatia)","da":"Danish","da_DK":"Danish (Denmark)","da_GL":"Danish (Greenland)","nl_BQ":"Dutch (Caribbean Netherlands)","nl_CW":"Dutch (Cura\u00e7ao)","nl_SX":"Dutch (Sint Maarten)","dz":"Dzongkha","dz_BT":"Dzongkha (Bhutan)","en_CX":"English (Christmas Island)","en_CC":"English (Cocos (Keeling) Islands)","en_DG":"English (Diego Garcia)","en_GG":"English (Guernsey)","en_HK":"English (Hong Kong SAR China)","en_IM":"English (Isle of Man)","en_JE":"English (Jersey)","en_MO":"English (Macau SAR China)","en_SX":"English (Sint Maarten)","en_SS":"English (South Sudan)","en_UM":"English (U.S. Outlying Islands)","eo":"Esperanto","et":"Estonian","et_EE":"Estonian (Estonia)","ee":"Ewe","ee_GH":"Ewe (Ghana)","ee_TG":"Ewe (Togo)","fa":"Faarisi","fa_AF":"Faarisi (Afgaanistaan)","fa_IR":"Faarisi (Iiraan)","fr":"Faransiis","fr_DZ":"Faransiis (Aljeeriya)","fr_BE":"Faransiis (Biljam)","fr_BJ":"Faransiis (Biniin)","fr_BF":"Faransiis (Burkiina Faaso)","fr_BI":"Faransiis (Burundi)","fr_GQ":"Faransiis (Equatorial Guinea)","fr_FR":"Faransiis (Faransiis)","fr_GF":"Faransiis (French Guiana)","fr_PF":"Faransiis (French Polynesia)","fr_GA":"Faransiis (Gaaboon)","fr_GN":"Faransiis (Gini)","fr_GP":"Faransiis (Guadeloupe)","fr_HT":"Faransiis (Hayti)","fr_CI":"Faransiis (Ivory coast)","fr_TD":"Faransiis (Jaad)","fr_DJ":"Faransiis (Jabuuti)","fr_CF":"Faransiis (Jamhuuriyadda Afrikada Dhexe)","fr_CD":"Faransiis (Jamhuuriyadda Dimuquraadiga Kongo)","fr_CM":"Faransiis (Kaameruun)","fr_CA":"Faransiis (Kanada)","fr_KM":"Faransiis (Komooros)","fr_CG":"Faransiis (Kongo)","fr_LU":"Faransiis (Luksemboorg)","fr_ML":"Faransiis (Maali)","fr_MG":"Faransiis (Madagaskar)","fr_MA":"Faransiis (Marooko)","fr_MQ":"Faransiis (Martinique)","fr_YT":"Faransiis (Mayotte)","fr_MC":"Faransiis (Moonako)","fr_MU":"Faransiis (Murishiyoos)","fr_MR":"Faransiis (Muritaaniya)","fr_NE":"Faransiis (Nayjer)","fr_NC":"Faransiis (New Caledonia)","fr_RE":"Faransiis (R\u00e9union)","fr_RW":"Faransiis (Ruwanda)","fr_PM":"Faransiis (Saint Pierre and Miquelon)","fr_SN":"Faransiis (Sinigaal)","fr_SC":"Faransiis (Sishelis)","fr_SY":"Faransiis (Suuriya)","fr_CH":"Faransiis (Swiiserlaand)","fr_TG":"Faransiis (Toogo)","fr_TN":"Faransiis (Tuniisiya)","fr_VU":"Faransiis (Vanuatu)","fr_WF":"Faransiis (Wallis and Futuna)","fo":"Faroese","fo_FO":"Faroese (Faroe Islands)","vi":"Fiitnaamays","vi_VN":"Fiitnaamays (Fiyetnaam)","fi":"Finnish","fi_FI":"Finnish (Finland)","fy":"Firiisiyan Galbeed","fy_NL":"Firiisiyan Galbeed (Netherlands)","fr_BL":"French (St. Barth\u00e9lemy)","fr_MF":"French (St. Martin)","ff":"Fulah","ff_CM":"Fulah (Cameroon)","ff_GN":"Fulah (Guinea)","ff_MR":"Fulah (Mauritania)","ff_SN":"Fulah (Senegal)","gl":"Galician","gl_ES":"Galician (Spain)","lg":"Ganda","lg_UG":"Ganda (Uganda)","ka":"Georgian","ka_GE":"Georgian (Georgia)","el":"Giriik","el_GR":"Giriik (Giriig)","el_CY":"Giriik (Qubrus)","gu":"Gujarati","gu_IN":"Gujarati (India)","hu":"Hangariyaan","hu_HU":"Hangariyaan (Hangeri)","ha_Latn_GH":"Hausa (Latin, Ghana)","ha_Latn_NE":"Hausa (Latin, Niger)","ha_Latn_NG":"Hausa (Latin, Nigeria)","ha_Latn":"Hausa (Latin)","ha":"Hawsa","ha_GH":"Hawsa (Gaana)","ha_NG":"Hawsa (Nayjeeriya)","ha_NE":"Hawsa (Nayjer)","he":"Hebrew","he_IL":"Hebrew (Israel)","hi":"Hindi","hi_IN":"Hindi (Hindiya)","nl":"Holandays","nl_AW":"Holandays (Aruba)","nl_BE":"Holandays (Biljam)","nl_NL":"Holandays (Netherlands)","nl_SR":"Holandays (Suriname)","is":"Icelandic","is_IS":"Icelandic (Iceland)","ig":"Igbo","ig_NG":"Igbo (Nayjeeriya)","id":"Indunuusiyaan","id_ID":"Indunuusiyaan (Indoneesiya)","en":"Ingiriisi","en_AI":"Ingiriisi (Anguilla)","en_AG":"Ingiriisi (Antigua iyo Barbuda)","en_AU":"Ingiriisi (Awstaraaliya)","en_IE":"Ingiriisi (Ayrlaand)","en_BB":"Ingiriisi (Baarbadoos)","en_BS":"Ingiriisi (Bahaamas)","en_PK":"Ingiriisi (Bakistaan)","en_BZ":"Ingiriisi (Belize)","en_BM":"Ingiriisi (Bermuuda)","en_BE":"Ingiriisi (Biljam)","en_BW":"Ingiriisi (Botuswaana)","en_IO":"Ingiriisi (British Indian Ocean Territory)","en_VG":"Ingiriisi (British Virgin Islands)","en_KY":"Ingiriisi (Cayman Islands)","en_DM":"Ingiriisi (Domeenika)","en_ER":"Ingiriisi (Eretereeya)","en_FJ":"Ingiriisi (Fiji)","en_PH":"Ingiriisi (Filibiin)","en_GH":"Ingiriisi (Gaana)","en_GM":"Ingiriisi (Gambiya)","en_GI":"Ingiriisi (Gibraltar)","en_GD":"Ingiriisi (Giriinaada)","en_GU":"Ingiriisi (Guam)","en_GY":"Ingiriisi (Guyana)","en_IN":"Ingiriisi (Hindiya)","en_SZ":"Ingiriisi (Iswaasilaand)","en_JM":"Ingiriisi (Jameyka)","en_FK":"Ingiriisi (Jaziiradaha Fooklaan)","en_CK":"Ingiriisi (Jaziiradda Cook)","en_CM":"Ingiriisi (Kaameruun)","en_CA":"Ingiriisi (Kanada)","en_KE":"Ingiriisi (Kiiniya)","en_KI":"Ingiriisi (Kiribati)","en_ZA":"Ingiriisi (Koonfur Afrika)","en_LR":"Ingiriisi (Laybeeriya)","en_LS":"Ingiriisi (Losooto)","en_MT":"Ingiriisi (Maalda)","en_MG":"Ingiriisi (Madagaskar)","en_MW":"Ingiriisi (Malaawi)","en_MY":"Ingiriisi (Malaysia)","en_US":"Ingiriisi (Maraykanka)","en_MH":"Ingiriisi (Marshall Islands)","en_FM":"Ingiriisi (Micronesia)","en_MS":"Ingiriisi (Montserrat)","en_MU":"Ingiriisi (Murishiyoos)","en_NA":"Ingiriisi (Namiibiya)","en_NR":"Ingiriisi (Nauru)","en_NG":"Ingiriisi (Nayjeeriya)","en_NZ":"Ingiriisi (Neyuusilaand)","en_NU":"Ingiriisi (Niue)","en_NF":"Ingiriisi (Norfolk Island)","en_MP":"Ingiriisi (Northern Mariana Islands)","en_PW":"Ingiriisi (Palau)","en_PG":"Ingiriisi (Papua New Guinea)","en_PN":"Ingiriisi (Pitcairn)","en_PR":"Ingiriisi (Puerto Rico)","en_RW":"Ingiriisi (Ruwanda)","en_ZM":"Ingiriisi (Saambiya)","en_SH":"Ingiriisi (Saint Helena)","en_KN":"Ingiriisi (Saint Kitts and Nevis)","en_LC":"Ingiriisi (Saint Lucia)","en_VC":"Ingiriisi (Saint Vincent and the Grenadines)","en_WS":"Ingiriisi (Samoa)","en_AS":"Ingiriisi (Samowa Ameerika)","en_ZW":"Ingiriisi (Simbaabwe)","en_SG":"Ingiriisi (Singaboor)","en_SL":"Ingiriisi (Siraaliyoon)","en_SC":"Ingiriisi (Sishelis)","en_SB":"Ingiriisi (Solomon Islands)","en_SD":"Ingiriisi (Suudaan)","en_TZ":"Ingiriisi (Tansaaniya)","en_TK":"Ingiriisi (Tokelau)","en_TO":"Ingiriisi (Tonga)","en_TT":"Ingiriisi (Trinidad and Tobago)","en_TC":"Ingiriisi (Turks and Caicos Islands)","en_TV":"Ingiriisi (Tuvalu)","en_VI":"Ingiriisi (U.S. Virgin Islands)","en_UG":"Ingiriisi (Ugaanda)","en_GB":"Ingiriisi (United Kingdom)","en_VU":"Ingiriisi (Vanuatu)","ga":"Irish","ga_IE":"Irish (Ireland)","es":"Isbaanish","es_AR":"Isbaanish (Arjantiin)","es_BO":"Isbaanish (Boliifiya)","es_SV":"Isbaanish (El Salvador)","es_GQ":"Isbaanish (Equatorial Guinea)","es_VE":"Isbaanish (Fenisuweela)","es_PH":"Isbaanish (Filibiin)","es_GT":"Isbaanish (Guwaatamaala)","es_HN":"Isbaanish (Honduras)","es_EC":"Isbaanish (Ikuwadoor)","es_ES":"Isbaanish (Isbeyn)","es_DO":"Isbaanish (Jamhuuriyadda Domeenika)","es_CL":"Isbaanish (Jili)","es_CO":"Isbaanish (Kolombiya)","es_CR":"Isbaanish (Kosta Riika)","es_CU":"Isbaanish (Kuuba)","es_US":"Isbaanish (Maraykanka)","es_MX":"Isbaanish (Meksiko)","es_NI":"Isbaanish (Nikaraaguwa)","es_PA":"Isbaanish (Panama)","es_PY":"Isbaanish (Paraguay)","es_PE":"Isbaanish (Peru)","es_PR":"Isbaanish (Puerto Rico)","es_UY":"Isbaanish (Uruguwaay)","ja":"Jabbaaniis","ja_JP":"Jabbaaniis (Jabaan)","de":"Jarmal","de_AT":"Jarmal (Awsteriya)","de_BE":"Jarmal (Biljam)","de_DE":"Jarmal (Jarmal)","de_LI":"Jarmal (Liechtenstein)","de_LU":"Jarmal (Luksemboorg)","de_CH":"Jarmal (Swiiserlaand)","zh":"Jayniis","zh_CN":"Jayniis (Shiinaha)","zh_SG":"Jayniis (Singaboor)","zh_TW":"Jayniis (Taywaan)","cs":"Jeeg","cs_CZ":"Jeeg (Jamhuuriyadda Jek)","kl":"Kalaallisut","kl_GL":"Kalaallisut (Greenland)","km":"Kamboodhian","km_KH":"Kamboodhian (Kamboodiya)","kn":"Kannada","kn_IN":"Kannada (India)","ks":"Kashmiri","ks_Arab_IN":"Kashmiri (Arabic, India)","ks_Arab":"Kashmiri (Arabic)","ks_IN":"Kashmiri (India)","kk":"Kazakh","kk_Cyrl_KZ":"Kazakh (Cyrillic, Kazakhstan)","kk_Cyrl":"Kazakh (Cyrillic)","kk_KZ":"Kazakh (Kazakhstan)","ki":"Kikuyu","ki_KE":"Kikuyu (Kenya)","ko":"Kuuriyaan","ko_KR":"Kuuriyaan (Kuuriyada Koonfureed)","ko_KP":"Kuuriyaan (Kuuriyada Waqooyi)","ky":"Kyrgyz","ky_Cyrl_KG":"Kyrgyz (Cyrillic, Kyrgyzstan)","ky_Cyrl":"Kyrgyz (Cyrillic)","ky_KG":"Kyrgyz (Kyrgyzstan)","lo":"Lao","lo_LA":"Lao (Laos)","lv":"Latvian","lv_LV":"Latvian (Latvia)","ln":"Lingala","ln_AO":"Lingala (Angola)","ln_CF":"Lingala (Central African Republic)","ln_CG":"Lingala (Congo - Brazzaville)","ln_CD":"Lingala (Congo - Kinshasa)","lt":"Lithuanian","lt_LT":"Lithuanian (Lithuania)","lu":"Luba-Katanga","lu_CD":"Luba-Katanga (Congo - Kinshasa)","lb":"Luxembourgish","lb_LU":"Luxembourgish (Luxembourg)","mk":"Macedonian","mk_MK":"Macedonian (Macedonia)","ms":"Malaay","ms_BN":"Malaay (Buruneeya)","ms_MY":"Malaay (Malaysia)","ms_SG":"Malaay (Singaboor)","mg":"Malagasy","mg_MG":"Malagasy (Madagascar)","ms_Latn_BN":"Malay (Latin, Brunei)","ms_Latn_MY":"Malay (Latin, Malaysia)","ms_Latn_SG":"Malay (Latin, Singapore)","ms_Latn":"Malay (Latin)","ml":"Malayalam","ml_IN":"Malayalam (India)","mt":"Maltese","mt_MT":"Maltese (Malta)","gv":"Manx","gv_IM":"Manx (Isle of Man)","mr":"Marathi","mr_IN":"Marathi (India)","mn":"Mongolian","mn_Cyrl_MN":"Mongolian (Cyrillic, Mongolia)","mn_Cyrl":"Mongolian (Cyrillic)","mn_MN":"Mongolian (Mongolia)","ne":"Nebaali","ne_IN":"Nebaali (Hindiya)","ne_NP":"Nebaali (Nebaal)","nd":"North Ndebele","nd_ZW":"North Ndebele (Zimbabwe)","se":"Northern Sami","se_FI":"Northern Sami (Finland)","se_NO":"Northern Sami (Norway)","se_SE":"Northern Sami (Sweden)","no":"Norwegian","no_NO":"Norwegian (Norway)","nb":"Norwegian Bokm\u00e5l","nb_NO":"Norwegian Bokm\u00e5l (Norway)","nb_SJ":"Norwegian Bokm\u00e5l (Svalbard & Jan Mayen)","nn":"Norwegian Nynorsk","nn_NO":"Norwegian Nynorsk (Norway)","or":"Oriya","or_IN":"Oriya (India)","om":"Oromo","om_ET":"Oromo (Ethiopia)","om_KE":"Oromo (Kenya)","os":"Ossetic","os_GE":"Ossetic (Georgia)","os_RU":"Ossetic (Russia)","ps":"Pashto","ps_AF":"Pashto (Afghanistan)","pt_MO":"Portuguese (Macau SAR China)","pa_Arab_PK":"Punjabi (Arabic, Pakistan)","pa_Arab":"Punjabi (Arabic)","pa_Guru_IN":"Punjabi (Gurmukhi, India)","pa_Guru":"Punjabi (Gurmukhi)","qu":"Quechua","qu_BO":"Quechua (Bolivia)","qu_EC":"Quechua (Ecuador)","qu_PE":"Quechua (Peru)","ro":"Romanka","ro_MD":"Romanka (Moldofa)","ro_RO":"Romanka (Rumaaniya)","rm":"Romansh","rm_CH":"Romansh (Switzerland)","rn":"Rundi","rn_BI":"Rundi (Burundi)","ru":"Ruush","ru_BY":"Ruush (Belarus)","ru_KZ":"Ruush (Kasaakhistaan)","ru_KG":"Ruush (Kirgistaan)","ru_MD":"Ruush (Moldofa)","ru_RU":"Ruush (Ruush)","ru_UA":"Ruush (Ukrayn)","rw":"Rwanda","rw_RW":"Rwanda (Ruwanda)","sg":"Sango","sg_CF":"Sango (Central African Republic)","gd":"Scottish Gaelic","gd_GB":"Scottish Gaelic (United Kingdom)","sr":"Serbian","sr_BA":"Serbian (Bosnia & Herzegovina)","sr_Cyrl_BA":"Serbian (Cyrillic, Bosnia & Herzegovina)","sr_Cyrl_XK":"Serbian (Cyrillic, Kosovo)","sr_Cyrl_ME":"Serbian (Cyrillic, Montenegro)","sr_Cyrl_RS":"Serbian (Cyrillic, Serbia)","sr_Cyrl":"Serbian (Cyrillic)","sr_XK":"Serbian (Kosovo)","sr_Latn_BA":"Serbian (Latin, Bosnia & Herzegovina)","sr_Latn_XK":"Serbian (Latin, Kosovo)","sr_Latn_ME":"Serbian (Latin, Montenegro)","sr_Latn_RS":"Serbian (Latin, Serbia)","sr_Latn":"Serbian (Latin)","sr_ME":"Serbian (Montenegro)","sr_RS":"Serbian (Serbia)","sh":"Serbo-Croatian","sh_BA":"Serbo-Croatian (Bosnia & Herzegovina)","sn":"Shona","sn_ZW":"Shona (Zimbabwe)","ii":"Sichuan Yi","ii_CN":"Sichuan Yi (China)","si":"Sinhala","si_LK":"Sinhala (Sri Lanka)","sk":"Slovak","sk_SK":"Slovak (Slovakia)","sl":"Slovenian","sl_SI":"Slovenian (Slovenia)","so":"Soomaali","so_ET":"Soomaali (Itoobiya)","so_DJ":"Soomaali (Jabuuti)","so_KE":"Soomaali (Kiiniya)","so_SO":"Soomaali (Soomaaliya)","es_IC":"Spanish (Canary Islands)","es_EA":"Spanish (Ceuta & Melilla)","sw":"Swahili","sw_KE":"Swahili (Kenya)","sw_TZ":"Swahili (Tanzania)","sw_UG":"Swahili (Uganda)","sv_AX":"Swedish (\u00c5land Islands)","sv":"Swiidhis","sv_FI":"Swiidhis (Finland)","sv_SE":"Swiidhis (Iswidhan)","th":"Taaylandays","th_TH":"Taaylandays (Taylaand)","tl":"Tagalog","tl_PH":"Tagalog (Philippines)","it":"Talyaani","it_SM":"Talyaani (San Marino)","it_CH":"Talyaani (Swiiserlaand)","it_IT":"Talyaani (Talyaani)","ta":"Tamiil","ta_IN":"Tamiil (Hindiya)","ta_MY":"Tamiil (Malaysia)","ta_SG":"Tamiil (Singaboor)","ta_LK":"Tamiil (Sirilaanka)","te":"Telugu","te_IN":"Telugu (India)","bo":"Tibetan","bo_CN":"Tibetan (China)","bo_IN":"Tibetan (India)","ti":"Tigrinya","ti_ER":"Tigrinya (Eritrea)","ti_ET":"Tigrinya (Ethiopia)","to":"Tongan","to_TO":"Tongan (Tonga)","tr":"Turkish","tr_CY":"Turkish (Qubrus)","tr_TR":"Turkish (Turki)","ur":"Urduu","ur_PK":"Urduu (Bakistaan)","ur_IN":"Urduu (Hindiya)","ug":"Uyghur","ug_Arab_CN":"Uyghur (Arabic, China)","ug_Arab":"Uyghur (Arabic)","ug_CN":"Uyghur (China)","uz":"Uzbek","uz_AF":"Uzbek (Afghanistan)","uz_Arab_AF":"Uzbek (Arabic, Afghanistan)","uz_Arab":"Uzbek (Arabic)","uz_Cyrl_UZ":"Uzbek (Cyrillic, Uzbekistan)","uz_Cyrl":"Uzbek (Cyrillic)","uz_Latn_UZ":"Uzbek (Latin, Uzbekistan)","uz_Latn":"Uzbek (Latin)","uz_UZ":"Uzbek (Uzbekistan)","cy":"Welsh","cy_GB":"Welsh (United Kingdom)","yi":"Yiddish","yo":"Yoruuba","yo_BJ":"Yoruuba (Biniin)","yo_NG":"Yoruuba (Nayjeeriya)","uk":"Yukreeniyaan","uk_UA":"Yukreeniyaan (Ukrayn)","zu":"Zuulu","zu_ZA":"Zuulu (Koonfur Afrika)"}