{"af":"afrikanisht","af_ZA":"afrikanisht (Afrika e Jugut)","af_NA":"afrikanisht (Namibi)","ak":"akanisht","ak_GH":"akanisht (Gan\u00eb)","am":"amarike","am_ET":"amarike (Etiopi)","en":"anglisht","en_ZA":"anglisht (Afrika e Jugut)","en_AI":"anglisht (Anguil\u00eb)","en_AG":"anglisht (Antigua e Barbuda)","en_AU":"anglisht (Australi)","en_BS":"anglisht (Bahamas)","en_BB":"anglisht (Barbados)","en_BE":"anglisht (Belgjik\u00eb)","en_BZ":"anglisht (Beliz\u00eb)","en_BM":"anglisht (Bermud\u00eb)","en_BW":"anglisht (Botsvan\u00eb)","en_DG":"anglisht (Diego Garsia)","en_DM":"anglisht (Dominik\u00eb)","en_ER":"anglisht (Eritre)","en_PH":"anglisht (Filipine)","en_FJ":"anglisht (Fixhi)","en_GM":"anglisht (Gambi)","en_GH":"anglisht (Gan\u00eb)","en_GD":"anglisht (Grenad\u00eb)","en_GY":"anglisht (Guajan\u00eb)","en_GU":"anglisht (Guam)","en_GG":"anglisht (Guernsej)","en_GI":"anglisht (Gjibraltar)","en_IN":"anglisht (Indi)","en_IE":"anglisht (Irland\u00eb)","en_MP":"anglisht (Ishujt e Marian\u00ebs Veriore)","en_VI":"anglisht (Ishujt e Virgj\u00ebr Amerikan\u00eb)","en_VG":"anglisht (Ishujt e Virgj\u00ebr Britanik\u00eb)","en_FK":"anglisht (Ishujt Folkland\u00eb)","en_KY":"anglisht (Ishujt Kajman\u00eb)","en_CC":"anglisht (Ishujt Kokos)","en_CK":"anglisht (Ishujt Kuk\u00eb)","en_MH":"anglisht (Ishujt Marshall\u00eb)","en_NF":"anglisht (Ishujt Norfolk\u00eb)","en_UM":"anglisht (Ishujt periferik\u00eb t\u00eb SHBA-s\u00eb)","en_PN":"anglisht (Ishujt Pitkern\u00eb)","en_SB":"anglisht (Ishujt Solomon\u00eb)","en_TC":"anglisht (Ishujt Turke dhe Kaike)","en_CX":"anglisht (Ishulli i Krishtlindjes)","en_IM":"anglisht (Ishulli i Manit)","en_CM":"anglisht (Kamerun)","en_CA":"anglisht (Kanada)","en_KE":"anglisht (Kenia)","en_LS":"anglisht (Lesoto)","en_LR":"anglisht (Liberi)","en_MG":"anglisht (Madagaskar)","en_MY":"anglisht (Malajzi)","en_MW":"anglisht (Malavi)","en_MT":"anglisht (Malt\u00eb)","en_MU":"anglisht (Mauritius)","en_GB":"anglisht (Mbret\u00ebria e Bashkuar)","en_FM":"anglisht (Mikronezi)","en_MS":"anglisht (Montserat)","en_NA":"anglisht (Namibi)","en_NR":"anglisht (Nauru)","en_NG":"anglisht (Nigeri)","en_NU":"anglisht (Niue)","en_PK":"anglisht (Pakistan)","en_PW":"anglisht (Palau)","en_PG":"anglisht (Papua Guineja e Re)","en_PR":"anglisht (Porto Riko)","en_KI":"anglisht (Qiribati)","en_RW":"anglisht (Ruand\u00eb)","en_HK":"anglisht (RVAK i Hong Kongut)","en_MO":"anglisht (RVAK i Makaos)","en_AS":"anglisht (Samoa Amerikane)","en_WS":"anglisht (Samoa)","en_SL":"anglisht (Siera Leone)","en_SG":"anglisht (Singapor)","en_SC":"anglisht (Sishel)","en_SD":"anglisht (Sudan)","en_SS":"anglisht (Sudani i Jugut)","en_SZ":"anglisht (Svaziland\u00eb)","en_SH":"anglisht (Sh\u00ebn Helena)","en_KN":"anglisht (Sh\u00ebn Kits e Nevis)","en_LC":"anglisht (Sh\u00ebn Lu\u00e7ia)","en_SX":"anglisht (Sh\u00ebn Martin (Sint Maarten-pjesa e Mbret\u00ebris\u00eb s\u00eb Holand\u00ebs))","en_VC":"anglisht (Sh\u00ebn Vinsent dhe Grenadinet)","en_US":"anglisht (Shtetet e Bashkuara t\u00eb Amerik\u00ebs)","en_TZ":"anglisht (Tanzani)","en_IO":"anglisht (Territori Britanik i Oqeanit Indian)","en_TK":"anglisht (Tokelau)","en_TO":"anglisht (Tonga)","en_TT":"anglisht (Trinidad e Tobago)","en_TV":"anglisht (Tuvalu)","en_UG":"anglisht (Ugand\u00eb)","en_VU":"anglisht (Vanuatu)","en_JM":"anglisht (Xhamajk\u00eb)","en_JE":"anglisht (Xhersej)","en_ZM":"anglisht (Zambi)","en_NZ":"anglisht (Zelanda e Re)","en_ZW":"anglisht (Zimbabve)","ar":"arabisht","ar_DZ":"arabisht (Algjeri)","ar_SA":"arabisht (Arabia Saudite)","ar_BH":"arabisht (Bahrein)","ar_TD":"arabisht (\u00c7ad)","ar_EG":"arabisht (Egjipt)","ar_AE":"arabisht (Emiratet e Bashkuara Arabe)","ar_ER":"arabisht (Eritre)","ar_IQ":"arabisht (Irak)","ar_IL":"arabisht (Izrael)","ar_YE":"arabisht (Jemen)","ar_JO":"arabisht (Jordani)","ar_QA":"arabisht (Katar)","ar_KM":"arabisht (Komore)","ar_KW":"arabisht (Kuvajt)","ar_LB":"arabisht (Liban)","ar_LY":"arabisht (Libi)","ar_MA":"arabisht (Marok)","ar_MR":"arabisht (Mauritani)","ar_OM":"arabisht (Oman)","ar_EH":"arabisht (Saharaja Per\u00ebndimore)","ar_SY":"arabisht (Siri)","ar_SO":"arabisht (Somali)","ar_SD":"arabisht (Sudan)","ar_SS":"arabisht (Sudani i Jugut)","ar_PS":"arabisht (Territoret Palestineze)","ar_TN":"arabisht (Tunizi)","ar_DJ":"arabisht (Xhibut)","hy":"armenisht","hy_AM":"armenisht (Armeni)","as":"asamezisht","as_IN":"asamezisht (Indi)","az":"azere","az_AZ":"azere (Azerbajxhan)","az_Cyrl_AZ":"azere (cirilik, Azerbajxhan)","az_Cyrl":"azere (cirilik)","az_Latn_AZ":"azere (latin, Azerbajxhan)","az_Latn":"azere (latin)","bm":"bambara","bm_Latn_ML":"bambara (latin, Mali)","bm_Latn":"bambara (latin)","eu":"baskisht","eu_ES":"baskisht (Spanj\u00eb)","bn":"bengalisht","bn_BD":"bengalisht (Bangladesh)","bn_IN":"bengalisht (Indi)","my":"birmanisht","my_MM":"birmanisht (Mianmar (Burma))","be":"bjellorusisht","be_BY":"bjellorusisht (Bjellorusi)","nb":"bokmalishte norvegjeze","nb_NO":"bokmalishte norvegjeze (Norvegji)","nb_SJ":"bokmalishte norvegjeze (Svalbard e Zhan Majen)","bs":"boshnjakisht","bs_BA":"boshnjakisht (Bosnj\u00eb-Hercegovin\u00eb)","bs_Cyrl_BA":"boshnjakisht (cirilik, Bosnj\u00eb-Hercegovin\u00eb)","bs_Cyrl":"boshnjakisht (cirilik)","bs_Latn_BA":"boshnjakisht (latin, Bosnj\u00eb-Hercegovin\u00eb)","bs_Latn":"boshnjakisht (latin)","br":"bretone","br_FR":"bretone (Franc\u00eb)","bg":"bullgarisht","bg_BG":"bullgarisht (Bullgari)","cs":"\u00e7ekisht","cs_CZ":"\u00e7ekisht (Republika \u00c7eke)","da":"danisht","da_DK":"danisht (Danimark\u00eb)","da_GL":"danisht (Grenland\u00eb)","eo":"esperanto","et":"estonisht","et_EE":"estonisht (Estoni)","fo":"faroisht","fo_FO":"faroisht (Ishujt Faroe)","fi":"finlandisht","fi_FI":"finlandisht (Finland\u00eb)","fr":"fr\u00ebngjisht","fr_DZ":"fr\u00ebngjisht (Algjeri)","fr_BE":"fr\u00ebngjisht (Belgjik\u00eb)","fr_BJ":"fr\u00ebngjisht (Benin)","fr_CI":"fr\u00ebngjisht (Bregu i Fildisht\u00eb)","fr_BF":"fr\u00ebngjisht (Burkina Faso)","fr_BI":"fr\u00ebngjisht (Burund)","fr_TD":"fr\u00ebngjisht (\u00c7ad)","fr_FR":"fr\u00ebngjisht (Franc\u00eb)","fr_GA":"fr\u00ebngjisht (Gabon)","fr_GP":"fr\u00ebngjisht (Guadalupe)","fr_GF":"fr\u00ebngjisht (Guajana Franceze)","fr_GN":"fr\u00ebngjisht (Guine)","fr_GQ":"fr\u00ebngjisht (Guineja Ekuatoriale)","fr_HT":"fr\u00ebngjisht (Haiti)","fr_NC":"fr\u00ebngjisht (Kaledonia e Re)","fr_CM":"fr\u00ebngjisht (Kamerun)","fr_CA":"fr\u00ebngjisht (Kanada)","fr_KM":"fr\u00ebngjisht (Komore)","fr_CG":"fr\u00ebngjisht (Kongo-Brazavil\u00eb)","fr_CD":"fr\u00ebngjisht (Kongo-Kinshasa)","fr_LU":"fr\u00ebngjisht (Luksemburg)","fr_MG":"fr\u00ebngjisht (Madagaskar)","fr_YT":"fr\u00ebngjisht (Majot\u00eb)","fr_ML":"fr\u00ebngjisht (Mali)","fr_MA":"fr\u00ebngjisht (Marok)","fr_MQ":"fr\u00ebngjisht (Martinik)","fr_MR":"fr\u00ebngjisht (Mauritani)","fr_MU":"fr\u00ebngjisht (Mauritius)","fr_MC":"fr\u00ebngjisht (Monako)","fr_NE":"fr\u00ebngjisht (Niger)","fr_PF":"fr\u00ebngjisht (Polinezia Franceze)","fr_CF":"fr\u00ebngjisht (Republika Afrikano-Qendrore)","fr_RE":"fr\u00ebngjisht (Reunion)","fr_RW":"fr\u00ebngjisht (Ruand\u00eb)","fr_SN":"fr\u00ebngjisht (Senegali)","fr_SY":"fr\u00ebngjisht (Siri)","fr_SC":"fr\u00ebngjisht (Sishel)","fr_BL":"fr\u00ebngjisht (Sh\u00ebn Bartolemeo)","fr_MF":"fr\u00ebngjisht (Sh\u00ebn Martin)","fr_PM":"fr\u00ebngjisht (Sh\u00ebn Peir dhe Mikuelon)","fr_TG":"fr\u00ebngjisht (Togo)","fr_TN":"fr\u00ebngjisht (Tunizi)","fr_WF":"fr\u00ebngjisht (Uollis e Futina)","fr_VU":"fr\u00ebngjisht (Vanuatu)","fr_DJ":"fr\u00ebngjisht (Xhibut)","fr_CH":"fr\u00ebngjisht (Zvic\u00ebr)","fy":"frizianisht","fy_NL":"frizianisht (Holand\u00eb)","ff":"Fulah","ff_CM":"Fulah (Cameroon)","ff_GN":"Fulah (Guinea)","ff_MR":"Fulah (Mauritania)","ff_SN":"Fulah (Senegal)","gl":"galike","gl_ES":"galike (Spanj\u00eb)","lg":"gandisht","lg_UG":"gandisht (Ugand\u00eb)","el":"greqisht","el_GR":"greqisht (Greqi)","el_CY":"greqisht (Qipro)","gu":"guxharatisht","gu_IN":"guxharatisht (Indi)","ka":"gjeorgjisht","ka_GE":"gjeorgjisht (Gjeorgji)","de":"gjermanisht","de_AT":"gjermanisht (Austri)","de_BE":"gjermanisht (Belgjik\u00eb)","de_DE":"gjermanisht (Gjermani)","de_LI":"gjermanisht (Liht\u00ebnshtajn)","de_LU":"gjermanisht (Luksemburg)","de_CH":"gjermanisht (Zvic\u00ebr)","ha":"hausisht","ha_GH":"hausisht (Gan\u00eb)","ha_Latn_GH":"hausisht (latin, Gan\u00eb)","ha_Latn_NE":"hausisht (latin, Niger)","ha_Latn_NG":"hausisht (latin, Nigeri)","ha_Latn":"hausisht (latin)","ha_NE":"hausisht (Niger)","ha_NG":"hausisht (Nigeri)","he":"hebraisht","he_IL":"hebraisht (Izrael)","nl":"holandisht","nl_AW":"holandisht (Arub\u00eb)","nl_BE":"holandisht (Belgjik\u00eb)","nl_NL":"holandisht (Holand\u00eb)","nl_BQ":"holandisht (Karaibet holandeze)","nl_CW":"holandisht (Kura\u00e7ao)","nl_SR":"holandisht (Surinami)","nl_SX":"holandisht (Sh\u00ebn Martin (Sint Maarten-pjesa e Mbret\u00ebris\u00eb s\u00eb Holand\u00ebs))","hu":"hungarisht","hu_HU":"hungarisht (Hungari)","ig":"igbe","ig_NG":"igbe (Nigeri)","hi":"indishte","hi_IN":"indishte (Indi)","id":"indonezisht","id_ID":"indonezisht (Indonezi)","ga":"irlandez\u00e7e","ga_IE":"irlandez\u00e7e (Irland\u00eb)","is":"islandisht","is_IS":"islandisht (Island\u00eb)","it":"italisht","it_IT":"italisht (Itali)","it_SM":"italisht (San Marino)","it_CH":"italisht (Zvic\u00ebr)","ja":"japonisht","ja_JP":"japonisht (Japoni)","yo":"jorubisht","yo_BJ":"jorubisht (Benin)","yo_NG":"jorubisht (Nigeri)","ee":"juisht","ee_GH":"juisht (Gan\u00eb)","ee_TG":"juisht (Togo)","kl":"kalalisute","kl_GL":"kalalisute (Grenland\u00eb)","kn":"kanade","kn_IN":"kanade (Indi)","ks":"kashmire","ks_Arab_IN":"kashmire (arabik, Indi)","ks_Arab":"kashmire (arabik)","ks_IN":"kashmire (Indi)","ca":"katalonisht","ca_AD":"katalonisht (Andorr\u00eb)","ca_FR":"katalonisht (Franc\u00eb)","ca_IT":"katalonisht (Itali)","ca_ES":"katalonisht (Spanj\u00eb)","kk":"kazakisht","kk_Cyrl_KZ":"kazakisht (cirilik, Kazakistan)","kk_Cyrl":"kazakisht (cirilik)","kk_KZ":"kazakisht (Kazakistan)","qu":"ke\u00e7ua","qu_BO":"ke\u00e7ua (Bolivi)","qu_EC":"ke\u00e7ua (Ekuador)","qu_PE":"ke\u00e7ua (Peru)","ki":"kikujuisht","ki_KE":"kikujuisht (Kenia)","zh":"kinezisht","zh_Hans_CN":"kinezisht (i thjeshtuar, Kin\u00eb)","zh_Hans_HK":"kinezisht (i thjeshtuar, RVAK i Hong Kongut)","zh_Hans_MO":"kinezisht (i thjeshtuar, RVAK i Makaos)","zh_Hans_SG":"kinezisht (i thjeshtuar, Singapor)","zh_Hans":"kinezisht (i thjeshtuar)","zh_CN":"kinezisht (Kin\u00eb)","zh_HK":"kinezisht (RVAK i Hong Kongut)","zh_MO":"kinezisht (RVAK i Makaos)","zh_SG":"kinezisht (Singapor)","zh_TW":"kinezisht (Tajvan)","zh_Hant_HK":"kinezisht (tradicional, RVAK i Hong Kongut)","zh_Hant_MO":"kinezisht (tradicional, RVAK i Makaos)","zh_Hant_TW":"kinezisht (tradicional, Tajvan)","zh_Hant":"kinezisht (tradicional)","rw":"kiniaruandisht","rw_RW":"kiniaruandisht (Ruand\u00eb)","ky":"kirgizisht","ky_Cyrl_KG":"kirgizisht (cirilik, Kirgistan)","ky_Cyrl":"kirgizisht (cirilik)","ky_KG":"kirgizisht (Kirgistan)","km":"kmere","km_KH":"kmere (Kamboxhia)","ko":"koreanisht","ko_KR":"koreanisht (Koreja e Jugut)","ko_KP":"koreanisht (Koreja e Veriut)","kw":"kornisht","kw_GB":"kornisht (Mbret\u00ebria e Bashkuar)","hr":"kroatisht","hr_BA":"kroatisht (Bosnj\u00eb-Hercegovin\u00eb)","hr_HR":"kroatisht (Kroaci)","lo":"laosisht","lo_LA":"laosisht (Laos)","lv":"letonisht","lv_LV":"letonisht (Letoni)","ln":"lingalisht","ln_AO":"lingalisht (Angol\u00eb)","ln_CG":"lingalisht (Kongo-Brazavil\u00eb)","ln_CD":"lingalisht (Kongo-Kinshasa)","ln_CF":"lingalisht (Republika Afrikano-Qendrore)","lt":"lituanisht","lt_LT":"lituanisht (Lituani)","lu":"Lubakatange","lu_CD":"Lubakatange (Kongo-Kinshasa)","lb":"luksemburgase","lb_LU":"luksemburgase (Luksemburg)","mg":"malageze","mg_MG":"malageze (Madagaskar)","ml":"malajalame","ml_IN":"malajalame (Indi)","ms":"malajisht","ms_BN":"malajisht (Brunej)","ms_Latn_BN":"malajisht (latin, Brunej)","ms_Latn_MY":"malajisht (latin, Malajzi)","ms_Latn_SG":"malajisht (latin, Singapor)","ms_Latn":"malajisht (latin)","ms_MY":"malajisht (Malajzi)","ms_SG":"malajisht (Singapor)","mt":"maltisht","mt_MT":"maltisht (Malt\u00eb)","gv":"mankse","gv_IM":"mankse (Ishulli i Manit)","mk":"maqedonisht","mk_MK":"maqedonisht (Maqedoni)","mr":"maratisht","mr_IN":"maratisht (Indi)","mn":"mongolisht","mn_Cyrl_MN":"mongolisht (cirilik, Mongoli)","mn_Cyrl":"mongolisht (cirilik)","mn_MN":"mongolisht (Mongoli)","nd":"ndebelishte veriore","nd_ZW":"ndebelishte veriore (Zimbabve)","ne":"nepalisht","ne_IN":"nepalisht (Indi)","ne_NP":"nepalisht (Nepal)","nn":"ninorske norvegjeze","nn_NO":"ninorske norvegjeze (Norvegji)","no":"Norwegian","no_NO":"Norwegian (Norway)","or":"orije","or_IN":"orije (Indi)","om":"oromoisht","om_ET":"oromoisht (Etiopi)","om_KE":"oromoisht (Kenia)","os":"Ossetic","os_GE":"Ossetic (Georgia)","os_RU":"Ossetic (Russia)","pa":"panxhabe","pa_Arab_PK":"panxhabe (arabik, Pakistan)","pa_Arab":"panxhabe (arabik)","pa_Guru_IN":"panxhabe (gurmuk, Indi)","pa_Guru":"panxhabe (gurmuk)","pa_IN":"panxhabe (Indi)","pa_PK":"panxhabe (Pakistan)","ps":"pashto","ps_AF":"pashto (Afganistan)","fa":"persisht","fa_AF":"persisht (Afganistan)","fa_IR":"persisht (Iran)","pl":"polonisht","pl_PL":"polonisht (Poloni)","pt":"portugalisht","pt_AO":"portugalisht (Angol\u00eb)","pt_BR":"portugalisht (Brazil)","pt_GW":"portugalisht (Guine-Bisau)","pt_CV":"portugalisht (Kepi i Gjelb\u00ebr)","pt_MZ":"portugalisht (Mozambik)","pt_PT":"portugalisht (Portugali)","pt_MO":"portugalisht (RVAK i Makaos)","pt_ST":"portugalisht (Sao Tome e Prinsipe)","pt_TL":"portugalisht (Timori Lindor)","rm":"rome","rm_CH":"rome (Zvic\u00ebr)","ro":"rumanisht","ro_MD":"rumanisht (Moldavi)","ro_RO":"rumanisht (Rumani)","rn":"rundisht","rn_BI":"rundisht (Burund)","ru":"rusisht","ru_BY":"rusisht (Bjellorusi)","ru_KZ":"rusisht (Kazakistan)","ru_KG":"rusisht (Kirgistan)","ru_MD":"rusisht (Moldavi)","ru_RU":"rusisht (Rusi)","ru_UA":"rusisht (Ukrain\u00eb)","se":"samishte veriore","se_FI":"samishte veriore (Finland\u00eb)","se_NO":"samishte veriore (Norvegji)","se_SE":"samishte veriore (Suedi)","sg":"sangoisht","sg_CF":"sangoisht (Republika Afrikano-Qendrore)","gd":"Scottish Gaelic","gd_GB":"Scottish Gaelic (United Kingdom)","sr":"serbisht","sr_BA":"serbisht (Bosnj\u00eb-Hercegovin\u00eb)","sr_Cyrl_BA":"serbisht (cirilik, Bosnj\u00eb-Hercegovin\u00eb)","sr_Cyrl_XK":"serbisht (cirilik, Kosov\u00eb)","sr_Cyrl_ME":"serbisht (cirilik, Mali i Zi)","sr_Cyrl_RS":"serbisht (cirilik, Serbi)","sr_Cyrl":"serbisht (cirilik)","sr_XK":"serbisht (Kosov\u00eb)","sr_Latn_BA":"serbisht (latin, Bosnj\u00eb-Hercegovin\u00eb)","sr_Latn_XK":"serbisht (latin, Kosov\u00eb)","sr_Latn_ME":"serbisht (latin, Mali i Zi)","sr_Latn_RS":"serbisht (latin, Serbi)","sr_Latn":"serbisht (latin)","sr_ME":"serbisht (Mali i Zi)","sr_RS":"serbisht (Serbi)","sh":"Serbo-Kroatisht","sh_BA":"Serbo-Kroatisht (Bosnj\u00eb-Hercegovin\u00eb)","si":"sinhale","si_LK":"sinhale (Sri Lank\u00eb)","ii":"sishuanisht","ii_CN":"sishuanisht (Kin\u00eb)","sk":"sllovakisht","sk_SK":"sllovakisht (Sllovaki)","sl":"sllovenisht","sl_SI":"sllovenisht (Slloveni)","so":"somalisht","so_ET":"somalisht (Etiopi)","so_KE":"somalisht (Kenia)","so_SO":"somalisht (Somali)","so_DJ":"somalisht (Xhibut)","es":"spanjisht","es_AR":"spanjisht (Argjentin\u00eb)","es_BO":"spanjisht (Bolivi)","es_EC":"spanjisht (Ekuador)","es_SV":"spanjisht (El Salvador)","es_PH":"spanjisht (Filipine)","es_GT":"spanjisht (Guatemal\u00eb)","es_GQ":"spanjisht (Guineja Ekuatoriale)","es_HN":"spanjisht (Honduras)","es_IC":"spanjisht (Ishujt Kanarie)","es_CL":"spanjisht (Kili)","es_CO":"spanjisht (Kolumbi)","es_CR":"spanjisht (Kosta Rik\u00eb)","es_CU":"spanjisht (Kub\u00eb)","es_MX":"spanjisht (Meksik\u00eb)","es_NI":"spanjisht (Nikaragua)","es_PA":"spanjisht (Panama)","es_PY":"spanjisht (Paraguai)","es_PE":"spanjisht (Peru)","es_PR":"spanjisht (Porto Riko)","es_DO":"spanjisht (Republika Dominikane)","es_ES":"spanjisht (Spanj\u00eb)","es_US":"spanjisht (Shtetet e Bashkuara t\u00eb Amerik\u00ebs)","es_EA":"spanjisht (Theuta e Melila)","es_UY":"spanjisht (Uruguai)","es_VE":"spanjisht (Venezuel\u00eb)","sw":"suahilisht","sw_KE":"suahilisht (Kenia)","sw_TZ":"suahilisht (Tanzani)","sw_UG":"suahilisht (Ugand\u00eb)","sv":"suedisht","sv_FI":"suedisht (Finland\u00eb)","sv_AX":"suedisht (Ishujt Aland\u00eb)","sv_SE":"suedisht (Suedi)","sn":"shonisht","sn_ZW":"shonisht (Zimbabve)","sq":"shqip","sq_XK":"shqip (Kosov\u00eb)","sq_MK":"shqip (Maqedoni)","sq_AL":"shqip (Shqip\u00ebri)","tl":"Tagalog","tl_PH":"Tagalog (Philippines)","th":"tajlandisht","th_TH":"tajlandisht (Tajland\u00eb)","ta":"tamile","ta_IN":"tamile (Indi)","ta_MY":"tamile (Malajzi)","ta_SG":"tamile (Singapor)","ta_LK":"tamile (Sri Lank\u00eb)","te":"teluge","te_IN":"teluge (Indi)","bo":"tibetisht","bo_IN":"tibetisht (Indi)","bo_CN":"tibetisht (Kin\u00eb)","ti":"tigrinje","ti_ER":"tigrinje (Eritre)","ti_ET":"tigrinje (Etiopi)","to":"tonganisht","to_TO":"tonganisht (Tonga)","tr":"turqisht","tr_CY":"turqisht (Qipro)","tr_TR":"turqisht (Turqi)","cy":"uellsisht","cy_GB":"uellsisht (Mbret\u00ebria e Bashkuar)","ug":"ujgure","ug_Arab_CN":"ujgure (arabik, Kin\u00eb)","ug_Arab":"ujgure (arabik)","ug_CN":"ujgure (Kin\u00eb)","uk":"ukrainisht","uk_UA":"ukrainisht (Ukrain\u00eb)","ur":"urdu","ur_IN":"urdu (Indi)","ur_PK":"urdu (Pakistan)","uz":"uzbeke","uz_AF":"uzbeke (Afganistan)","uz_Arab_AF":"uzbeke (arabik, Afganistan)","uz_Arab":"uzbeke (arabik)","uz_Cyrl_UZ":"uzbeke (cirilik, Uzbekistan)","uz_Cyrl":"uzbeke (cirilik)","uz_Latn_UZ":"uzbeke (latin, Uzbekistan)","uz_Latn":"uzbeke (latin)","uz_UZ":"uzbeke (Uzbekistan)","vi":"vietnamisht","vi_VN":"vietnamisht (Vietnam)","dz":"xongka","dz_BT":"xongka (Butan)","yi":"Yiddish","zu":"zulu","zu_ZA":"zulu (Afrika e Jugut)"}