{"af":"afrikans","af_ZA":"afrikans (Ju\u017enoafri\u010dka Republika)","af_NA":"afrikans (Namibija)","ak":"akan","ak_GH":"akan (Gana)","sq":"albanski","sq_AL":"albanski (Albanija)","sq_XK":"albanski (Kosovo)","sq_MK":"albanski (Makedonija)","am":"amharski","am_ET":"amharski (Etiopija)","ar":"arapski","ar_DZ":"arapski (Al\u017eir)","ar_BH":"arapski (Bahrein)","ar_TD":"arapski (\u010cad)","ar_DJ":"arapski (D\u017eibuti)","ar_EG":"arapski (Egipat)","ar_ER":"arapski (Eritreja)","ar_IQ":"arapski (Irak)","ar_IL":"arapski (Izrael)","ar_YE":"arapski (Jemen)","ar_JO":"arapski (Jordan)","ar_SS":"arapski (Ju\u017eni Sudan)","ar_QA":"arapski (Katar)","ar_KM":"arapski (Komorska Ostrva)","ar_KW":"arapski (Kuvajt)","ar_LB":"arapski (Liban)","ar_LY":"arapski (Libija)","ar_MA":"arapski (Maroko)","ar_MR":"arapski (Mauritanija)","ar_OM":"arapski (Oman)","ar_PS":"arapski (Palestinske teritorije)","ar_SA":"arapski (Saudijska Arabija)","ar_SY":"arapski (Sirija)","ar_SO":"arapski (Somalija)","ar_SD":"arapski (Sudan)","ar_TN":"arapski (Tunis)","ar_AE":"arapski (Ujedinjeni Arapski Emirati)","ar_EH":"arapski (Zapadna Sahara)","as":"asamski","as_IN":"asamski (Indija)","az":"azerbejd\u017eanski","az_AZ":"azerbejd\u017eanski (Azerbejd\u017ean)","az_Cyrl_AZ":"azerbejd\u017eanski (\u0107irilica, Azerbejd\u017ean)","az_Cyrl":"azerbejd\u017eanski (\u0107irilica)","az_Latn_AZ":"azerbejd\u017eanski (latinica, Azerbejd\u017ean)","az_Latn":"azerbejd\u017eanski (latinica)","bm":"bambara","bm_Latn_ML":"bambara (latinica, Mali)","bm_Latn":"bambara (latinica)","eu":"baskijski","eu_ES":"baskijski (\u0160panija)","be":"beloruski","be_BY":"beloruski (Belorusija)","bn":"bengalski","bn_BD":"bengalski (Banglade\u0161)","bn_IN":"bengalski (Indija)","bs":"bosanski","bs_BA":"bosanski (Bosna i Hercegovina)","bs_Cyrl_BA":"bosanski (\u0107irilica, Bosna i Hercegovina)","bs_Cyrl":"bosanski (\u0107irilica)","bs_Latn_BA":"bosanski (latinica, Bosna i Hercegovina)","bs_Latn":"bosanski (latinica)","br":"bretonski","br_FR":"bretonski (Francuska)","bg":"bugarski","bg_BG":"bugarski (Bugarska)","my":"burmanski","my_MM":"burmanski (Mijanmar (Burma))","cs":"\u010de\u0161ki","cs_CZ":"\u010de\u0161ki (\u010ce\u0161ka)","da":"danski","da_DK":"danski (Danska)","da_GL":"danski (Grenland)","dz":"d\u017eonga","dz_BT":"d\u017eonga (Butan)","en":"engleski","en_VI":"engleski (Ameri\u010dka Devi\u010danska Ostrva)","en_AS":"engleski (Ameri\u010dka Samoa)","en_AI":"engleski (Angvila)","en_AG":"engleski (Antigva i Barbuda)","en_AU":"engleski (Australija)","en_BS":"engleski (Bahami)","en_BB":"engleski (Barbados)","en_BE":"engleski (Belgija)","en_BZ":"engleski (Belize)","en_BM":"engleski (Bermuda)","en_BW":"engleski (Bocvana)","en_CX":"engleski (Bo\u017ei\u0107no ostrvo)","en_VG":"engleski (Britanska Devi\u010danska Ostrva)","en_IO":"engleski (Britanska teritorija u Indijskom okeanu)","en_DG":"engleski (Dijego Garsija)","en_DM":"engleski (Dominika)","en_JE":"engleski (D\u017eersi)","en_ER":"engleski (Eritreja)","en_FJ":"engleski (Fid\u017ei)","en_PH":"engleski (Filipini)","en_FK":"engleski (Foklandska ostrva)","en_GM":"engleski (Gambija)","en_GH":"engleski (Gana)","en_GI":"engleski (Gibraltar)","en_GD":"engleski (Grenada)","en_GU":"engleski (Guam)","en_GG":"engleski (Gurnsi)","en_GY":"engleski (Gvajana)","en_HK":"engleski (Hong Kong S. A. R. Kina)","en_IN":"engleski (Indija)","en_IE":"engleski (Irska)","en_JM":"engleski (Jamajka)","en_SS":"engleski (Ju\u017eni Sudan)","en_ZA":"engleski (Ju\u017enoafri\u010dka Republika)","en_KY":"engleski (Kajmanska Ostrva)","en_CM":"engleski (Kamerun)","en_CA":"engleski (Kanada)","en_KE":"engleski (Kenija)","en_KI":"engleski (Kiribati)","en_CC":"engleski (Kokos (Keling) Ostrva)","en_CK":"engleski (Kukova Ostrva)","en_LS":"engleski (Lesoto)","en_LR":"engleski (Liberija)","en_MG":"engleski (Madagaskar)","en_MW":"engleski (Malavi)","en_MY":"engleski (Malezija)","en_MT":"engleski (Malta)","en_MH":"engleski (Mar\u0161alska Ostrva)","en_MU":"engleski (Mauricijus)","en_FM":"engleski (Mikronezija)","en_MS":"engleski (Monserat)","en_NA":"engleski (Namibija)","en_NR":"engleski (Nauru)","en_NG":"engleski (Nigerija)","en_NU":"engleski (Niue)","en_NF":"engleski (Norfolk Ostrvo)","en_NZ":"engleski (Novi Zeland)","en_TC":"engleski (Ostrva Turks i Kaikos)","en_IM":"engleski (Ostrvo Man)","en_PK":"engleski (Pakistan)","en_PW":"engleski (Palau)","en_PG":"engleski (Papua Nova Gvineja)","en_PN":"engleski (Pitkern)","en_PR":"engleski (Portoriko)","en_RW":"engleski (Ruanda)","en_WS":"engleski (Samoa)","en_MO":"engleski (SAR Makao (Kina))","en_SC":"engleski (Sej\u0161eli)","en_KN":"engleski (Sent Kits i Nevis)","en_VC":"engleski (Sent Vinsent i Grenadini)","en_MP":"engleski (Severna Marijanska Ostrva)","en_SL":"engleski (Sijera Leone)","en_SG":"engleski (Singapur)","en_US":"engleski (Sjedinjene Ameri\u010dke Dr\u017eave)","en_SB":"engleski (Solomonska Ostrva)","en_SD":"engleski (Sudan)","en_SZ":"engleski (Svazilend)","en_SH":"engleski (Sveta Jelena)","en_LC":"engleski (Sveta Lucija)","en_SX":"engleski (Sveti Martin)","en_TZ":"engleski (Tanzanija)","en_TK":"engleski (Tokelau)","en_TO":"engleski (Tonga)","en_TT":"engleski (Trinidad i Tobago)","en_TV":"engleski (Tuvalu)","en_UM":"engleski (Udaljena ostrva SAD)","en_UG":"engleski (Uganda)","en_VU":"engleski (Vanuatu)","en_GB":"engleski (Velika Britanija)","en_ZM":"engleski (Zambija)","en_ZW":"engleski (Zimbabve)","eo":"esperanto","et":"estonski","et_EE":"estonski (Estonija)","ee":"eve","ee_GH":"eve (Gana)","ee_TG":"eve (Togo)","fo":"farski","fo_FO":"farski (Farska Ostrva)","fi":"finski","fi_FI":"finski (Finska)","fr":"francuski","fr_DZ":"francuski (Al\u017eir)","fr_BE":"francuski (Belgija)","fr_BJ":"francuski (Benin)","fr_BF":"francuski (Burkina Faso)","fr_BI":"francuski (Burundi)","fr_CF":"francuski (Centralnoafri\u010dka Republika)","fr_TD":"francuski (\u010cad)","fr_DJ":"francuski (D\u017eibuti)","fr_GQ":"francuski (Ekvatorijalna Gvineja)","fr_GF":"francuski (Francuska Gvajana)","fr_PF":"francuski (Francuska Polinezija)","fr_FR":"francuski (Francuska)","fr_GA":"francuski (Gabon)","fr_GP":"francuski (Gvadelupe)","fr_GN":"francuski (Gvineja)","fr_HT":"francuski (Haiti)","fr_CM":"francuski (Kamerun)","fr_CA":"francuski (Kanada)","fr_KM":"francuski (Komorska Ostrva)","fr_CG":"francuski (Kongo - Brazavil)","fr_CD":"francuski (Kongo - Kin\u0161asa)","fr_LU":"francuski (Luksemburg)","fr_MG":"francuski (Madagaskar)","fr_YT":"francuski (Majot)","fr_ML":"francuski (Mali)","fr_MA":"francuski (Maroko)","fr_MQ":"francuski (Martinik)","fr_MU":"francuski (Mauricijus)","fr_MR":"francuski (Mauritanija)","fr_MC":"francuski (Monako)","fr_NE":"francuski (Niger)","fr_NC":"francuski (Nova Kaledonija)","fr_CI":"francuski (Obala Slonova\u010de)","fr_RE":"francuski (Reinion)","fr_RW":"francuski (Ruanda)","fr_SC":"francuski (Sej\u0161eli)","fr_PM":"francuski (Sen Pjer i Mikelon)","fr_SN":"francuski (Senegal)","fr_MF":"francuski (Sent Martin)","fr_SY":"francuski (Sirija)","fr_BL":"francuski (Sveti Bartolomej)","fr_CH":"francuski (\u0160vajcarska)","fr_TG":"francuski (Togo)","fr_TN":"francuski (Tunis)","fr_WF":"francuski (Valis i Futuna)","fr_VU":"francuski (Vanuatu)","ff":"Fulah","ff_GN":"Fulah (Gvineja)","ff_CM":"Fulah (Kamerun)","ff_MR":"Fulah (Mauritanija)","ff_SN":"Fulah (Senegal)","gl":"galicijski","gl_ES":"galicijski (\u0160panija)","lg":"ganda","lg_UG":"ganda (Uganda)","el":"gr\u010dki","el_GR":"gr\u010dki (Gr\u010dka)","el_CY":"gr\u010dki (Kipar)","ka":"gruzijski","ka_GE":"gruzijski (Gruzija)","gu":"gud\u017earati","gu_IN":"gud\u017earati (Indija)","ha":"hausa","ha_GH":"hausa (Gana)","ha_Latn_GH":"hausa (latinica, Gana)","ha_Latn_NE":"hausa (latinica, Niger)","ha_Latn_NG":"hausa (latinica, Nigerija)","ha_Latn":"hausa (latinica)","ha_NE":"hausa (Niger)","ha_NG":"hausa (Nigerija)","he":"hebrejski","he_IL":"hebrejski (Izrael)","hi":"hindi","hi_IN":"hindi (Indija)","nl":"holandski","nl_AW":"holandski (Aruba)","nl_BE":"holandski (Belgija)","nl_NL":"holandski (Holandija)","nl_BQ":"holandski (Karipska Holandija)","nl_CW":"holandski (Kurasao)","nl_SR":"holandski (Surinam)","nl_SX":"holandski (Sveti Martin)","hr":"hrvatski","hr_BA":"hrvatski (Bosna i Hercegovina)","hr_HR":"hrvatski (Hrvatska)","ig":"igbo","ig_NG":"igbo (Nigerija)","id":"indone\u017eanski","id_ID":"indone\u017eanski (Indonezija)","ga":"irski","ga_IE":"irski (Irska)","is":"islandski","is_IS":"islandski (Island)","it":"italijanski","it_IT":"italijanski (Italija)","it_SM":"italijanski (San Marino)","it_CH":"italijanski (\u0160vajcarska)","ja":"japanski","ja_JP":"japanski (Japan)","hy":"jermenski","hy_AM":"jermenski (Jermenija)","yi":"Jidi\u0161","yo":"joruba","yo_BJ":"joruba (Benin)","yo_NG":"joruba (Nigerija)","kl":"kalalisut","kl_GL":"kalalisut (Grenland)","kn":"kanada","kn_IN":"kanada (Indija)","ks":"ka\u0161mirski","ks_Arab_IN":"ka\u0161mirski (arapsko pismo, Indija)","ks_Arab":"ka\u0161mirski (arapsko pismo)","ks_IN":"ka\u0161mirski (Indija)","ca":"katalonski","ca_AD":"katalonski (Andora)","ca_FR":"katalonski (Francuska)","ca_IT":"katalonski (Italija)","ca_ES":"katalonski (\u0160panija)","kk":"kaza\u0161ki","kk_Cyrl_KZ":"kaza\u0161ki (\u0107irilica, Kazahstan)","kk_Cyrl":"kaza\u0161ki (\u0107irilica)","kk_KZ":"kaza\u0161ki (Kazahstan)","qu":"ke\u010dua","qu_BO":"ke\u010dua (Bolivija)","qu_EC":"ke\u010dua (Ekvador)","qu_PE":"ke\u010dua (Peru)","ki":"kikuju","ki_KE":"kikuju (Kenija)","zh":"kineski","zh_HK":"kineski (Hong Kong S. A. R. Kina)","zh_CN":"kineski (Kina)","zh_Hans_HK":"kineski (pojednostavljeno kinesko pismo, Hong Kong S. A. R. Kina)","zh_Hans_CN":"kineski (pojednostavljeno kinesko pismo, Kina)","zh_Hans_MO":"kineski (pojednostavljeno kinesko pismo, SAR Makao (Kina))","zh_Hans_SG":"kineski (pojednostavljeno kinesko pismo, Singapur)","zh_Hans":"kineski (pojednostavljeno kinesko pismo)","zh_MO":"kineski (SAR Makao (Kina))","zh_SG":"kineski (Singapur)","zh_TW":"kineski (Tajvan)","zh_Hant_HK":"kineski (tradicionalno kinesko pismo, Hong Kong S. A. R. Kina)","zh_Hant_MO":"kineski (tradicionalno kinesko pismo, SAR Makao (Kina))","zh_Hant_TW":"kineski (tradicionalno kinesko pismo, Tajvan)","zh_Hant":"kineski (tradicionalno kinesko pismo)","rw":"kinjaruanda","rw_RW":"kinjaruanda (Ruanda)","ky":"kirgiski","ky_Cyrl_KG":"kirgiski (\u0107irilica, Kirgistan)","ky_Cyrl":"kirgiski (\u0107irilica)","ky_KG":"kirgiski (Kirgistan)","km":"kmerski","km_KH":"kmerski (Kambod\u017ea)","ko":"korejski","ko_KR":"korejski (Ju\u017ena Koreja)","ko_KP":"korejski (Severna Koreja)","kw":"kornvolski","kw_GB":"kornvolski (Velika Britanija)","lo":"lao\u0161ki","lo_LA":"lao\u0161ki (Laos)","lv":"letonski","lv_LV":"letonski (Letonija)","ln":"lingala","ln_AO":"lingala (Angola)","ln_CF":"lingala (Centralnoafri\u010dka Republika)","ln_CG":"lingala (Kongo - Brazavil)","ln_CD":"lingala (Kongo - Kin\u0161asa)","lt":"litvanski","lt_LT":"litvanski (Litvanija)","lu":"luba-katanga","lu_CD":"luba-katanga (Kongo - Kin\u0161asa)","lb":"luksembur\u0161ki","lb_LU":"luksembur\u0161ki (Luksemburg)","hu":"ma\u0111arski","hu_HU":"ma\u0111arski (Ma\u0111arska)","mk":"makedonski","mk_MK":"makedonski (Makedonija)","ml":"malajalam","ml_IN":"malajalam (Indija)","ms":"malajski","ms_BN":"malajski (Brunej)","ms_Latn_BN":"malajski (latinica, Brunej)","ms_Latn_MY":"malajski (latinica, Malezija)","ms_Latn_SG":"malajski (latinica, Singapur)","ms_Latn":"malajski (latinica)","ms_MY":"malajski (Malezija)","ms_SG":"malajski (Singapur)","mg":"malga\u0161ki","mg_MG":"malga\u0161ki (Madagaskar)","mt":"malte\u0161ki","mt_MT":"malte\u0161ki (Malta)","gv":"Manks","gv_IM":"Manks (Ostrvo Man)","mr":"marati","mr_IN":"marati (Indija)","mn":"mongolski","mn_Cyrl_MN":"mongolski (\u0107irilica, Mongolija)","mn_Cyrl":"mongolski (\u0107irilica)","mn_MN":"mongolski (Mongolija)","de":"nema\u010dki","de_AT":"nema\u010dki (Austrija)","de_BE":"nema\u010dki (Belgija)","de_LI":"nema\u010dki (Lihten\u0161tajn)","de_LU":"nema\u010dki (Luksemburg)","de_DE":"nema\u010dki (Nema\u010dka)","de_CH":"nema\u010dki (\u0160vajcarska)","ne":"nepalski","ne_IN":"nepalski (Indija)","ne_NP":"nepalski (Nepal)","no":"Norve\u0161ki","no_NO":"Norve\u0161ki (Norve\u0161ka)","nb":"norve\u0161ki bokmal","nb_NO":"norve\u0161ki bokmal (Norve\u0161ka)","nb_SJ":"norve\u0161ki bokmal (Svalbard i Jan Majen)","nn":"norve\u0161ki ninorsk","nn_NO":"norve\u0161ki ninorsk (Norve\u0161ka)","or":"orija","or_IN":"orija (Indija)","om":"oromo","om_ET":"oromo (Etiopija)","om_KE":"oromo (Kenija)","os":"Osetski","os_GE":"Osetski (Gruzija)","os_RU":"Osetski (Rusija)","pa":"pand\u017eabi","pa_Arab_PK":"pand\u017eabi (arapsko pismo, Pakistan)","pa_Arab":"pand\u017eabi (arapsko pismo)","pa_Guru_IN":"pand\u017eabi (gurmuki pismo, Indija)","pa_Guru":"pand\u017eabi (gurmuki pismo)","pa_IN":"pand\u017eabi (Indija)","pa_PK":"pand\u017eabi (Pakistan)","ps":"pa\u0161tunski","ps_AF":"pa\u0161tunski (Avganistan)","fa":"persijski","fa_AF":"persijski (Avganistan)","fa_IR":"persijski (Iran)","pl":"poljski","pl_PL":"poljski (Poljska)","pt":"portugalski","pt_AO":"portugalski (Angola)","pt_BR":"portugalski (Brazil)","pt_GW":"portugalski (Gvineja-Bisao)","pt_TL":"portugalski (Isto\u010dni Timor)","pt_MZ":"portugalski (Mozambik)","pt_PT":"portugalski (Portugal)","pt_ST":"portugalski (Sao Tome i Principe)","pt_MO":"portugalski (SAR Makao (Kina))","pt_CV":"portugalski (Zelenortska Ostrva)","rm":"reto-romanski","rm_CH":"reto-romanski (\u0160vajcarska)","ro":"rumunski","ro_MD":"rumunski (Moldavija)","ro_RO":"rumunski (Rumunija)","rn":"rundi","rn_BI":"rundi (Burundi)","ru":"ruski","ru_BY":"ruski (Belorusija)","ru_KZ":"ruski (Kazahstan)","ru_KG":"ruski (Kirgistan)","ru_MD":"ruski (Moldavija)","ru_RU":"ruski (Rusija)","ru_UA":"ruski (Ukrajina)","sg":"sango","sg_CF":"sango (Centralnoafri\u010dka Republika)","ii":"se\u010duan ji","ii_CN":"se\u010duan ji (Kina)","nd":"severni ndebele","nd_ZW":"severni ndebele (Zimbabve)","se":"severni sami","se_FI":"severni sami (Finska)","se_NO":"severni sami (Norve\u0161ka)","se_SE":"severni sami (\u0160vedska)","si":"sinhalski","si_LK":"sinhalski (\u0160ri Lanka)","sk":"slova\u010dki","sk_SK":"slova\u010dki (Slova\u010dka)","sl":"slovena\u010dki","sl_SI":"slovena\u010dki (Slovenija)","so":"somalski","so_DJ":"somalski (D\u017eibuti)","so_ET":"somalski (Etiopija)","so_KE":"somalski (Kenija)","so_SO":"somalski (Somalija)","sr":"srpski","sr_BA":"srpski (Bosna i Hercegovina)","sr_ME":"srpski (Crna Gora)","sr_Cyrl_BA":"srpski (\u0107irilica, Bosna i Hercegovina)","sr_Cyrl_ME":"srpski (\u0107irilica, Crna Gora)","sr_Cyrl_XK":"srpski (\u0107irilica, Kosovo)","sr_Cyrl_RS":"srpski (\u0107irilica, Srbija)","sr_Cyrl":"srpski (\u0107irilica)","sr_XK":"srpski (Kosovo)","sr_Latn_BA":"srpski (latinica, Bosna i Hercegovina)","sr_Latn_ME":"srpski (latinica, Crna Gora)","sr_Latn_XK":"srpski (latinica, Kosovo)","sr_Latn_RS":"srpski (latinica, Srbija)","sr_Latn":"srpski (latinica)","sr_RS":"srpski (Srbija)","sh":"Srpskohrvatski","sh_BA":"Srpskohrvatski (Bosna i Hercegovina)","sw":"svahili","sw_KE":"svahili (Kenija)","sw_TZ":"svahili (Tanzanija)","sw_UG":"svahili (Uganda)","gd":"\u0160kotski Galski","gd_GB":"\u0160kotski Galski (Velika Britanija)","sn":"\u0161ona","sn_ZW":"\u0161ona (Zimbabve)","es":"\u0161panski","es_AR":"\u0161panski (Argentina)","es_BO":"\u0161panski (Bolivija)","es_CL":"\u0161panski (\u010cile)","es_DO":"\u0161panski (Dominikanska Republika)","es_EC":"\u0161panski (Ekvador)","es_GQ":"\u0161panski (Ekvatorijalna Gvineja)","es_PH":"\u0161panski (Filipini)","es_GT":"\u0161panski (Gvatemala)","es_HN":"\u0161panski (Honduras)","es_IC":"\u0161panski (Kanarska ostrva)","es_CO":"\u0161panski (Kolumbija)","es_CR":"\u0161panski (Kostarika)","es_CU":"\u0161panski (Kuba)","es_MX":"\u0161panski (Meksiko)","es_NI":"\u0161panski (Nikaragva)","es_PA":"\u0161panski (Panama)","es_PY":"\u0161panski (Paragvaj)","es_PE":"\u0161panski (Peru)","es_PR":"\u0161panski (Portoriko)","es_SV":"\u0161panski (Salvador)","es_EA":"\u0161panski (Seuta i Melilja)","es_US":"\u0161panski (Sjedinjene Ameri\u010dke Dr\u017eave)","es_ES":"\u0161panski (\u0160panija)","es_UY":"\u0161panski (Urugvaj)","es_VE":"\u0161panski (Venecuela)","sv":"\u0161vedski","sv_FI":"\u0161vedski (Finska)","sv_AX":"\u0161vedski (Olandska ostrva)","sv_SE":"\u0161vedski (\u0160vedska)","tl":"Tagalski","tl_PH":"Tagalski (Filipini)","th":"tajlandski","th_TH":"tajlandski (Tajland)","ta":"tamilski","ta_IN":"tamilski (Indija)","ta_MY":"tamilski (Malezija)","ta_SG":"tamilski (Singapur)","ta_LK":"tamilski (\u0160ri Lanka)","te":"telugu","te_IN":"telugu (Indija)","bo":"tibetanski","bo_IN":"tibetanski (Indija)","bo_CN":"tibetanski (Kina)","ti":"tigrinja","ti_ER":"tigrinja (Eritreja)","ti_ET":"tigrinja (Etiopija)","to":"tonga","to_TO":"tonga (Tonga)","tr":"turski","tr_CY":"turski (Kipar)","tr_TR":"turski (Turska)","ug":"ujgurski","ug_Arab_CN":"ujgurski (arapsko pismo, Kina)","ug_Arab":"ujgurski (arapsko pismo)","ug_CN":"ujgurski (Kina)","uk":"ukrajinski","uk_UA":"ukrajinski (Ukrajina)","ur":"urdu","ur_IN":"urdu (Indija)","ur_PK":"urdu (Pakistan)","uz":"uzbe\u010dki","uz_Arab_AF":"uzbe\u010dki (arapsko pismo, Avganistan)","uz_Arab":"uzbe\u010dki (arapsko pismo)","uz_AF":"uzbe\u010dki (Avganistan)","uz_Cyrl_UZ":"uzbe\u010dki (\u0107irilica, Uzbekistan)","uz_Cyrl":"uzbe\u010dki (\u0107irilica)","uz_Latn_UZ":"uzbe\u010dki (latinica, Uzbekistan)","uz_Latn":"uzbe\u010dki (latinica)","uz_UZ":"uzbe\u010dki (Uzbekistan)","cy":"vel\u0161ki","cy_GB":"vel\u0161ki (Velika Britanija)","vi":"vijetnamski","vi_VN":"vijetnamski (Vijetnam)","fy":"zapadni frizijski","fy_NL":"zapadni frizijski (Holandija)","zu":"zulu","zu_ZA":"zulu (Ju\u017enoafri\u010dka Republika)"}