{"ps":"afghanska","ps_AF":"afghanska (Afghanistan)","af":"afrikaans","af_NA":"afrikaans (Namibia)","af_ZA":"afrikaans (Sydafrika)","ak":"akan","ak_GH":"akan (Ghana)","sq":"albanska","sq_AL":"albanska (Albanien)","sq_XK":"albanska (Kosovo)","sq_MK":"albanska (Makedonien)","am":"amhariska","am_ET":"amhariska (Etiopien)","ar":"arabiska","ar_DZ":"arabiska (Algeriet)","ar_BH":"arabiska (Bahrain)","ar_DJ":"arabiska (Djibouti)","ar_EG":"arabiska (Egypten)","ar_ER":"arabiska (Eritrea)","ar_AE":"arabiska (F\u00f6renade Arabemiraten)","ar_IQ":"arabiska (Irak)","ar_IL":"arabiska (Israel)","ar_YE":"arabiska (Jemen)","ar_JO":"arabiska (Jordanien)","ar_KM":"arabiska (Komorerna)","ar_KW":"arabiska (Kuwait)","ar_LB":"arabiska (Libanon)","ar_LY":"arabiska (Libyen)","ar_MA":"arabiska (Marocko)","ar_MR":"arabiska (Mauretanien)","ar_OM":"arabiska (Oman)","ar_PS":"arabiska (Palestinska territorierna)","ar_QA":"arabiska (Qatar)","ar_SA":"arabiska (Saudiarabien)","ar_SO":"arabiska (Somalia)","ar_SD":"arabiska (Sudan)","ar_SS":"arabiska (Sydsudan)","ar_SY":"arabiska (Syrien)","ar_TD":"arabiska (Tchad)","ar_TN":"arabiska (Tunisien)","ar_EH":"arabiska (V\u00e4stsahara)","hy":"armeniska","hy_AM":"armeniska (Armenien)","as":"assamesiska","as_IN":"assamesiska (Indien)","az":"azerbajdzjanska","az_AZ":"azerbajdzjanska (Azerbajdzjan)","az_Cyrl_AZ":"azerbajdzjanska (kyrilliska, Azerbajdzjan)","az_Cyrl":"azerbajdzjanska (kyrilliska)","az_Latn_AZ":"azerbajdzjanska (latinska, Azerbajdzjan)","az_Latn":"azerbajdzjanska (latinska)","bm":"bambara","bm_Latn_ML":"bambara (latinska, Mali)","bm_Latn":"bambara (latinska)","eu":"baskiska","eu_ES":"baskiska (Spanien)","bn":"bengali","bn_BD":"bengali (Bangladesh)","bn_IN":"bengali (Indien)","dz":"bhutanesiska","dz_BT":"bhutanesiska (Bhutan)","bs":"bosniska","bs_BA":"bosniska (Bosnien och Hercegovina)","bs_Cyrl_BA":"bosniska (kyrilliska, Bosnien och Hercegovina)","bs_Cyrl":"bosniska (kyrilliska)","bs_Latn_BA":"bosniska (latinska, Bosnien och Hercegovina)","bs_Latn":"bosniska (latinska)","br":"bretonska","br_FR":"bretonska (Frankrike)","bg":"bulgariska","bg_BG":"bulgariska (Bulgarien)","my":"burmesiska","my_MM":"burmesiska (Myanmar (Burma))","da":"danska","da_DK":"danska (Danmark)","da_GL":"danska (Gr\u00f6nland)","en":"engelska","en_VI":"engelska (Amerikanska Jungfru\u00f6arna)","en_AS":"engelska (Amerikanska Samoa)","en_AI":"engelska (Anguilla)","en_AG":"engelska (Antigua och Barbuda)","en_AU":"engelska (Australien)","en_BS":"engelska (Bahamas)","en_BB":"engelska (Barbados)","en_BE":"engelska (Belgien)","en_BZ":"engelska (Belize)","en_BM":"engelska (Bermuda)","en_BW":"engelska (Botswana)","en_VG":"engelska (Brittiska Jungfru\u00f6arna)","en_IO":"engelska (Brittiska territoriet i Indiska oceanen)","en_KY":"engelska (Cayman\u00f6arna)","en_CK":"engelska (Cook\u00f6arna)","en_DG":"engelska (Diego Garcia)","en_DM":"engelska (Dominica)","en_ER":"engelska (Eritrea)","en_FK":"engelska (Falklands\u00f6arna)","en_FJ":"engelska (Fiji)","en_PH":"engelska (Filippinerna)","en_GM":"engelska (Gambia)","en_GH":"engelska (Ghana)","en_GI":"engelska (Gibraltar)","en_GD":"engelska (Grenada)","en_GU":"engelska (Guam)","en_GG":"engelska (Guernsey)","en_GY":"engelska (Guyana)","en_HK":"engelska (Hongkong (S.A.R. Kina))","en_IN":"engelska (Indien)","en_IE":"engelska (Irland)","en_IM":"engelska (Isle of Man)","en_JM":"engelska (Jamaica)","en_JE":"engelska (Jersey)","en_CX":"engelska (Jul\u00f6n)","en_CM":"engelska (Kamerun)","en_CA":"engelska (Kanada)","en_KE":"engelska (Kenya)","en_KI":"engelska (Kiribati)","en_CC":"engelska (Kokos\u00f6arna)","en_LS":"engelska (Lesotho)","en_LR":"engelska (Liberia)","en_MO":"engelska (Macao (S.A.R. Kina))","en_MG":"engelska (Madagaskar)","en_MW":"engelska (Malawi)","en_MY":"engelska (Malaysia)","en_MT":"engelska (Malta)","en_MH":"engelska (Marshall\u00f6arna)","en_MU":"engelska (Mauritius)","en_FM":"engelska (Mikronesien)","en_MS":"engelska (Montserrat)","en_NA":"engelska (Namibia)","en_NR":"engelska (Nauru)","en_NG":"engelska (Nigeria)","en_NU":"engelska (Niue)","en_MP":"engelska (Nordmarianerna)","en_NF":"engelska (Norfolk\u00f6n)","en_NZ":"engelska (Nya Zeeland)","en_PK":"engelska (Pakistan)","en_PW":"engelska (Palau)","en_PG":"engelska (Papua Nya Guinea)","en_PN":"engelska (Pitcairn\u00f6arna)","en_PR":"engelska (Puerto Rico)","en_RW":"engelska (Rwanda)","en_SH":"engelska (S:t Helena)","en_KN":"engelska (S:t Kitts och Nevis)","en_LC":"engelska (S:t Lucia)","en_VC":"engelska (S:t Vincent och Grenadinerna)","en_SB":"engelska (Salomon\u00f6arna)","en_WS":"engelska (Samoa)","en_SC":"engelska (Seychellerna)","en_SL":"engelska (Sierra Leone)","en_SG":"engelska (Singapore)","en_SX":"engelska (Sint Maarten)","en_GB":"engelska (Storbritannien)","en_SD":"engelska (Sudan)","en_SZ":"engelska (Swaziland)","en_ZA":"engelska (Sydafrika)","en_SS":"engelska (Sydsudan)","en_TZ":"engelska (Tanzania)","en_TK":"engelska (Tokelau)","en_TO":"engelska (Tonga)","en_TT":"engelska (Trinidad och Tobago)","en_TC":"engelska (Turks- och Caicos\u00f6arna)","en_TV":"engelska (Tuvalu)","en_UG":"engelska (Uganda)","en_UM":"engelska (USA:s yttre \u00f6ar)","en_US":"engelska (USA)","en_VU":"engelska (Vanuatu)","en_ZM":"engelska (Zambia)","en_ZW":"engelska (Zimbabwe)","eo":"esperanto","et":"estniska","et_EE":"estniska (Estland)","ee":"ewe","ee_GH":"ewe (Ghana)","ee_TG":"ewe (Togo)","fi":"finska","fi_FI":"finska (Finland)","fr":"franska","fr_DZ":"franska (Algeriet)","fr_BE":"franska (Belgien)","fr_BJ":"franska (Benin)","fr_BF":"franska (Burkina Faso)","fr_BI":"franska (Burundi)","fr_CF":"franska (Centralafrikanska republiken)","fr_DJ":"franska (Djibouti)","fr_GQ":"franska (Ekvatorialguinea)","fr_CI":"franska (Elfenbenskusten)","fr_FR":"franska (Frankrike)","fr_GF":"franska (Franska Guyana)","fr_PF":"franska (Franska Polynesien)","fr_GA":"franska (Gabon)","fr_GP":"franska (Guadeloupe)","fr_GN":"franska (Guinea)","fr_HT":"franska (Haiti)","fr_CM":"franska (Kamerun)","fr_CA":"franska (Kanada)","fr_KM":"franska (Komorerna)","fr_CG":"franska (Kongo-Brazzaville)","fr_CD":"franska (Kongo-Kinshasa)","fr_LU":"franska (Luxemburg)","fr_MG":"franska (Madagaskar)","fr_ML":"franska (Mali)","fr_MA":"franska (Marocko)","fr_MQ":"franska (Martinique)","fr_MR":"franska (Mauretanien)","fr_MU":"franska (Mauritius)","fr_YT":"franska (Mayotte)","fr_MC":"franska (Monaco)","fr_NE":"franska (Niger)","fr_NC":"franska (Nya Kaledonien)","fr_RE":"franska (R\u00e9union)","fr_RW":"franska (Rwanda)","fr_BL":"franska (S:t Barth\u00e9lemy)","fr_MF":"franska (S:t Martin)","fr_PM":"franska (S:t Pierre och Miquelon)","fr_CH":"franska (Schweiz)","fr_SN":"franska (Senegal)","fr_SC":"franska (Seychellerna)","fr_SY":"franska (Syrien)","fr_TD":"franska (Tchad)","fr_TG":"franska (Togo)","fr_TN":"franska (Tunisien)","fr_VU":"franska (Vanuatu)","fr_WF":"franska (Wallis- och Futuna\u00f6arna)","ff":"fulani","ff_GN":"fulani (Guinea)","ff_CM":"fulani (Kamerun)","ff_MR":"fulani (Mauretanien)","ff_SN":"fulani (Senegal)","fo":"f\u00e4r\u00f6iska","fo_FO":"f\u00e4r\u00f6iska (F\u00e4r\u00f6arna)","gl":"galiciska","gl_ES":"galiciska (Spanien)","ka":"georgiska","ka_GE":"georgiska (Georgien)","el":"grekiska","el_CY":"grekiska (Cypern)","el_GR":"grekiska (Grekland)","kl":"gr\u00f6nl\u00e4ndska","kl_GL":"gr\u00f6nl\u00e4ndska (Gr\u00f6nland)","gu":"gujarati","gu_IN":"gujarati (Indien)","ha":"hausa","ha_GH":"hausa (Ghana)","ha_Latn_GH":"hausa (latinska, Ghana)","ha_Latn_NE":"hausa (latinska, Niger)","ha_Latn_NG":"hausa (latinska, Nigeria)","ha_Latn":"hausa (latinska)","ha_NE":"hausa (Niger)","ha_NG":"hausa (Nigeria)","he":"hebreiska","he_IL":"hebreiska (Israel)","hi":"hindi","hi_IN":"hindi (Indien)","gd":"h\u00f6glandsskotska","gd_GB":"h\u00f6glandsskotska (Storbritannien)","ig":"igbo","ig_NG":"igbo (Nigeria)","id":"indonesiska","id_ID":"indonesiska (Indonesien)","ga":"iriska","ga_IE":"iriska (Irland)","is":"isl\u00e4ndska","is_IS":"isl\u00e4ndska (Island)","it":"italienska","it_IT":"italienska (Italien)","it_SM":"italienska (San Marino)","it_CH":"italienska (Schweiz)","ja":"japanska","ja_JP":"japanska (Japan)","yi":"jiddisch","km":"kambodjanska","km_KH":"kambodjanska (Kambodja)","kn":"kannada","kn_IN":"kannada (Indien)","ks":"kashmiriska","ks_Arab_IN":"kashmiriska (arabiska, Indien)","ks_Arab":"kashmiriska (arabiska)","ks_IN":"kashmiriska (Indien)","ca":"katalanska","ca_AD":"katalanska (Andorra)","ca_FR":"katalanska (Frankrike)","ca_IT":"katalanska (Italien)","ca_ES":"katalanska (Spanien)","kk":"kazakiska","kk_KZ":"kazakiska (Kazakstan)","kk_Cyrl_KZ":"kazakiska (kyrilliska, Kazakstan)","kk_Cyrl":"kazakiska (kyrilliska)","ki":"kikuyu","ki_KE":"kikuyu (Kenya)","zh":"kinesiska","zh_Hans_HK":"kinesiska (f\u00f6renklade, Hongkong (S.A.R. Kina))","zh_Hans_CN":"kinesiska (f\u00f6renklade, Kina)","zh_Hans_MO":"kinesiska (f\u00f6renklade, Macao (S.A.R. Kina))","zh_Hans_SG":"kinesiska (f\u00f6renklade, Singapore)","zh_Hans":"kinesiska (f\u00f6renklade)","zh_HK":"kinesiska (Hongkong (S.A.R. Kina))","zh_CN":"kinesiska (Kina)","zh_MO":"kinesiska (Macao (S.A.R. Kina))","zh_SG":"kinesiska (Singapore)","zh_TW":"kinesiska (Taiwan)","zh_Hant_HK":"kinesiska (traditionella, Hongkong (S.A.R. Kina))","zh_Hant_MO":"kinesiska (traditionella, Macao (S.A.R. Kina))","zh_Hant_TW":"kinesiska (traditionella, Taiwan)","zh_Hant":"kinesiska (traditionella)","rw":"kinjarwanda","rw_RW":"kinjarwanda (Rwanda)","ky":"kirgisiska","ky_KG":"kirgisiska (Kirgizistan)","ky_Cyrl_KG":"kirgisiska (kyrilliska, Kirgizistan)","ky_Cyrl":"kirgisiska (kyrilliska)","ko":"koreanska","ko_KP":"koreanska (Nordkorea)","ko_KR":"koreanska (Sydkorea)","kw":"korniska","kw_GB":"korniska (Storbritannien)","hr":"kroatiska","hr_BA":"kroatiska (Bosnien och Hercegovina)","hr_HR":"kroatiska (Kroatien)","lo":"laotiska","lo_LA":"laotiska (Laos)","lv":"lettiska","lv_LV":"lettiska (Lettland)","ln":"lingala","ln_AO":"lingala (Angola)","ln_CF":"lingala (Centralafrikanska republiken)","ln_CG":"lingala (Kongo-Brazzaville)","ln_CD":"lingala (Kongo-Kinshasa)","lt":"litauiska","lt_LT":"litauiska (Litauen)","lu":"luba-katanga","lu_CD":"luba-katanga (Kongo-Kinshasa)","lg":"luganda","lg_UG":"luganda (Uganda)","lb":"luxemburgiska","lb_LU":"luxemburgiska (Luxemburg)","mk":"makedonska","mk_MK":"makedonska (Makedonien)","mg":"malagassiska","mg_MG":"malagassiska (Madagaskar)","ms":"malajiska","ms_BN":"malajiska (Brunei)","ms_Latn_BN":"malajiska (latinska, Brunei)","ms_Latn_MY":"malajiska (latinska, Malaysia)","ms_Latn_SG":"malajiska (latinska, Singapore)","ms_Latn":"malajiska (latinska)","ms_MY":"malajiska (Malaysia)","ms_SG":"malajiska (Singapore)","ml":"malayalam","ml_IN":"malayalam (Indien)","mt":"maltesiska","mt_MT":"maltesiska (Malta)","gv":"manx","gv_IM":"manx (Isle of Man)","mr":"marathi","mr_IN":"marathi (Indien)","mn":"mongoliska","mn_Cyrl_MN":"mongoliska (kyrilliska, Mongoliet)","mn_Cyrl":"mongoliska (kyrilliska)","mn_MN":"mongoliska (Mongoliet)","nl":"nederl\u00e4ndska","nl_AW":"nederl\u00e4ndska (Aruba)","nl_BE":"nederl\u00e4ndska (Belgien)","nl_CW":"nederl\u00e4ndska (Cura\u00e7ao)","nl_BQ":"nederl\u00e4ndska (Karibiska Nederl\u00e4nderna)","nl_NL":"nederl\u00e4ndska (Nederl\u00e4nderna)","nl_SX":"nederl\u00e4ndska (Sint Maarten)","nl_SR":"nederl\u00e4ndska (Surinam)","ne":"nepalesiska","ne_IN":"nepalesiska (Indien)","ne_NP":"nepalesiska (Nepal)","nd":"nordndebele","nd_ZW":"nordndebele (Zimbabwe)","se":"nordsamiska","se_FI":"nordsamiska (Finland)","se_NO":"nordsamiska (Norge)","se_SE":"nordsamiska (Sverige)","no":"norska","no_NO":"norska (Norge)","nb":"norskt bokm\u00e5l","nb_NO":"norskt bokm\u00e5l (Norge)","nb_SJ":"norskt bokm\u00e5l (Svalbard och Jan Mayen)","nn":"nynorska","nn_NO":"nynorska (Norge)","or":"oriya","or_IN":"oriya (Indien)","om":"oromo","om_ET":"oromo (Etiopien)","om_KE":"oromo (Kenya)","os":"ossetiska","os_GE":"ossetiska (Georgien)","os_RU":"ossetiska (Ryssland)","fa":"persiska","fa_AF":"persiska (Afghanistan)","fa_IR":"persiska (Iran)","pl":"polska","pl_PL":"polska (Polen)","pt":"portugisiska","pt_AO":"portugisiska (Angola)","pt_BR":"portugisiska (Brasilien)","pt_GW":"portugisiska (Guinea-Bissau)","pt_CV":"portugisiska (Kap Verde)","pt_MO":"portugisiska (Macao (S.A.R. Kina))","pt_MZ":"portugisiska (Mo\u00e7ambique)","pt_PT":"portugisiska (Portugal)","pt_ST":"portugisiska (S\u00e3o Tom\u00e9 och Pr\u00edncipe)","pt_TL":"portugisiska (\u00d6sttimor)","pa":"punjabi","pa_Arab_PK":"punjabi (arabiska, Pakistan)","pa_Arab":"punjabi (arabiska)","pa_Guru_IN":"punjabi (gurmukhi, Indien)","pa_Guru":"punjabi (gurmukhi)","pa_IN":"punjabi (Indien)","pa_PK":"punjabi (Pakistan)","qu":"quechua","qu_BO":"quechua (Bolivia)","qu_EC":"quechua (Ecuador)","qu_PE":"quechua (Peru)","ro":"rum\u00e4nska","ro_MD":"rum\u00e4nska (Moldavien)","ro_RO":"rum\u00e4nska (Rum\u00e4nien)","rn":"rundi","rn_BI":"rundi (Burundi)","ru":"ryska","ru_KZ":"ryska (Kazakstan)","ru_KG":"ryska (Kirgizistan)","ru_MD":"ryska (Moldavien)","ru_RU":"ryska (Ryssland)","ru_UA":"ryska (Ukraina)","ru_BY":"ryska (Vitryssland)","rm":"r\u00e4toromanska","rm_CH":"r\u00e4toromanska (Schweiz)","sg":"sango","sg_CF":"sango (Centralafrikanska republiken)","sr":"serbiska","sr_BA":"serbiska (Bosnien och Hercegovina)","sr_XK":"serbiska (Kosovo)","sr_Cyrl_BA":"serbiska (kyrilliska, Bosnien och Hercegovina)","sr_Cyrl_XK":"serbiska (kyrilliska, Kosovo)","sr_Cyrl_ME":"serbiska (kyrilliska, Montenegro)","sr_Cyrl_RS":"serbiska (kyrilliska, Serbien)","sr_Cyrl":"serbiska (kyrilliska)","sr_Latn_BA":"serbiska (latinska, Bosnien och Hercegovina)","sr_Latn_XK":"serbiska (latinska, Kosovo)","sr_Latn_ME":"serbiska (latinska, Montenegro)","sr_Latn_RS":"serbiska (latinska, Serbien)","sr_Latn":"serbiska (latinska)","sr_ME":"serbiska (Montenegro)","sr_RS":"serbiska (Serbien)","sh":"serbokroatiska","sh_BA":"serbokroatiska (Bosnien och Hercegovina)","sn":"shona","sn_ZW":"shona (Zimbabwe)","si":"singalesiska","si_LK":"singalesiska (Sri Lanka)","sk":"slovakiska","sk_SK":"slovakiska (Slovakien)","sl":"slovenska","sl_SI":"slovenska (Slovenien)","so":"somaliska","so_DJ":"somaliska (Djibouti)","so_ET":"somaliska (Etiopien)","so_KE":"somaliska (Kenya)","so_SO":"somaliska (Somalia)","es":"spanska","es_AR":"spanska (Argentina)","es_BO":"spanska (Bolivia)","es_EA":"spanska (Ceuta och Melilla)","es_CL":"spanska (Chile)","es_CO":"spanska (Colombia)","es_CR":"spanska (Costa Rica)","es_DO":"spanska (Dominikanska republiken)","es_EC":"spanska (Ecuador)","es_GQ":"spanska (Ekvatorialguinea)","es_SV":"spanska (El Salvador)","es_PH":"spanska (Filippinerna)","es_GT":"spanska (Guatemala)","es_HN":"spanska (Honduras)","es_IC":"spanska (Kanarie\u00f6arna)","es_CU":"spanska (Kuba)","es_MX":"spanska (Mexiko)","es_NI":"spanska (Nicaragua)","es_PA":"spanska (Panama)","es_PY":"spanska (Paraguay)","es_PE":"spanska (Peru)","es_PR":"spanska (Puerto Rico)","es_ES":"spanska (Spanien)","es_UY":"spanska (Uruguay)","es_US":"spanska (USA)","es_VE":"spanska (Venezuela)","sv":"svenska","sv_FI":"svenska (Finland)","sv_SE":"svenska (Sverige)","sv_AX":"svenska (\u00c5land)","sw":"swahili","sw_KE":"swahili (Kenya)","sw_TZ":"swahili (Tanzania)","sw_UG":"swahili (Uganda)","ii":"szezuan i","ii_CN":"szezuan i (Kina)","tl":"tagalog","tl_PH":"tagalog (Filippinerna)","ta":"tamil","ta_IN":"tamil (Indien)","ta_MY":"tamil (Malaysia)","ta_SG":"tamil (Singapore)","ta_LK":"tamil (Sri Lanka)","te":"telugiska","te_IN":"telugiska (Indien)","th":"thail\u00e4ndska","th_TH":"thail\u00e4ndska (Thailand)","bo":"tibetanska","bo_IN":"tibetanska (Indien)","bo_CN":"tibetanska (Kina)","ti":"tigrinja","ti_ER":"tigrinja (Eritrea)","ti_ET":"tigrinja (Etiopien)","cs":"tjeckiska","cs_CZ":"tjeckiska (Tjeckien)","to":"tonganska","to_TO":"tonganska (Tonga)","tr":"turkiska","tr_CY":"turkiska (Cypern)","tr_TR":"turkiska (Turkiet)","de":"tyska","de_BE":"tyska (Belgien)","de_LI":"tyska (Liechtenstein)","de_LU":"tyska (Luxemburg)","de_CH":"tyska (Schweiz)","de_DE":"tyska (Tyskland)","de_AT":"tyska (\u00d6sterrike)","ug":"uiguriska","ug_Arab_CN":"uiguriska (arabiska, Kina)","ug_Arab":"uiguriska (arabiska)","ug_CN":"uiguriska (Kina)","uk":"ukrainska","uk_UA":"ukrainska (Ukraina)","hu":"ungerska","hu_HU":"ungerska (Ungern)","ur":"urdu","ur_IN":"urdu (Indien)","ur_PK":"urdu (Pakistan)","uz":"uzbekiska","uz_AF":"uzbekiska (Afghanistan)","uz_Arab_AF":"uzbekiska (arabiska, Afghanistan)","uz_Arab":"uzbekiska (arabiska)","uz_Cyrl_UZ":"uzbekiska (kyrilliska, Uzbekistan)","uz_Cyrl":"uzbekiska (kyrilliska)","uz_Latn_UZ":"uzbekiska (latinska, Uzbekistan)","uz_Latn":"uzbekiska (latinska)","uz_UZ":"uzbekiska (Uzbekistan)","vi":"vietnamesiska","vi_VN":"vietnamesiska (Vietnam)","be":"vitryska","be_BY":"vitryska (Vitryssland)","fy":"v\u00e4stfrisiska","fy_NL":"v\u00e4stfrisiska (Nederl\u00e4nderna)","cy":"walesiska","cy_GB":"walesiska (Storbritannien)","yo":"yoruba","yo_BJ":"yoruba (Benin)","yo_NG":"yoruba (Nigeria)","zu":"zulu","zu_ZA":"zulu (Sydafrika)"}